topic,2022-06,2022-07,2022-08,2022-09,2022-10,2022-11,2022-12,2023-01,2023-02,2023-03,2023-04,2023-05,2023-06,2023-07,2023-08,2023-09,2023-10,2023-11,2023-12,2024-01,2024-02,2024-03,2024-04,2024-05,2024-06,2024-07,2024-08,2024-09,2024-10,2024-11,2024-12,2025-01,2025-02,2025-03,2025-04,2025-05,2025-06,2025-07,2025-08,2025-09,2025-10,2025-11,2025-12,2026-01,2026-02,2026-03
-1,0.0,0.0,0.0,0.0,0.0,0.0,0.0,0.0,0.0,0.0,0.0,0.0,0.0,0.25,0.0,0.25,0.0,0.0,0.0,0.0,0.0,0.0,0.25,0.0,0.0,0.0,0.0,0.0,0.0,0.0,0.0,0.25,0.0,0.0,0.0,0.0,0.0,0.0,0.0,0.0,0.0,0.0,0.0,0.0,0.0,0.0
0,0.006022996897244022,0.032396422704873154,0.027468516152582587,0.017886475634239826,0.02299689724402263,0.01706515787552473,0.020076656324146742,0.017795218105493702,0.01587881000182515,0.02062420149662347,0.03987954006205512,0.01688264281803249,0.011042160978280709,0.022631867129038145,0.027924803796313197,0.011315933564519072,0.02108048914035408,0.020897974082861835,0.01706515787552473,0.027468516152582587,0.02445701770396058,0.03686804161343311,0.05639715276510312,0.04161343310823143,0.0245482752327067,0.0343128308085417,0.0376893593721482,0.013597371783172111,0.019711626209162256,0.008030662529658696,0.021354261726592445,0.039149479832086144,0.02354444241649936,0.046723854718014234,0.06470158788100018,0.020715459025369594,0.0005475451724767294,0.00045628764373060776,0.0010950903449534588,0.0003650301149844862,0.0017338930461763095,0.016061325059317393,0.021901806899069173,0.010768388392042343,0.01177222120824968,0.007483117357181967
1,0.02536640360766629,0.08455467869222097,0.05355129650507328,0.015783540022547914,0.005636978579481398,0.021984216459977453,0.009582863585118376,0.010146561443066516,0.009582863585118376,0.012965050732807215,0.010710259301014656,0.020856820744081173,0.02874859075535513,0.07609921082299888,0.05636978579481398,0.019165727170236752,0.02536640360766629,0.0011273957158962795,0.014092446448703494,0.016910935738444193,0.007891770011273957,0.011273957158962795,0.009582863585118376,0.02536640360766629,0.02536640360766629,0.0834272829763247,0.11386696730552424,0.012401352874859075,0.012965050732807215,0.018038331454340473,0.016347237880496055,0.010146561443066516,0.016910935738444193,0.012965050732807215,0.016910935738444193,0.018602029312288614,0.0,0.002254791431792559,0.0005636978579481398,0.0,0.0005636978579481398,0.010710259301014656,0.018602029312288614,0.029312288613303268,0.004509582863585118,0.002818489289740699
2,0.013120899718837863,0.030927835051546393,0.04217432052483599,0.013120899718837863,0.059044048734770385,0.04029990627928772,0.022492970946579195,0.028116213683223992,0.004686035613870665,0.03280224929709466,0.015932521087160263,0.03280224929709466,0.011246485473289597,0.01874414245548266,0.031865042174320526,0.02436738519212746,0.04779756326148079,0.014058106841611996,0.01780693533270853,0.01874414245548266,0.004686035613870665,0.01874414245548266,0.01780693533270853,0.023430178069353328,0.014058106841611996,0.04592314901593252,0.05248359887535145,0.006560449859418931,0.05248359887535145,0.013120899718837863,0.05716963448922212,0.022492970946579195,0.005623242736644799,0.03561387066541706,0.015932521087160263,0.013120899718837863,0.0,0.0028116213683223993,0.0,0.0,0.004686035613870665,0.01218369259606373,0.031865042174320526,0.023430178069353328,0.005623242736644799,0.0
3,0.00788436268068331,0.11432325886990802,0.04730617608409987,0.035479632063074903,0.03942181340341656,0.052562417871222074,0.01445466491458607,0.022339027595269383,0.006570302233902759,0.00788436268068331,0.011826544021024968,0.03153745072273324,0.04993429697766097,0.04204993429697766,0.04862023653088042,0.002628120893561104,0.017082785808147174,0.01445466491458607,0.01445466491458607,0.005256241787122208,0.006570302233902759,0.02759526938239159,0.04467805519053877,0.03416557161629435,0.017082785808147174,0.02890932982917214,0.030223390275952694,0.001314060446780552,0.045992115637319315,0.03679369250985545,0.024967148488830485,0.003942181340341655,0.009198423127463863,0.026281208935611037,0.017082785808147174,0.011826544021024968,0.0,0.0,0.0,0.0,0.006570302233902759,0.006570302233902759,0.00788436268068331,0.02102496714848883,0.001314060446780552,0.003942181340341655
4,0.0022172949002217295,0.0011086474501108647,0.03325942350332594,0.06097560975609756,0.036585365853658534,0.0787139689578714,0.013303769401330377,0.02993348115299335,0.06762749445676275,0.052106430155210645,0.005543237250554324,0.0022172949002217295,0.0011086474501108647,0.007760532150776054,0.0011086474501108647,0.06097560975609756,0.06319290465631928,0.052106430155210645,0.0011086474501108647,0.06097560975609756,0.015521064301552107,0.017738359201773836,0.004434589800443459,0.005543237250554324,0.005543237250554324,0.0,0.004434589800443459,0.02771618625277162,0.025498891352549888,0.015521064301552107,0.011086474501108648,0.005543237250554324,0.01662971175166297,0.0787139689578714,0.0022172949002217295,0.0033259423503325942,0.0,0.0,0.0,0.0,0.0,0.015521064301552107,0.011086474501108648,0.008869179600886918,0.07982261640798226,0.013303769401330377
5,0.015503875968992248,0.007751937984496124,0.009474590869939707,0.019810508182601206,0.01636520241171404,0.02239448751076658,0.0017226528854435831,0.012919896640826873,0.02756244616709733,0.01636520241171404,0.06029285099052541,0.018949181739879414,0.012058570198105082,0.006029285099052541,0.009474590869939707,0.041343669250646,0.025839793281653745,0.0068906115417743325,0.01636520241171404,0.013781223083548665,0.03962101636520241,0.024117140396210164,0.046511627906976744,0.07665805340223945,0.04909560723514212,0.02239448751076658,0.004306632213608958,0.012919896640826873,0.020671834625323,0.020671834625323,0.013781223083548665,0.03531438415159346,0.028423772609819122,0.03359173126614987,0.05426356589147287,0.02153316106804479,0.002583979328165375,0.0,0.0,0.0,0.002583979328165375,0.031007751937984496,0.015503875968992248,0.050818260120585705,0.029285099052540915,0.0034453057708871662
6,0.007575757575757576,0.022727272727272728,0.006060606060606061,0.0030303030303030303,0.012121212121212121,0.00909090909090909,0.0015151515151515152,0.08787878787878788,0.030303030303030304,0.00909090909090909,0.02727272727272727,0.05606060606060606,0.0,0.012121212121212121,0.007575757575757576,0.010606060606060607,0.019696969696969695,0.006060606060606061,0.006060606060606061,0.07121212121212121,0.013636363636363636,0.012121212121212121,0.02727272727272727,0.06818181818181818,0.04242424242424243,0.031818181818181815,0.004545454545454545,0.0,0.00909090909090909,0.007575757575757576,0.012121212121212121,0.11818181818181818,0.02878787878787879,0.05606060606060606,0.07121212121212121,0.012121212121212121,0.0,0.0,0.0030303030303030303,0.0015151515151515152,0.0030303030303030303,0.0030303030303030303,0.004545454545454545,0.007575757575757576,0.030303030303030304,0.025757575757575757
7,0.0,0.0,0.0,0.0,0.0,0.0,0.0,0.0,0.0,0.0,0.0,0.0,0.0,0.0,0.0,0.0,0.37209302325581395,0.4356589147286822,0.018604651162790697,0.0015503875968992248,0.012403100775193798,0.015503875968992248,0.03565891472868217,0.07906976744186046,0.0031007751937984496,0.0015503875968992248,0.0,0.0015503875968992248,0.015503875968992248,0.0,0.0031007751937984496,0.0015503875968992248,0.0,0.0,0.0,0.0015503875968992248,0.0,0.0,0.0,0.0,0.0,0.0,0.0,0.0,0.0015503875968992248,0.0
8,0.021865889212827987,0.06559766763848396,0.06705539358600583,0.007288629737609329,0.027696793002915453,0.03498542274052478,0.02478134110787172,0.018950437317784258,0.013119533527696793,0.03644314868804665,0.027696793002915453,0.02478134110787172,0.01749271137026239,0.01749271137026239,0.09475218658892129,0.0029154518950437317,0.061224489795918366,0.021865889212827987,0.011661807580174927,0.029154518950437316,0.007288629737609329,0.0058309037900874635,0.030612244897959183,0.02040816326530612,0.04227405247813411,0.02040816326530612,0.030612244897959183,0.0728862973760933,0.011661807580174927,0.0058309037900874635,0.02040816326530612,0.021865889212827987,0.007288629737609329,0.01749271137026239,0.016034985422740525,0.004373177842565598,0.0,0.0,0.0,0.0,0.0029154518950437317,0.01020408163265306,0.0058309037900874635,0.01020408163265306,0.008746355685131196,0.0
9,0.002207505518763797,0.002207505518763797,0.04415011037527594,0.013245033112582781,0.06622516556291391,0.05739514348785872,0.002207505518763797,0.03532008830022075,0.013245033112582781,0.02869757174392936,0.008830022075055188,0.008830022075055188,0.046357615894039736,0.01545253863134658,0.09933774834437085,0.006622516556291391,0.002207505518763797,0.01545253863134658,0.019867549668874173,0.013245033112582781,0.008830022075055188,0.019867549668874173,0.017660044150110375,0.006622516556291391,0.011037527593818985,0.046357615894039736,0.07947019867549669,0.07947019867549669,0.006622516556291391,0.002207505518763797,0.05739514348785872,0.017660044150110375,0.008830022075055188,0.006622516556291391,0.03090507726269316,0.0,0.0,0.0,0.0,0.0,0.0,0.002207505518763797,0.013245033112582781,0.046357615894039736,0.008830022075055188,0.02869757174392936
10,0.02654867256637168,0.05486725663716814,0.035398230088495575,0.01415929203539823,0.02654867256637168,0.06371681415929203,0.012389380530973451,0.012389380530973451,0.012389380530973451,0.04424778761061947,0.021238938053097345,0.07610619469026549,0.008849557522123894,0.02831858407079646,0.04070796460176991,0.0,0.01592920353982301,0.008849557522123894,0.01415929203539823,0.005309734513274336,0.012389380530973451,0.008849557522123894,0.01592920353982301,0.1592920353982301,0.017699115044247787,0.04247787610619469,0.02654867256637168,0.0035398230088495575,0.03008849557522124,0.03185840707964602,0.012389380530973451,0.012389380530973451,0.0017699115044247787,0.017699115044247787,0.02654867256637168,0.01415929203539823,0.0,0.0,0.0,0.0,0.007079646017699115,0.005309734513274336,0.0017699115044247787,0.005309734513274336,0.01415929203539823,0.010619469026548672
11,0.0022026431718061676,0.006607929515418502,0.006607929515418502,0.030837004405286344,0.011013215859030838,0.004405286343612335,0.011013215859030838,0.024229074889867842,0.006607929515418502,0.015418502202643172,0.006607929515418502,0.030837004405286344,0.006607929515418502,0.0022026431718061676,0.0022026431718061676,0.10572687224669604,0.0,0.015418502202643172,0.037444933920704845,0.06387665198237885,0.022026431718061675,0.05947136563876652,0.022026431718061675,0.05506607929515418,0.019823788546255508,0.030837004405286344,0.011013215859030838,0.0022026431718061676,0.03303964757709251,0.004405286343612335,0.0,0.019823788546255508,0.006607929515418502,0.028634361233480177,0.06607929515418502,0.00881057268722467,0.0,0.0,0.0,0.0,0.0022026431718061676,0.006607929515418502,0.048458149779735685,0.022026431718061675,0.1299559471365639,0.011013215859030838
12,0.016172506738544475,0.08086253369272237,0.0431266846361186,0.01078167115902965,0.01752021563342318,0.03908355795148248,0.01078167115902965,0.02021563342318059,0.005390835579514825,0.01078167115902965,0.02021563342318059,0.022911051212938006,0.04582210242587601,0.11725067385444744,0.03638814016172507,0.004043126684636119,0.025606469002695417,0.01078167115902965,0.012129380053908356,0.013477088948787063,0.006738544474393531,0.014824797843665768,0.025606469002695417,0.013477088948787063,0.01752021563342318,0.1940700808625337,0.0215633423180593,0.004043126684636119,0.03369272237196765,0.013477088948787063,0.0026954177897574125,0.005390835579514825,0.004043126684636119,0.018867924528301886,0.01078167115902965,0.005390835579514825,0.0,0.0,0.0,0.0,0.009433962264150943,0.014824797843665768,0.004043126684636119,0.005390835579514825,0.006738544474393531,0.004043126684636119
13,0.01891891891891892,0.08378378378378379,0.010810810810810811,0.032432432432432434,0.043243243243243246,0.0,0.0,0.016216216216216217,0.0,0.02702702702702703,0.13243243243243244,0.032432432432432434,0.01891891891891892,0.08108108108108109,0.032432432432432434,0.016216216216216217,0.005405405405405406,0.002702702702702703,0.0,0.013513513513513514,0.05405405405405406,0.0,0.01891891891891892,0.03513513513513514,0.10270270270270271,0.03783783783783784,0.01891891891891892,0.03513513513513514,0.0,0.0,0.005405405405405406,0.002702702702702703,0.04594594594594595,0.04054054054054054,0.002702702702702703,0.002702702702702703,0.002702702702702703,0.005405405405405406,0.0,0.0,0.0,0.0,0.008108108108108109,0.0,0.008108108108108109,0.005405405405405406
14,0.0,0.0,0.007317073170731708,0.00975609756097561,0.014634146341463415,0.004878048780487805,0.0,0.05853658536585366,0.07317073170731707,0.024390243902439025,0.046341463414634146,0.004878048780487805,0.06097560975609756,0.0024390243902439024,0.0,0.0024390243902439024,0.0,0.0,0.0,0.0024390243902439024,0.05365853658536585,0.00975609756097561,0.03902439024390244,0.1048780487804878,0.06829268292682927,0.05121951219512195,0.012195121951219513,0.0,0.05121951219512195,0.012195121951219513,0.0,0.07560975609756097,0.026829268292682926,0.012195121951219513,0.08780487804878048,0.00975609756097561,0.0,0.0024390243902439024,0.0,0.0,0.0,0.0,0.014634146341463415,0.026829268292682926,0.01707317073170732,0.012195121951219513
15,0.0,0.010610079575596816,0.007957559681697613,0.005305039787798408,0.07161803713527852,0.021220159151193633,0.07427055702917772,0.03713527851458886,0.010610079575596816,0.021220159151193633,0.03183023872679045,0.0,0.015915119363395226,0.007957559681697613,0.021220159151193633,0.021220159151193633,0.03183023872679045,0.002652519893899204,0.03713527851458886,0.03713527851458886,0.002652519893899204,0.005305039787798408,0.002652519893899204,0.023872679045092837,0.0,0.005305039787798408,0.04509283819628647,0.03978779840848806,0.023872679045092837,0.04774535809018567,0.029177718832891247,0.010610079575596816,0.03183023872679045,0.013262599469496022,0.09814323607427056,0.002652519893899204,0.0,0.0,0.0,0.0,0.0,0.0,0.010610079575596816,0.023872679045092837,0.09814323607427056,0.01856763925729443
16,0.0,0.0,0.0,0.002932551319648094,0.005865102639296188,0.0,0.0,0.11436950146627566,0.020527859237536656,0.017595307917888565,0.03519061583577713,0.002932551319648094,0.002932551319648094,0.0,0.0,0.0,0.01466275659824047,0.020527859237536656,0.008797653958944282,0.12903225806451613,0.09090909090909091,0.01466275659824047,0.01466275659824047,0.017595307917888565,0.0,0.0,0.005865102639296188,0.0,0.05278592375366569,0.02346041055718475,0.0,0.17888563049853373,0.05278592375366569,0.03812316715542522,0.04105571847507331,0.0,0.002932551319648094,0.0,0.0,0.0,0.005865102639296188,0.0,0.0,0.008797653958944282,0.07624633431085044,0.0
17,0.009836065573770493,0.03278688524590164,0.10163934426229508,0.08196721311475409,0.06229508196721312,0.029508196721311476,0.06229508196721312,0.06229508196721312,0.05901639344262295,0.10819672131147541,0.07868852459016394,0.07213114754098361,0.029508196721311476,0.03934426229508197,0.11147540983606558,0.04590163934426229,0.003278688524590164,0.0,0.0,0.0,0.0,0.0,0.0,0.003278688524590164,0.0,0.003278688524590164,0.0,0.0,0.0,0.0,0.0,0.0,0.0,0.0,0.003278688524590164,0.0,0.0,0.0,0.0,0.0,0.0,0.0,0.0,0.0,0.0,0.0
18,0.006224066390041493,0.043568464730290454,0.014522821576763486,0.012448132780082987,0.026970954356846474,0.05394190871369295,0.022821576763485476,0.03734439834024896,0.035269709543568464,0.02074688796680498,0.03319502074688797,0.01037344398340249,0.04564315352697095,0.04149377593360996,0.01037344398340249,0.006224066390041493,0.014522821576763486,0.01037344398340249,0.026970954356846474,0.05186721991701245,0.012448132780082987,0.058091286307053944,0.06224066390041494,0.01867219917012448,0.016597510373443983,0.02074688796680498,0.03734439834024896,0.012448132780082987,0.002074688796680498,0.008298755186721992,0.008298755186721992,0.004149377593360996,0.01867219917012448,0.022821576763485476,0.022821576763485476,0.002074688796680498,0.0,0.0,0.0,0.0,0.004149377593360996,0.05186721991701245,0.06639004149377593,0.016597510373443983,0.004149377593360996,0.004149377593360996
19,0.01405152224824356,0.02107728337236534,0.02107728337236534,0.02107728337236534,0.0117096018735363,0.06088992974238876,0.00468384074941452,0.01405152224824356,0.02107728337236534,0.01639344262295082,0.00936768149882904,0.01873536299765808,0.053864168618266976,0.05620608899297424,0.0117096018735363,0.01873536299765808,0.04215456674473068,0.02107728337236534,0.02107728337236534,0.00936768149882904,0.03747072599531616,0.06557377049180328,0.0117096018735363,0.053864168618266976,0.01873536299765808,0.08665105386416862,0.04449648711943794,0.00702576112412178,0.00234192037470726,0.00468384074941452,0.00702576112412178,0.0234192037470726,0.0234192037470726,0.01405152224824356,0.02576112412177986,0.0234192037470726,0.0,0.00468384074941452,0.0,0.0,0.0,0.0,0.03278688524590164,0.01405152224824356,0.03044496487119438,0.0
20,0.00792393026941363,0.04754358161648178,0.028526148969889066,0.012678288431061807,0.017432646592709985,0.022187004754358162,0.02694136291600634,0.017432646592709985,0.00792393026941363,0.025356576862123614,0.03169572107765452,0.01584786053882726,0.017432646592709985,0.03645007923930269,0.03486529318541997,0.01901743264659271,0.03803486529318542,0.02694136291600634,0.014263074484944533,0.022187004754358162,0.017432646592709985,0.030110935023771792,0.044374009508716325,0.04120443740095087,0.030110935023771792,0.03328050713153724,0.03169572107765452,0.020602218700475437,0.028526148969889066,0.01584786053882726,0.01901743264659271,0.042789223454833596,0.01901743264659271,0.03169572107765452,0.0491283676703645,0.009508716323296355,0.003169572107765452,0.0,0.001584786053882726,0.0,0.0,0.00792393026941363,0.017432646592709985,0.009508716323296355,0.01901743264659271,0.006339144215530904
21,0.0,0.02122641509433962,0.02358490566037736,0.014150943396226415,0.009433962264150943,0.02122641509433962,0.04009433962264151,0.03537735849056604,0.018867924528301886,0.009433962264150943,0.030660377358490566,0.0330188679245283,0.01650943396226415,0.007075471698113208,0.06367924528301887,0.0,0.025943396226415096,0.0,0.025943396226415096,0.018867924528301886,0.0047169811320754715,0.04481132075471698,0.0330188679245283,0.049528301886792456,0.014150943396226415,0.0330188679245283,0.0589622641509434,0.025943396226415096,0.0589622641509434,0.05660377358490566,0.030660377358490566,0.007075471698113208,0.02358490566037736,0.018867924528301886,0.014150943396226415,0.0023584905660377358,0.0,0.0,0.0047169811320754715,0.0,0.0,0.04245283018867924,0.03773584905660377,0.01650943396226415,0.007075471698113208,0.0
22,0.028938906752411574,0.02572347266881029,0.00964630225080386,0.03215434083601286,0.00964630225080386,0.028938906752411574,0.022508038585209004,0.01607717041800643,0.012861736334405145,0.01607717041800643,0.04180064308681672,0.05466237942122187,0.0,0.003215434083601286,0.0,0.006430868167202572,0.03215434083601286,0.02572347266881029,0.03536977491961415,0.01607717041800643,0.0,0.02572347266881029,0.04180064308681672,0.04823151125401929,0.028938906752411574,0.012861736334405145,0.006430868167202572,0.00964630225080386,0.006430868167202572,0.04180064308681672,0.0707395498392283,0.03536977491961415,0.09003215434083602,0.028938906752411574,0.06430868167202572,0.0,0.0,0.0,0.0,0.0,0.0,0.028938906752411574,0.02572347266881029,0.003215434083601286,0.00964630225080386,0.003215434083601286
23,0.0,0.013262599469496022,0.015915119363395226,0.013262599469496022,0.005305039787798408,0.002652519893899204,0.026525198938992044,0.021220159151193633,0.002652519893899204,0.03183023872679045,0.050397877984084884,0.021220159151193633,0.01856763925729443,0.03183023872679045,0.010610079575596816,0.08488063660477453,0.042440318302387266,0.005305039787798408,0.0,0.015915119363395226,0.013262599469496022,0.015915119363395226,0.03183023872679045,0.09549071618037135,0.010610079575596816,0.023872679045092837,0.03183023872679045,0.01856763925729443,0.005305039787798408,0.023872679045092837,0.002652519893899204,0.03713527851458886,0.06631299734748011,0.10344827586206896,0.01856763925729443,0.021220159151193633,0.0,0.002652519893899204,0.002652519893899204,0.0,0.0,0.0,0.007957559681697613,0.03183023872679045,0.007957559681697613,0.013262599469496022
24,0.0,0.025362318840579712,0.021739130434782608,0.0,0.007246376811594203,0.018115942028985508,0.036231884057971016,0.007246376811594203,0.06521739130434782,0.021739130434782608,0.028985507246376812,0.10144927536231885,0.007246376811594203,0.021739130434782608,0.014492753623188406,0.028985507246376812,0.025362318840579712,0.010869565217391304,0.007246376811594203,0.0036231884057971015,0.010869565217391304,0.025362318840579712,0.014492753623188406,0.010869565217391304,0.12318840579710146,0.0,0.0036231884057971015,0.018115942028985508,0.021739130434782608,0.007246376811594203,0.025362318840579712,0.04710144927536232,0.06521739130434782,0.028985507246376812,0.057971014492753624,0.028985507246376812,0.0036231884057971015,0.0,0.0,0.0,0.0,0.0,0.0036231884057971015,0.007246376811594203,0.0,0.043478260869565216
25,0.003134796238244514,0.0,0.009404388714733543,0.012539184952978056,0.012539184952978056,0.003134796238244514,0.01567398119122257,0.012539184952978056,0.0,0.003134796238244514,0.0,0.0,0.0,0.0,0.0,0.047021943573667714,0.003134796238244514,0.003134796238244514,0.012539184952978056,0.0219435736677116,0.003134796238244514,0.025078369905956112,0.0219435736677116,0.006269592476489028,0.018808777429467086,0.006269592476489028,0.018808777429467086,0.01567398119122257,0.0219435736677116,0.0,0.05329153605015674,0.04075235109717868,0.006269592476489028,0.009404388714733543,0.0,0.003134796238244514,0.0,0.0,0.003134796238244514,0.0,0.0,0.0,0.5172413793103449,0.050156739811912224,0.009404388714733543,0.009404388714733543
26,0.024157660521296885,0.04322949777495232,0.06357279084551812,0.06865861411315957,0.059758423394787034,0.056579783852511126,0.06166560712015257,0.06039415130324221,0.055944055944055944,0.07501589319771138,0.08645899554990465,0.0712015257469803,0.052129688493324854,0.05721551176096631,0.09726636999364272,0.049586776859504134,0.0,0.0006357279084551812,0.0,0.0,0.0006357279084551812,0.0006357279084551812,0.0006357279084551812,0.0012714558169103624,0.0006357279084551812,0.0,0.0006357279084551812,0.0006357279084551812,0.0006357279084551812,0.0006357279084551812,0.0,0.0,0.0012714558169103624,0.003178639542275906,0.0025429116338207248,0.0,0.0,0.0,0.0,0.0,0.0,0.0,0.0,0.0019071837253655435,0.0012714558169103624,0.0
27,0.0,0.01529051987767584,0.021406727828746176,0.0030581039755351682,0.0061162079510703364,0.0061162079510703364,0.0581039755351682,0.021406727828746176,0.0061162079510703364,0.027522935779816515,0.024464831804281346,0.021406727828746176,0.024464831804281346,0.03363914373088685,0.01529051987767584,0.01834862385321101,0.027522935779816515,0.04892966360856269,0.0672782874617737,0.009174311926605505,0.024464831804281346,0.0030581039755351682,0.021406727828746176,0.009174311926605505,0.0061162079510703364,0.03363914373088685,0.0061162079510703364,0.01529051987767584,0.0,0.009174311926605505,0.0061162079510703364,0.07951070336391437,0.16819571865443425,0.027522935779816515,0.03058103975535168,0.009174311926605505,0.0061162079510703364,0.0,0.0,0.0,0.0,0.01529051987767584,0.012232415902140673,0.009174311926605505,0.04892966360856269,0.0030581039755351682
28,0.0,0.0,0.0,0.0,0.0,0.0,0.0,0.0,0.0,0.0,0.0,0.0,0.0,0.0,0.0,0.0,0.006756756756756757,0.0,0.0,0.0,0.0,0.0033783783783783786,0.0,0.44256756756756754,0.0,0.0033783783783783786,0.0,0.0033783783783783786,0.0,0.0,0.0,0.0,0.527027027027027,0.0033783783783783786,0.010135135135135136,0.0,0.0,0.0,0.0,0.0,0.0,0.0,0.0,0.0,0.0,0.0
29,0.0,0.01090909090909091,0.01090909090909091,0.04727272727272727,0.0,0.0,0.0,0.0,0.007272727272727273,0.0,0.0,0.0036363636363636364,0.0,0.0,0.14181818181818182,0.0,0.0,0.0036363636363636364,0.0,0.0,0.0,0.0,0.1781818181818182,0.2290909090909091,0.0,0.0,0.0036363636363636364,0.2581818181818182,0.01090909090909091,0.0,0.0,0.01090909090909091,0.007272727272727273,0.0036363636363636364,0.0,0.0,0.0,0.0,0.0,0.0,0.0,0.0,0.0,0.025454545454545455,0.04727272727272727,0.0
30,0.003257328990228013,0.003257328990228013,0.003257328990228013,0.003257328990228013,0.006514657980456026,0.019543973941368076,0.03908794788273615,0.003257328990228013,0.003257328990228013,0.006514657980456026,0.048859934853420196,0.035830618892508145,0.003257328990228013,0.013029315960912053,0.0,0.0,0.006514657980456026,0.026058631921824105,0.1986970684039088,0.048859934853420196,0.013029315960912053,0.016286644951140065,0.03257328990228013,0.0781758957654723,0.026058631921824105,0.006514657980456026,0.003257328990228013,0.006514657980456026,0.016286644951140065,0.003257328990228013,0.14006514657980457,0.003257328990228013,0.003257328990228013,0.026058631921824105,0.019543973941368076,0.019543973941368076,0.0,0.0,0.0,0.0,0.0,0.0,0.02280130293159609,0.0,0.05863192182410423,0.03257328990228013
31,0.0,0.03571428571428571,0.0,0.0035714285714285713,0.0035714285714285713,0.0,0.02857142857142857,0.0,0.007142857142857143,0.010714285714285714,0.04285714285714286,0.014285714285714285,0.0,0.007142857142857143,0.014285714285714285,0.02142857142857143,0.03571428571428571,0.007142857142857143,0.05714285714285714,0.0035714285714285713,0.007142857142857143,0.03571428571428571,0.0035714285714285713,0.017857142857142856,0.007142857142857143,0.017857142857142856,0.02857142857142857,0.0035714285714285713,0.039285714285714285,0.007142857142857143,0.1,0.02142857142857143,0.03214285714285714,0.15,0.06785714285714285,0.02857142857142857,0.0035714285714285713,0.0,0.0035714285714285713,0.0035714285714285713,0.03214285714285714,0.0,0.02857142857142857,0.03214285714285714,0.0035714285714285713,0.03214285714285714
32,0.0,0.0061162079510703364,0.03363914373088685,0.0,0.01529051987767584,0.0061162079510703364,0.01529051987767584,0.0061162079510703364,0.009174311926605505,0.01834862385321101,0.07033639143730887,0.01529051987767584,0.0030581039755351682,0.039755351681957186,0.009174311926605505,0.0,0.012232415902140673,0.009174311926605505,0.012232415902140673,0.021406727828746176,0.039755351681957186,0.03363914373088685,0.027522935779816515,0.0061162079510703364,0.1162079510703364,0.0030581039755351682,0.07033639143730887,0.0672782874617737,0.0061162079510703364,0.0,0.01834862385321101,0.03669724770642202,0.024464831804281346,0.05198776758409786,0.012232415902140673,0.03058103975535168,0.0,0.0,0.0,0.0,0.0,0.01529051987767584,0.01529051987767584,0.039755351681957186,0.024464831804281346,0.0581039755351682
33,0.050955414012738856,0.04777070063694268,0.0031847133757961785,0.0031847133757961785,0.0031847133757961785,0.006369426751592357,0.0,0.0,0.0,0.06050955414012739,0.009554140127388535,0.03184713375796178,0.0031847133757961785,0.022292993630573247,0.006369426751592357,0.0,0.0,0.006369426751592357,0.0,0.0,0.06050955414012739,0.03184713375796178,0.1178343949044586,0.09554140127388536,0.050955414012738856,0.10191082802547771,0.07006369426751592,0.0,0.0,0.0,0.0,0.0031847133757961785,0.0031847133757961785,0.07006369426751592,0.01910828025477707,0.08280254777070063,0.0,0.0,0.0,0.0,0.0,0.0,0.01592356687898089,0.0,0.022292993630573247,0.0
34,0.0,0.0,0.0,0.004366812227074236,0.0,0.0,0.0,0.0,0.004366812227074236,0.0,0.0,0.004366812227074236,0.0,0.0,0.008733624454148471,0.0,0.0,0.017467248908296942,0.2314410480349345,0.0611353711790393,0.0,0.004366812227074236,0.0,0.11353711790393013,0.0,0.0,0.4978165938864629,0.0,0.008733624454148471,0.0,0.0,0.0,0.0,0.008733624454148471,0.026200873362445413,0.0,0.0,0.0,0.0,0.0,0.0,0.0,0.0,0.008733624454148471,0.0,0.0
35,0.01694915254237288,0.003389830508474576,0.023728813559322035,0.1016949152542373,0.006779661016949152,0.013559322033898305,0.05423728813559322,0.003389830508474576,0.030508474576271188,0.003389830508474576,0.010169491525423728,0.003389830508474576,0.0,0.01694915254237288,0.010169491525423728,0.006779661016949152,0.11186440677966102,0.061016949152542375,0.04067796610169491,0.01694915254237288,0.003389830508474576,0.003389830508474576,0.03728813559322034,0.020338983050847456,0.0,0.0,0.020338983050847456,0.0711864406779661,0.010169491525423728,0.003389830508474576,0.0,0.003389830508474576,0.26101694915254237,0.006779661016949152,0.0,0.0,0.0,0.0,0.0,0.0,0.0,0.0,0.0,0.003389830508474576,0.020338983050847456,0.0
36,0.011441647597254004,0.034324942791762014,0.059496567505720827,0.004576659038901602,0.04805491990846682,0.029748283752860413,0.020594965675057208,0.011441647597254004,0.016018306636155607,0.013729977116704805,0.02745995423340961,0.036613272311212815,0.04576659038901602,0.038901601830663615,0.020594965675057208,0.029748283752860413,0.05491990846681922,0.02288329519450801,0.002288329519450801,0.018306636155606407,0.02745995423340961,0.036613272311212815,0.013729977116704805,0.038901601830663615,0.016018306636155607,0.034324942791762014,0.02517162471395881,0.002288329519450801,0.02288329519450801,0.013729977116704805,0.08009153318077804,0.006864988558352402,0.016018306636155607,0.034324942791762014,0.013729977116704805,0.006864988558352402,0.0,0.0,0.002288329519450801,0.011441647597254004,0.009153318077803204,0.004576659038901602,0.011441647597254004,0.0,0.0,0.02517162471395881
37,0.003968253968253968,0.003968253968253968,0.015873015873015872,0.0,0.0,0.003968253968253968,0.0,0.03968253968253968,0.015873015873015872,0.011904761904761904,0.007936507936507936,0.003968253968253968,0.007936507936507936,0.0,0.0,0.003968253968253968,0.007936507936507936,0.011904761904761904,0.0,0.003968253968253968,0.003968253968253968,0.003968253968253968,0.75,0.007936507936507936,0.0,0.003968253968253968,0.003968253968253968,0.003968253968253968,0.007936507936507936,0.0,0.007936507936507936,0.011904761904761904,0.011904761904761904,0.007936507936507936,0.015873015873015872,0.003968253968253968,0.0,0.0,0.0,0.003968253968253968,0.0,0.003968253968253968,0.0,0.003968253968253968,0.0,0.0
38,0.00980392156862745,0.0784313725490196,0.09803921568627451,0.05392156862745098,0.029411764705882353,0.0784313725490196,0.024509803921568627,0.07352941176470588,0.06862745098039216,0.0784313725490196,0.06372549019607843,0.0784313725490196,0.06372549019607843,0.049019607843137254,0.08823529411764706,0.06372549019607843,0.0,0.0,0.0,0.0,0.0,0.0,0.0,0.0,0.0,0.0,0.0,0.0,0.0,0.0,0.0,0.0,0.0,0.0,0.0,0.0,0.0,0.0,0.0,0.0,0.0,0.0,0.0,0.0,0.0,0.0
39,0.0,0.00847457627118644,0.00423728813559322,0.00847457627118644,0.0,0.00423728813559322,0.012711864406779662,0.00847457627118644,0.0,0.00423728813559322,0.00847457627118644,0.00423728813559322,0.00423728813559322,0.0,0.00847457627118644,0.0211864406779661,0.0,0.7627118644067796,0.012711864406779662,0.012711864406779662,0.00423728813559322,0.012711864406779662,0.00423728813559322,0.00423728813559322,0.00423728813559322,0.00847457627118644,0.00423728813559322,0.012711864406779662,0.01694915254237288,0.0,0.00847457627118644,0.00423728813559322,0.00423728813559322,0.00423728813559322,0.00847457627118644,0.0,0.0,0.0,0.0,0.0,0.0,0.0,0.0,0.00423728813559322,0.00423728813559322,0.00423728813559322
40,0.04455445544554455,0.01485148514851485,0.09900990099009901,0.12871287128712872,0.08415841584158416,0.14356435643564355,0.0297029702970297,0.12376237623762376,0.13366336633663367,0.024752475247524754,0.04950495049504951,0.01485148514851485,0.0049504950495049506,0.034653465346534656,0.01485148514851485,0.04455445544554455,0.0,0.0,0.0,0.0,0.0,0.0049504950495049506,0.0,0.0049504950495049506,0.0,0.0,0.0,0.0,0.0,0.0,0.0,0.0,0.0,0.0,0.0,0.0,0.0,0.0,0.0,0.0,0.0,0.0,0.0,0.0,0.0,0.0
41,0.0049504950495049506,0.0,0.0049504950495049506,0.0,0.0,0.0049504950495049506,0.0,0.0049504950495049506,0.0,0.0049504950495049506,0.01485148514851485,0.0,0.0,0.0,0.0,0.0,0.0,0.0,0.0,0.0,0.0049504950495049506,0.0,0.0,0.0,0.0,0.009900990099009901,0.0049504950495049506,0.0,0.0,0.0,0.9405940594059405,0.0,0.0,0.0,0.0,0.0,0.0,0.0,0.0,0.0,0.0,0.0,0.0,0.0,0.0,0.0
42,0.0,0.0058823529411764705,0.008823529411764706,0.047058823529411764,0.023529411764705882,0.0058823529411764705,0.023529411764705882,0.05588235294117647,0.052941176470588235,0.008823529411764706,0.0029411764705882353,0.011764705882352941,0.0,0.01764705882352941,0.014705882352941176,0.0029411764705882353,0.03529411764705882,0.008823529411764706,0.0,0.05588235294117647,0.01764705882352941,0.01764705882352941,0.01764705882352941,0.014705882352941176,0.014705882352941176,0.020588235294117647,0.011764705882352941,0.08529411764705883,0.008823529411764706,0.008823529411764706,0.041176470588235294,0.029411764705882353,0.023529411764705882,0.10882352941176471,0.07941176470588235,0.008823529411764706,0.0,0.0,0.0,0.0058823529411764705,0.0,0.011764705882352941,0.05588235294117647,0.008823529411764706,0.020588235294117647,0.0058823529411764705
43,0.0,0.037037037037037035,0.011111111111111112,0.003703703703703704,0.044444444444444446,0.018518518518518517,0.0,0.02962962962962963,0.0,0.0,0.011111111111111112,0.003703703703703704,0.03333333333333333,0.11481481481481481,0.040740740740740744,0.011111111111111112,0.08518518518518518,0.022222222222222223,0.011111111111111112,0.0,0.0,0.003703703703703704,0.003703703703703704,0.02962962962962963,0.014814814814814815,0.0962962962962963,0.02962962962962963,0.0,0.25555555555555554,0.0,0.0,0.025925925925925925,0.0,0.0,0.02962962962962963,0.011111111111111112,0.0,0.0,0.0,0.003703703703703704,0.0,0.0,0.007407407407407408,0.007407407407407408,0.003703703703703704,0.0
44,0.0,0.0,0.004739336492890996,0.004739336492890996,0.0,0.0,0.0,0.0,0.004739336492890996,0.0,0.004739336492890996,0.0,0.0,0.0,0.004739336492890996,0.004739336492890996,0.009478672985781991,0.004739336492890996,0.0,0.0,0.0,0.009478672985781991,0.004739336492890996,0.8720379146919431,0.009478672985781991,0.0,0.009478672985781991,0.004739336492890996,0.018957345971563982,0.0,0.0,0.004739336492890996,0.014218009478672985,0.004739336492890996,0.0,0.0,0.0,0.0,0.0,0.0,0.0,0.0,0.0,0.004739336492890996,0.0,0.0
45,0.026041666666666668,0.036458333333333336,0.109375,0.0625,0.046875,0.0625,0.03125,0.08333333333333333,0.06770833333333333,0.078125,0.08854166666666667,0.0625,0.07291666666666667,0.07291666666666667,0.08854166666666667,0.010416666666666666,0.0,0.0,0.0,0.0,0.0,0.0,0.0,0.0,0.0,0.0,0.0,0.0,0.0,0.0,0.0,0.0,0.0,0.0,0.0,0.0,0.0,0.0,0.0,0.0,0.0,0.0,0.0,0.0,0.0,0.0
46,0.0,0.0,0.0,0.0,0.009009009009009009,0.0,0.0,0.0,0.0,0.0,0.0045045045045045045,0.0,0.013513513513513514,0.0,0.8063063063063063,0.04954954954954955,0.013513513513513514,0.03153153153153153,0.0,0.0045045045045045045,0.0,0.0045045045045045045,0.0,0.0,0.009009009009009009,0.0,0.009009009009009009,0.0,0.0,0.009009009009009009,0.02702702702702703,0.0,0.0,0.0045045045045045045,0.0,0.0,0.0,0.0,0.0,0.0,0.0,0.0,0.0,0.0,0.0045045045045045045,0.0
47,0.0,0.004329004329004329,0.0,0.012987012987012988,0.004329004329004329,0.0,0.0,0.0,0.0,0.012987012987012988,0.012987012987012988,0.0,0.0,0.0,0.021645021645021644,0.017316017316017316,0.017316017316017316,0.008658008658008658,0.004329004329004329,0.008658008658008658,0.004329004329004329,0.7532467532467533,0.021645021645021644,0.004329004329004329,0.0,0.0,0.0,0.004329004329004329,0.004329004329004329,0.012987012987012988,0.004329004329004329,0.0,0.012987012987012988,0.012987012987012988,0.0,0.004329004329004329,0.0,0.0,0.0,0.0,0.0,0.008658008658008658,0.0,0.021645021645021644,0.004329004329004329,0.0
48,0.0,0.0,0.022727272727272728,0.003246753246753247,0.003246753246753247,0.006493506493506494,0.00974025974025974,0.00974025974025974,0.0,0.0,0.032467532467532464,0.045454545454545456,0.003246753246753247,0.006493506493506494,0.02922077922077922,0.01948051948051948,0.00974025974025974,0.012987012987012988,0.003246753246753247,0.05194805194805195,0.01948051948051948,0.048701298701298704,0.022727272727272728,0.006493506493506494,0.05194805194805195,0.012987012987012988,0.016233766233766232,0.08441558441558442,0.05519480519480519,0.012987012987012988,0.04220779220779221,0.012987012987012988,0.048701298701298704,0.09415584415584416,0.06818181818181818,0.016233766233766232,0.012987012987012988,0.0,0.0,0.0,0.0,0.0,0.03896103896103896,0.01948051948051948,0.006493506493506494,0.03896103896103896
49,0.0091324200913242,0.0045662100456621,0.0,0.0045662100456621,0.0,0.0,0.0,0.0,0.0,0.0091324200913242,0.0045662100456621,0.0,0.0,0.0045662100456621,0.0091324200913242,0.0,0.0045662100456621,0.8995433789954338,0.0,0.0,0.0136986301369863,0.0,0.0,0.0091324200913242,0.0045662100456621,0.0,0.0045662100456621,0.0045662100456621,0.0,0.0,0.0,0.0045662100456621,0.0,0.0045662100456621,0.0045662100456621,0.0,0.0,0.0,0.0,0.0,0.0,0.0,0.0,0.0,0.0,0.0
50,0.0,0.0,0.1440677966101695,0.0,0.00423728813559322,0.0,0.0,0.0,0.0,0.00423728813559322,0.012711864406779662,0.0,0.0,0.00423728813559322,0.0,0.0,0.0,0.00847457627118644,0.0,0.00423728813559322,0.0,0.0,0.0,0.0,0.8008474576271186,0.0,0.012711864406779662,0.0,0.0,0.0,0.0,0.0,0.00423728813559322,0.0,0.0,0.0,0.0,0.0,0.0,0.0,0.0,0.0,0.0,0.0,0.0,0.0
51,0.007462686567164179,0.018656716417910446,0.048507462686567165,0.007462686567164179,0.014925373134328358,0.041044776119402986,0.0037313432835820895,0.011194029850746268,0.05223880597014925,0.011194029850746268,0.018656716417910446,0.018656716417910446,0.0,0.05970149253731343,0.041044776119402986,0.03731343283582089,0.03731343283582089,0.007462686567164179,0.007462686567164179,0.041044776119402986,0.014925373134328358,0.014925373134328358,0.041044776119402986,0.011194029850746268,0.0037313432835820895,0.029850746268656716,0.07835820895522388,0.033582089552238806,0.08208955223880597,0.0,0.011194029850746268,0.022388059701492536,0.041044776119402986,0.014925373134328358,0.018656716417910446,0.014925373134328358,0.0,0.0,0.0,0.0,0.0,0.011194029850746268,0.011194029850746268,0.022388059701492536,0.026119402985074626,0.011194029850746268
52,0.0,0.0,0.0,0.0,0.0,0.0,0.011049723756906077,0.0,0.0,0.0055248618784530384,0.0,0.0,0.0,0.011049723756906077,0.0,0.0055248618784530384,0.011049723756906077,0.0,0.0,0.0,0.0,0.0,0.0,0.0,0.0,0.0,0.0,0.0,0.8895027624309392,0.0,0.011049723756906077,0.0055248618784530384,0.0,0.027624309392265192,0.022099447513812154,0.0,0.0,0.0,0.0,0.0,0.0,0.0,0.0,0.0,0.0,0.0
53,0.0,0.1188118811881188,0.07920792079207921,0.0594059405940594,0.009900990099009901,0.0049504950495049506,0.034653465346534656,0.024752475247524754,0.0,0.034653465346534656,0.034653465346534656,0.08415841584158416,0.009900990099009901,0.06435643564356436,0.054455445544554455,0.0,0.07425742574257425,0.009900990099009901,0.0,0.0,0.0049504950495049506,0.0049504950495049506,0.0297029702970297,0.0049504950495049506,0.024752475247524754,0.0594059405940594,0.0297029702970297,0.039603960396039604,0.009900990099009901,0.019801980198019802,0.01485148514851485,0.0049504950495049506,0.0049504950495049506,0.009900990099009901,0.0,0.0,0.0,0.0,0.0,0.0,0.0,0.0,0.0297029702970297,0.009900990099009901,0.0,0.0
54,0.0,0.03225806451612903,0.10557184750733138,0.02932551319648094,0.002932551319648094,0.03225806451612903,0.002932551319648094,0.01466275659824047,0.0469208211143695,0.008797653958944282,0.026392961876832845,0.0,0.03519061583577713,0.008797653958944282,0.03812316715542522,0.008797653958944282,0.011730205278592375,0.01466275659824047,0.02346041055718475,0.03519061583577713,0.04105571847507331,0.09090909090909091,0.03225806451612903,0.026392961876832845,0.04985337243401759,0.04105571847507331,0.06451612903225806,0.017595307917888565,0.01466275659824047,0.005865102639296188,0.04398826979472141,0.020527859237536656,0.002932551319648094,0.002932551319648094,0.02346041055718475,0.002932551319648094,0.0,0.0,0.0,0.0,0.0,0.005865102639296188,0.011730205278592375,0.01466275659824047,0.005865102639296188,0.002932551319648094
55,0.0,0.0,0.0,0.0,0.0,0.0,0.0,0.0,0.0,0.0,0.004366812227074236,0.0,0.0,0.0,0.0,0.0,0.004366812227074236,0.0,0.004366812227074236,0.004366812227074236,0.0,0.0,0.004366812227074236,0.013100436681222707,0.0,0.0,0.0,0.0,0.0,0.0,0.0,0.8165938864628821,0.08296943231441048,0.017467248908296942,0.039301310043668124,0.0,0.0,0.0,0.0,0.0,0.0,0.0,0.0,0.008733624454148471,0.0,0.0
56,0.0,0.009345794392523364,0.0,0.004672897196261682,0.004672897196261682,0.0,0.02336448598130841,0.004672897196261682,0.004672897196261682,0.004672897196261682,0.02336448598130841,0.0,0.0,0.0,0.0,0.03271028037383177,0.0,0.0,0.004672897196261682,0.014018691588785047,0.009345794392523364,0.102803738317757,0.004672897196261682,0.0,0.004672897196261682,0.3177570093457944,0.2803738317757009,0.004672897196261682,0.0,0.0,0.004672897196261682,0.0,0.0,0.0,0.0,0.004672897196261682,0.0,0.0,0.0,0.0,0.0,0.0,0.10747663551401869,0.0,0.004672897196261682,0.02336448598130841
57,0.0,0.005434782608695652,0.0,0.016304347826086956,0.021739130434782608,0.043478260869565216,0.0,0.0,0.15217391304347827,0.005434782608695652,0.0,0.0,0.0,0.005434782608695652,0.0,0.021739130434782608,0.09239130434782608,0.03260869565217391,0.0,0.0,0.005434782608695652,0.06521739130434782,0.016304347826086956,0.0,0.0,0.03804347826086957,0.0,0.005434782608695652,0.2826086956521739,0.10326086956521739,0.005434782608695652,0.0,0.0,0.043478260869565216,0.016304347826086956,0.0,0.0,0.0,0.0,0.0,0.0,0.0,0.0,0.0,0.010869565217391304,0.010869565217391304
58,0.0,0.0,0.0,0.0,0.0,0.0,0.0,0.0,0.0,0.0053475935828877,0.0,0.0,0.0,0.0,0.03208556149732621,0.8288770053475936,0.026737967914438502,0.0,0.0,0.0213903743315508,0.0,0.0,0.0053475935828877,0.06417112299465241,0.0,0.0,0.0,0.0,0.0,0.0053475935828877,0.0,0.0,0.0053475935828877,0.0,0.0,0.0,0.0,0.0,0.0,0.0,0.0,0.0,0.0,0.0053475935828877,0.0,0.0
59,0.0,0.0,0.004878048780487805,0.014634146341463415,0.014634146341463415,0.014634146341463415,0.0,0.06341463414634146,0.05853658536585366,0.014634146341463415,0.014634146341463415,0.004878048780487805,0.0,0.00975609756097561,0.014634146341463415,0.00975609756097561,0.04878048780487805,0.03902439024390244,0.02926829268292683,0.25853658536585367,0.02926829268292683,0.0,0.07317073170731707,0.00975609756097561,0.014634146341463415,0.0,0.004878048780487805,0.0,0.014634146341463415,0.004878048780487805,0.0,0.0975609756097561,0.014634146341463415,0.03902439024390244,0.024390243902439025,0.0,0.0,0.0,0.0,0.0,0.0,0.0,0.014634146341463415,0.004878048780487805,0.024390243902439025,0.014634146341463415
60,0.018867924528301886,0.050314465408805034,0.06289308176100629,0.07547169811320754,0.05660377358490566,0.0880503144654088,0.0440251572327044,0.1069182389937107,0.050314465408805034,0.06918238993710692,0.10062893081761007,0.0440251572327044,0.050314465408805034,0.0880503144654088,0.05660377358490566,0.03773584905660377,0.0,0.0,0.0,0.0,0.0,0.0,0.0,0.0,0.0,0.0,0.0,0.0,0.0,0.0,0.0,0.0,0.0,0.0,0.0,0.0,0.0,0.0,0.0,0.0,0.0,0.0,0.0,0.0,0.0,0.0
61,0.0072992700729927005,0.06326034063260341,0.031630170316301706,0.0,0.019464720194647202,0.0267639902676399,0.014598540145985401,0.0,0.0024330900243309003,0.0024330900243309003,0.0364963503649635,0.004866180048661801,0.009732360097323601,0.029197080291970802,0.0535279805352798,0.0024330900243309003,0.0267639902676399,0.0,0.0024330900243309003,0.014598540145985401,0.0,0.0,0.0364963503649635,0.09975669099756691,0.029197080291970802,0.05596107055961071,0.06082725060827251,0.0024330900243309003,0.029197080291970802,0.0851581508515815,0.031630170316301706,0.043795620437956206,0.0,0.0024330900243309003,0.051094890510948905,0.05596107055961071,0.0,0.0,0.009732360097323601,0.0,0.0,0.0170316301703163,0.0340632603406326,0.0024330900243309003,0.0024330900243309003,0.0024330900243309003
62,0.0,0.0,0.0,0.0056179775280898875,0.056179775280898875,0.0056179775280898875,0.0,0.0,0.0,0.0,0.0,0.0,0.2303370786516854,0.1404494382022472,0.0,0.0056179775280898875,0.011235955056179775,0.0,0.0,0.0056179775280898875,0.0056179775280898875,0.0,0.0056179775280898875,0.0056179775280898875,0.0,0.0,0.0,0.47752808988764045,0.0056179775280898875,0.0,0.0,0.0,0.0,0.016853932584269662,0.016853932584269662,0.0,0.0,0.0,0.0,0.0,0.0,0.0056179775280898875,0.0,0.0,0.0,0.0
63,0.0034965034965034965,0.006993006993006993,0.006993006993006993,0.045454545454545456,0.04195804195804196,0.03496503496503497,0.055944055944055944,0.02097902097902098,0.038461538461538464,0.02097902097902098,0.02097902097902098,0.01048951048951049,0.006993006993006993,0.03146853146853147,0.02097902097902098,0.04895104895104895,0.15384615384615385,0.03146853146853147,0.01048951048951049,0.0034965034965034965,0.013986013986013986,0.08391608391608392,0.006993006993006993,0.024475524475524476,0.013986013986013986,0.0,0.013986013986013986,0.02097902097902098,0.01048951048951049,0.0034965034965034965,0.024475524475524476,0.01048951048951049,0.055944055944055944,0.038461538461538464,0.0034965034965034965,0.01048951048951049,0.0,0.0,0.0,0.0,0.0,0.0,0.01048951048951049,0.0034965034965034965,0.027972027972027972,0.006993006993006993
64,0.005405405405405406,0.032432432432432434,0.010810810810810811,0.010810810810810811,0.12432432432432433,0.08648648648648649,0.0,0.02702702702702703,0.005405405405405406,0.032432432432432434,0.0918918918918919,0.010810810810810811,0.0,0.010810810810810811,0.032432432432432434,0.010810810810810811,0.032432432432432434,0.03783783783783784,0.016216216216216217,0.016216216216216217,0.016216216216216217,0.005405405405405406,0.021621621621621623,0.010810810810810811,0.005405405405405406,0.0,0.005405405405405406,0.0,0.021621621621621623,0.032432432432432434,0.005405405405405406,0.010810810810810811,0.010810810810810811,0.07567567567567568,0.016216216216216217,0.005405405405405406,0.0,0.0,0.0,0.0,0.0,0.04864864864864865,0.016216216216216217,0.0,0.08108108108108109,0.016216216216216217
65,0.0,0.012195121951219513,0.5792682926829268,0.018292682926829267,0.024390243902439025,0.0,0.0,0.012195121951219513,0.012195121951219513,0.006097560975609756,0.0,0.006097560975609756,0.06097560975609756,0.006097560975609756,0.018292682926829267,0.0,0.012195121951219513,0.04878048780487805,0.0,0.006097560975609756,0.006097560975609756,0.012195121951219513,0.024390243902439025,0.0,0.012195121951219513,0.0,0.07317073170731707,0.0,0.012195121951219513,0.0,0.0,0.03048780487804878,0.0,0.0,0.0,0.006097560975609756,0.0,0.0,0.0,0.0,0.0,0.0,0.0,0.0,0.0,0.0
66,0.0,0.005025125628140704,0.005025125628140704,0.0,0.135678391959799,0.04020100502512563,0.020100502512562814,0.005025125628140704,0.005025125628140704,0.010050251256281407,0.1306532663316583,0.05025125628140704,0.0,0.005025125628140704,0.010050251256281407,0.005025125628140704,0.005025125628140704,0.035175879396984924,0.17587939698492464,0.010050251256281407,0.04020100502512563,0.005025125628140704,0.010050251256281407,0.010050251256281407,0.0,0.010050251256281407,0.0,0.02512562814070352,0.005025125628140704,0.005025125628140704,0.005025125628140704,0.005025125628140704,0.005025125628140704,0.005025125628140704,0.01507537688442211,0.03015075376884422,0.0,0.0,0.0,0.0,0.0,0.005025125628140704,0.16080402010050251,0.0,0.005025125628140704,0.0
67,0.014388489208633094,0.08633093525179857,0.05755395683453238,0.06474820143884892,0.03597122302158273,0.06474820143884892,0.04316546762589928,0.06474820143884892,0.050359712230215826,0.08633093525179857,0.10071942446043165,0.04316546762589928,0.05755395683453238,0.07913669064748201,0.1079136690647482,0.04316546762589928,0.0,0.0,0.0,0.0,0.0,0.0,0.0,0.0,0.0,0.0,0.0,0.0,0.0,0.0,0.0,0.0,0.0,0.0,0.0,0.0,0.0,0.0,0.0,0.0,0.0,0.0,0.0,0.0,0.0,0.0
68,0.0,0.008368200836820083,0.008368200836820083,0.04184100418410042,0.012552301255230125,0.008368200836820083,0.008368200836820083,0.0,0.016736401673640166,0.016736401673640166,0.029288702928870293,0.04602510460251046,0.008368200836820083,0.008368200836820083,0.016736401673640166,0.016736401673640166,0.06276150627615062,0.02510460251046025,0.0,0.0,0.08786610878661087,0.04602510460251046,0.13807531380753138,0.012552301255230125,0.016736401673640166,0.03765690376569038,0.02510460251046025,0.016736401673640166,0.03347280334728033,0.008368200836820083,0.0,0.04602510460251046,0.0041841004184100415,0.02092050209205021,0.12133891213389121,0.03347280334728033,0.0041841004184100415,0.0,0.0,0.0,0.0,0.008368200836820083,0.0,0.0041841004184100415,0.0,0.0
69,0.005780346820809248,0.017341040462427744,0.011560693641618497,0.0,0.005780346820809248,0.005780346820809248,0.002890173410404624,0.017341040462427744,0.002890173410404624,0.008670520231213872,0.008670520231213872,0.03468208092485549,0.0838150289017341,0.07514450867052024,0.023121387283236993,0.002890173410404624,0.02023121387283237,0.023121387283236993,0.005780346820809248,0.02023121387283237,0.014450867052023121,0.002890173410404624,0.07514450867052024,0.11849710982658959,0.06069364161849711,0.005780346820809248,0.008670520231213872,0.002890173410404624,0.008670520231213872,0.028901734104046242,0.014450867052023121,0.023121387283236993,0.017341040462427744,0.023121387283236993,0.05202312138728324,0.017341040462427744,0.005780346820809248,0.0,0.0,0.0,0.005780346820809248,0.023121387283236993,0.014450867052023121,0.03468208092485549,0.06069364161849711,0.005780346820809248
70,0.0,0.0,0.0,0.06111111111111111,0.005555555555555556,0.011111111111111112,0.0,0.005555555555555556,0.0,0.005555555555555556,0.011111111111111112,0.0,0.011111111111111112,0.016666666666666666,0.005555555555555556,0.011111111111111112,0.0,0.0,0.0,0.011111111111111112,0.0,0.0,0.7333333333333333,0.07222222222222222,0.005555555555555556,0.0,0.0,0.005555555555555556,0.005555555555555556,0.0,0.0,0.005555555555555556,0.0,0.005555555555555556,0.005555555555555556,0.0,0.0,0.0,0.0,0.0,0.0,0.0,0.005555555555555556,0.0,0.0,0.0
71,0.0,0.03787878787878788,0.07575757575757576,0.06060606060606061,0.07575757575757576,0.07575757575757576,0.022727272727272728,0.09848484848484848,0.05303030303030303,0.06060606060606061,0.09848484848484848,0.07575757575757576,0.06818181818181818,0.08333333333333333,0.06060606060606061,0.05303030303030303,0.0,0.0,0.0,0.0,0.0,0.0,0.0,0.0,0.0,0.0,0.0,0.0,0.0,0.0,0.0,0.0,0.0,0.0,0.0,0.0,0.0,0.0,0.0,0.0,0.0,0.0,0.0,0.0,0.0,0.0
72,0.0,0.0,0.0,0.0,0.0072992700729927005,0.014598540145985401,0.0,0.0948905109489051,0.0,0.014598540145985401,0.0,0.0,0.0,0.0,0.0,0.0,0.0,0.0,0.0072992700729927005,0.0,0.0,0.0,0.0,0.0,0.0,0.0,0.0,0.0,0.0072992700729927005,0.0,0.0072992700729927005,0.0,0.0,0.0072992700729927005,0.029197080291970802,0.0072992700729927005,0.0,0.0,0.0,0.0,0.0,0.7737226277372263,0.0072992700729927005,0.014598540145985401,0.0072992700729927005,0.0
73,0.0,0.14606741573033707,0.02247191011235955,0.02247191011235955,0.06179775280898876,0.02247191011235955,0.0,0.011235955056179775,0.028089887640449437,0.0,0.03932584269662921,0.15168539325842698,0.08426966292134831,0.0,0.0056179775280898875,0.05056179775280899,0.0,0.0,0.0056179775280898875,0.0056179775280898875,0.0056179775280898875,0.011235955056179775,0.033707865168539325,0.03932584269662921,0.0,0.0056179775280898875,0.06741573033707865,0.028089887640449437,0.011235955056179775,0.0,0.0056179775280898875,0.033707865168539325,0.028089887640449437,0.02247191011235955,0.016853932584269662,0.0,0.0,0.0,0.0,0.0,0.0,0.0,0.0,0.033707865168539325,0.0,0.0
74,0.0,0.0,0.05844155844155844,0.0,0.0,0.07792207792207792,0.006493506493506494,0.012987012987012988,0.0,0.01948051948051948,0.0,0.05844155844155844,0.006493506493506494,0.006493506493506494,0.11038961038961038,0.025974025974025976,0.01948051948051948,0.05194805194805195,0.11688311688311688,0.0,0.045454545454545456,0.0,0.025974025974025976,0.05844155844155844,0.07792207792207792,0.032467532467532464,0.01948051948051948,0.0,0.08441558441558442,0.0,0.01948051948051948,0.0,0.006493506493506494,0.0,0.012987012987012988,0.0,0.0,0.0,0.0,0.0,0.0,0.006493506493506494,0.012987012987012988,0.025974025974025976,0.0,0.0
75,0.013966480446927373,0.04748603351955307,0.08379888268156424,0.0446927374301676,0.061452513966480445,0.008379888268156424,0.0446927374301676,0.013966480446927373,0.025139664804469275,0.027932960893854747,0.025139664804469275,0.0335195530726257,0.008379888268156424,0.036312849162011177,0.019553072625698324,0.0,0.025139664804469275,0.019553072625698324,0.013966480446927373,0.036312849162011177,0.013966480446927373,0.027932960893854747,0.030726256983240222,0.027932960893854747,0.06424581005586592,0.0446927374301676,0.019553072625698324,0.0,0.027932960893854747,0.027932960893854747,0.013966480446927373,0.01675977653631285,0.0,0.027932960893854747,0.002793296089385475,0.002793296089385475,0.0,0.0,0.0,0.0,0.008379888268156424,0.025139664804469275,0.013966480446927373,0.008379888268156424,0.0,0.00558659217877095
76,0.007633587786259542,0.007633587786259542,0.007633587786259542,0.022900763358778626,0.007633587786259542,0.0,0.0,0.007633587786259542,0.0,0.007633587786259542,0.0,0.0,0.0,0.07633587786259542,0.007633587786259542,0.0,0.7557251908396947,0.030534351145038167,0.007633587786259542,0.0,0.0,0.0,0.007633587786259542,0.0,0.0,0.0,0.0,0.0,0.0,0.0,0.0,0.03816793893129771,0.0,0.007633587786259542,0.0,0.0,0.0,0.0,0.0,0.0,0.0,0.0,0.0,0.0,0.0,0.0
77,0.0,0.0,0.0049504950495049506,0.01485148514851485,0.0049504950495049506,0.019801980198019802,0.01485148514851485,0.04950495049504951,0.0049504950495049506,0.009900990099009901,0.06435643564356436,0.0594059405940594,0.0,0.009900990099009901,0.0049504950495049506,0.0049504950495049506,0.01485148514851485,0.009900990099009901,0.0297029702970297,0.034653465346534656,0.01485148514851485,0.0,0.08415841584158416,0.09405940594059406,0.04950495049504951,0.09900990099009901,0.024752475247524754,0.0,0.024752475247524754,0.009900990099009901,0.019801980198019802,0.0,0.039603960396039604,0.019801980198019802,0.07425742574257425,0.01485148514851485,0.0,0.0049504950495049506,0.009900990099009901,0.0,0.0049504950495049506,0.0049504950495049506,0.0049504950495049506,0.019801980198019802,0.019801980198019802,0.0049504950495049506
78,0.0,0.013422818791946308,0.04697986577181208,0.006711409395973154,0.08053691275167785,0.006711409395973154,0.0,0.0,0.020134228187919462,0.10067114093959731,0.006711409395973154,0.0,0.0,0.020134228187919462,0.013422818791946308,0.013422818791946308,0.053691275167785234,0.2080536912751678,0.0,0.0,0.006711409395973154,0.04697986577181208,0.006711409395973154,0.006711409395973154,0.020134228187919462,0.006711409395973154,0.020134228187919462,0.013422818791946308,0.006711409395973154,0.026845637583892617,0.04697986577181208,0.020134228187919462,0.0,0.020134228187919462,0.1476510067114094,0.0,0.0,0.0,0.0,0.0,0.0,0.006711409395973154,0.0,0.0,0.0,0.006711409395973154
79,0.01098901098901099,0.027472527472527472,0.10989010989010989,0.005494505494505495,0.0,0.02197802197802198,0.038461538461538464,0.03296703296703297,0.0,0.0,0.0,0.054945054945054944,0.005494505494505495,0.01098901098901099,0.0989010989010989,0.03296703296703297,0.005494505494505495,0.01098901098901099,0.0989010989010989,0.03296703296703297,0.0,0.0,0.0,0.005494505494505495,0.016483516483516484,0.03296703296703297,0.2087912087912088,0.01098901098901099,0.005494505494505495,0.005494505494505495,0.027472527472527472,0.01098901098901099,0.0,0.01098901098901099,0.0,0.0,0.0,0.0,0.0,0.0,0.0,0.02197802197802198,0.0,0.04395604395604396,0.0,0.0
80,0.025,0.02,0.005,0.0,0.005,0.08,0.04,0.01,0.02,0.005,0.07,0.035,0.12,0.015,0.015,0.0,0.01,0.01,0.01,0.01,0.025,0.01,0.1,0.005,0.0,0.035,0.02,0.015,0.03,0.015,0.0,0.025,0.0,0.07,0.095,0.025,0.015,0.0,0.0,0.0,0.005,0.0,0.0,0.0,0.0,0.005
81,0.0,0.0,0.07051282051282051,0.08333333333333333,0.04487179487179487,0.03205128205128205,0.01282051282051282,0.0,0.00641025641025641,0.0,0.01282051282051282,0.02564102564102564,0.0,0.02564102564102564,0.07692307692307693,0.07051282051282051,0.11538461538461539,0.0,0.00641025641025641,0.01282051282051282,0.04487179487179487,0.02564102564102564,0.00641025641025641,0.019230769230769232,0.03205128205128205,0.0,0.019230769230769232,0.07051282051282051,0.0,0.0,0.0,0.00641025641025641,0.02564102564102564,0.01282051282051282,0.0,0.0,0.0,0.0,0.00641025641025641,0.0,0.0,0.0,0.00641025641025641,0.0,0.019230769230769232,0.10897435897435898
82,0.0,0.009302325581395349,0.004651162790697674,0.027906976744186046,0.018604651162790697,0.06511627906976744,0.027906976744186046,0.004651162790697674,0.023255813953488372,0.004651162790697674,0.023255813953488372,0.018604651162790697,0.0,0.013953488372093023,0.004651162790697674,0.009302325581395349,0.10232558139534884,0.07906976744186046,0.018604651162790697,0.018604651162790697,0.046511627906976744,0.009302325581395349,0.009302325581395349,0.13488372093023257,0.009302325581395349,0.004651162790697674,0.018604651162790697,0.009302325581395349,0.12093023255813953,0.009302325581395349,0.027906976744186046,0.004651162790697674,0.004651162790697674,0.05116279069767442,0.004651162790697674,0.009302325581395349,0.004651162790697674,0.0,0.0,0.0,0.0,0.0,0.027906976744186046,0.0,0.0,0.018604651162790697
83,0.006329113924050633,0.0,0.0,0.0,0.006329113924050633,0.006329113924050633,0.0,0.006329113924050633,0.0,0.0,0.0,0.0,0.0,0.0,0.0189873417721519,0.006329113924050633,0.0189873417721519,0.012658227848101266,0.0,0.006329113924050633,0.03164556962025317,0.006329113924050633,0.006329113924050633,0.006329113924050633,0.012658227848101266,0.006329113924050633,0.006329113924050633,0.012658227848101266,0.0,0.0,0.0189873417721519,0.6645569620253164,0.0189873417721519,0.05063291139240506,0.0,0.0,0.0,0.0,0.0,0.0,0.0,0.0,0.056962025316455694,0.0,0.006329113924050633,0.006329113924050633
84,0.0,0.0,0.008130081300813009,0.0,0.0,0.08943089430894309,0.008130081300813009,0.008130081300813009,0.0,0.0,0.0,0.0,0.0,0.0,0.008130081300813009,0.0,0.0,0.0,0.0,0.0,0.04065040650406504,0.04065040650406504,0.008130081300813009,0.008130081300813009,0.0,0.0,0.008130081300813009,0.008130081300813009,0.0,0.17886178861788618,0.008130081300813009,0.016260162601626018,0.008130081300813009,0.032520325203252036,0.0,0.5040650406504065,0.0,0.0,0.0,0.0,0.0,0.016260162601626018,0.0,0.0,0.0,0.0
85,0.046632124352331605,0.0,0.02072538860103627,0.046632124352331605,0.02072538860103627,0.010362694300518135,0.02072538860103627,0.010362694300518135,0.02072538860103627,0.010362694300518135,0.015544041450777202,0.025906735751295335,0.015544041450777202,0.0,0.0,0.010362694300518135,0.04145077720207254,0.02072538860103627,0.015544041450777202,0.10880829015544041,0.025906735751295335,0.03626943005181347,0.06735751295336788,0.0051813471502590676,0.015544041450777202,0.05181347150259067,0.02072538860103627,0.05181347150259067,0.03626943005181347,0.0051813471502590676,0.0051813471502590676,0.08808290155440414,0.03626943005181347,0.031088082901554404,0.031088082901554404,0.0051813471502590676,0.0,0.0,0.0,0.0,0.0,0.0,0.010362694300518135,0.010362694300518135,0.0,0.0051813471502590676
86,0.0,0.09836065573770492,0.01639344262295082,0.00819672131147541,0.1557377049180328,0.0,0.00819672131147541,0.00819672131147541,0.0,0.0,0.13934426229508196,0.0,0.0,0.19672131147540983,0.00819672131147541,0.0,0.040983606557377046,0.0,0.0,0.0,0.0,0.0,0.0,0.0,0.0,0.26229508196721313,0.02459016393442623,0.0,0.00819672131147541,0.00819672131147541,0.00819672131147541,0.0,0.0,0.0,0.0,0.0,0.0,0.0,0.0,0.0,0.0,0.0,0.0,0.0,0.00819672131147541,0.0
87,0.0,0.0,0.024844720496894408,0.024844720496894408,0.07453416149068323,0.0,0.031055900621118012,0.024844720496894408,0.018633540372670808,0.037267080745341616,0.043478260869565216,0.018633540372670808,0.0,0.024844720496894408,0.037267080745341616,0.0,0.006211180124223602,0.043478260869565216,0.037267080745341616,0.018633540372670808,0.006211180124223602,0.031055900621118012,0.043478260869565216,0.07453416149068323,0.049689440993788817,0.07453416149068323,0.055900621118012424,0.012422360248447204,0.006211180124223602,0.012422360248447204,0.07453416149068323,0.037267080745341616,0.012422360248447204,0.0,0.0,0.0,0.0,0.0,0.0,0.0,0.0,0.031055900621118012,0.0,0.0,0.0,0.012422360248447204
88,0.0,0.0,0.11363636363636363,0.06818181818181818,0.05303030303030303,0.0,0.05303030303030303,0.09090909090909091,0.0,0.0,0.007575757575757576,0.0,0.022727272727272728,0.022727272727272728,0.030303030303030304,0.0,0.0,0.0,0.14393939393939395,0.06818181818181818,0.015151515151515152,0.015151515151515152,0.0,0.0,0.06060606060606061,0.007575757575757576,0.022727272727272728,0.022727272727272728,0.015151515151515152,0.06060606060606061,0.0,0.045454545454545456,0.007575757575757576,0.0,0.022727272727272728,0.0,0.0,0.0,0.0,0.0,0.0,0.0,0.0,0.030303030303030304,0.0,0.0
89,0.0,0.009146341463414634,0.009146341463414634,0.01524390243902439,0.018292682926829267,0.018292682926829267,0.012195121951219513,0.018292682926829267,0.042682926829268296,0.018292682926829267,0.042682926829268296,0.036585365853658534,0.01524390243902439,0.018292682926829267,0.027439024390243903,0.018292682926829267,0.012195121951219513,0.018292682926829267,0.01524390243902439,0.009146341463414634,0.003048780487804878,0.018292682926829267,0.036585365853658534,0.0701219512195122,0.036585365853658534,0.036585365853658534,0.006097560975609756,0.009146341463414634,0.021341463414634148,0.018292682926829267,0.009146341463414634,0.012195121951219513,0.042682926829268296,0.021341463414634148,0.07926829268292683,0.039634146341463415,0.01524390243902439,0.0,0.003048780487804878,0.0,0.003048780487804878,0.0,0.012195121951219513,0.054878048780487805,0.054878048780487805,0.021341463414634148
90,0.005714285714285714,0.0,0.017142857142857144,0.005714285714285714,0.0,0.017142857142857144,0.017142857142857144,0.022857142857142857,0.005714285714285714,0.04,0.017142857142857144,0.005714285714285714,0.022857142857142857,0.02857142857142857,0.011428571428571429,0.05714285714285714,0.02857142857142857,0.011428571428571429,0.0,0.022857142857142857,0.02857142857142857,0.017142857142857144,0.02857142857142857,0.017142857142857144,0.02857142857142857,0.022857142857142857,0.017142857142857144,0.02857142857142857,0.0,0.005714285714285714,0.0,0.08,0.02857142857142857,0.2,0.05142857142857143,0.017142857142857144,0.0,0.0,0.0,0.0,0.0,0.0,0.05714285714285714,0.017142857142857144,0.017142857142857144,0.0
91,0.0,0.0,0.0,0.030534351145038167,0.022900763358778626,0.0,0.0,0.022900763358778626,0.015267175572519083,0.0,0.007633587786259542,0.05343511450381679,0.030534351145038167,0.04580152671755725,0.06870229007633588,0.015267175572519083,0.022900763358778626,0.0,0.0,0.0,0.015267175572519083,0.007633587786259542,0.0,0.0916030534351145,0.06870229007633588,0.030534351145038167,0.007633587786259542,0.25190839694656486,0.04580152671755725,0.0,0.007633587786259542,0.0,0.10687022900763359,0.0,0.0,0.0,0.0,0.0,0.015267175572519083,0.0,0.0,0.015267175572519083,0.0,0.0,0.0,0.0
92,0.0,0.0,0.007407407407407408,0.014814814814814815,0.022222222222222223,0.0,0.0,0.0,0.0,0.007407407407407408,0.0,0.0,0.0,0.0,0.007407407407407408,0.0,0.007407407407407408,0.014814814814814815,0.0,0.0,0.022222222222222223,0.007407407407407408,0.007407407407407408,0.4222222222222222,0.0,0.0,0.34074074074074073,0.007407407407407408,0.007407407407407408,0.022222222222222223,0.02962962962962963,0.0,0.007407407407407408,0.0,0.007407407407407408,0.0,0.0,0.0,0.0,0.0,0.0,0.0,0.0,0.007407407407407408,0.022222222222222223,0.007407407407407408
93,0.0,0.0,0.0,0.008928571428571428,0.0,0.0,0.0,0.0,0.0,0.0,0.0,0.0,0.0,0.0,0.0,0.026785714285714284,0.0,0.0,0.008928571428571428,0.0,0.0,0.008928571428571428,0.008928571428571428,0.875,0.0,0.0,0.0,0.0,0.017857142857142856,0.0,0.0,0.0,0.008928571428571428,0.017857142857142856,0.0,0.0,0.0,0.0,0.0,0.0,0.0,0.008928571428571428,0.0,0.0,0.008928571428571428,0.0
94,0.0,0.007751937984496124,0.007751937984496124,0.0,0.007751937984496124,0.015503875968992248,0.0,0.0,0.007751937984496124,0.015503875968992248,0.007751937984496124,0.0,0.0,0.0,0.0,0.0,0.007751937984496124,0.0,0.0,0.0,0.0,0.0,0.023255813953488372,0.0,0.0,0.015503875968992248,0.0,0.0,0.8449612403100775,0.0,0.0,0.0,0.0,0.007751937984496124,0.015503875968992248,0.007751937984496124,0.0,0.0,0.0,0.0,0.007751937984496124,0.0,0.0,0.0,0.0,0.0
95,0.0,0.0,0.0,0.0,0.016666666666666666,0.0,0.06666666666666667,0.0,0.025,0.041666666666666664,0.03333333333333333,0.025,0.0,0.0,0.016666666666666666,0.0,0.05,0.1,0.008333333333333333,0.025,0.058333333333333334,0.008333333333333333,0.09166666666666666,0.008333333333333333,0.0,0.0,0.008333333333333333,0.008333333333333333,0.008333333333333333,0.0,0.0,0.025,0.0,0.16666666666666666,0.058333333333333334,0.016666666666666666,0.0,0.0,0.016666666666666666,0.008333333333333333,0.025,0.008333333333333333,0.025,0.008333333333333333,0.025,0.016666666666666666
96,0.0,0.0,0.015463917525773196,0.005154639175257732,0.0,0.0,0.0,0.0,0.010309278350515464,0.005154639175257732,0.041237113402061855,0.005154639175257732,0.0,0.0,0.005154639175257732,0.005154639175257732,0.0,0.02577319587628866,0.005154639175257732,0.04639175257731959,0.005154639175257732,0.030927835051546393,0.06701030927835051,0.061855670103092786,0.0,0.010309278350515464,0.005154639175257732,0.010309278350515464,0.020618556701030927,0.020618556701030927,0.020618556701030927,0.005154639175257732,0.030927835051546393,0.03608247422680412,0.06701030927835051,0.0,0.0,0.0,0.0,0.0,0.0,0.0,0.005154639175257732,0.015463917525773196,0.25257731958762886,0.16494845360824742
97,0.018072289156626505,0.030120481927710843,0.012048192771084338,0.030120481927710843,0.030120481927710843,0.0,0.018072289156626505,0.012048192771084338,0.0,0.018072289156626505,0.018072289156626505,0.04819277108433735,0.05421686746987952,0.05421686746987952,0.12048192771084337,0.018072289156626505,0.06626506024096386,0.006024096385542169,0.030120481927710843,0.0,0.0,0.018072289156626505,0.0,0.04819277108433735,0.018072289156626505,0.06626506024096386,0.10240963855421686,0.0,0.04819277108433735,0.018072289156626505,0.006024096385542169,0.006024096385542169,0.012048192771084338,0.018072289156626505,0.006024096385542169,0.006024096385542169,0.0,0.0,0.0,0.0,0.0,0.0,0.030120481927710843,0.006024096385542169,0.0,0.006024096385542169
98,0.0,0.0,0.024844720496894408,0.006211180124223602,0.018633540372670808,0.031055900621118012,0.037267080745341616,0.08074534161490683,0.006211180124223602,0.012422360248447204,0.006211180124223602,0.006211180124223602,0.006211180124223602,0.006211180124223602,0.012422360248447204,0.006211180124223602,0.024844720496894408,0.037267080745341616,0.024844720496894408,0.043478260869565216,0.0,0.10559006211180125,0.08074534161490683,0.11801242236024845,0.049689440993788817,0.024844720496894408,0.06832298136645963,0.006211180124223602,0.006211180124223602,0.018633540372670808,0.031055900621118012,0.018633540372670808,0.024844720496894408,0.024844720496894408,0.006211180124223602,0.006211180124223602,0.0,0.0,0.0,0.0,0.0,0.012422360248447204,0.0,0.006211180124223602,0.0,0.0
99,0.0,0.008771929824561403,0.043859649122807015,0.05263157894736842,0.043859649122807015,0.02631578947368421,0.05263157894736842,0.09649122807017543,0.008771929824561403,0.03508771929824561,0.017543859649122806,0.043859649122807015,0.08771929824561403,0.05263157894736842,0.017543859649122806,0.017543859649122806,0.043859649122807015,0.02631578947368421,0.05263157894736842,0.043859649122807015,0.02631578947368421,0.008771929824561403,0.017543859649122806,0.0,0.0,0.0,0.008771929824561403,0.0,0.02631578947368421,0.008771929824561403,0.017543859649122806,0.05263157894736842,0.008771929824561403,0.043859649122807015,0.008771929824561403,0.0,0.0,0.0,0.0,0.0,0.0,0.0,0.0,0.0,0.0,0.0
100,0.0,0.046242774566473986,0.023121387283236993,0.017341040462427744,0.011560693641618497,0.0,0.05202312138728324,0.005780346820809248,0.005780346820809248,0.005780346820809248,0.12716763005780346,0.046242774566473986,0.005780346820809248,0.057803468208092484,0.017341040462427744,0.023121387283236993,0.023121387283236993,0.017341040462427744,0.005780346820809248,0.03468208092485549,0.023121387283236993,0.11560693641618497,0.06936416184971098,0.0,0.07514450867052024,0.011560693641618497,0.005780346820809248,0.011560693641618497,0.011560693641618497,0.005780346820809248,0.017341040462427744,0.011560693641618497,0.005780346820809248,0.017341040462427744,0.011560693641618497,0.05202312138728324,0.0,0.005780346820809248,0.0,0.0,0.0,0.0,0.0,0.0,0.011560693641618497,0.011560693641618497
101,0.008130081300813009,0.032520325203252036,0.008130081300813009,0.008130081300813009,0.016260162601626018,0.032520325203252036,0.008130081300813009,0.0,0.0,0.0,0.0,0.0,0.016260162601626018,0.0,0.024390243902439025,0.6991869918699187,0.008130081300813009,0.008130081300813009,0.04065040650406504,0.016260162601626018,0.0,0.0,0.0,0.0,0.008130081300813009,0.008130081300813009,0.008130081300813009,0.0,0.008130081300813009,0.0,0.0,0.0,0.0,0.016260162601626018,0.0,0.0,0.008130081300813009,0.0,0.0,0.0,0.0,0.0,0.0,0.016260162601626018,0.0,0.0
102,0.006666666666666667,0.05333333333333334,0.04,0.06,0.06,0.03333333333333333,0.03333333333333333,0.013333333333333334,0.006666666666666667,0.04666666666666667,0.02666666666666667,0.03333333333333333,0.08666666666666667,0.03333333333333333,0.006666666666666667,0.04666666666666667,0.03333333333333333,0.09333333333333334,0.0,0.0,0.006666666666666667,0.0,0.02,0.03333333333333333,0.02666666666666667,0.03333333333333333,0.006666666666666667,0.006666666666666667,0.006666666666666667,0.05333333333333334,0.0,0.0,0.0,0.0,0.0,0.006666666666666667,0.0,0.0,0.0,0.0,0.0,0.02666666666666667,0.0,0.06,0.0,0.0
103,0.0,0.006172839506172839,0.018518518518518517,0.19753086419753085,0.0,0.018518518518518517,0.006172839506172839,0.0,0.0,0.043209876543209874,0.0,0.0,0.0,0.0,0.12962962962962962,0.043209876543209874,0.08024691358024691,0.043209876543209874,0.0,0.006172839506172839,0.012345679012345678,0.006172839506172839,0.012345679012345678,0.0,0.0,0.0,0.024691358024691357,0.018518518518518517,0.030864197530864196,0.006172839506172839,0.006172839506172839,0.006172839506172839,0.043209876543209874,0.006172839506172839,0.018518518518518517,0.0,0.006172839506172839,0.0,0.0,0.0,0.0,0.006172839506172839,0.006172839506172839,0.1728395061728395,0.024691358024691357,0.0
104,0.0,0.0,0.0,0.0,0.0,0.015503875968992248,0.0,0.0,0.0,0.007751937984496124,0.0,0.0,0.0,0.0,0.5038759689922481,0.37209302325581395,0.0,0.023255813953488372,0.0,0.0,0.007751937984496124,0.0,0.0,0.0,0.0,0.0,0.0,0.031007751937984496,0.03875968992248062,0.0,0.0,0.0,0.0,0.0,0.0,0.0,0.0,0.0,0.0,0.0,0.0,0.0,0.0,0.0,0.0,0.0
105,0.008368200836820083,0.03765690376569038,0.008368200836820083,0.03347280334728033,0.0041841004184100415,0.02092050209205021,0.016736401673640166,0.06694560669456066,0.0041841004184100415,0.05439330543933055,0.058577405857740586,0.016736401673640166,0.02092050209205021,0.02092050209205021,0.008368200836820083,0.008368200836820083,0.016736401673640166,0.008368200836820083,0.0041841004184100415,0.029288702928870293,0.02510460251046025,0.02510460251046025,0.08786610878661087,0.02092050209205021,0.02510460251046025,0.02092050209205021,0.0,0.09205020920502092,0.02510460251046025,0.012552301255230125,0.008368200836820083,0.029288702928870293,0.0041841004184100415,0.0502092050209205,0.058577405857740586,0.02092050209205021,0.0,0.0,0.0,0.0,0.0,0.0,0.016736401673640166,0.016736401673640166,0.0041841004184100415,0.008368200836820083
106,0.0,0.0763888888888889,0.06944444444444445,0.006944444444444444,0.027777777777777776,0.013888888888888888,0.006944444444444444,0.006944444444444444,0.006944444444444444,0.006944444444444444,0.020833333333333332,0.041666666666666664,0.034722222222222224,0.006944444444444444,0.020833333333333332,0.006944444444444444,0.013888888888888888,0.034722222222222224,0.027777777777777776,0.0,0.0,0.034722222222222224,0.08333333333333333,0.013888888888888888,0.006944444444444444,0.041666666666666664,0.013888888888888888,0.034722222222222224,0.08333333333333333,0.0,0.0,0.006944444444444444,0.04861111111111111,0.013888888888888888,0.0,0.0,0.0,0.0,0.0,0.0,0.027777777777777776,0.08333333333333333,0.006944444444444444,0.027777777777777776,0.041666666666666664,0.0
107,0.0,0.007692307692307693,0.007692307692307693,0.007692307692307693,0.03076923076923077,0.007692307692307693,0.007692307692307693,0.03076923076923077,0.007692307692307693,0.038461538461538464,0.023076923076923078,0.0,0.0,0.007692307692307693,0.0,0.007692307692307693,0.007692307692307693,0.007692307692307693,0.0,0.5153846153846153,0.0,0.015384615384615385,0.023076923076923078,0.015384615384615385,0.0,0.007692307692307693,0.015384615384615385,0.0,0.0,0.0,0.0,0.13076923076923078,0.015384615384615385,0.0,0.023076923076923078,0.0,0.0,0.0,0.0,0.0,0.0,0.0,0.023076923076923078,0.007692307692307693,0.007692307692307693,0.0
108,0.0,0.0070921985815602835,0.014184397163120567,0.0070921985815602835,0.014184397163120567,0.0,0.028368794326241134,0.02127659574468085,0.0070921985815602835,0.0070921985815602835,0.02127659574468085,0.02127659574468085,0.0070921985815602835,0.014184397163120567,0.0,0.02127659574468085,0.014184397163120567,0.02127659574468085,0.3404255319148936,0.014184397163120567,0.0070921985815602835,0.028368794326241134,0.02127659574468085,0.02127659574468085,0.0070921985815602835,0.0070921985815602835,0.03546099290780142,0.0070921985815602835,0.0,0.014184397163120567,0.03546099290780142,0.10638297872340426,0.0425531914893617,0.0425531914893617,0.028368794326241134,0.0070921985815602835,0.0,0.0,0.0,0.0,0.0,0.0,0.0,0.0,0.0070921985815602835,0.0
109,0.0,0.0,0.0,0.0,0.0,0.009615384615384616,0.0,0.0,0.0,0.0,0.0,0.0,0.0,0.0,0.0,0.0,0.0,0.0,0.009615384615384616,0.0,0.0,0.0,0.0,0.8653846153846154,0.019230769230769232,0.0,0.019230769230769232,0.0,0.0,0.0,0.009615384615384616,0.0,0.009615384615384616,0.04807692307692308,0.009615384615384616,0.0,0.0,0.0,0.0,0.0,0.0,0.0,0.0,0.0,0.0,0.0
110,0.0,0.0,0.0,0.07207207207207207,0.0,0.0,0.0,0.0,0.009009009009009009,0.0,0.0,0.009009009009009009,0.0,0.0,0.018018018018018018,0.018018018018018018,0.009009009009009009,0.018018018018018018,0.02702702702702703,0.05405405405405406,0.05405405405405406,0.09009009009009009,0.09009009009009009,0.02702702702702703,0.12612612612612611,0.06306306306306306,0.06306306306306306,0.009009009009009009,0.018018018018018018,0.0,0.0,0.009009009009009009,0.036036036036036036,0.009009009009009009,0.018018018018018018,0.0,0.0,0.0,0.018018018018018018,0.0,0.0,0.04504504504504504,0.08108108108108109,0.009009009009009009,0.0,0.0
111,0.013157894736842105,0.013157894736842105,0.013157894736842105,0.013157894736842105,0.006578947368421052,0.0,0.0,0.03289473684210526,0.019736842105263157,0.013157894736842105,0.0,0.0,0.006578947368421052,0.006578947368421052,0.019736842105263157,0.013157894736842105,0.013157894736842105,0.019736842105263157,0.0,0.0,0.013157894736842105,0.013157894736842105,0.019736842105263157,0.006578947368421052,0.0,0.006578947368421052,0.6578947368421053,0.013157894736842105,0.0,0.006578947368421052,0.006578947368421052,0.006578947368421052,0.013157894736842105,0.006578947368421052,0.0,0.0,0.0,0.0,0.0,0.0,0.0,0.0,0.02631578947368421,0.0,0.0,0.0
112,0.00423728813559322,0.00423728813559322,0.0,0.025423728813559324,0.0,0.038135593220338986,0.00423728813559322,0.0,0.025423728813559324,0.046610169491525424,0.08050847457627118,0.025423728813559324,0.012711864406779662,0.012711864406779662,0.00847457627118644,0.01694915254237288,0.0211864406779661,0.0211864406779661,0.00423728813559322,0.00423728813559322,0.00847457627118644,0.00423728813559322,0.059322033898305086,0.046610169491525424,0.029661016949152543,0.025423728813559324,0.012711864406779662,0.0,0.029661016949152543,0.0211864406779661,0.038135593220338986,0.00423728813559322,0.012711864406779662,0.025423728813559324,0.08050847457627118,0.01694915254237288,0.00423728813559322,0.0,0.0,0.0,0.012711864406779662,0.025423728813559324,0.029661016949152543,0.0423728813559322,0.038135593220338986,0.07627118644067797
113,0.0,0.034782608695652174,0.030434782608695653,0.0,0.043478260869565216,0.05217391304347826,0.013043478260869565,0.008695652173913044,0.008695652173913044,0.017391304347826087,0.021739130434782608,0.013043478260869565,0.013043478260869565,0.013043478260869565,0.043478260869565216,0.0,0.02608695652173913,0.013043478260869565,0.030434782608695653,0.0391304347826087,0.017391304347826087,0.02608695652173913,0.05217391304347826,0.013043478260869565,0.004347826086956522,0.04782608695652174,0.13478260869565217,0.021739130434782608,0.034782608695652174,0.013043478260869565,0.008695652173913044,0.004347826086956522,0.05217391304347826,0.043478260869565216,0.034782608695652174,0.008695652173913044,0.0,0.0,0.0,0.0,0.0,0.0,0.017391304347826087,0.0,0.0,0.043478260869565216
114,0.005405405405405406,0.17297297297297298,0.16756756756756758,0.005405405405405406,0.03783783783783784,0.005405405405405406,0.0,0.03783783783783784,0.03783783783783784,0.005405405405405406,0.005405405405405406,0.021621621621621623,0.005405405405405406,0.032432432432432434,0.005405405405405406,0.016216216216216217,0.005405405405405406,0.005405405405405406,0.005405405405405406,0.043243243243243246,0.016216216216216217,0.0,0.016216216216216217,0.005405405405405406,0.010810810810810811,0.021621621621621623,0.10270270270270271,0.0,0.021621621621621623,0.0,0.0,0.005405405405405406,0.05405405405405406,0.005405405405405406,0.010810810810810811,0.07567567567567568,0.0,0.010810810810810811,0.0,0.0,0.0,0.0,0.010810810810810811,0.0,0.010810810810810811,0.0
115,0.045454545454545456,0.01948051948051948,0.006493506493506494,0.032467532467532464,0.01948051948051948,0.012987012987012988,0.07792207792207792,0.006493506493506494,0.07792207792207792,0.006493506493506494,0.05194805194805195,0.05194805194805195,0.01948051948051948,0.0,0.006493506493506494,0.012987012987012988,0.012987012987012988,0.0,0.012987012987012988,0.06493506493506493,0.06493506493506493,0.0,0.006493506493506494,0.032467532467532464,0.032467532467532464,0.03896103896103896,0.006493506493506494,0.012987012987012988,0.0,0.012987012987012988,0.006493506493506494,0.025974025974025976,0.032467532467532464,0.08441558441558442,0.012987012987012988,0.0,0.0,0.0,0.0,0.0,0.0,0.012987012987012988,0.045454545454545456,0.006493506493506494,0.006493506493506494,0.01948051948051948
116,0.0,0.0,0.008849557522123894,0.02654867256637168,0.0,0.0,0.0,0.0,0.008849557522123894,0.04424778761061947,0.008849557522123894,0.008849557522123894,0.02654867256637168,0.0,0.008849557522123894,0.0,0.04424778761061947,0.008849557522123894,0.0,0.035398230088495575,0.017699115044247787,0.04424778761061947,0.017699115044247787,0.008849557522123894,0.0,0.02654867256637168,0.1415929203539823,0.0,0.017699115044247787,0.0,0.0,0.04424778761061947,0.035398230088495575,0.008849557522123894,0.035398230088495575,0.0,0.0,0.0,0.0,0.0,0.0,0.30973451327433627,0.04424778761061947,0.0,0.008849557522123894,0.008849557522123894
117,0.004739336492890996,0.004739336492890996,0.018957345971563982,0.04739336492890995,0.03317535545023697,0.018957345971563982,0.004739336492890996,0.037914691943127965,0.018957345971563982,0.018957345971563982,0.04265402843601896,0.018957345971563982,0.0,0.014218009478672985,0.0,0.02843601895734597,0.052132701421800945,0.04265402843601896,0.004739336492890996,0.014218009478672985,0.037914691943127965,0.03317535545023697,0.04265402843601896,0.03317535545023697,0.018957345971563982,0.018957345971563982,0.03317535545023697,0.037914691943127965,0.037914691943127965,0.023696682464454975,0.018957345971563982,0.03317535545023697,0.037914691943127965,0.023696682464454975,0.061611374407582936,0.02843601895734597,0.0,0.009478672985781991,0.0,0.0,0.0,0.004739336492890996,0.0,0.009478672985781991,0.014218009478672985,0.014218009478672985
118,0.007936507936507936,0.007936507936507936,0.0873015873015873,0.031746031746031744,0.0,0.023809523809523808,0.0,0.05555555555555555,0.023809523809523808,0.007936507936507936,0.0,0.0,0.0,0.015873015873015872,0.007936507936507936,0.05555555555555555,0.015873015873015872,0.023809523809523808,0.015873015873015872,0.1349206349206349,0.007936507936507936,0.0,0.007936507936507936,0.007936507936507936,0.007936507936507936,0.007936507936507936,0.03968253968253968,0.015873015873015872,0.03968253968253968,0.015873015873015872,0.15873015873015872,0.023809523809523808,0.007936507936507936,0.007936507936507936,0.007936507936507936,0.0,0.0,0.0,0.0,0.0,0.0,0.06349206349206349,0.015873015873015872,0.007936507936507936,0.023809523809523808,0.015873015873015872
119,0.0,0.0,0.012987012987012988,0.0,0.03896103896103896,0.032467532467532464,0.01948051948051948,0.006493506493506494,0.0,0.0,0.012987012987012988,0.006493506493506494,0.0,0.0,0.025974025974025976,0.006493506493506494,0.0,0.05194805194805195,0.07792207792207792,0.0,0.09090909090909091,0.07142857142857142,0.045454545454545456,0.14935064935064934,0.0,0.01948051948051948,0.01948051948051948,0.032467532467532464,0.045454545454545456,0.032467532467532464,0.025974025974025976,0.006493506493506494,0.01948051948051948,0.012987012987012988,0.0,0.01948051948051948,0.0,0.0,0.0,0.0,0.0,0.05194805194805195,0.012987012987012988,0.03896103896103896,0.012987012987012988,0.0
120,0.0,0.012422360248447204,0.0,0.0,0.012422360248447204,0.0,0.006211180124223602,0.0,0.006211180124223602,0.0,0.006211180124223602,0.006211180124223602,0.0,0.0,0.006211180124223602,0.006211180124223602,0.5838509316770186,0.2732919254658385,0.006211180124223602,0.0,0.0,0.0,0.006211180124223602,0.0,0.024844720496894408,0.006211180124223602,0.006211180124223602,0.0,0.006211180124223602,0.006211180124223602,0.006211180124223602,0.012422360248447204,0.0,0.0,0.0,0.0,0.0,0.0,0.0,0.0,0.0,0.0,0.0,0.0,0.0,0.0
121,0.0,0.009523809523809525,0.047619047619047616,0.05714285714285714,0.0,0.0380952380952381,0.0,0.01904761904761905,0.02857142857142857,0.0,0.047619047619047616,0.02857142857142857,0.0,0.02857142857142857,0.009523809523809525,0.009523809523809525,0.01904761904761905,0.0,0.009523809523809525,0.009523809523809525,0.01904761904761905,0.01904761904761905,0.01904761904761905,0.08571428571428572,0.0,0.0,0.0380952380952381,0.0,0.0,0.0,0.02857142857142857,0.02857142857142857,0.0380952380952381,0.01904761904761905,0.09523809523809523,0.009523809523809525,0.0,0.0,0.0,0.0,0.0,0.0761904761904762,0.06666666666666667,0.01904761904761905,0.0,0.0761904761904762
122,0.0,0.0,0.01904761904761905,0.0,0.0,0.0,0.0761904761904762,0.0,0.02857142857142857,0.02857142857142857,0.0,0.01904761904761905,0.0,0.0,0.009523809523809525,0.6190476190476191,0.047619047619047616,0.0,0.01904761904761905,0.009523809523809525,0.009523809523809525,0.0,0.009523809523809525,0.02857142857142857,0.0,0.0,0.0,0.0,0.01904761904761905,0.0,0.009523809523809525,0.0,0.0,0.0,0.0,0.0,0.0,0.0,0.0,0.0,0.0,0.0,0.02857142857142857,0.009523809523809525,0.0,0.009523809523809525
123,0.05755395683453238,0.014388489208633094,0.03597122302158273,0.06474820143884892,0.0,0.0,0.02158273381294964,0.03597122302158273,0.0,0.007194244604316547,0.007194244604316547,0.0,0.007194244604316547,0.007194244604316547,0.02158273381294964,0.08633093525179857,0.0,0.05755395683453238,0.02158273381294964,0.014388489208633094,0.014388489208633094,0.02158273381294964,0.014388489208633094,0.014388489208633094,0.04316546762589928,0.0,0.007194244604316547,0.17985611510791366,0.07194244604316546,0.014388489208633094,0.0,0.007194244604316547,0.0,0.07194244604316546,0.014388489208633094,0.0,0.0,0.0,0.0,0.0,0.0,0.06474820143884892,0.0,0.0,0.0,0.0
124,0.0,0.0,0.014705882352941176,0.051470588235294115,0.022058823529411766,0.007352941176470588,0.0,0.007352941176470588,0.029411764705882353,0.04411764705882353,0.007352941176470588,0.007352941176470588,0.0,0.014705882352941176,0.03676470588235294,0.007352941176470588,0.014705882352941176,0.38235294117647056,0.0,0.014705882352941176,0.058823529411764705,0.03676470588235294,0.014705882352941176,0.029411764705882353,0.0,0.007352941176470588,0.007352941176470588,0.029411764705882353,0.0,0.014705882352941176,0.0,0.04411764705882353,0.022058823529411766,0.04411764705882353,0.007352941176470588,0.0,0.0,0.0,0.0,0.0,0.0,0.0,0.0,0.0,0.014705882352941176,0.007352941176470588
125,0.0,0.043010752688172046,0.0,0.010752688172043012,0.0,0.4731182795698925,0.0,0.0,0.0,0.010752688172043012,0.0,0.0,0.010752688172043012,0.0,0.010752688172043012,0.0,0.0,0.010752688172043012,0.0,0.010752688172043012,0.0,0.0,0.0,0.0,0.0,0.0,0.021505376344086023,0.3870967741935484,0.0,0.0,0.0,0.0,0.0,0.0,0.010752688172043012,0.0,0.0,0.0,0.0,0.0,0.0,0.0,0.0,0.0,0.0,0.0
126,0.0,0.009259259259259259,0.12037037037037036,0.08333333333333333,0.0,0.05555555555555555,0.018518518518518517,0.018518518518518517,0.08333333333333333,0.018518518518518517,0.3055555555555556,0.12037037037037036,0.018518518518518517,0.08333333333333333,0.009259259259259259,0.018518518518518517,0.0,0.009259259259259259,0.0,0.0,0.0,0.0,0.018518518518518517,0.0,0.0,0.0,0.0,0.0,0.0,0.0,0.009259259259259259,0.0,0.0,0.0,0.0,0.0,0.0,0.0,0.0,0.0,0.0,0.0,0.0,0.0,0.0,0.0
127,0.0,0.007936507936507936,0.031746031746031744,0.015873015873015872,0.031746031746031744,0.0,0.0,0.0,0.023809523809523808,0.05555555555555555,0.09523809523809523,0.0,0.023809523809523808,0.0,0.015873015873015872,0.0,0.015873015873015872,0.0,0.0,0.12698412698412698,0.07142857142857142,0.031746031746031744,0.03968253968253968,0.0,0.03968253968253968,0.07142857142857142,0.031746031746031744,0.0,0.05555555555555555,0.007936507936507936,0.03968253968253968,0.023809523809523808,0.007936507936507936,0.11904761904761904,0.0,0.0,0.0,0.0,0.0,0.0,0.0,0.0,0.007936507936507936,0.007936507936507936,0.0,0.0
128,0.006711409395973154,0.020134228187919462,0.013422818791946308,0.006711409395973154,0.006711409395973154,0.0,0.006711409395973154,0.013422818791946308,0.0,0.0,0.013422818791946308,0.006711409395973154,0.0,0.0,0.0,0.026845637583892617,0.013422818791946308,0.020134228187919462,0.026845637583892617,0.020134228187919462,0.020134228187919462,0.006711409395973154,0.03355704697986577,0.0,0.006711409395973154,0.013422818791946308,0.0,0.013422818791946308,0.020134228187919462,0.026845637583892617,0.006711409395973154,0.013422818791946308,0.0,0.5570469798657718,0.03355704697986577,0.0,0.0,0.0,0.0,0.0,0.0,0.013422818791946308,0.006711409395973154,0.006711409395973154,0.020134228187919462,0.0
129,0.04132231404958678,0.024793388429752067,0.21487603305785125,0.008264462809917356,0.01652892561983471,0.08264462809917356,0.008264462809917356,0.01652892561983471,0.0,0.0,0.01652892561983471,0.0,0.008264462809917356,0.03305785123966942,0.049586776859504134,0.008264462809917356,0.01652892561983471,0.0,0.0,0.0,0.0,0.0,0.024793388429752067,0.04132231404958678,0.008264462809917356,0.1322314049586777,0.01652892561983471,0.0,0.03305785123966942,0.09917355371900827,0.0,0.05785123966942149,0.01652892561983471,0.0,0.008264462809917356,0.008264462809917356,0.0,0.0,0.0,0.0,0.0,0.008264462809917356,0.0,0.0,0.0,0.0
130,0.05154639175257732,0.010309278350515464,0.010309278350515464,0.010309278350515464,0.0,0.030927835051546393,0.0,0.0,0.0,0.020618556701030927,0.010309278350515464,0.12371134020618557,0.0,0.030927835051546393,0.0,0.0,0.010309278350515464,0.030927835051546393,0.030927835051546393,0.010309278350515464,0.010309278350515464,0.030927835051546393,0.030927835051546393,0.08247422680412371,0.030927835051546393,0.030927835051546393,0.0,0.010309278350515464,0.0,0.020618556701030927,0.0,0.010309278350515464,0.030927835051546393,0.0,0.041237113402061855,0.0,0.0,0.041237113402061855,0.0,0.0,0.0,0.020618556701030927,0.13402061855670103,0.09278350515463918,0.0,0.0
131,0.0,0.022222222222222223,0.014814814814814815,0.022222222222222223,0.0,0.014814814814814815,0.022222222222222223,0.007407407407407408,0.007407407407407408,0.014814814814814815,0.014814814814814815,0.007407407407407408,0.0,0.0,0.02962962962962963,0.02962962962962963,0.02962962962962963,0.0,0.0,0.0,0.007407407407407408,0.014814814814814815,0.0,0.037037037037037035,0.007407407407407408,0.0,0.007407407407407408,0.05925925925925926,0.05185185185185185,0.02962962962962963,0.007407407407407408,0.014814814814814815,0.0,0.014814814814814815,0.0,0.0,0.0,0.0,0.0,0.0,0.0,0.5037037037037037,0.0,0.0,0.007407407407407408,0.0
132,0.004784688995215311,0.023923444976076555,0.023923444976076555,0.014354066985645933,0.028708133971291867,0.03827751196172249,0.0430622009569378,0.019138755980861243,0.004784688995215311,0.014354066985645933,0.014354066985645933,0.019138755980861243,0.004784688995215311,0.009569377990430622,0.019138755980861243,0.009569377990430622,0.028708133971291867,0.05741626794258373,0.014354066985645933,0.009569377990430622,0.0,0.05263157894736842,0.09569377990430622,0.028708133971291867,0.03827751196172249,0.03349282296650718,0.019138755980861243,0.004784688995215311,0.019138755980861243,0.009569377990430622,0.028708133971291867,0.009569377990430622,0.004784688995215311,0.1722488038277512,0.004784688995215311,0.004784688995215311,0.0,0.0,0.0,0.0,0.0,0.0,0.004784688995215311,0.0,0.019138755980861243,0.04784688995215311
133,0.0,0.0,0.010309278350515464,0.0,0.0,0.08247422680412371,0.010309278350515464,0.0,0.010309278350515464,0.0,0.0,0.010309278350515464,0.0,0.0,0.0,0.0,0.0,0.010309278350515464,0.0,0.0,0.0,0.0,0.0,0.0,0.0,0.041237113402061855,0.0,0.0,0.020618556701030927,0.010309278350515464,0.020618556701030927,0.0,0.020618556701030927,0.7422680412371134,0.0,0.0,0.0,0.0,0.0,0.0,0.0,0.0,0.0,0.0,0.010309278350515464,0.0
134,0.011235955056179775,0.0,0.2696629213483146,0.02247191011235955,0.0,0.033707865168539325,0.0,0.0449438202247191,0.06741573033707865,0.0,0.011235955056179775,0.0,0.02247191011235955,0.0,0.14606741573033707,0.07865168539325842,0.011235955056179775,0.02247191011235955,0.0,0.07865168539325842,0.0,0.0,0.0,0.0,0.0,0.0,0.033707865168539325,0.033707865168539325,0.0,0.0,0.0,0.0,0.0,0.011235955056179775,0.0,0.0,0.0,0.0,0.0,0.0,0.0,0.0,0.0,0.056179775280898875,0.0449438202247191,0.0
135,0.0,0.0,0.0,0.01098901098901099,0.02197802197802198,0.0,0.0,0.01098901098901099,0.0,0.0,0.02197802197802198,0.0,0.0,0.0,0.0,0.01098901098901099,0.0,0.0,0.0,0.0,0.0,0.01098901098901099,0.01098901098901099,0.0,0.02197802197802198,0.0,0.0,0.0,0.0,0.0,0.0,0.0,0.0,0.08791208791208792,0.01098901098901099,0.0,0.0,0.0,0.0,0.0,0.0,0.0,0.7802197802197802,0.0,0.0,0.0
136,0.0072992700729927005,0.014598540145985401,0.072992700729927,0.021897810218978103,0.014598540145985401,0.029197080291970802,0.0,0.029197080291970802,0.0,0.029197080291970802,0.014598540145985401,0.014598540145985401,0.0,0.014598540145985401,0.058394160583941604,0.043795620437956206,0.014598540145985401,0.029197080291970802,0.014598540145985401,0.014598540145985401,0.0072992700729927005,0.029197080291970802,0.021897810218978103,0.029197080291970802,0.0072992700729927005,0.0072992700729927005,0.0,0.0,0.043795620437956206,0.021897810218978103,0.0,0.021897810218978103,0.029197080291970802,0.0,0.06569343065693431,0.014598540145985401,0.0,0.0,0.0,0.0,0.0072992700729927005,0.029197080291970802,0.08759124087591241,0.10948905109489052,0.029197080291970802,0.0
137,0.0,0.010752688172043012,0.0,0.0,0.03225806451612903,0.03225806451612903,0.010752688172043012,0.0,0.010752688172043012,0.03225806451612903,0.11827956989247312,0.16129032258064516,0.0,0.0,0.0,0.010752688172043012,0.06451612903225806,0.010752688172043012,0.053763440860215055,0.0,0.1827956989247312,0.0,0.03225806451612903,0.010752688172043012,0.0,0.0,0.010752688172043012,0.021505376344086023,0.010752688172043012,0.0,0.11827956989247312,0.010752688172043012,0.0,0.03225806451612903,0.0,0.0,0.0,0.0,0.0,0.0,0.0,0.0,0.0,0.0,0.021505376344086023,0.0
138,0.02608695652173913,0.008695652173913044,0.008695652173913044,0.0,0.017391304347826087,0.0,0.017391304347826087,0.02608695652173913,0.0,0.02608695652173913,0.0,0.02608695652173913,0.02608695652173913,0.0,0.008695652173913044,0.0,0.0,0.008695652173913044,0.034782608695652174,0.0,0.0,0.0,0.017391304347826087,0.2,0.02608695652173913,0.14782608695652175,0.09565217391304348,0.008695652173913044,0.008695652173913044,0.017391304347826087,0.09565217391304348,0.0,0.0,0.008695652173913044,0.0,0.0,0.0,0.008695652173913044,0.0,0.0,0.017391304347826087,0.043478260869565216,0.05217391304347826,0.008695652173913044,0.008695652173913044,0.0
139,0.0,0.0,0.008695652173913044,0.16521739130434782,0.008695652173913044,0.0,0.008695652173913044,0.008695652173913044,0.0,0.0,0.017391304347826087,0.008695652173913044,0.0,0.0,0.0,0.017391304347826087,0.017391304347826087,0.017391304347826087,0.017391304347826087,0.0,0.0,0.008695652173913044,0.008695652173913044,0.0,0.0,0.0,0.034782608695652174,0.20869565217391303,0.06086956521739131,0.05217391304347826,0.0,0.02608695652173913,0.017391304347826087,0.017391304347826087,0.008695652173913044,0.0,0.0,0.0,0.0,0.0,0.008695652173913044,0.0,0.14782608695652175,0.08695652173913043,0.008695652173913044,0.008695652173913044
140,0.0,0.0,0.0,0.17204301075268819,0.0,0.07526881720430108,0.0,0.0,0.0,0.0,0.021505376344086023,0.0,0.010752688172043012,0.0,0.010752688172043012,0.0,0.0,0.03225806451612903,0.0,0.0,0.010752688172043012,0.0,0.021505376344086023,0.0,0.0,0.0,0.010752688172043012,0.0,0.11827956989247312,0.0,0.2903225806451613,0.12903225806451613,0.010752688172043012,0.0,0.010752688172043012,0.021505376344086023,0.0,0.0,0.0,0.0,0.0,0.0,0.021505376344086023,0.0,0.03225806451612903,0.0
141,0.0,0.0,0.0,0.0,0.0,0.0,0.0,0.019417475728155338,0.02912621359223301,0.0,0.019417475728155338,0.019417475728155338,0.0,0.0,0.0,0.0,0.019417475728155338,0.009708737864077669,0.009708737864077669,0.0,0.0,0.0,0.009708737864077669,0.019417475728155338,0.0,0.019417475728155338,0.0,0.009708737864077669,0.0,0.0,0.0,0.009708737864077669,0.009708737864077669,0.019417475728155338,0.7669902912621359,0.009708737864077669,0.0,0.0,0.0,0.0,0.0,0.0,0.0,0.0,0.0,0.0
142,0.007194244604316547,0.007194244604316547,0.014388489208633094,0.02158273381294964,0.014388489208633094,0.0,0.0,0.0,0.007194244604316547,0.007194244604316547,0.0,0.007194244604316547,0.02158273381294964,0.02158273381294964,0.007194244604316547,0.007194244604316547,0.0,0.007194244604316547,0.02158273381294964,0.014388489208633094,0.007194244604316547,0.02158273381294964,0.02158273381294964,0.007194244604316547,0.02158273381294964,0.0,0.0,0.0,0.007194244604316547,0.0,0.0,0.02158273381294964,0.0,0.0,0.0,0.007194244604316547,0.0,0.0,0.0,0.0,0.0,0.007194244604316547,0.6402877697841727,0.04316546762589928,0.007194244604316547,0.0
143,0.0,0.012345679012345678,0.012345679012345678,0.012345679012345678,0.012345679012345678,0.0,0.0,0.012345679012345678,0.0,0.012345679012345678,0.0,0.0,0.0,0.0,0.024691358024691357,0.0,0.012345679012345678,0.012345679012345678,0.0,0.0,0.024691358024691357,0.0,0.012345679012345678,0.7901234567901234,0.024691358024691357,0.012345679012345678,0.0,0.0,0.0,0.0,0.0,0.0,0.0,0.0,0.0,0.0,0.0,0.0,0.0,0.0,0.0,0.0,0.012345679012345678,0.0,0.0,0.0
144,0.0,0.0,0.03278688524590164,0.02459016393442623,0.0,0.0,0.00819672131147541,0.00819672131147541,0.06557377049180328,0.00819672131147541,0.00819672131147541,0.040983606557377046,0.0,0.0,0.0,0.0,0.00819672131147541,0.0,0.00819672131147541,0.0,0.00819672131147541,0.11475409836065574,0.04918032786885246,0.01639344262295082,0.02459016393442623,0.0,0.0,0.0,0.03278688524590164,0.0,0.00819672131147541,0.040983606557377046,0.12295081967213115,0.09836065573770492,0.040983606557377046,0.06557377049180328,0.0,0.0,0.0,0.0,0.00819672131147541,0.0,0.13934426229508196,0.0,0.01639344262295082,0.0
145,0.012658227848101266,0.0,0.0,0.0,0.0,0.0,0.0,0.0,0.0,0.012658227848101266,0.0,0.05063291139240506,0.0,0.0,0.012658227848101266,0.0,0.0,0.0,0.0,0.012658227848101266,0.012658227848101266,0.0,0.26582278481012656,0.20253164556962025,0.06329113924050633,0.02531645569620253,0.17721518987341772,0.0,0.0,0.0,0.0,0.0379746835443038,0.0,0.0,0.012658227848101266,0.0,0.012658227848101266,0.0,0.0,0.0,0.0,0.0,0.012658227848101266,0.0759493670886076,0.0,0.0
146,0.044444444444444446,0.06666666666666667,0.06666666666666667,0.014814814814814815,0.02962962962962963,0.0,0.0,0.007407407407407408,0.037037037037037035,0.0,0.014814814814814815,0.02962962962962963,0.014814814814814815,0.007407407407407408,0.007407407407407408,0.0,0.0,0.0,0.0,0.0,0.0,0.0,0.014814814814814815,0.0962962962962963,0.014814814814814815,0.06666666666666667,0.07407407407407407,0.05925925925925926,0.02962962962962963,0.0,0.0,0.022222222222222223,0.014814814814814815,0.02962962962962963,0.1259259259259259,0.007407407407407408,0.0,0.0,0.0,0.0,0.0,0.014814814814814815,0.0,0.044444444444444446,0.037037037037037035,0.007407407407407408
147,0.010309278350515464,0.0,0.010309278350515464,0.010309278350515464,0.010309278350515464,0.0,0.08247422680412371,0.0,0.0,0.0,0.0,0.0,0.0,0.0,0.0,0.1958762886597938,0.010309278350515464,0.0,0.0,0.0,0.0,0.0,0.09278350515463918,0.0,0.0,0.0,0.061855670103092786,0.010309278350515464,0.030927835051546393,0.0,0.0,0.0,0.010309278350515464,0.030927835051546393,0.0,0.422680412371134,0.0,0.0,0.0,0.0,0.0,0.0,0.0,0.010309278350515464,0.0,0.0
148,0.0,0.02112676056338028,0.007042253521126761,0.0,0.035211267605633804,0.08450704225352113,0.014084507042253521,0.014084507042253521,0.028169014084507043,0.02112676056338028,0.02112676056338028,0.0,0.007042253521126761,0.176056338028169,0.014084507042253521,0.0,0.014084507042253521,0.1267605633802817,0.04929577464788732,0.035211267605633804,0.007042253521126761,0.007042253521126761,0.035211267605633804,0.02112676056338028,0.007042253521126761,0.014084507042253521,0.007042253521126761,0.007042253521126761,0.04225352112676056,0.028169014084507043,0.007042253521126761,0.02112676056338028,0.0,0.007042253521126761,0.035211267605633804,0.02112676056338028,0.0,0.0,0.0,0.0,0.0,0.02112676056338028,0.0,0.007042253521126761,0.035211267605633804,0.0
149,0.0,0.02040816326530612,0.01020408163265306,0.0,0.01020408163265306,0.01020408163265306,0.0,0.10204081632653061,0.0,0.030612244897959183,0.030612244897959183,0.030612244897959183,0.030612244897959183,0.030612244897959183,0.23469387755102042,0.0,0.01020408163265306,0.0,0.01020408163265306,0.04081632653061224,0.0,0.01020408163265306,0.061224489795918366,0.01020408163265306,0.02040816326530612,0.01020408163265306,0.0,0.0,0.02040816326530612,0.04081632653061224,0.08163265306122448,0.0,0.030612244897959183,0.0,0.01020408163265306,0.02040816326530612,0.030612244897959183,0.0,0.01020408163265306,0.0,0.0,0.0,0.030612244897959183,0.01020408163265306,0.0,0.0
150,0.0,0.023809523809523808,0.0,0.011904761904761904,0.011904761904761904,0.0,0.0,0.0,0.0,0.0,0.0,0.0,0.011904761904761904,0.0,0.0,0.07142857142857142,0.011904761904761904,0.19047619047619047,0.0,0.011904761904761904,0.0,0.023809523809523808,0.011904761904761904,0.047619047619047616,0.0,0.023809523809523808,0.0,0.0,0.011904761904761904,0.03571428571428571,0.0,0.011904761904761904,0.11904761904761904,0.0,0.13095238095238096,0.0,0.0,0.0,0.0,0.0,0.0,0.0,0.17857142857142858,0.0,0.047619047619047616,0.011904761904761904
151,0.027777777777777776,0.09722222222222222,0.041666666666666664,0.05555555555555555,0.1111111111111111,0.041666666666666664,0.08333333333333333,0.05555555555555555,0.05555555555555555,0.013888888888888888,0.09722222222222222,0.041666666666666664,0.1111111111111111,0.06944444444444445,0.05555555555555555,0.041666666666666664,0.0,0.0,0.0,0.0,0.0,0.0,0.0,0.0,0.0,0.0,0.0,0.0,0.0,0.0,0.0,0.0,0.0,0.0,0.0,0.0,0.0,0.0,0.0,0.0,0.0,0.0,0.0,0.0,0.0,0.0
152,0.0,0.047619047619047616,0.0,0.0,0.0,0.0,0.6190476190476191,0.047619047619047616,0.0,0.0,0.0,0.0,0.0,0.011904761904761904,0.0,0.0,0.011904761904761904,0.011904761904761904,0.15476190476190477,0.0,0.011904761904761904,0.0,0.011904761904761904,0.0,0.011904761904761904,0.0,0.011904761904761904,0.0,0.0,0.011904761904761904,0.0,0.0,0.023809523809523808,0.0,0.0,0.0,0.0,0.0,0.0,0.0,0.0,0.0,0.0,0.011904761904761904,0.0,0.0
153,0.0,0.011111111111111112,0.0,0.0,0.011111111111111112,0.03333333333333333,0.0,0.011111111111111112,0.2,0.044444444444444446,0.0,0.0,0.0,0.011111111111111112,0.0,0.05555555555555555,0.011111111111111112,0.011111111111111112,0.011111111111111112,0.0,0.022222222222222223,0.12222222222222222,0.011111111111111112,0.0,0.0,0.0,0.0,0.0,0.0,0.03333333333333333,0.0,0.0,0.03333333333333333,0.022222222222222223,0.0,0.0,0.0,0.0,0.0,0.0,0.0,0.0,0.0,0.2777777777777778,0.06666666666666667,0.0
154,0.0,0.0,0.06172839506172839,0.06172839506172839,0.012345679012345678,0.012345679012345678,0.0,0.0,0.08641975308641975,0.16049382716049382,0.012345679012345678,0.0,0.0,0.0,0.0,0.024691358024691357,0.0,0.09876543209876543,0.0,0.012345679012345678,0.0,0.19753086419753085,0.012345679012345678,0.0,0.0,0.0,0.024691358024691357,0.0,0.0,0.0,0.0,0.14814814814814814,0.024691358024691357,0.0,0.024691358024691357,0.012345679012345678,0.0,0.0,0.0,0.0,0.0,0.0,0.0,0.0,0.012345679012345678,0.0
155,0.0,0.0,0.07142857142857142,0.1326530612244898,0.01020408163265306,0.32653061224489793,0.030612244897959183,0.01020408163265306,0.14285714285714285,0.02040816326530612,0.030612244897959183,0.0,0.0,0.02040816326530612,0.01020408163265306,0.0,0.0,0.0,0.0,0.0,0.0,0.04081632653061224,0.07142857142857142,0.01020408163265306,0.0,0.01020408163265306,0.01020408163265306,0.01020408163265306,0.01020408163265306,0.0,0.0,0.0,0.0,0.01020408163265306,0.0,0.0,0.0,0.0,0.0,0.0,0.0,0.01020408163265306,0.0,0.01020408163265306,0.0,0.0
156,0.0,0.0,0.0,0.028846153846153848,0.0,0.16346153846153846,0.028846153846153848,0.019230769230769232,0.019230769230769232,0.0,0.08653846153846154,0.04807692307692308,0.009615384615384616,0.0,0.019230769230769232,0.0,0.0,0.009615384615384616,0.04807692307692308,0.028846153846153848,0.0,0.0,0.3076923076923077,0.125,0.0,0.0,0.019230769230769232,0.0,0.0,0.0,0.009615384615384616,0.0,0.0,0.0,0.009615384615384616,0.0,0.0,0.0,0.0,0.0,0.0,0.0,0.019230769230769232,0.0,0.0,0.0
157,0.0,0.0,0.0,0.007692307692307693,0.0,0.0,0.0,0.023076923076923078,0.007692307692307693,0.007692307692307693,0.03076923076923077,0.0,0.0,0.0,0.007692307692307693,0.0,0.023076923076923078,0.007692307692307693,0.0,0.5076923076923077,0.023076923076923078,0.015384615384615385,0.038461538461538464,0.023076923076923078,0.0,0.007692307692307693,0.0,0.0,0.023076923076923078,0.0,0.015384615384615385,0.038461538461538464,0.03076923076923077,0.007692307692307693,0.1076923076923077,0.038461538461538464,0.0,0.0,0.0,0.0,0.0,0.0,0.007692307692307693,0.0,0.0,0.0
158,0.0,0.029411764705882353,0.058823529411764705,0.00980392156862745,0.049019607843137254,0.049019607843137254,0.06862745098039216,0.14705882352941177,0.0,0.08823529411764706,0.0392156862745098,0.049019607843137254,0.0196078431372549,0.1568627450980392,0.16666666666666666,0.00980392156862745,0.0,0.0,0.0,0.0,0.0,0.00980392156862745,0.0,0.029411764705882353,0.0,0.0196078431372549,0.0,0.0,0.0,0.0,0.0,0.0,0.0,0.0,0.0,0.0,0.0,0.0,0.0,0.0,0.0,0.0,0.0,0.0,0.0,0.0
159,0.0,0.0,0.04395604395604396,0.5714285714285714,0.0989010989010989,0.04395604395604396,0.0,0.03296703296703297,0.02197802197802198,0.0,0.01098901098901099,0.0,0.0,0.01098901098901099,0.0,0.0,0.0,0.06593406593406594,0.0,0.0,0.01098901098901099,0.01098901098901099,0.0,0.01098901098901099,0.0,0.02197802197802198,0.0,0.04395604395604396,0.0,0.0,0.0,0.0,0.0,0.0,0.0,0.0,0.0,0.0,0.0,0.0,0.0,0.0,0.0,0.0,0.0,0.0
160,0.0,0.0,0.02040816326530612,0.6632653061224489,0.04081632653061224,0.0,0.0,0.02040816326530612,0.0,0.02040816326530612,0.030612244897959183,0.0,0.02040816326530612,0.01020408163265306,0.05102040816326531,0.01020408163265306,0.02040816326530612,0.0,0.02040816326530612,0.0,0.01020408163265306,0.01020408163265306,0.0,0.0,0.0,0.0,0.02040816326530612,0.0,0.0,0.01020408163265306,0.0,0.01020408163265306,0.0,0.01020408163265306,0.0,0.0,0.0,0.0,0.0,0.0,0.0,0.0,0.0,0.0,0.0,0.0
161,0.0,0.0,0.0,0.0,0.0,0.0,0.0,0.014084507042253521,0.16901408450704225,0.704225352112676,0.0,0.0,0.0,0.0,0.0,0.0,0.0,0.028169014084507043,0.0,0.014084507042253521,0.0,0.0,0.014084507042253521,0.0,0.0,0.0,0.014084507042253521,0.0,0.0,0.0,0.0,0.0,0.0,0.014084507042253521,0.014084507042253521,0.0,0.0,0.0,0.0,0.0,0.0,0.0,0.0,0.014084507042253521,0.0,0.0
162,0.014492753623188406,0.021739130434782608,0.021739130434782608,0.036231884057971016,0.0,0.0,0.007246376811594203,0.021739130434782608,0.007246376811594203,0.007246376811594203,0.028985507246376812,0.007246376811594203,0.014492753623188406,0.0,0.021739130434782608,0.021739130434782608,0.014492753623188406,0.007246376811594203,0.0,0.021739130434782608,0.007246376811594203,0.043478260869565216,0.11594202898550725,0.014492753623188406,0.021739130434782608,0.007246376811594203,0.014492753623188406,0.043478260869565216,0.021739130434782608,0.057971014492753624,0.007246376811594203,0.21014492753623187,0.014492753623188406,0.021739130434782608,0.08695652173913043,0.014492753623188406,0.0,0.0,0.0,0.0,0.0,0.014492753623188406,0.0,0.007246376811594203,0.0,0.0
163,0.0,0.0,0.0,0.0,0.0,0.0,0.0,0.0,0.0,0.0,0.0,0.0,0.0,0.0,0.0,0.041666666666666664,0.027777777777777776,0.0,0.0,0.0,0.0,0.0,0.0,0.9305555555555556,0.0,0.0,0.0,0.0,0.0,0.0,0.0,0.0,0.0,0.0,0.0,0.0,0.0,0.0,0.0,0.0,0.0,0.0,0.0,0.0,0.0,0.0
164,0.04040404040404041,0.04040404040404041,0.020202020202020204,0.0,0.0,0.0,0.0,0.030303030303030304,0.030303030303030304,0.0707070707070707,0.020202020202020204,0.0,0.08080808080808081,0.020202020202020204,0.030303030303030304,0.020202020202020204,0.010101010101010102,0.0,0.0,0.010101010101010102,0.0,0.0707070707070707,0.030303030303030304,0.0,0.0,0.050505050505050504,0.010101010101010102,0.0,0.1919191919191919,0.020202020202020204,0.0,0.020202020202020204,0.010101010101010102,0.020202020202020204,0.030303030303030304,0.020202020202020204,0.0,0.0,0.0,0.0,0.0,0.010101010101010102,0.08080808080808081,0.0,0.010101010101010102,0.0
165,0.0,0.1527777777777778,0.1388888888888889,0.013888888888888888,0.0,0.08333333333333333,0.027777777777777776,0.05555555555555555,0.1388888888888889,0.0,0.013888888888888888,0.041666666666666664,0.09722222222222222,0.08333333333333333,0.08333333333333333,0.06944444444444445,0.0,0.0,0.0,0.0,0.0,0.0,0.0,0.0,0.0,0.0,0.0,0.0,0.0,0.0,0.0,0.0,0.0,0.0,0.0,0.0,0.0,0.0,0.0,0.0,0.0,0.0,0.0,0.0,0.0,0.0
166,0.0,0.0,0.0,0.0,0.012987012987012988,0.0,0.0,0.0,0.0,0.025974025974025976,0.012987012987012988,0.0,0.0,0.0,0.0,0.0,0.0,0.0,0.012987012987012988,0.012987012987012988,0.012987012987012988,0.0,0.0,0.0,0.0,0.0,0.025974025974025976,0.0,0.0,0.0,0.0,0.012987012987012988,0.012987012987012988,0.012987012987012988,0.8311688311688312,0.012987012987012988,0.0,0.0,0.0,0.0,0.0,0.0,0.0,0.0,0.0,0.0
167,0.0,0.0,0.29577464788732394,0.28169014084507044,0.0,0.014084507042253521,0.0,0.0,0.0,0.014084507042253521,0.0,0.014084507042253521,0.0,0.0,0.0,0.014084507042253521,0.0,0.19718309859154928,0.0,0.0,0.07042253521126761,0.0,0.0,0.0,0.014084507042253521,0.0,0.0,0.0,0.014084507042253521,0.014084507042253521,0.014084507042253521,0.0,0.0,0.028169014084507043,0.014084507042253521,0.0,0.0,0.0,0.0,0.0,0.0,0.0,0.0,0.0,0.0,0.0
168,0.0,0.036585365853658534,0.0,0.06097560975609756,0.036585365853658534,0.04878048780487805,0.0,0.012195121951219513,0.012195121951219513,0.036585365853658534,0.0,0.0,0.0,0.0,0.0,0.0,0.0,0.036585365853658534,0.024390243902439025,0.012195121951219513,0.012195121951219513,0.08536585365853659,0.024390243902439025,0.024390243902439025,0.0,0.0,0.012195121951219513,0.10975609756097561,0.0,0.024390243902439025,0.024390243902439025,0.0,0.06097560975609756,0.06097560975609756,0.024390243902439025,0.0,0.0,0.0,0.0,0.0,0.0,0.0,0.0,0.07317073170731707,0.14634146341463414,0.0
169,0.0,0.11,0.1,0.0,0.07,0.03,0.0,0.12,0.01,0.0,0.01,0.0,0.11,0.01,0.0,0.02,0.01,0.02,0.0,0.0,0.01,0.07,0.05,0.01,0.0,0.0,0.07,0.01,0.01,0.01,0.0,0.0,0.0,0.01,0.01,0.01,0.0,0.0,0.0,0.0,0.0,0.0,0.01,0.0,0.0,0.1
170,0.0,0.0,0.0,0.0,0.0,0.0,0.02531645569620253,0.20253164556962025,0.0,0.08860759493670886,0.012658227848101266,0.0,0.0,0.0,0.0,0.0,0.012658227848101266,0.0,0.0759493670886076,0.0,0.0,0.0,0.0,0.0,0.0,0.02531645569620253,0.5316455696202531,0.0,0.0,0.0,0.0,0.0,0.0,0.0,0.0,0.0,0.0,0.0,0.012658227848101266,0.0,0.0,0.0,0.0,0.0,0.012658227848101266,0.0
171,0.0,0.0,0.043478260869565216,0.043478260869565216,0.0,0.0,0.010869565217391304,0.010869565217391304,0.021739130434782608,0.0,0.0,0.5543478260869565,0.0,0.0,0.0,0.0,0.03260869565217391,0.0,0.021739130434782608,0.03260869565217391,0.0,0.0,0.021739130434782608,0.021739130434782608,0.010869565217391304,0.010869565217391304,0.0,0.0,0.0,0.03260869565217391,0.0,0.010869565217391304,0.043478260869565216,0.03260869565217391,0.03260869565217391,0.0,0.0,0.0,0.0,0.0,0.0,0.010869565217391304,0.0,0.0,0.0,0.0
172,0.0,0.0,0.01282051282051282,0.0,0.038461538461538464,0.01282051282051282,0.01282051282051282,0.0,0.10256410256410256,0.05128205128205128,0.0,0.01282051282051282,0.02564102564102564,0.15384615384615385,0.0,0.0641025641025641,0.01282051282051282,0.02564102564102564,0.038461538461538464,0.0,0.038461538461538464,0.01282051282051282,0.05128205128205128,0.0,0.01282051282051282,0.01282051282051282,0.01282051282051282,0.01282051282051282,0.0,0.0,0.0,0.0,0.01282051282051282,0.038461538461538464,0.0641025641025641,0.0,0.0,0.0,0.0,0.0,0.0,0.0,0.0,0.038461538461538464,0.1282051282051282,0.0
173,0.0,0.0,0.0,0.010416666666666666,0.020833333333333332,0.07291666666666667,0.03125,0.010416666666666666,0.0,0.0,0.0,0.0,0.0,0.0,0.0,0.0,0.010416666666666666,0.0,0.0,0.0,0.010416666666666666,0.020833333333333332,0.010416666666666666,0.020833333333333332,0.0,0.010416666666666666,0.010416666666666666,0.0,0.0,0.010416666666666666,0.020833333333333332,0.0,0.020833333333333332,0.0,0.010416666666666666,0.010416666666666666,0.0,0.0,0.0,0.0,0.0,0.0,0.0,0.0,0.6875,0.0
174,0.0,0.008,0.016,0.0,0.016,0.0,0.0,0.008,0.024,0.112,0.024,0.064,0.008,0.048,0.024,0.0,0.008,0.0,0.016,0.024,0.016,0.024,0.032,0.024,0.008,0.016,0.024,0.008,0.008,0.008,0.016,0.008,0.032,0.168,0.056,0.0,0.0,0.0,0.0,0.0,0.0,0.0,0.0,0.016,0.024,0.112
175,0.0,0.009345794392523364,0.009345794392523364,0.018691588785046728,0.0,0.24299065420560748,0.0,0.028037383177570093,0.009345794392523364,0.0,0.0,0.0,0.009345794392523364,0.018691588785046728,0.037383177570093455,0.0,0.0,0.018691588785046728,0.0,0.018691588785046728,0.009345794392523364,0.0,0.009345794392523364,0.009345794392523364,0.018691588785046728,0.018691588785046728,0.3644859813084112,0.018691588785046728,0.04672897196261682,0.0,0.0,0.04672897196261682,0.0,0.018691588785046728,0.009345794392523364,0.0,0.0,0.0,0.0,0.0,0.0,0.009345794392523364,0.0,0.0,0.0,0.0
176,0.0,0.0,0.05063291139240506,0.0,0.02531645569620253,0.012658227848101266,0.012658227848101266,0.11392405063291139,0.0,0.02531645569620253,0.06329113924050633,0.11392405063291139,0.0,0.0,0.0,0.02531645569620253,0.0,0.0,0.012658227848101266,0.0,0.0,0.0759493670886076,0.0,0.012658227848101266,0.012658227848101266,0.02531645569620253,0.17721518987341772,0.0,0.0759493670886076,0.012658227848101266,0.0379746835443038,0.02531645569620253,0.0,0.0,0.012658227848101266,0.0,0.0,0.0,0.0,0.0,0.0379746835443038,0.0,0.0,0.0379746835443038,0.0,0.0
177,0.0,0.0,0.0,0.014285714285714285,0.014285714285714285,0.0,0.0,0.014285714285714285,0.0,0.0,0.014285714285714285,0.0,0.0,0.0,0.0,0.0,0.0,0.2,0.014285714285714285,0.014285714285714285,0.0,0.014285714285714285,0.014285714285714285,0.0,0.014285714285714285,0.0,0.0,0.014285714285714285,0.0,0.02857142857142857,0.0,0.0,0.014285714285714285,0.5714285714285714,0.04285714285714286,0.0,0.0,0.0,0.0,0.0,0.0,0.0,0.0,0.0,0.0,0.0
178,0.0,0.0,0.0,0.031578947368421054,0.0,0.0,0.0,0.0,0.010526315789473684,0.3894736842105263,0.0,0.010526315789473684,0.0,0.0,0.0,0.021052631578947368,0.0,0.0,0.0,0.031578947368421054,0.14736842105263157,0.06315789473684211,0.0,0.0,0.0,0.0,0.0,0.0,0.0,0.0,0.010526315789473684,0.0,0.0,0.21052631578947367,0.0,0.0,0.0,0.0,0.0,0.0,0.0,0.0,0.0,0.0,0.07368421052631578,0.0
179,0.0,0.0,0.013888888888888888,0.013888888888888888,0.0,0.027777777777777776,0.0,0.0,0.013888888888888888,0.0,0.013888888888888888,0.0,0.0,0.0,0.0,0.0,0.0,0.027777777777777776,0.0,0.0,0.0,0.0,0.0,0.8333333333333334,0.0,0.0,0.013888888888888888,0.0,0.013888888888888888,0.0,0.0,0.0,0.0,0.013888888888888888,0.013888888888888888,0.0,0.0,0.0,0.0,0.0,0.0,0.0,0.0,0.0,0.0,0.0
180,0.014285714285714285,0.0,0.07142857142857142,0.11428571428571428,0.08571428571428572,0.0,0.02857142857142857,0.0,0.11428571428571428,0.11428571428571428,0.04285714285714286,0.14285714285714285,0.0,0.0,0.05714285714285714,0.2,0.0,0.0,0.0,0.0,0.0,0.0,0.0,0.0,0.0,0.0,0.0,0.0,0.0,0.0,0.0,0.0,0.0,0.0,0.014285714285714285,0.0,0.0,0.0,0.0,0.0,0.0,0.0,0.0,0.0,0.0,0.0
181,0.0,0.02127659574468085,0.0851063829787234,0.010638297872340425,0.010638297872340425,0.0,0.0,0.19148936170212766,0.07446808510638298,0.010638297872340425,0.0,0.010638297872340425,0.0,0.02127659574468085,0.0,0.05319148936170213,0.02127659574468085,0.0,0.0,0.0425531914893617,0.0,0.05319148936170213,0.0,0.11702127659574468,0.010638297872340425,0.010638297872340425,0.0,0.05319148936170213,0.02127659574468085,0.0,0.0,0.0,0.010638297872340425,0.031914893617021274,0.031914893617021274,0.0,0.0,0.0,0.0,0.0,0.0,0.0,0.031914893617021274,0.02127659574468085,0.05319148936170213,0.0
182,0.011904761904761904,0.011904761904761904,0.0,0.0,0.0,0.011904761904761904,0.0,0.0,0.0,0.0,0.011904761904761904,0.0,0.0,0.0,0.023809523809523808,0.0,0.19047619047619047,0.011904761904761904,0.0,0.011904761904761904,0.023809523809523808,0.03571428571428571,0.023809523809523808,0.0,0.011904761904761904,0.0,0.0,0.03571428571428571,0.0,0.0,0.0,0.023809523809523808,0.0,0.011904761904761904,0.0,0.47619047619047616,0.0,0.0,0.047619047619047616,0.0,0.011904761904761904,0.0,0.0,0.011904761904761904,0.0,0.0
183,0.0,0.0,0.009900990099009901,0.009900990099009901,0.039603960396039604,0.019801980198019802,0.0,0.009900990099009901,0.019801980198019802,0.009900990099009901,0.009900990099009901,0.07920792079207921,0.009900990099009901,0.0,0.009900990099009901,0.0,0.009900990099009901,0.0297029702970297,0.019801980198019802,0.009900990099009901,0.0,0.009900990099009901,0.019801980198019802,0.13861386138613863,0.019801980198019802,0.0297029702970297,0.009900990099009901,0.0,0.0,0.0,0.0,0.0,0.0,0.0297029702970297,0.33663366336633666,0.009900990099009901,0.0,0.0,0.0,0.0,0.0,0.0,0.009900990099009901,0.0,0.0891089108910891,0.0
184,0.0,0.0,0.012987012987012988,0.012987012987012988,0.0,0.6753246753246753,0.0,0.0,0.0,0.0,0.0,0.0,0.0,0.0,0.0,0.012987012987012988,0.012987012987012988,0.11688311688311688,0.0,0.0,0.0,0.0,0.03896103896103896,0.025974025974025976,0.0,0.0,0.0,0.0,0.0,0.0,0.0,0.0,0.0,0.06493506493506493,0.025974025974025976,0.0,0.0,0.0,0.0,0.0,0.0,0.0,0.0,0.0,0.0,0.0
185,0.0,0.0,0.0,0.0,0.0,0.0,0.0,0.0,0.0,0.0,0.0,0.0,0.0,0.0,0.0,0.0,0.030303030303030304,0.015151515151515152,0.0,0.0,0.0,0.0,0.0,0.015151515151515152,0.0,0.0,0.015151515151515152,0.8939393939393939,0.0,0.015151515151515152,0.0,0.0,0.015151515151515152,0.0,0.0,0.0,0.0,0.0,0.0,0.0,0.0,0.0,0.0,0.0,0.0,0.0
186,0.0,0.0,0.014084507042253521,0.0,0.0,0.0,0.028169014084507043,0.0,0.0,0.0,0.04225352112676056,0.0,0.0,0.0,0.014084507042253521,0.028169014084507043,0.014084507042253521,0.0,0.0,0.0,0.0,0.0,0.0,0.0,0.0,0.0,0.8028169014084507,0.014084507042253521,0.0,0.0,0.0,0.0,0.028169014084507043,0.0,0.0,0.014084507042253521,0.0,0.0,0.0,0.0,0.0,0.0,0.0,0.0,0.0,0.0
187,0.0,0.0,0.0,0.043478260869565216,0.014492753623188406,0.17391304347826086,0.0,0.0,0.0,0.0,0.0,0.014492753623188406,0.0,0.0,0.0,0.0,0.0,0.014492753623188406,0.014492753623188406,0.0,0.10144927536231885,0.028985507246376812,0.0,0.0,0.0,0.0,0.014492753623188406,0.0,0.0,0.014492753623188406,0.014492753623188406,0.014492753623188406,0.5072463768115942,0.0,0.0,0.0,0.0,0.0,0.0,0.014492753623188406,0.0,0.0,0.0,0.014492753623188406,0.0,0.0
188,0.0,0.0,0.0,0.015384615384615385,0.0,0.015384615384615385,0.0,0.0,0.0,0.0,0.0,0.0,0.015384615384615385,0.0,0.0,0.015384615384615385,0.03076923076923077,0.07692307692307693,0.0,0.7230769230769231,0.015384615384615385,0.0,0.015384615384615385,0.015384615384615385,0.0,0.0,0.0,0.015384615384615385,0.0,0.015384615384615385,0.0,0.0,0.0,0.0,0.0,0.0,0.0,0.0,0.0,0.0,0.0,0.0,0.0,0.03076923076923077,0.0,0.0
189,0.0,0.08786610878661087,0.04602510460251046,0.03347280334728033,0.03765690376569038,0.04602510460251046,0.008368200836820083,0.016736401673640166,0.03347280334728033,0.058577405857740586,0.02092050209205021,0.029288702928870293,0.02092050209205021,0.03765690376569038,0.02092050209205021,0.012552301255230125,0.0041841004184100415,0.0,0.03765690376569038,0.02510460251046025,0.0041841004184100415,0.012552301255230125,0.03347280334728033,0.0794979079497908,0.03765690376569038,0.06276150627615062,0.029288702928870293,0.0041841004184100415,0.02510460251046025,0.0,0.008368200836820083,0.03347280334728033,0.016736401673640166,0.016736401673640166,0.016736401673640166,0.02092050209205021,0.0,0.0,0.0,0.0,0.0,0.0,0.012552301255230125,0.0,0.0,0.008368200836820083
190,0.0,0.0,0.0,0.04054054054054054,0.013513513513513514,0.0,0.0,0.013513513513513514,0.0,0.0,0.0,0.0,0.10810810810810811,0.0,0.013513513513513514,0.013513513513513514,0.013513513513513514,0.0,0.0,0.0,0.0,0.0,0.0,0.0,0.7567567567567568,0.0,0.0,0.0,0.0,0.0,0.0,0.013513513513513514,0.0,0.0,0.0,0.0,0.0,0.0,0.0,0.0,0.0,0.0,0.013513513513513514,0.0,0.0,0.0
191,0.0,0.012048192771084338,0.0,0.0,0.0,0.0,0.0,0.012048192771084338,0.0,0.0,0.0,0.0,0.012048192771084338,0.0,0.012048192771084338,0.8554216867469879,0.0,0.0,0.0,0.0,0.012048192771084338,0.0,0.012048192771084338,0.0,0.0,0.0,0.012048192771084338,0.0,0.0,0.0,0.0,0.012048192771084338,0.0,0.012048192771084338,0.0,0.0,0.0,0.0,0.0,0.0,0.0,0.0,0.0,0.024096385542168676,0.0,0.012048192771084338
192,0.0,0.0,0.007462686567164179,0.007462686567164179,0.014925373134328358,0.0,0.0,0.007462686567164179,0.029850746268656716,0.07462686567164178,0.029850746268656716,0.007462686567164179,0.029850746268656716,0.014925373134328358,0.014925373134328358,0.029850746268656716,0.0,0.007462686567164179,0.007462686567164179,0.007462686567164179,0.014925373134328358,0.0,0.04477611940298507,0.05970149253731343,0.007462686567164179,0.014925373134328358,0.0,0.029850746268656716,0.029850746268656716,0.007462686567164179,0.022388059701492536,0.05223880597014925,0.208955223880597,0.022388059701492536,0.11194029850746269,0.007462686567164179,0.0,0.0,0.007462686567164179,0.0,0.0,0.007462686567164179,0.014925373134328358,0.029850746268656716,0.0,0.014925373134328358
193,0.0,0.010869565217391304,0.021739130434782608,0.010869565217391304,0.0,0.021739130434782608,0.0,0.0,0.0,0.010869565217391304,0.010869565217391304,0.0,0.0,0.0,0.010869565217391304,0.5978260869565217,0.08695652173913043,0.0,0.03260869565217391,0.043478260869565216,0.0,0.021739130434782608,0.010869565217391304,0.010869565217391304,0.0,0.0,0.010869565217391304,0.0,0.0,0.0,0.010869565217391304,0.0,0.010869565217391304,0.021739130434782608,0.010869565217391304,0.0,0.0,0.0,0.0,0.0,0.0,0.010869565217391304,0.021739130434782608,0.0,0.0,0.0
194,0.10606060606060606,0.3181818181818182,0.0,0.18181818181818182,0.0,0.015151515151515152,0.0,0.0,0.0,0.0,0.030303030303030304,0.0,0.015151515151515152,0.0,0.015151515151515152,0.0,0.015151515151515152,0.0,0.0,0.045454545454545456,0.0,0.0,0.0,0.015151515151515152,0.0,0.0,0.030303030303030304,0.16666666666666666,0.0,0.0,0.0,0.015151515151515152,0.0,0.015151515151515152,0.015151515151515152,0.0,0.0,0.0,0.0,0.0,0.0,0.0,0.0,0.0,0.0,0.0
195,0.0,0.014705882352941176,0.0,0.23529411764705882,0.0,0.3088235294117647,0.029411764705882353,0.029411764705882353,0.0,0.0,0.0,0.0,0.0,0.014705882352941176,0.0,0.014705882352941176,0.014705882352941176,0.0,0.0,0.0,0.0,0.014705882352941176,0.0,0.04411764705882353,0.0,0.0,0.0,0.0,0.0,0.0,0.029411764705882353,0.1323529411764706,0.014705882352941176,0.014705882352941176,0.04411764705882353,0.0,0.0,0.0,0.0,0.0,0.0,0.0,0.04411764705882353,0.0,0.0,0.0
196,0.0,0.0,0.1323529411764706,0.17647058823529413,0.0,0.10294117647058823,0.0,0.014705882352941176,0.014705882352941176,0.0,0.11764705882352941,0.0,0.04411764705882353,0.0,0.014705882352941176,0.014705882352941176,0.07352941176470588,0.014705882352941176,0.0,0.0,0.0,0.07352941176470588,0.014705882352941176,0.014705882352941176,0.014705882352941176,0.0,0.014705882352941176,0.029411764705882353,0.0,0.04411764705882353,0.0,0.0,0.0,0.0,0.0,0.0,0.0,0.0,0.0,0.0,0.0,0.07352941176470588,0.0,0.0,0.0,0.0
197,0.0,0.0,0.2702702702702703,0.0,0.12162162162162163,0.05405405405405406,0.02702702702702703,0.013513513513513514,0.013513513513513514,0.013513513513513514,0.06756756756756757,0.013513513513513514,0.0,0.0,0.0,0.013513513513513514,0.0,0.013513513513513514,0.0,0.013513513513513514,0.0,0.02702702702702703,0.02702702702702703,0.05405405405405406,0.02702702702702703,0.06756756756756757,0.02702702702702703,0.0,0.0,0.0,0.013513513513513514,0.0945945945945946,0.0,0.013513513513513514,0.0,0.0,0.0,0.0,0.0,0.0,0.0,0.013513513513513514,0.0,0.0,0.0,0.0
198,0.0,0.0,0.0,0.0,0.0,0.012658227848101266,0.0,0.0,0.0,0.0,0.012658227848101266,0.0,0.0,0.0,0.0,0.0,0.012658227848101266,0.02531645569620253,0.0,0.0,0.0,0.02531645569620253,0.02531645569620253,0.6835443037974683,0.0,0.0,0.0,0.0,0.0,0.0,0.0,0.0,0.0,0.0,0.189873417721519,0.012658227848101266,0.0,0.0,0.0,0.0,0.0,0.0,0.0,0.0,0.0,0.0
199,0.01020408163265306,0.0,0.030612244897959183,0.02040816326530612,0.04081632653061224,0.01020408163265306,0.01020408163265306,0.061224489795918366,0.10204081632653061,0.0,0.02040816326530612,0.0,0.01020408163265306,0.01020408163265306,0.14285714285714285,0.0,0.0,0.0,0.01020408163265306,0.030612244897959183,0.01020408163265306,0.02040816326530612,0.01020408163265306,0.05102040816326531,0.02040816326530612,0.01020408163265306,0.22448979591836735,0.02040816326530612,0.01020408163265306,0.030612244897959183,0.0,0.01020408163265306,0.02040816326530612,0.01020408163265306,0.0,0.02040816326530612,0.0,0.0,0.0,0.0,0.0,0.0,0.0,0.0,0.02040816326530612,0.0
200,0.01282051282051282,0.01282051282051282,0.0,0.01282051282051282,0.0,0.02564102564102564,0.05128205128205128,0.07692307692307693,0.038461538461538464,0.01282051282051282,0.05128205128205128,0.07692307692307693,0.0,0.0,0.038461538461538464,0.0641025641025641,0.02564102564102564,0.02564102564102564,0.0,0.038461538461538464,0.0,0.01282051282051282,0.01282051282051282,0.0,0.01282051282051282,0.01282051282051282,0.01282051282051282,0.0,0.08974358974358974,0.038461538461538464,0.0,0.01282051282051282,0.02564102564102564,0.0,0.02564102564102564,0.038461538461538464,0.0,0.0,0.0,0.0,0.0,0.08974358974358974,0.0,0.02564102564102564,0.02564102564102564,0.0
201,0.0,0.0,0.0,0.0,0.0,0.0,0.0,0.0,0.0,0.0,0.0,0.0,0.0,0.0,0.014084507042253521,0.014084507042253521,0.0,0.0,0.0,0.0,0.0,0.0,0.0,0.014084507042253521,0.0,0.0,0.014084507042253521,0.0,0.0,0.0,0.8591549295774648,0.014084507042253521,0.014084507042253521,0.014084507042253521,0.014084507042253521,0.0,0.0,0.0,0.0,0.0,0.0,0.014084507042253521,0.0,0.0,0.014084507042253521,0.0
202,0.0,0.0,0.0,0.0,0.0,0.0,0.0,0.0,0.015625,0.0,0.0,0.0,0.0,0.0,0.0,0.015625,0.0,0.0,0.140625,0.0,0.0,0.0,0.0,0.046875,0.0,0.0,0.0,0.0,0.0,0.0,0.0,0.0,0.0,0.703125,0.0,0.0,0.0,0.0,0.0,0.0,0.0625,0.0,0.0,0.0,0.015625,0.0
203,0.021739130434782608,0.09782608695652174,0.03260869565217391,0.0,0.0,0.010869565217391304,0.0,0.0,0.0,0.0,0.0,0.021739130434782608,0.03260869565217391,0.08695652173913043,0.03260869565217391,0.0,0.0,0.0,0.07608695652173914,0.0,0.0,0.0,0.021739130434782608,0.05434782608695652,0.03260869565217391,0.06521739130434782,0.010869565217391304,0.0,0.010869565217391304,0.0,0.0,0.010869565217391304,0.010869565217391304,0.03260869565217391,0.14130434782608695,0.043478260869565216,0.0,0.0,0.0,0.0,0.13043478260869565,0.0,0.010869565217391304,0.0,0.010869565217391304,0.0
204,0.04672897196261682,0.056074766355140186,0.12149532710280374,0.0,0.04672897196261682,0.0,0.0,0.009345794392523364,0.0,0.0,0.028037383177570093,0.009345794392523364,0.0,0.34579439252336447,0.037383177570093455,0.009345794392523364,0.018691588785046728,0.0,0.009345794392523364,0.0,0.0,0.009345794392523364,0.0,0.04672897196261682,0.056074766355140186,0.056074766355140186,0.0,0.0,0.0,0.009345794392523364,0.009345794392523364,0.0,0.0,0.0,0.0,0.0,0.0,0.0,0.0,0.0,0.009345794392523364,0.0,0.04672897196261682,0.009345794392523364,0.009345794392523364,0.0
205,0.015625,0.0,0.0,0.0,0.125,0.0,0.0,0.03125,0.0,0.0,0.0,0.015625,0.0,0.0,0.0,0.0,0.0,0.0,0.0,0.0,0.265625,0.21875,0.0,0.09375,0.0,0.0,0.1875,0.0,0.0,0.0,0.015625,0.015625,0.0,0.0,0.0,0.0,0.0,0.0,0.0,0.0,0.0,0.0,0.0,0.0,0.0,0.015625
206,0.0125,0.0,0.0125,0.0,0.0,0.0125,0.0,0.0125,0.0,0.0125,0.075,0.0,0.0,0.0625,0.0,0.0,0.0,0.075,0.0,0.0,0.0125,0.0,0.0,0.0,0.0,0.4875,0.0375,0.025,0.05,0.0375,0.075,0.0,0.0,0.0,0.0,0.0,0.0,0.0,0.0,0.0,0.0,0.0,0.0,0.0,0.0,0.0
207,0.0,0.0,0.10526315789473684,0.0,0.05263157894736842,0.010526315789473684,0.0,0.010526315789473684,0.21052631578947367,0.010526315789473684,0.0,0.0,0.010526315789473684,0.0,0.010526315789473684,0.021052631578947368,0.010526315789473684,0.0,0.021052631578947368,0.031578947368421054,0.010526315789473684,0.010526315789473684,0.10526315789473684,0.031578947368421054,0.010526315789473684,0.031578947368421054,0.0,0.0,0.0,0.021052631578947368,0.010526315789473684,0.021052631578947368,0.042105263157894736,0.031578947368421054,0.0,0.0,0.0,0.0,0.0,0.0,0.0,0.0,0.0,0.010526315789473684,0.021052631578947368,0.1368421052631579
208,0.0,0.0,0.015384615384615385,0.03076923076923077,0.03076923076923077,0.0,0.0,0.0,0.3384615384615385,0.015384615384615385,0.015384615384615385,0.015384615384615385,0.0,0.03076923076923077,0.0,0.03076923076923077,0.0,0.15384615384615385,0.0,0.0,0.015384615384615385,0.046153846153846156,0.03076923076923077,0.015384615384615385,0.0,0.0,0.0,0.03076923076923077,0.0,0.015384615384615385,0.0,0.0,0.046153846153846156,0.015384615384615385,0.015384615384615385,0.0,0.0,0.0,0.0,0.0,0.0,0.0,0.09230769230769231,0.0,0.0,0.0
209,0.0,0.013513513513513514,0.013513513513513514,0.013513513513513514,0.12162162162162163,0.02702702702702703,0.0,0.08108108108108109,0.0,0.013513513513513514,0.04054054054054054,0.14864864864864866,0.0,0.0,0.0,0.013513513513513514,0.02702702702702703,0.04054054054054054,0.013513513513513514,0.013513513513513514,0.0,0.0,0.02702702702702703,0.013513513513513514,0.05405405405405406,0.08108108108108109,0.0945945945945946,0.013513513513513514,0.013513513513513514,0.013513513513513514,0.04054054054054054,0.0,0.0,0.02702702702702703,0.0,0.0,0.0,0.0,0.0,0.0,0.0,0.013513513513513514,0.0,0.0,0.02702702702702703,0.0
210,0.0,0.0,0.06451612903225806,0.0,0.016129032258064516,0.0,0.016129032258064516,0.0,0.0,0.016129032258064516,0.016129032258064516,0.0,0.0,0.016129032258064516,0.0,0.016129032258064516,0.0,0.0,0.08064516129032258,0.04838709677419355,0.0,0.0,0.0,0.0,0.0,0.0,0.0,0.04838709677419355,0.016129032258064516,0.0,0.0,0.27419354838709675,0.2903225806451613,0.016129032258064516,0.0,0.0,0.0,0.0,0.0,0.0,0.0,0.0,0.0,0.03225806451612903,0.03225806451612903,0.0
211,0.0,0.0,0.0,0.0,0.0,0.0,0.0136986301369863,0.0273972602739726,0.0,0.0,0.0,0.0,0.0,0.0136986301369863,0.0,0.0136986301369863,0.0,0.0,0.0410958904109589,0.0,0.0136986301369863,0.0,0.0,0.0,0.0,0.0273972602739726,0.0273972602739726,0.726027397260274,0.0136986301369863,0.0,0.0,0.0136986301369863,0.0,0.0136986301369863,0.0,0.0,0.0,0.0,0.0,0.0,0.0,0.0,0.0,0.0136986301369863,0.0410958904109589,0.0
212,0.013513513513513514,0.013513513513513514,0.02702702702702703,0.24324324324324326,0.013513513513513514,0.0,0.06756756756756757,0.06756756756756757,0.0,0.013513513513513514,0.02702702702702703,0.013513513513513514,0.04054054054054054,0.0,0.02702702702702703,0.013513513513513514,0.013513513513513514,0.02702702702702703,0.0,0.0,0.0,0.0,0.0,0.05405405405405406,0.0,0.04054054054054054,0.05405405405405406,0.0,0.0,0.0,0.05405405405405406,0.08108108108108109,0.0,0.02702702702702703,0.02702702702702703,0.0,0.0,0.0,0.0,0.0,0.0,0.0,0.0,0.0,0.0,0.04054054054054054
213,0.0,0.0,0.0,0.015151515151515152,0.0,0.0,0.0,0.0,0.0,0.0,0.0,0.0,0.0,0.0,0.015151515151515152,0.0,0.030303030303030304,0.030303030303030304,0.015151515151515152,0.0,0.0,0.0,0.0,0.015151515151515152,0.0,0.0,0.0,0.0,0.0,0.0,0.015151515151515152,0.0,0.015151515151515152,0.0,0.015151515151515152,0.8333333333333334,0.0,0.0,0.0,0.0,0.0,0.0,0.0,0.0,0.0,0.0
214,0.0,0.0,0.0,0.015151515151515152,0.18181818181818182,0.13636363636363635,0.0,0.0,0.0,0.0,0.0,0.015151515151515152,0.0,0.0,0.0,0.015151515151515152,0.045454545454545456,0.015151515151515152,0.0,0.015151515151515152,0.0,0.015151515151515152,0.015151515151515152,0.0,0.0,0.0,0.0,0.030303030303030304,0.30303030303030304,0.015151515151515152,0.0,0.0,0.0,0.0,0.0,0.0,0.0,0.0,0.0,0.0,0.13636363636363635,0.030303030303030304,0.0,0.015151515151515152,0.0,0.0
215,0.0,0.0,0.009900990099009901,0.0594059405940594,0.0,0.009900990099009901,0.0,0.0,0.0,0.0,0.0,0.48514851485148514,0.0,0.0,0.0,0.0,0.039603960396039604,0.039603960396039604,0.009900990099009901,0.0,0.0297029702970297,0.0297029702970297,0.009900990099009901,0.06930693069306931,0.009900990099009901,0.019801980198019802,0.009900990099009901,0.0594059405940594,0.019801980198019802,0.0,0.0,0.0,0.009900990099009901,0.0297029702970297,0.019801980198019802,0.0,0.0,0.0,0.0,0.0,0.0,0.019801980198019802,0.009900990099009901,0.0,0.0,0.0
216,0.0,0.0,0.03773584905660377,0.05660377358490566,0.009433962264150943,0.02830188679245283,0.009433962264150943,0.04716981132075472,0.018867924528301886,0.018867924528301886,0.018867924528301886,0.0,0.009433962264150943,0.009433962264150943,0.018867924528301886,0.018867924528301886,0.009433962264150943,0.009433962264150943,0.018867924528301886,0.018867924528301886,0.018867924528301886,0.03773584905660377,0.018867924528301886,0.02830188679245283,0.009433962264150943,0.0,0.03773584905660377,0.0,0.0,0.009433962264150943,0.018867924528301886,0.009433962264150943,0.009433962264150943,0.0,0.07547169811320754,0.0,0.0,0.0,0.0,0.0,0.0,0.0,0.018867924528301886,0.0,0.0,0.3490566037735849
217,0.056074766355140186,0.11214953271028037,0.0,0.028037383177570093,0.009345794392523364,0.018691588785046728,0.018691588785046728,0.0,0.009345794392523364,0.0,0.009345794392523364,0.0,0.0,0.0,0.018691588785046728,0.0,0.08411214953271028,0.009345794392523364,0.018691588785046728,0.009345794392523364,0.0,0.009345794392523364,0.009345794392523364,0.018691588785046728,0.009345794392523364,0.018691588785046728,0.018691588785046728,0.06542056074766354,0.12149532710280374,0.018691588785046728,0.056074766355140186,0.018691588785046728,0.08411214953271028,0.0,0.018691588785046728,0.0,0.0,0.0,0.0,0.0,0.0,0.056074766355140186,0.009345794392523364,0.04672897196261682,0.018691588785046728,0.0
218,0.0,0.0,0.047619047619047616,0.015873015873015872,0.0,0.015873015873015872,0.0,0.0,0.0,0.047619047619047616,0.0,0.0,0.0,0.0,0.0,0.12698412698412698,0.031746031746031744,0.0,0.015873015873015872,0.0,0.0,0.0,0.0,0.0,0.0,0.015873015873015872,0.015873015873015872,0.0,0.0,0.06349206349206349,0.2222222222222222,0.12698412698412698,0.031746031746031744,0.06349206349206349,0.0,0.031746031746031744,0.015873015873015872,0.0,0.0,0.0,0.0,0.0,0.0,0.06349206349206349,0.015873015873015872,0.031746031746031744
219,0.0,0.0,0.14285714285714285,0.014285714285714285,0.12857142857142856,0.1,0.0,0.0,0.0,0.0,0.0,0.014285714285714285,0.0,0.014285714285714285,0.14285714285714285,0.04285714285714286,0.0,0.0,0.04285714285714286,0.0,0.0,0.0,0.02857142857142857,0.08571428571428572,0.0,0.0,0.12857142857142856,0.0,0.014285714285714285,0.08571428571428572,0.0,0.0,0.014285714285714285,0.0,0.0,0.0,0.0,0.0,0.0,0.0,0.0,0.0,0.0,0.0,0.0,0.0
220,0.0,0.0,0.0,0.0958904109589041,0.0273972602739726,0.0410958904109589,0.0,0.0,0.0,0.0,0.0410958904109589,0.0,0.0136986301369863,0.0136986301369863,0.1232876712328767,0.0273972602739726,0.0273972602739726,0.0,0.0,0.0,0.0136986301369863,0.0136986301369863,0.0136986301369863,0.2876712328767123,0.0,0.1232876712328767,0.0273972602739726,0.0273972602739726,0.0,0.0,0.0,0.0136986301369863,0.0,0.0,0.0,0.0410958904109589,0.0,0.0,0.0,0.0,0.0,0.0136986301369863,0.0,0.0,0.0,0.0136986301369863
221,0.0136986301369863,0.0410958904109589,0.08904109589041095,0.02054794520547945,0.0410958904109589,0.0,0.0136986301369863,0.0,0.02054794520547945,0.02054794520547945,0.02054794520547945,0.0136986301369863,0.0,0.0273972602739726,0.00684931506849315,0.0,0.0,0.0273972602739726,0.00684931506849315,0.0273972602739726,0.02054794520547945,0.0136986301369863,0.0136986301369863,0.00684931506849315,0.3698630136986301,0.03424657534246575,0.0,0.02054794520547945,0.00684931506849315,0.0,0.06164383561643835,0.0136986301369863,0.0,0.0136986301369863,0.00684931506849315,0.00684931506849315,0.0,0.0,0.0,0.0,0.0,0.00684931506849315,0.00684931506849315,0.0,0.0,0.00684931506849315
222,0.04838709677419355,0.016129032258064516,0.11290322580645161,0.04838709677419355,0.11290322580645161,0.03225806451612903,0.03225806451612903,0.04838709677419355,0.03225806451612903,0.03225806451612903,0.04838709677419355,0.0967741935483871,0.016129032258064516,0.08064516129032258,0.14516129032258066,0.08064516129032258,0.0,0.0,0.0,0.0,0.0,0.0,0.0,0.016129032258064516,0.0,0.0,0.0,0.0,0.0,0.0,0.0,0.0,0.0,0.0,0.0,0.0,0.0,0.0,0.0,0.0,0.0,0.0,0.0,0.0,0.0,0.0
223,0.0136986301369863,0.07534246575342465,0.04794520547945205,0.03424657534246575,0.03424657534246575,0.0,0.0410958904109589,0.0273972602739726,0.0,0.0273972602739726,0.0,0.0273972602739726,0.02054794520547945,0.0,0.0547945205479452,0.07534246575342465,0.03424657534246575,0.0136986301369863,0.0273972602739726,0.0,0.00684931506849315,0.0273972602739726,0.0273972602739726,0.0547945205479452,0.00684931506849315,0.06164383561643835,0.0410958904109589,0.0136986301369863,0.02054794520547945,0.0,0.0,0.0136986301369863,0.00684931506849315,0.0273972602739726,0.0410958904109589,0.0136986301369863,0.0,0.0,0.0,0.0,0.0,0.00684931506849315,0.03424657534246575,0.0136986301369863,0.0136986301369863,0.0136986301369863
224,0.0,0.0,0.013157894736842105,0.19736842105263158,0.0,0.02631578947368421,0.013157894736842105,0.40789473684210525,0.0,0.06578947368421052,0.013157894736842105,0.0,0.0,0.0,0.0,0.0,0.0,0.0,0.0,0.07894736842105263,0.0,0.013157894736842105,0.039473684210526314,0.0,0.013157894736842105,0.0,0.013157894736842105,0.0,0.0,0.0,0.013157894736842105,0.013157894736842105,0.013157894736842105,0.0,0.0,0.05263157894736842,0.0,0.0,0.0,0.0,0.0,0.0,0.0,0.0,0.0,0.013157894736842105
225,0.015151515151515152,0.015151515151515152,0.030303030303030304,0.015151515151515152,0.030303030303030304,0.0,0.0,0.0,0.0,0.045454545454545456,0.015151515151515152,0.0,0.0,0.015151515151515152,0.015151515151515152,0.0,0.0,0.0,0.0,0.0,0.015151515151515152,0.0,0.045454545454545456,0.10606060606060606,0.015151515151515152,0.25757575757575757,0.10606060606060606,0.06060606060606061,0.015151515151515152,0.0,0.09090909090909091,0.045454545454545456,0.015151515151515152,0.030303030303030304,0.0,0.0,0.0,0.0,0.0,0.0,0.0,0.0,0.0,0.0,0.0,0.0
226,0.0,0.0,0.0,0.04411764705882353,0.014705882352941176,0.0,0.07352941176470588,0.1323529411764706,0.029411764705882353,0.11764705882352941,0.0,0.058823529411764705,0.0,0.0,0.0,0.0,0.0,0.04411764705882353,0.014705882352941176,0.0,0.04411764705882353,0.16176470588235295,0.058823529411764705,0.11764705882352941,0.0,0.0,0.0,0.0,0.0,0.0,0.014705882352941176,0.0,0.014705882352941176,0.0,0.0,0.0,0.0,0.0,0.0,0.0,0.0,0.0,0.0,0.058823529411764705,0.0,0.0
227,0.0,0.029411764705882353,0.0,0.0,0.029411764705882353,0.014705882352941176,0.014705882352941176,0.014705882352941176,0.0,0.04411764705882353,0.0,0.0,0.0,0.0,0.0,0.22058823529411764,0.0,0.0,0.014705882352941176,0.0,0.0,0.0,0.0,0.0,0.0,0.0,0.0,0.029411764705882353,0.014705882352941176,0.0,0.0,0.0,0.08823529411764706,0.0,0.47058823529411764,0.0,0.0,0.0,0.014705882352941176,0.0,0.0,0.0,0.0,0.0,0.0,0.0
228,0.0,0.017699115044247787,0.035398230088495575,0.022123893805309734,0.05752212389380531,0.0,0.061946902654867256,0.048672566371681415,0.0,0.02654867256637168,0.030973451327433628,0.01327433628318584,0.008849557522123894,0.17699115044247787,0.04424778761061947,0.004424778761061947,0.008849557522123894,0.022123893805309734,0.008849557522123894,0.035398230088495575,0.0,0.0,0.004424778761061947,0.008849557522123894,0.0752212389380531,0.07079646017699115,0.04424778761061947,0.022123893805309734,0.04424778761061947,0.004424778761061947,0.022123893805309734,0.0,0.004424778761061947,0.0,0.004424778761061947,0.0,0.0,0.0,0.0,0.01327433628318584,0.0,0.008849557522123894,0.01327433628318584,0.035398230088495575,0.0,0.0
229,0.0,0.01020408163265306,0.02040816326530612,0.05102040816326531,0.0,0.01020408163265306,0.0,0.01020408163265306,0.0,0.0,0.02040816326530612,0.0,0.030612244897959183,0.01020408163265306,0.02040816326530612,0.01020408163265306,0.02040816326530612,0.0,0.01020408163265306,0.01020408163265306,0.02040816326530612,0.22448979591836735,0.02040816326530612,0.02040816326530612,0.01020408163265306,0.0,0.01020408163265306,0.0,0.02040816326530612,0.0,0.0,0.0,0.3163265306122449,0.061224489795918366,0.02040816326530612,0.0,0.0,0.0,0.0,0.0,0.0,0.01020408163265306,0.01020408163265306,0.0,0.0,0.02040816326530612
230,0.0,0.009900990099009901,0.019801980198019802,0.0,0.0,0.009900990099009901,0.019801980198019802,0.0594059405940594,0.039603960396039604,0.0,0.019801980198019802,0.0297029702970297,0.009900990099009901,0.039603960396039604,0.0891089108910891,0.0,0.0297029702970297,0.009900990099009901,0.0297029702970297,0.0297029702970297,0.0,0.009900990099009901,0.0,0.24752475247524752,0.019801980198019802,0.0297029702970297,0.06930693069306931,0.009900990099009901,0.0,0.0,0.009900990099009901,0.0,0.0,0.0,0.009900990099009901,0.0,0.0,0.0,0.0,0.0,0.0,0.0,0.0297029702970297,0.019801980198019802,0.0,0.09900990099009901
231,0.0,0.0,0.014492753623188406,0.0,0.014492753623188406,0.0,0.0,0.0,0.0,0.014492753623188406,0.014492753623188406,0.0,0.0,0.0,0.0,0.014492753623188406,0.0,0.07246376811594203,0.014492753623188406,0.0,0.028985507246376812,0.0,0.0,0.0,0.0,0.0,0.0,0.0,0.014492753623188406,0.014492753623188406,0.0,0.0,0.0,0.6231884057971014,0.14492753623188406,0.0,0.014492753623188406,0.0,0.0,0.0,0.0,0.0,0.0,0.0,0.0,0.0
232,0.015873015873015872,0.015873015873015872,0.09523809523809523,0.1746031746031746,0.09523809523809523,0.0,0.015873015873015872,0.0,0.0,0.0,0.047619047619047616,0.015873015873015872,0.0,0.015873015873015872,0.0,0.0,0.0,0.0,0.047619047619047616,0.015873015873015872,0.0,0.015873015873015872,0.2222222222222222,0.0,0.031746031746031744,0.0,0.015873015873015872,0.0,0.0,0.0,0.0,0.031746031746031744,0.0,0.015873015873015872,0.0,0.0,0.0,0.0,0.0,0.0,0.0,0.0,0.0,0.0,0.1111111111111111,0.0
233,0.0,0.016666666666666666,0.0,0.0,0.0,0.0,0.016666666666666666,0.0,0.0,0.0,0.0,0.0,0.0,0.016666666666666666,0.05,0.16666666666666666,0.03333333333333333,0.0,0.0,0.0,0.016666666666666666,0.0,0.0,0.0,0.016666666666666666,0.35,0.0,0.0,0.0,0.0,0.0,0.0,0.05,0.0,0.06666666666666667,0.0,0.0,0.0,0.0,0.0,0.0,0.0,0.18333333333333332,0.016666666666666666,0.0,0.0
234,0.0,0.0,0.018518518518518517,0.0,0.0,0.0,0.0,0.24074074074074073,0.037037037037037035,0.05555555555555555,0.0,0.0,0.0,0.0,0.07407407407407407,0.037037037037037035,0.037037037037037035,0.0,0.0,0.018518518518518517,0.018518518518518517,0.0,0.05555555555555555,0.0,0.0,0.0,0.0,0.0,0.0,0.0,0.0,0.0,0.018518518518518517,0.018518518518518517,0.1111111111111111,0.018518518518518517,0.0,0.0,0.0,0.0,0.0,0.0,0.0,0.24074074074074073,0.0,0.0
235,0.0,0.058823529411764705,0.023529411764705882,0.0,0.023529411764705882,0.011764705882352941,0.011764705882352941,0.023529411764705882,0.0,0.0,0.023529411764705882,0.0,0.0,0.03529411764705882,0.023529411764705882,0.0,0.011764705882352941,0.023529411764705882,0.0,0.011764705882352941,0.03529411764705882,0.24705882352941178,0.0,0.03529411764705882,0.011764705882352941,0.11764705882352941,0.03529411764705882,0.0,0.1411764705882353,0.023529411764705882,0.023529411764705882,0.0,0.0,0.0,0.03529411764705882,0.0,0.0,0.0,0.0,0.0,0.011764705882352941,0.0,0.0,0.0,0.0,0.0
236,0.018867924528301886,0.03773584905660377,0.05660377358490566,0.07547169811320754,0.05660377358490566,0.09433962264150944,0.03773584905660377,0.03773584905660377,0.05660377358490566,0.05660377358490566,0.03773584905660377,0.09433962264150944,0.05660377358490566,0.05660377358490566,0.09433962264150944,0.1320754716981132,0.0,0.0,0.0,0.0,0.0,0.0,0.0,0.0,0.0,0.0,0.0,0.0,0.0,0.0,0.0,0.0,0.0,0.0,0.0,0.0,0.0,0.0,0.0,0.0,0.0,0.0,0.0,0.0,0.0,0.0
237,0.0,0.0,0.06329113924050633,0.0379746835443038,0.02531645569620253,0.0,0.0,0.0,0.02531645569620253,0.02531645569620253,0.0,0.0,0.0,0.0,0.0,0.0759493670886076,0.012658227848101266,0.0,0.0,0.0,0.0,0.0,0.012658227848101266,0.0379746835443038,0.0379746835443038,0.31645569620253167,0.21518987341772153,0.0,0.02531645569620253,0.0,0.012658227848101266,0.0,0.0,0.0,0.0,0.0,0.0,0.0,0.0,0.0,0.0,0.0,0.0,0.0,0.0,0.0759493670886076
238,0.054945054945054944,0.01098901098901099,0.054945054945054944,0.01098901098901099,0.02197802197802198,0.02197802197802198,0.06593406593406594,0.06593406593406594,0.02197802197802198,0.02197802197802198,0.06593406593406594,0.0,0.0,0.01098901098901099,0.07692307692307693,0.02197802197802198,0.01098901098901099,0.02197802197802198,0.0,0.06593406593406594,0.0,0.01098901098901099,0.02197802197802198,0.02197802197802198,0.01098901098901099,0.0,0.03296703296703297,0.04395604395604396,0.01098901098901099,0.0,0.01098901098901099,0.054945054945054944,0.02197802197802198,0.0,0.04395604395604396,0.01098901098901099,0.01098901098901099,0.0,0.0,0.0,0.0,0.0,0.0,0.02197802197802198,0.03296703296703297,0.01098901098901099
239,0.0,0.0,0.0,0.1518987341772152,0.012658227848101266,0.0,0.0,0.0,0.0,0.0,0.0,0.0,0.0,0.012658227848101266,0.012658227848101266,0.02531645569620253,0.17721518987341772,0.0,0.0,0.012658227848101266,0.0,0.0379746835443038,0.012658227848101266,0.02531645569620253,0.06329113924050633,0.0,0.02531645569620253,0.0,0.02531645569620253,0.0,0.012658227848101266,0.0,0.02531645569620253,0.012658227848101266,0.0,0.0,0.0,0.0,0.0,0.012658227848101266,0.0,0.27848101265822783,0.0,0.012658227848101266,0.05063291139240506,0.0
240,0.0125,0.0,0.0,0.0125,0.075,0.0125,0.1,0.0,0.0,0.0375,0.025,0.0125,0.0125,0.0125,0.0,0.0125,0.0125,0.0125,0.025,0.0,0.0,0.0625,0.0125,0.1375,0.0125,0.0125,0.0,0.0125,0.0,0.0375,0.1625,0.0,0.0125,0.0,0.0,0.0,0.0,0.0,0.0,0.0,0.0,0.0,0.025,0.0125,0.075,0.05
241,0.0,0.0,0.0,0.0,0.0,0.0,0.01639344262295082,0.0,0.01639344262295082,0.0,0.01639344262295082,0.19672131147540983,0.03278688524590164,0.0,0.03278688524590164,0.0,0.0,0.0,0.01639344262295082,0.0,0.0,0.0,0.01639344262295082,0.19672131147540983,0.0,0.0,0.0,0.0,0.0,0.0,0.0,0.03278688524590164,0.01639344262295082,0.01639344262295082,0.03278688524590164,0.0,0.0,0.0,0.0,0.0,0.0,0.03278688524590164,0.0,0.01639344262295082,0.3114754098360656,0.0
242,0.0,0.0,0.5862068965517241,0.0,0.0,0.0,0.0,0.017241379310344827,0.0,0.0,0.034482758620689655,0.0,0.0,0.0,0.0,0.0,0.0,0.0,0.0,0.0,0.0,0.0,0.0,0.0,0.0,0.034482758620689655,0.0,0.0,0.06896551724137931,0.0,0.0,0.0,0.0,0.0,0.0,0.0,0.0,0.0,0.0,0.0,0.0,0.05172413793103448,0.0,0.20689655172413793,0.0,0.0
243,0.0,0.011049723756906077,0.0,0.011049723756906077,0.0,0.016574585635359115,0.011049723756906077,0.016574585635359115,0.022099447513812154,0.0055248618784530384,0.03314917127071823,0.0055248618784530384,0.011049723756906077,0.011049723756906077,0.0055248618784530384,0.011049723756906077,0.011049723756906077,0.022099447513812154,0.0055248618784530384,0.022099447513812154,0.011049723756906077,0.04419889502762431,0.07734806629834254,0.0055248618784530384,0.0055248618784530384,0.011049723756906077,0.011049723756906077,0.011049723756906077,0.011049723756906077,0.011049723756906077,0.0,0.049723756906077346,0.14917127071823205,0.049723756906077346,0.13812154696132597,0.0055248618784530384,0.0055248618784530384,0.0,0.0,0.0,0.0,0.0,0.022099447513812154,0.06077348066298342,0.06629834254143646,0.022099447513812154
244,0.012195121951219513,0.0,0.036585365853658534,0.012195121951219513,0.012195121951219513,0.0,0.0,0.0,0.024390243902439025,0.024390243902439025,0.0,0.024390243902439025,0.012195121951219513,0.0,0.0,0.012195121951219513,0.012195121951219513,0.0,0.012195121951219513,0.012195121951219513,0.24390243902439024,0.024390243902439025,0.012195121951219513,0.012195121951219513,0.0,0.0,0.024390243902439025,0.012195121951219513,0.0,0.012195121951219513,0.07317073170731707,0.0,0.024390243902439025,0.012195121951219513,0.012195121951219513,0.0,0.012195121951219513,0.0,0.0,0.0,0.0,0.0,0.0,0.3048780487804878,0.012195121951219513,0.0
245,0.0392156862745098,0.058823529411764705,0.0392156862745098,0.058823529411764705,0.058823529411764705,0.0784313725490196,0.0392156862745098,0.11764705882352941,0.0196078431372549,0.058823529411764705,0.09803921568627451,0.058823529411764705,0.058823529411764705,0.13725490196078433,0.058823529411764705,0.0196078431372549,0.0,0.0,0.0,0.0,0.0,0.0,0.0,0.0,0.0,0.0,0.0,0.0,0.0,0.0,0.0,0.0,0.0,0.0,0.0,0.0,0.0,0.0,0.0,0.0,0.0,0.0,0.0,0.0,0.0,0.0
246,0.0,0.0,0.0,0.034482758620689655,0.0,0.0,0.0,0.0,0.0,0.0,0.0,0.0,0.0,0.0,0.9137931034482759,0.034482758620689655,0.0,0.0,0.0,0.0,0.0,0.0,0.017241379310344827,0.0,0.0,0.0,0.0,0.0,0.0,0.0,0.0,0.0,0.0,0.0,0.0,0.0,0.0,0.0,0.0,0.0,0.0,0.0,0.0,0.0,0.0,0.0
247,0.0,0.030303030303030304,0.0,0.0,0.0,0.030303030303030304,0.0,0.0,0.24242424242424243,0.0,0.0,0.0,0.0,0.015151515151515152,0.0,0.0,0.030303030303030304,0.030303030303030304,0.015151515151515152,0.0,0.030303030303030304,0.3484848484848485,0.06060606060606061,0.030303030303030304,0.0,0.0,0.0,0.0,0.045454545454545456,0.015151515151515152,0.0,0.0,0.015151515151515152,0.045454545454545456,0.015151515151515152,0.0,0.0,0.0,0.0,0.0,0.0,0.0,0.0,0.0,0.0,0.0
248,0.0,0.0,0.0,0.01,0.0,0.01,0.01,0.03,0.0,0.0,0.02,0.01,0.0,0.0,0.0,0.06,0.3,0.0,0.01,0.04,0.01,0.0,0.08,0.04,0.0,0.02,0.23,0.02,0.02,0.0,0.0,0.02,0.03,0.01,0.02,0.0,0.0,0.0,0.0,0.0,0.0,0.0,0.0,0.0,0.0,0.0
249,0.0,0.014492753623188406,0.2608695652173913,0.10144927536231885,0.0,0.014492753623188406,0.0,0.014492753623188406,0.0,0.014492753623188406,0.043478260869565216,0.014492753623188406,0.014492753623188406,0.0,0.014492753623188406,0.0,0.057971014492753624,0.014492753623188406,0.0,0.028985507246376812,0.014492753623188406,0.0,0.0,0.11594202898550725,0.0,0.0,0.057971014492753624,0.0,0.0,0.0,0.0,0.0,0.10144927536231885,0.014492753623188406,0.0,0.0,0.0,0.0,0.0,0.0,0.0,0.014492753623188406,0.0,0.014492753623188406,0.043478260869565216,0.014492753623188406
250,0.0,0.012195121951219513,0.036585365853658534,0.0,0.0,0.024390243902439025,0.0,0.024390243902439025,0.0,0.0,0.012195121951219513,0.10975609756097561,0.036585365853658534,0.036585365853658534,0.012195121951219513,0.036585365853658534,0.0,0.036585365853658534,0.012195121951219513,0.0,0.012195121951219513,0.0,0.012195121951219513,0.5,0.0,0.0,0.0,0.0,0.0,0.0,0.024390243902439025,0.012195121951219513,0.0,0.024390243902439025,0.0,0.0,0.0,0.0,0.0,0.0,0.0,0.0,0.0,0.012195121951219513,0.012195121951219513,0.0
251,0.0,0.0,0.0,0.028169014084507043,0.014084507042253521,0.0,0.014084507042253521,0.028169014084507043,0.04225352112676056,0.0,0.0,0.0,0.0,0.0,0.014084507042253521,0.7183098591549296,0.0,0.0,0.0,0.028169014084507043,0.0,0.014084507042253521,0.014084507042253521,0.0,0.0,0.028169014084507043,0.014084507042253521,0.0,0.0,0.028169014084507043,0.0,0.0,0.0,0.0,0.0,0.0,0.0,0.0,0.0,0.0,0.0,0.0,0.014084507042253521,0.0,0.0,0.0
252,0.0,0.07692307692307693,0.0641025641025641,0.0,0.02564102564102564,0.01282051282051282,0.0,0.0,0.0,0.02564102564102564,0.01282051282051282,0.01282051282051282,0.01282051282051282,0.02564102564102564,0.01282051282051282,0.01282051282051282,0.19230769230769232,0.0,0.0,0.0,0.01282051282051282,0.0,0.01282051282051282,0.0,0.0,0.02564102564102564,0.01282051282051282,0.02564102564102564,0.01282051282051282,0.358974358974359,0.0,0.01282051282051282,0.01282051282051282,0.0,0.0,0.0,0.0,0.0,0.0,0.0,0.0,0.02564102564102564,0.0,0.0,0.0,0.0
253,0.017391304347826087,0.017391304347826087,0.008695652173913044,0.034782608695652174,0.017391304347826087,0.0,0.034782608695652174,0.05217391304347826,0.008695652173913044,0.034782608695652174,0.008695652173913044,0.0,0.008695652173913044,0.0,0.02608695652173913,0.0782608695652174,0.0,0.043478260869565216,0.008695652173913044,0.017391304347826087,0.008695652173913044,0.02608695652173913,0.034782608695652174,0.043478260869565216,0.0,0.017391304347826087,0.017391304347826087,0.06956521739130435,0.017391304347826087,0.017391304347826087,0.008695652173913044,0.043478260869565216,0.05217391304347826,0.09565217391304348,0.05217391304347826,0.008695652173913044,0.0,0.0,0.0,0.0,0.008695652173913044,0.008695652173913044,0.043478260869565216,0.0,0.008695652173913044,0.0
254,0.0,0.0,0.0,0.0,0.0,0.01818181818181818,0.0,0.0,0.0,0.03636363636363636,0.0,0.0,0.0,0.0,0.0,0.01818181818181818,0.0,0.0,0.0,0.0,0.0,0.0,0.0,0.0,0.0,0.0,0.0,0.0,0.0,0.01818181818181818,0.0,0.0,0.32727272727272727,0.5636363636363636,0.0,0.0,0.0,0.0,0.0,0.0,0.0,0.0,0.0,0.0,0.01818181818181818,0.0
255,0.0,0.05714285714285714,0.014285714285714285,0.12857142857142856,0.014285714285714285,0.014285714285714285,0.02857142857142857,0.04285714285714286,0.08571428571428572,0.08571428571428572,0.0,0.04285714285714286,0.0,0.07142857142857142,0.07142857142857142,0.0,0.02857142857142857,0.0,0.0,0.0,0.05714285714285714,0.02857142857142857,0.0,0.0,0.0,0.0,0.014285714285714285,0.02857142857142857,0.014285714285714285,0.02857142857142857,0.0,0.0,0.0,0.07142857142857142,0.0,0.0,0.0,0.0,0.0,0.0,0.0,0.0,0.0,0.0,0.014285714285714285,0.05714285714285714
256,0.0,0.0,0.011235955056179775,0.0,0.0,0.011235955056179775,0.0,0.0,0.0449438202247191,0.033707865168539325,0.0,0.0,0.0,0.0449438202247191,0.02247191011235955,0.056179775280898875,0.033707865168539325,0.0,0.011235955056179775,0.0,0.0,0.0,0.0,0.10112359550561797,0.0449438202247191,0.1348314606741573,0.011235955056179775,0.0,0.06741573033707865,0.056179775280898875,0.011235955056179775,0.011235955056179775,0.02247191011235955,0.0,0.02247191011235955,0.0,0.0,0.0,0.0,0.0,0.0,0.011235955056179775,0.0,0.2247191011235955,0.011235955056179775,0.0
257,0.0,0.0,0.0,0.014925373134328358,0.07462686567164178,0.029850746268656716,0.0,0.04477611940298507,0.014925373134328358,0.029850746268656716,0.029850746268656716,0.0,0.014925373134328358,0.0,0.0,0.0,0.0,0.0,0.07462686567164178,0.014925373134328358,0.029850746268656716,0.0,0.08955223880597014,0.014925373134328358,0.04477611940298507,0.05970149253731343,0.05970149253731343,0.0,0.1791044776119403,0.0,0.08955223880597014,0.05970149253731343,0.0,0.0,0.014925373134328358,0.014925373134328358,0.0,0.0,0.0,0.0,0.0,0.0,0.0,0.0,0.0,0.0
258,0.014285714285714285,0.04285714285714286,0.0,0.6857142857142857,0.014285714285714285,0.0,0.04285714285714286,0.0,0.0,0.0,0.0,0.0,0.02857142857142857,0.0,0.0,0.014285714285714285,0.0,0.0,0.0,0.0,0.0,0.02857142857142857,0.014285714285714285,0.014285714285714285,0.0,0.014285714285714285,0.0,0.0,0.0,0.0,0.04285714285714286,0.02857142857142857,0.0,0.0,0.0,0.0,0.0,0.0,0.0,0.0,0.014285714285714285,0.0,0.0,0.0,0.0,0.0
259,0.0,0.0,0.0,0.0,0.0,0.0,0.0,0.0,0.0,0.0,0.0,0.0,0.0,0.0,0.0,0.9387755102040817,0.04081632653061224,0.0,0.0,0.0,0.0,0.0,0.0,0.0,0.0,0.0,0.0,0.0,0.0,0.02040816326530612,0.0,0.0,0.0,0.0,0.0,0.0,0.0,0.0,0.0,0.0,0.0,0.0,0.0,0.0,0.0,0.0
260,0.0,0.010309278350515464,0.010309278350515464,0.010309278350515464,0.0,0.010309278350515464,0.0,0.010309278350515464,0.010309278350515464,0.010309278350515464,0.0,0.020618556701030927,0.0,0.020618556701030927,0.0,0.010309278350515464,0.010309278350515464,0.010309278350515464,0.0,0.0,0.041237113402061855,0.010309278350515464,0.030927835051546393,0.0,0.0,0.020618556701030927,0.010309278350515464,0.010309278350515464,0.010309278350515464,0.0,0.0,0.020618556701030927,0.0,0.010309278350515464,0.020618556701030927,0.010309278350515464,0.0,0.0,0.0,0.0,0.0,0.4948453608247423,0.1134020618556701,0.0,0.010309278350515464,0.041237113402061855
261,0.0,0.016666666666666666,0.016666666666666666,0.0,0.016666666666666666,0.0,0.0,0.18333333333333332,0.0,0.016666666666666666,0.0,0.0,0.0,0.016666666666666666,0.0,0.0,0.0,0.0,0.0,0.0,0.0,0.0,0.0,0.6166666666666667,0.05,0.0,0.03333333333333333,0.0,0.0,0.0,0.0,0.0,0.03333333333333333,0.0,0.0,0.0,0.0,0.0,0.0,0.0,0.0,0.0,0.0,0.0,0.0,0.0
262,0.0,0.0,0.0,0.0,0.0,0.0,0.0,0.0,0.015384615384615385,0.0,0.0,0.0,0.0,0.0,0.0,0.0,0.0,0.0,0.0,0.15384615384615385,0.015384615384615385,0.0,0.6307692307692307,0.03076923076923077,0.0,0.0,0.06153846153846154,0.0,0.0,0.0,0.0,0.06153846153846154,0.0,0.015384615384615385,0.015384615384615385,0.0,0.0,0.0,0.0,0.0,0.0,0.0,0.0,0.0,0.0,0.0
263,0.0,0.0,0.016666666666666666,0.03333333333333333,0.0,0.5166666666666667,0.0,0.0,0.03333333333333333,0.0,0.016666666666666666,0.0,0.0,0.0,0.0,0.016666666666666666,0.016666666666666666,0.0,0.0,0.0,0.016666666666666666,0.0,0.15,0.03333333333333333,0.0,0.0,0.016666666666666666,0.03333333333333333,0.0,0.0,0.0,0.016666666666666666,0.0,0.016666666666666666,0.03333333333333333,0.0,0.0,0.0,0.0,0.0,0.0,0.0,0.0,0.0,0.0,0.03333333333333333
264,0.0,0.0,0.0,0.0,0.0,0.0,0.0,0.0,0.0,0.06153846153846154,0.0,0.0,0.0,0.0,0.0,0.015384615384615385,0.0,0.676923076923077,0.12307692307692308,0.015384615384615385,0.0,0.0,0.0,0.015384615384615385,0.0,0.015384615384615385,0.0,0.0,0.0,0.0,0.0,0.0,0.0,0.0,0.046153846153846156,0.0,0.0,0.0,0.0,0.03076923076923077,0.0,0.0,0.0,0.0,0.0,0.0
265,0.0,0.0,0.0,0.017543859649122806,0.017543859649122806,0.0,0.017543859649122806,0.0,0.017543859649122806,0.0,0.017543859649122806,0.6491228070175439,0.0,0.05263157894736842,0.017543859649122806,0.0,0.0,0.0,0.017543859649122806,0.0,0.0,0.03508771929824561,0.017543859649122806,0.0,0.0,0.0,0.0,0.017543859649122806,0.017543859649122806,0.017543859649122806,0.017543859649122806,0.0,0.0,0.0,0.017543859649122806,0.0,0.0,0.0,0.0,0.0,0.0,0.0,0.0,0.0,0.03508771929824561,0.0
266,0.020833333333333332,0.10416666666666667,0.041666666666666664,0.0625,0.0625,0.0625,0.020833333333333332,0.08333333333333333,0.041666666666666664,0.041666666666666664,0.0625,0.0625,0.0625,0.0625,0.16666666666666666,0.041666666666666664,0.0,0.0,0.0,0.0,0.0,0.0,0.0,0.0,0.0,0.0,0.0,0.0,0.0,0.0,0.0,0.0,0.0,0.0,0.0,0.0,0.0,0.0,0.0,0.0,0.0,0.0,0.0,0.0,0.0,0.0
267,0.0,0.0,0.0,0.0,0.0,0.010869565217391304,0.010869565217391304,0.021739130434782608,0.010869565217391304,0.0,0.010869565217391304,0.06521739130434782,0.0,0.010869565217391304,0.0,0.0,0.010869565217391304,0.0,0.010869565217391304,0.0,0.021739130434782608,0.021739130434782608,0.010869565217391304,0.0,0.03260869565217391,0.0,0.0,0.0,0.021739130434782608,0.010869565217391304,0.0,0.08695652173913043,0.14130434782608695,0.0,0.06521739130434782,0.0,0.0,0.0,0.0,0.0,0.0,0.13043478260869565,0.16304347826086957,0.10869565217391304,0.021739130434782608,0.0
268,0.0,0.0,0.08571428571428572,0.02857142857142857,0.07142857142857142,0.0,0.0,0.014285714285714285,0.11428571428571428,0.02857142857142857,0.0,0.0,0.02857142857142857,0.07142857142857142,0.12857142857142856,0.0,0.02857142857142857,0.05714285714285714,0.0,0.0,0.0,0.014285714285714285,0.07142857142857142,0.0,0.11428571428571428,0.0,0.05714285714285714,0.02857142857142857,0.0,0.0,0.0,0.014285714285714285,0.0,0.0,0.0,0.014285714285714285,0.0,0.0,0.0,0.0,0.0,0.0,0.02857142857142857,0.0,0.0,0.0
269,0.0,0.016666666666666666,0.0,0.0,0.0,0.016666666666666666,0.0,0.016666666666666666,0.0,0.03333333333333333,0.016666666666666666,0.0,0.0,0.0,0.0,0.0,0.016666666666666666,0.0,0.016666666666666666,0.0,0.0,0.016666666666666666,0.0,0.0,0.08333333333333333,0.0,0.0,0.0,0.0,0.0,0.016666666666666666,0.0,0.016666666666666666,0.03333333333333333,0.016666666666666666,0.0,0.0,0.0,0.0,0.0,0.0,0.6666666666666666,0.016666666666666666,0.0,0.0,0.0
270,0.0,0.0,0.0,0.0,0.017857142857142856,0.017857142857142856,0.0,0.017857142857142856,0.017857142857142856,0.0,0.05357142857142857,0.0,0.0,0.0,0.0,0.0,0.0,0.0,0.0,0.0,0.0,0.017857142857142856,0.017857142857142856,0.017857142857142856,0.0,0.0,0.0,0.0,0.0,0.0,0.0,0.0,0.0,0.0,0.0,0.0,0.0,0.0,0.0,0.0,0.0,0.0,0.0,0.8214285714285714,0.0,0.0
271,0.0,0.0,0.0,0.0,0.0,0.0,0.0,0.0,0.0,0.0,0.0,0.0,0.0,0.0,0.0,0.0,0.0,0.0,0.0,0.0,0.0,0.0,0.42857142857142855,0.5714285714285714,0.0,0.0,0.0,0.0,0.0,0.0,0.0,0.0,0.0,0.0,0.0,0.0,0.0,0.0,0.0,0.0,0.0,0.0,0.0,0.0,0.0,0.0
272,0.0425531914893617,0.0425531914893617,0.0425531914893617,0.06382978723404255,0.0851063829787234,0.10638297872340426,0.02127659574468085,0.1276595744680851,0.06382978723404255,0.06382978723404255,0.06382978723404255,0.0425531914893617,0.0425531914893617,0.06382978723404255,0.06382978723404255,0.06382978723404255,0.0,0.0,0.0,0.0,0.0,0.0,0.0,0.0,0.0,0.0,0.0,0.0,0.0,0.0,0.0,0.0,0.0,0.0,0.0,0.0,0.0,0.0,0.0,0.0,0.0,0.0,0.0,0.0,0.0,0.0
273,0.0,0.06382978723404255,0.06382978723404255,0.02127659574468085,0.0851063829787234,0.06382978723404255,0.06382978723404255,0.02127659574468085,0.06382978723404255,0.1702127659574468,0.06382978723404255,0.06382978723404255,0.0851063829787234,0.06382978723404255,0.06382978723404255,0.0425531914893617,0.0,0.0,0.0,0.0,0.0,0.0,0.0,0.0,0.0,0.0,0.0,0.0,0.0,0.0,0.0,0.0,0.0,0.0,0.0,0.0,0.0,0.0,0.0,0.0,0.0,0.0,0.0,0.0,0.0,0.0
274,0.0,0.0,0.0,0.017857142857142856,0.017857142857142856,0.0,0.0,0.017857142857142856,0.0,0.0,0.0,0.017857142857142856,0.0,0.0,0.0,0.0,0.0,0.0,0.05357142857142857,0.0,0.0,0.03571428571428571,0.017857142857142856,0.0,0.0,0.0,0.0,0.6428571428571429,0.0,0.0,0.14285714285714285,0.0,0.0,0.0,0.0,0.0,0.0,0.0,0.0,0.0,0.0,0.0,0.0,0.03571428571428571,0.0,0.0
275,0.0,0.0,0.08620689655172414,0.0,0.0,0.017241379310344827,0.0,0.0,0.0,0.1724137931034483,0.017241379310344827,0.0,0.0,0.0,0.0,0.0,0.017241379310344827,0.0,0.0,0.0,0.0,0.0,0.1206896551724138,0.0,0.0,0.0,0.017241379310344827,0.0,0.0,0.0,0.0,0.0,0.5344827586206896,0.0,0.017241379310344827,0.0,0.0,0.0,0.0,0.0,0.0,0.0,0.0,0.0,0.0,0.0
276,0.007407407407407408,0.022222222222222223,0.044444444444444446,0.007407407407407408,0.007407407407407408,0.014814814814814815,0.007407407407407408,0.022222222222222223,0.014814814814814815,0.022222222222222223,0.007407407407407408,0.007407407407407408,0.007407407407407408,0.014814814814814815,0.0,0.022222222222222223,0.02962962962962963,0.022222222222222223,0.02962962962962963,0.05185185185185185,0.022222222222222223,0.0962962962962963,0.02962962962962963,0.05925925925925926,0.014814814814814815,0.044444444444444446,0.13333333333333333,0.007407407407407408,0.0,0.0,0.06666666666666667,0.037037037037037035,0.007407407407407408,0.022222222222222223,0.022222222222222223,0.007407407407407408,0.0,0.0,0.0,0.0,0.0,0.0,0.007407407407407408,0.014814814814814815,0.037037037037037035,0.007407407407407408
277,0.0,0.0,0.0,0.0,0.013888888888888888,0.0,0.0,0.0,0.013888888888888888,0.041666666666666664,0.013888888888888888,0.013888888888888888,0.0,0.041666666666666664,0.013888888888888888,0.0,0.013888888888888888,0.0,0.0,0.0,0.0,0.20833333333333334,0.013888888888888888,0.027777777777777776,0.013888888888888888,0.013888888888888888,0.013888888888888888,0.0,0.0,0.041666666666666664,0.013888888888888888,0.0,0.013888888888888888,0.041666666666666664,0.25,0.041666666666666664,0.0,0.0,0.0,0.0,0.0,0.0,0.013888888888888888,0.013888888888888888,0.0,0.1111111111111111
278,0.0,0.0,0.09782608695652174,0.0,0.05434782608695652,0.010869565217391304,0.0,0.010869565217391304,0.010869565217391304,0.0,0.11956521739130435,0.021739130434782608,0.010869565217391304,0.010869565217391304,0.0,0.010869565217391304,0.0,0.010869565217391304,0.010869565217391304,0.0,0.0,0.021739130434782608,0.043478260869565216,0.391304347826087,0.03260869565217391,0.010869565217391304,0.010869565217391304,0.0,0.043478260869565216,0.0,0.0,0.021739130434782608,0.0,0.021739130434782608,0.0,0.0,0.0,0.0,0.0,0.0,0.0,0.010869565217391304,0.010869565217391304,0.0,0.0,0.0
279,0.0,0.017241379310344827,0.0,0.0,0.0,0.0,0.0,0.27586206896551724,0.27586206896551724,0.034482758620689655,0.0,0.0,0.0,0.0,0.017241379310344827,0.0,0.0,0.034482758620689655,0.0,0.017241379310344827,0.0,0.0,0.0,0.0,0.0,0.0,0.0,0.0,0.017241379310344827,0.0,0.10344827586206896,0.0,0.034482758620689655,0.06896551724137931,0.06896551724137931,0.017241379310344827,0.0,0.0,0.0,0.017241379310344827,0.0,0.0,0.0,0.0,0.0,0.0
280,0.0,0.014285714285714285,0.08571428571428572,0.014285714285714285,0.34285714285714286,0.014285714285714285,0.07142857142857142,0.0,0.0,0.17142857142857143,0.0,0.02857142857142857,0.0,0.0,0.0,0.0,0.05714285714285714,0.0,0.0,0.04285714285714286,0.0,0.014285714285714285,0.0,0.04285714285714286,0.0,0.0,0.014285714285714285,0.0,0.02857142857142857,0.0,0.0,0.014285714285714285,0.0,0.02857142857142857,0.0,0.0,0.0,0.0,0.0,0.0,0.0,0.0,0.0,0.014285714285714285,0.0,0.0
281,0.0,0.0,0.0,0.0,0.0,0.0,0.0,0.0,0.08064516129032258,0.11290322580645161,0.0,0.0,0.0,0.0,0.0,0.0,0.0,0.0,0.0,0.25806451612903225,0.27419354838709675,0.0,0.0,0.0,0.0,0.0,0.0,0.0,0.0,0.0,0.016129032258064516,0.0,0.0,0.1935483870967742,0.0,0.0,0.0,0.0,0.0,0.0,0.0,0.0,0.0,0.0,0.06451612903225806,0.0
282,0.01904761904761905,0.009523809523809525,0.0380952380952381,0.01904761904761905,0.009523809523809525,0.01904761904761905,0.11428571428571428,0.0,0.01904761904761905,0.01904761904761905,0.02857142857142857,0.009523809523809525,0.009523809523809525,0.0,0.09523809523809523,0.047619047619047616,0.0,0.009523809523809525,0.0,0.01904761904761905,0.009523809523809525,0.0,0.11428571428571428,0.0380952380952381,0.009523809523809525,0.009523809523809525,0.01904761904761905,0.009523809523809525,0.11428571428571428,0.009523809523809525,0.01904761904761905,0.01904761904761905,0.009523809523809525,0.0,0.01904761904761905,0.009523809523809525,0.0,0.0,0.0,0.0,0.0,0.0,0.01904761904761905,0.06666666666666667,0.01904761904761905,0.0
283,0.0,0.0,0.0,0.0,0.0,0.0,0.0,0.0,0.8269230769230769,0.019230769230769232,0.019230769230769232,0.0,0.0,0.0,0.0,0.019230769230769232,0.0,0.0,0.0,0.0,0.0,0.0,0.019230769230769232,0.0,0.0,0.0,0.019230769230769232,0.057692307692307696,0.0,0.0,0.0,0.0,0.0,0.0,0.0,0.0,0.0,0.0,0.0,0.0,0.0,0.0,0.0,0.0,0.019230769230769232,0.0
284,0.0,0.0,0.0,0.011904761904761904,0.0,0.03571428571428571,0.0,0.011904761904761904,0.011904761904761904,0.0,0.11904761904761904,0.0,0.0,0.0,0.0,0.05952380952380952,0.0,0.011904761904761904,0.011904761904761904,0.011904761904761904,0.047619047619047616,0.05952380952380952,0.023809523809523808,0.0,0.21428571428571427,0.03571428571428571,0.023809523809523808,0.047619047619047616,0.023809523809523808,0.0,0.0,0.09523809523809523,0.011904761904761904,0.011904761904761904,0.023809523809523808,0.07142857142857142,0.0,0.0,0.0,0.0,0.0,0.0,0.011904761904761904,0.011904761904761904,0.0,0.0
285,0.0,0.1724137931034483,0.06896551724137931,0.0,0.022988505747126436,0.0,0.0,0.011494252873563218,0.0,0.0,0.011494252873563218,0.0,0.0,0.011494252873563218,0.10344827586206896,0.0,0.011494252873563218,0.0,0.0,0.0,0.0,0.0,0.0,0.034482758620689655,0.034482758620689655,0.1839080459770115,0.022988505747126436,0.0,0.04597701149425287,0.0,0.09195402298850575,0.06896551724137931,0.0,0.022988505747126436,0.0,0.011494252873563218,0.0,0.0,0.0,0.0,0.0,0.0,0.0,0.05747126436781609,0.011494252873563218,0.0
286,0.03508771929824561,0.0,0.0,0.008771929824561403,0.017543859649122806,0.0,0.0,0.02631578947368421,0.008771929824561403,0.043859649122807015,0.017543859649122806,0.017543859649122806,0.008771929824561403,0.017543859649122806,0.017543859649122806,0.008771929824561403,0.017543859649122806,0.017543859649122806,0.017543859649122806,0.008771929824561403,0.0,0.008771929824561403,0.043859649122807015,0.07017543859649122,0.03508771929824561,0.008771929824561403,0.3508771929824561,0.02631578947368421,0.008771929824561403,0.008771929824561403,0.043859649122807015,0.017543859649122806,0.02631578947368421,0.017543859649122806,0.017543859649122806,0.008771929824561403,0.0,0.0,0.0,0.0,0.0,0.008771929824561403,0.0,0.008771929824561403,0.0,0.0
287,0.0,0.0,0.0,0.03773584905660377,0.0,0.0,0.0,0.0,0.0,0.07547169811320754,0.018867924528301886,0.0,0.0,0.0,0.0,0.018867924528301886,0.0,0.0,0.0,0.16981132075471697,0.16981132075471697,0.0,0.0,0.41509433962264153,0.0,0.03773584905660377,0.0,0.018867924528301886,0.0,0.0,0.0,0.0,0.0,0.0,0.018867924528301886,0.018867924528301886,0.0,0.0,0.0,0.0,0.0,0.0,0.0,0.0,0.0,0.0
288,0.0,0.0,0.01818181818181818,0.0,0.0,0.0,0.0,0.03636363636363636,0.0,0.32727272727272727,0.0,0.07272727272727272,0.0,0.01818181818181818,0.07272727272727272,0.01818181818181818,0.0,0.0,0.0,0.03636363636363636,0.0,0.0,0.0,0.0,0.0,0.01818181818181818,0.10909090909090909,0.0,0.0,0.01818181818181818,0.0,0.0,0.0,0.0,0.0,0.0,0.0,0.0,0.0,0.0,0.0,0.0,0.14545454545454545,0.01818181818181818,0.09090909090909091,0.0
289,0.02040816326530612,0.0,0.030612244897959183,0.02040816326530612,0.01020408163265306,0.1836734693877551,0.01020408163265306,0.0,0.01020408163265306,0.0,0.0,0.11224489795918367,0.061224489795918366,0.0,0.01020408163265306,0.04081632653061224,0.02040816326530612,0.0,0.01020408163265306,0.02040816326530612,0.0,0.02040816326530612,0.05102040816326531,0.12244897959183673,0.02040816326530612,0.05102040816326531,0.02040816326530612,0.04081632653061224,0.0,0.02040816326530612,0.01020408163265306,0.0,0.0,0.0,0.0,0.0,0.0,0.01020408163265306,0.01020408163265306,0.0,0.01020408163265306,0.0,0.01020408163265306,0.01020408163265306,0.030612244897959183,0.0
290,0.0,0.0,0.0,0.0,0.0,0.0,0.0,0.0,0.0,0.0,0.0,0.0,0.0,0.0,0.0,0.018518518518518517,0.0,0.0,0.0,0.0,0.0,0.0,0.0,0.0,0.018518518518518517,0.0,0.0,0.0,0.0,0.018518518518518517,0.0,0.0,0.0,0.018518518518518517,0.7962962962962963,0.0,0.0,0.0,0.0,0.0,0.0,0.0,0.0,0.07407407407407407,0.05555555555555555,0.0
291,0.0,0.0,0.015625,0.078125,0.0,0.0,0.015625,0.0,0.09375,0.09375,0.0,0.0,0.015625,0.0,0.0,0.03125,0.015625,0.0,0.0,0.0,0.0,0.015625,0.0,0.0,0.484375,0.046875,0.015625,0.0,0.015625,0.0,0.0,0.03125,0.015625,0.015625,0.0,0.0,0.0,0.0,0.0,0.0,0.0,0.0,0.0,0.0,0.0,0.0
292,0.10526315789473684,0.03508771929824561,0.2807017543859649,0.0,0.07017543859649122,0.0,0.22807017543859648,0.05263157894736842,0.03508771929824561,0.017543859649122806,0.0,0.03508771929824561,0.07017543859649122,0.017543859649122806,0.017543859649122806,0.0,0.0,0.0,0.017543859649122806,0.0,0.0,0.0,0.0,0.0,0.0,0.017543859649122806,0.0,0.0,0.0,0.0,0.0,0.0,0.0,0.0,0.0,0.0,0.0,0.0,0.0,0.0,0.0,0.0,0.0,0.0,0.0,0.0
293,0.0,0.0,0.01818181818181818,0.0,0.0,0.03636363636363636,0.0,0.07272727272727272,0.09090909090909091,0.45454545454545453,0.01818181818181818,0.0,0.0,0.0,0.0,0.0,0.03636363636363636,0.0,0.0,0.07272727272727272,0.01818181818181818,0.0,0.01818181818181818,0.01818181818181818,0.0,0.01818181818181818,0.0,0.01818181818181818,0.0,0.0,0.0,0.0,0.01818181818181818,0.01818181818181818,0.05454545454545454,0.0,0.01818181818181818,0.0,0.0,0.0,0.0,0.0,0.0,0.0,0.0,0.0
294,0.0,0.0,0.0,0.057692307692307696,0.0,0.0,0.0,0.0,0.0,0.0,0.28846153846153844,0.0,0.0,0.0,0.0,0.0,0.0,0.019230769230769232,0.0,0.0,0.19230769230769232,0.0,0.0,0.0,0.019230769230769232,0.0,0.0,0.0,0.09615384615384616,0.0,0.09615384615384616,0.019230769230769232,0.019230769230769232,0.0,0.09615384615384616,0.038461538461538464,0.0,0.0,0.0,0.019230769230769232,0.019230769230769232,0.0,0.0,0.0,0.0,0.019230769230769232
295,0.0,0.05555555555555555,0.0,0.018518518518518517,0.0,0.018518518518518517,0.037037037037037035,0.2222222222222222,0.2037037037037037,0.0,0.0,0.0,0.0,0.0,0.0,0.0,0.0,0.0,0.018518518518518517,0.18518518518518517,0.16666666666666666,0.0,0.018518518518518517,0.018518518518518517,0.0,0.018518518518518517,0.0,0.0,0.018518518518518517,0.0,0.0,0.0,0.0,0.0,0.0,0.0,0.0,0.0,0.0,0.0,0.0,0.0,0.0,0.0,0.0,0.0
296,0.0,0.13333333333333333,0.2,0.0,0.0,0.0,0.0,0.0,0.0,0.0,0.013333333333333334,0.013333333333333334,0.0,0.08,0.04,0.0,0.0,0.0,0.0,0.04,0.013333333333333334,0.0,0.0,0.013333333333333334,0.0,0.24,0.12,0.0,0.0,0.013333333333333334,0.0,0.04,0.0,0.0,0.0,0.0,0.0,0.0,0.0,0.0,0.0,0.013333333333333334,0.0,0.02666666666666667,0.0,0.0
297,0.0,0.01639344262295082,0.0,0.03278688524590164,0.0,0.0,0.0,0.0,0.01639344262295082,0.0,0.01639344262295082,0.01639344262295082,0.0,0.0,0.0,0.0,0.03278688524590164,0.7049180327868853,0.0,0.0,0.0,0.0,0.09836065573770492,0.0,0.0,0.0,0.03278688524590164,0.01639344262295082,0.0,0.0,0.0,0.0,0.0,0.0,0.0,0.0,0.0,0.0,0.0,0.0,0.0,0.01639344262295082,0.0,0.0,0.0,0.0
298,0.01020408163265306,0.0,0.0,0.01020408163265306,0.0,0.0,0.0,0.0,0.0,0.01020408163265306,0.02040816326530612,0.01020408163265306,0.0,0.0,0.01020408163265306,0.0,0.0,0.0,0.0,0.0,0.01020408163265306,0.01020408163265306,0.01020408163265306,0.0,0.030612244897959183,0.0,0.0,0.01020408163265306,0.0,0.0,0.0,0.01020408163265306,0.7755102040816326,0.01020408163265306,0.02040816326530612,0.02040816326530612,0.0,0.0,0.0,0.0,0.0,0.0,0.0,0.02040816326530612,0.0,0.0
299,0.0,0.0,0.0,0.041666666666666664,0.0,0.0,0.0,0.020833333333333332,0.08333333333333333,0.2708333333333333,0.020833333333333332,0.0,0.0,0.0,0.125,0.22916666666666666,0.0,0.0,0.0,0.020833333333333332,0.041666666666666664,0.0,0.0,0.020833333333333332,0.0,0.020833333333333332,0.08333333333333333,0.020833333333333332,0.0,0.0,0.0,0.0,0.0,0.0,0.0,0.0,0.0,0.0,0.0,0.0,0.0,0.0,0.0,0.0,0.0,0.0
300,0.008928571428571428,0.008928571428571428,0.008928571428571428,0.008928571428571428,0.008928571428571428,0.017857142857142856,0.4732142857142857,0.026785714285714284,0.008928571428571428,0.008928571428571428,0.017857142857142856,0.0,0.008928571428571428,0.0,0.026785714285714284,0.03571428571428571,0.0,0.0,0.0,0.0,0.017857142857142856,0.0,0.026785714285714284,0.008928571428571428,0.008928571428571428,0.0625,0.026785714285714284,0.017857142857142856,0.008928571428571428,0.026785714285714284,0.008928571428571428,0.008928571428571428,0.026785714285714284,0.017857142857142856,0.008928571428571428,0.0,0.0,0.0,0.0,0.0,0.0,0.0,0.0,0.017857142857142856,0.026785714285714284,0.008928571428571428
301,0.0,0.03333333333333333,0.1,0.0,0.0,0.26666666666666666,0.0,0.03333333333333333,0.0,0.03333333333333333,0.016666666666666666,0.03333333333333333,0.0,0.03333333333333333,0.0,0.016666666666666666,0.016666666666666666,0.0,0.0,0.0,0.0,0.0,0.15,0.016666666666666666,0.0,0.016666666666666666,0.016666666666666666,0.0,0.06666666666666667,0.03333333333333333,0.0,0.0,0.0,0.016666666666666666,0.0,0.0,0.0,0.0,0.0,0.0,0.0,0.0,0.0,0.05,0.05,0.0
302,0.0,0.0,0.0,0.0,0.014925373134328358,0.0,0.0,0.0,0.014925373134328358,0.014925373134328358,0.0,0.0,0.0,0.0,0.0,0.014925373134328358,0.5074626865671642,0.23880597014925373,0.0,0.0,0.0,0.0,0.014925373134328358,0.0,0.0,0.0,0.0,0.04477611940298507,0.0,0.0,0.0,0.0,0.0,0.014925373134328358,0.11940298507462686,0.0,0.0,0.0,0.0,0.0,0.0,0.0,0.0,0.0,0.0,0.0
303,0.0,0.0,0.0,0.0,0.0,0.0,0.0196078431372549,0.0,0.0,0.0,0.0,0.0,0.0,0.0,0.0196078431372549,0.0,0.0,0.0,0.0,0.0,0.0,0.0,0.0,0.0392156862745098,0.0,0.0,0.0,0.0,0.8431372549019608,0.0196078431372549,0.0196078431372549,0.0196078431372549,0.0,0.0,0.0,0.0,0.0,0.0,0.0,0.0,0.0,0.0,0.0196078431372549,0.0,0.0,0.0
304,0.016666666666666666,0.016666666666666666,0.016666666666666666,0.0,0.0,0.0,0.016666666666666666,0.0,0.016666666666666666,0.016666666666666666,0.03333333333333333,0.0,0.06666666666666667,0.15,0.016666666666666666,0.0,0.0,0.0,0.016666666666666666,0.03333333333333333,0.0,0.0,0.0,0.15,0.016666666666666666,0.0,0.35,0.0,0.016666666666666666,0.0,0.0,0.03333333333333333,0.0,0.0,0.016666666666666666,0.0,0.0,0.0,0.0,0.0,0.0,0.0,0.0,0.0,0.0,0.0
305,0.011363636363636364,0.26136363636363635,0.056818181818181816,0.011363636363636364,0.0,0.0,0.0,0.0,0.0,0.06818181818181818,0.045454545454545456,0.0,0.056818181818181816,0.14772727272727273,0.22727272727272727,0.0,0.0,0.0,0.0,0.0,0.0,0.011363636363636364,0.022727272727272728,0.011363636363636364,0.0,0.011363636363636364,0.03409090909090909,0.0,0.011363636363636364,0.0,0.0,0.0,0.0,0.0,0.0,0.011363636363636364,0.0,0.0,0.0,0.0,0.0,0.0,0.0,0.0,0.0,0.0
306,0.011494252873563218,0.0,0.011494252873563218,0.034482758620689655,0.034482758620689655,0.0,0.0,0.034482758620689655,0.011494252873563218,0.011494252873563218,0.05747126436781609,0.0,0.0,0.0,0.011494252873563218,0.0,0.011494252873563218,0.022988505747126436,0.022988505747126436,0.022988505747126436,0.04597701149425287,0.0,0.022988505747126436,0.011494252873563218,0.0,0.5172413793103449,0.011494252873563218,0.022988505747126436,0.0,0.0,0.0,0.022988505747126436,0.022988505747126436,0.011494252873563218,0.0,0.0,0.0,0.0,0.0,0.0,0.0,0.011494252873563218,0.0,0.0,0.0,0.0
307,0.0,0.0,0.05970149253731343,0.0,0.417910447761194,0.04477611940298507,0.0,0.0,0.0,0.014925373134328358,0.014925373134328358,0.014925373134328358,0.014925373134328358,0.0,0.0,0.0,0.05970149253731343,0.014925373134328358,0.0,0.04477611940298507,0.0,0.04477611940298507,0.014925373134328358,0.0,0.014925373134328358,0.029850746268656716,0.014925373134328358,0.0,0.0,0.0,0.0,0.029850746268656716,0.0,0.0,0.0,0.0,0.0,0.0,0.0,0.0,0.0,0.08955223880597014,0.0,0.0,0.0,0.05970149253731343
308,0.0,0.0,0.0,0.0,0.019230769230769232,0.0,0.0,0.0,0.0,0.019230769230769232,0.019230769230769232,0.0,0.0,0.0,0.0,0.0,0.0,0.019230769230769232,0.0,0.0,0.0,0.8076923076923077,0.019230769230769232,0.019230769230769232,0.0,0.019230769230769232,0.0,0.0,0.0,0.0,0.0,0.038461538461538464,0.0,0.0,0.0,0.0,0.0,0.0,0.0,0.0,0.0,0.0,0.0,0.0,0.0,0.019230769230769232
309,0.0,0.0,0.0,0.0,0.0,0.0,0.24,0.04,0.42,0.0,0.0,0.0,0.0,0.0,0.0,0.0,0.0,0.0,0.0,0.0,0.04,0.0,0.0,0.04,0.0,0.0,0.0,0.0,0.02,0.04,0.0,0.0,0.1,0.0,0.04,0.0,0.0,0.0,0.0,0.0,0.0,0.0,0.0,0.0,0.0,0.02
310,0.0,0.013513513513513514,0.013513513513513514,0.0,0.013513513513513514,0.0,0.02702702702702703,0.0,0.013513513513513514,0.013513513513513514,0.0,0.013513513513513514,0.0,0.0,0.08108108108108109,0.02702702702702703,0.02702702702702703,0.04054054054054054,0.013513513513513514,0.013513513513513514,0.02702702702702703,0.013513513513513514,0.0,0.013513513513513514,0.0,0.0,0.0,0.0,0.013513513513513514,0.013513513513513514,0.0,0.05405405405405406,0.40540540540540543,0.02702702702702703,0.04054054054054054,0.0,0.0,0.0,0.0,0.0,0.0,0.0,0.02702702702702703,0.05405405405405406,0.0,0.0
311,0.0,0.0,0.0,0.2037037037037037,0.0,0.018518518518518517,0.0,0.0,0.0,0.0,0.0,0.037037037037037035,0.0,0.0,0.0,0.0,0.0,0.0,0.0,0.0,0.037037037037037035,0.05555555555555555,0.0,0.018518518518518517,0.037037037037037035,0.037037037037037035,0.0,0.05555555555555555,0.018518518518518517,0.05555555555555555,0.0,0.018518518518518517,0.037037037037037035,0.12962962962962962,0.018518518518518517,0.0,0.0,0.0,0.0,0.05555555555555555,0.07407407407407407,0.05555555555555555,0.0,0.018518518518518517,0.018518518518518517,0.0
312,0.0,0.03225806451612903,0.0,0.0,0.016129032258064516,0.016129032258064516,0.0,0.016129032258064516,0.0,0.016129032258064516,0.0,0.0,0.0,0.08064516129032258,0.04838709677419355,0.08064516129032258,0.03225806451612903,0.016129032258064516,0.0,0.0,0.016129032258064516,0.24193548387096775,0.04838709677419355,0.0,0.16129032258064516,0.03225806451612903,0.0,0.0,0.0,0.0,0.016129032258064516,0.016129032258064516,0.0,0.016129032258064516,0.0,0.0,0.0,0.0,0.0,0.0,0.0967741935483871,0.0,0.0,0.0,0.0,0.0
313,0.0,0.0,0.07017543859649122,0.017543859649122806,0.07017543859649122,0.0,0.0,0.0,0.0,0.05263157894736842,0.15789473684210525,0.0,0.0,0.0,0.0,0.017543859649122806,0.0,0.0,0.017543859649122806,0.0,0.017543859649122806,0.0,0.14035087719298245,0.017543859649122806,0.0,0.017543859649122806,0.0,0.03508771929824561,0.05263157894736842,0.0,0.017543859649122806,0.03508771929824561,0.10526315789473684,0.12280701754385964,0.0,0.0,0.0,0.0,0.0,0.0,0.017543859649122806,0.0,0.0,0.0,0.017543859649122806,0.0
314,0.0,0.0,0.041666666666666664,0.0,0.013888888888888888,0.0,0.013888888888888888,0.1111111111111111,0.0,0.041666666666666664,0.013888888888888888,0.041666666666666664,0.027777777777777776,0.0,0.2222222222222222,0.013888888888888888,0.013888888888888888,0.013888888888888888,0.027777777777777776,0.0,0.0,0.041666666666666664,0.05555555555555555,0.0,0.027777777777777776,0.013888888888888888,0.013888888888888888,0.0,0.0,0.027777777777777776,0.0,0.0,0.08333333333333333,0.0,0.013888888888888888,0.013888888888888888,0.013888888888888888,0.0,0.0,0.0,0.0,0.0,0.0,0.0,0.09722222222222222,0.0
315,0.0,0.0,0.0,0.10526315789473684,0.17543859649122806,0.017543859649122806,0.0,0.0,0.0,0.0,0.0,0.0,0.03508771929824561,0.0,0.0,0.05263157894736842,0.14035087719298245,0.017543859649122806,0.0,0.10526315789473684,0.017543859649122806,0.017543859649122806,0.0,0.12280701754385964,0.0,0.0,0.0,0.08771929824561403,0.017543859649122806,0.03508771929824561,0.0,0.017543859649122806,0.0,0.03508771929824561,0.0,0.0,0.0,0.0,0.0,0.0,0.0,0.0,0.0,0.0,0.0,0.0
316,0.0,0.0,0.0,0.047619047619047616,0.0,0.023809523809523808,0.0,0.023809523809523808,0.047619047619047616,0.0,0.8571428571428571,0.0,0.0,0.0,0.0,0.0,0.0,0.0,0.0,0.0,0.0,0.0,0.0,0.0,0.0,0.0,0.0,0.0,0.0,0.0,0.0,0.0,0.0,0.0,0.0,0.0,0.0,0.0,0.0,0.0,0.0,0.0,0.0,0.0,0.0,0.0
317,0.047619047619047616,0.09523809523809523,0.047619047619047616,0.07142857142857142,0.047619047619047616,0.07142857142857142,0.0,0.07142857142857142,0.0,0.07142857142857142,0.11904761904761904,0.11904761904761904,0.047619047619047616,0.09523809523809523,0.023809523809523808,0.07142857142857142,0.0,0.0,0.0,0.0,0.0,0.0,0.0,0.0,0.0,0.0,0.0,0.0,0.0,0.0,0.0,0.0,0.0,0.0,0.0,0.0,0.0,0.0,0.0,0.0,0.0,0.0,0.0,0.0,0.0,0.0
318,0.0,0.0,0.0,0.0,0.0,0.02,0.0,0.0,0.0,0.02,0.0,0.0,0.0,0.0,0.0,0.02,0.04,0.04,0.0,0.04,0.0,0.0,0.0,0.0,0.0,0.0,0.0,0.0,0.8,0.0,0.0,0.0,0.0,0.0,0.0,0.0,0.0,0.0,0.0,0.0,0.0,0.0,0.0,0.0,0.0,0.02
319,0.0,0.0,0.0196078431372549,0.0,0.0,0.0196078431372549,0.0,0.0,0.27450980392156865,0.13725490196078433,0.0,0.0,0.0,0.0,0.0,0.09803921568627451,0.058823529411764705,0.0,0.0,0.0,0.0196078431372549,0.0,0.0196078431372549,0.0,0.0,0.0,0.0,0.0,0.0196078431372549,0.0,0.0,0.0,0.1568627450980392,0.17647058823529413,0.0,0.0,0.0,0.0,0.0,0.0,0.0,0.0,0.0,0.0,0.0,0.0
320,0.0,0.01282051282051282,0.0,0.02564102564102564,0.02564102564102564,0.038461538461538464,0.0,0.0,0.0,0.05128205128205128,0.01282051282051282,0.01282051282051282,0.0,0.0,0.01282051282051282,0.0,0.02564102564102564,0.01282051282051282,0.0,0.01282051282051282,0.10256410256410256,0.0,0.02564102564102564,0.0641025641025641,0.02564102564102564,0.0,0.0,0.02564102564102564,0.0,0.05128205128205128,0.0,0.01282051282051282,0.0,0.02564102564102564,0.3974358974358974,0.0,0.0,0.02564102564102564,0.0,0.0,0.0,0.0,0.0,0.0,0.0,0.0
321,0.0,0.0,0.0,0.0,0.10526315789473684,0.19298245614035087,0.38596491228070173,0.0,0.03508771929824561,0.0,0.0,0.017543859649122806,0.0,0.19298245614035087,0.0,0.0,0.0,0.017543859649122806,0.0,0.0,0.0,0.0,0.0,0.0,0.0,0.017543859649122806,0.0,0.0,0.0,0.0,0.0,0.0,0.0,0.0,0.0,0.0,0.0,0.0,0.0,0.0,0.0,0.0,0.0,0.0,0.03508771929824561,0.0
322,0.0,0.0,0.0,0.01694915254237288,0.0,0.01694915254237288,0.0,0.0,0.0,0.05084745762711865,0.05084745762711865,0.01694915254237288,0.0,0.0,0.0,0.0,0.01694915254237288,0.0,0.0,0.0,0.0,0.03389830508474576,0.1016949152542373,0.0,0.0,0.01694915254237288,0.01694915254237288,0.0,0.0,0.0,0.01694915254237288,0.01694915254237288,0.06779661016949153,0.0,0.11864406779661017,0.4067796610169492,0.0,0.0,0.0,0.0,0.0,0.0,0.01694915254237288,0.01694915254237288,0.0,0.0
323,0.0,0.05454545454545454,0.0,0.01818181818181818,0.0,0.01818181818181818,0.0,0.0,0.0,0.0,0.01818181818181818,0.0,0.0,0.0,0.01818181818181818,0.0,0.0,0.01818181818181818,0.0,0.0,0.0,0.0,0.01818181818181818,0.01818181818181818,0.0,0.01818181818181818,0.01818181818181818,0.0,0.0,0.0,0.0,0.0,0.0,0.01818181818181818,0.0,0.0,0.0,0.0,0.0,0.0,0.0,0.0,0.7636363636363637,0.0,0.0,0.0
324,0.0,0.12195121951219512,0.04878048780487805,0.04878048780487805,0.07317073170731707,0.17073170731707318,0.0975609756097561,0.024390243902439025,0.04878048780487805,0.04878048780487805,0.024390243902439025,0.12195121951219512,0.07317073170731707,0.0,0.0975609756097561,0.0,0.0,0.0,0.0,0.0,0.0,0.0,0.0,0.0,0.0,0.0,0.0,0.0,0.0,0.0,0.0,0.0,0.0,0.0,0.0,0.0,0.0,0.0,0.0,0.0,0.0,0.0,0.0,0.0,0.0,0.0
325,0.0,0.0,0.0,0.0,0.02564102564102564,0.0,0.0,0.0,0.02564102564102564,0.0641025641025641,0.1282051282051282,0.01282051282051282,0.0,0.01282051282051282,0.0,0.41025641025641024,0.0,0.0,0.01282051282051282,0.01282051282051282,0.01282051282051282,0.02564102564102564,0.01282051282051282,0.02564102564102564,0.0,0.01282051282051282,0.0,0.01282051282051282,0.02564102564102564,0.01282051282051282,0.02564102564102564,0.02564102564102564,0.02564102564102564,0.02564102564102564,0.01282051282051282,0.0,0.0,0.0,0.0,0.0,0.01282051282051282,0.02564102564102564,0.0,0.0,0.0,0.0
326,0.0,0.0,0.0,0.0,0.0,0.0,0.0,0.0,0.0,0.0,0.0,0.0,0.0,0.0,0.0,1.0,0.0,0.0,0.0,0.0,0.0,0.0,0.0,0.0,0.0,0.0,0.0,0.0,0.0,0.0,0.0,0.0,0.0,0.0,0.0,0.0,0.0,0.0,0.0,0.0,0.0,0.0,0.0,0.0,0.0,0.0
327,0.029850746268656716,0.014925373134328358,0.014925373134328358,0.0,0.029850746268656716,0.0,0.0,0.014925373134328358,0.0,0.0,0.0,0.05970149253731343,0.0,0.029850746268656716,0.0,0.0,0.014925373134328358,0.0,0.0,0.04477611940298507,0.19402985074626866,0.0,0.029850746268656716,0.014925373134328358,0.0,0.014925373134328358,0.26865671641791045,0.014925373134328358,0.014925373134328358,0.0,0.0,0.0,0.0,0.014925373134328358,0.04477611940298507,0.04477611940298507,0.0,0.0,0.0,0.0,0.0,0.0,0.029850746268656716,0.014925373134328358,0.029850746268656716,0.014925373134328358
328,0.0,0.0,0.038461538461538464,0.0,0.0,0.05128205128205128,0.0,0.0641025641025641,0.01282051282051282,0.01282051282051282,0.0641025641025641,0.01282051282051282,0.0,0.038461538461538464,0.01282051282051282,0.01282051282051282,0.0,0.0,0.0,0.01282051282051282,0.0,0.01282051282051282,0.21794871794871795,0.05128205128205128,0.038461538461538464,0.01282051282051282,0.11538461538461539,0.01282051282051282,0.0,0.0,0.0,0.01282051282051282,0.05128205128205128,0.01282051282051282,0.05128205128205128,0.038461538461538464,0.0,0.0,0.0,0.0,0.0,0.0,0.0,0.02564102564102564,0.01282051282051282,0.0
329,0.0,0.0,0.0,0.0,0.0,0.0,0.0,0.0,0.0,0.0,0.0,0.0,0.0,0.0,0.0,0.0,0.0,0.0,0.0,0.0,0.0,0.058823529411764705,0.0196078431372549,0.0,0.0,0.0,0.0196078431372549,0.0,0.0,0.0,0.0,0.0,0.0,0.0,0.8823529411764706,0.0196078431372549,0.0,0.0,0.0,0.0,0.0,0.0,0.0,0.0,0.0,0.0
330,0.019230769230769232,0.11538461538461539,0.009615384615384616,0.019230769230769232,0.0,0.0,0.04807692307692308,0.0,0.0,0.009615384615384616,0.028846153846153848,0.019230769230769232,0.009615384615384616,0.10576923076923077,0.028846153846153848,0.009615384615384616,0.019230769230769232,0.009615384615384616,0.009615384615384616,0.009615384615384616,0.0,0.038461538461538464,0.009615384615384616,0.11538461538461539,0.038461538461538464,0.14423076923076922,0.0,0.019230769230769232,0.0,0.0,0.009615384615384616,0.009615384615384616,0.019230769230769232,0.009615384615384616,0.07692307692307693,0.0,0.009615384615384616,0.0,0.0,0.0,0.0,0.009615384615384616,0.009615384615384616,0.009615384615384616,0.0,0.0
331,0.008928571428571428,0.008928571428571428,0.008928571428571428,0.008928571428571428,0.0,0.008928571428571428,0.026785714285714284,0.026785714285714284,0.008928571428571428,0.017857142857142856,0.026785714285714284,0.008928571428571428,0.0,0.07142857142857142,0.017857142857142856,0.026785714285714284,0.05357142857142857,0.044642857142857144,0.0,0.017857142857142856,0.0,0.017857142857142856,0.008928571428571428,0.044642857142857144,0.05357142857142857,0.026785714285714284,0.0,0.017857142857142856,0.008928571428571428,0.008928571428571428,0.05357142857142857,0.0,0.03571428571428571,0.044642857142857144,0.03571428571428571,0.008928571428571428,0.0,0.0,0.0,0.0,0.008928571428571428,0.0625,0.017857142857142856,0.026785714285714284,0.09821428571428571,0.026785714285714284
332,0.0,0.0,0.32786885245901637,0.03278688524590164,0.01639344262295082,0.29508196721311475,0.01639344262295082,0.0,0.0,0.0,0.03278688524590164,0.0,0.01639344262295082,0.01639344262295082,0.0,0.0,0.0,0.0,0.01639344262295082,0.0,0.0,0.01639344262295082,0.0,0.01639344262295082,0.03278688524590164,0.0,0.0,0.0,0.0,0.01639344262295082,0.0,0.06557377049180328,0.01639344262295082,0.01639344262295082,0.0,0.0,0.01639344262295082,0.0,0.01639344262295082,0.0,0.0,0.01639344262295082,0.0,0.0,0.0,0.0
333,0.0,0.03508771929824561,0.0,0.017543859649122806,0.0,0.0,0.6666666666666666,0.017543859649122806,0.0,0.0,0.0,0.0,0.0,0.0,0.0,0.017543859649122806,0.0,0.017543859649122806,0.0,0.017543859649122806,0.0,0.017543859649122806,0.0,0.017543859649122806,0.0,0.017543859649122806,0.07017543859649122,0.017543859649122806,0.0,0.0,0.0,0.0,0.0,0.017543859649122806,0.017543859649122806,0.0,0.0,0.0,0.0,0.0,0.0,0.017543859649122806,0.017543859649122806,0.0,0.0,0.0
334,0.0,0.0,0.0,0.0,0.0,0.0,0.0,0.0,0.0,0.0,0.0,0.0,0.0,0.0,0.0,0.02040816326530612,0.061224489795918366,0.04081632653061224,0.16326530612244897,0.0,0.02040816326530612,0.0,0.02040816326530612,0.04081632653061224,0.0,0.02040816326530612,0.0,0.0,0.0,0.0,0.0,0.02040816326530612,0.02040816326530612,0.0,0.5510204081632653,0.0,0.0,0.0,0.0,0.0,0.0,0.0,0.02040816326530612,0.0,0.0,0.0
335,0.0,0.05454545454545454,0.0,0.01818181818181818,0.0,0.0,0.01818181818181818,0.12727272727272726,0.0,0.0,0.0,0.0,0.0,0.01818181818181818,0.0,0.01818181818181818,0.509090909090909,0.0,0.0,0.03636363636363636,0.01818181818181818,0.03636363636363636,0.01818181818181818,0.01818181818181818,0.03636363636363636,0.0,0.0,0.01818181818181818,0.0,0.0,0.01818181818181818,0.0,0.0,0.01818181818181818,0.0,0.0,0.0,0.0,0.0,0.0,0.0,0.0,0.0,0.01818181818181818,0.0,0.0
336,0.0,0.06,0.02,0.0,0.0,0.0,0.0,0.02,0.0,0.04,0.0,0.0,0.0,0.0,0.02,0.06,0.0,0.02,0.22,0.0,0.04,0.06,0.0,0.0,0.16,0.08,0.0,0.0,0.0,0.0,0.02,0.02,0.04,0.02,0.02,0.02,0.0,0.04,0.0,0.0,0.0,0.0,0.0,0.0,0.02,0.0
337,0.0,0.0625,0.0,0.0,0.0,0.0625,0.109375,0.0,0.0,0.0,0.0,0.0,0.0,0.0,0.0,0.359375,0.0,0.0,0.0,0.0,0.0,0.015625,0.03125,0.0,0.015625,0.0,0.0,0.0,0.03125,0.0,0.0,0.078125,0.015625,0.015625,0.140625,0.0,0.0,0.0,0.0,0.0,0.0,0.0625,0.0,0.0,0.0,0.0
338,0.0,0.01282051282051282,0.038461538461538464,0.0,0.01282051282051282,0.0,0.0,0.01282051282051282,0.01282051282051282,0.01282051282051282,0.0,0.05128205128205128,0.01282051282051282,0.05128205128205128,0.0,0.0,0.02564102564102564,0.5384615384615384,0.02564102564102564,0.01282051282051282,0.02564102564102564,0.0,0.0,0.0,0.0,0.01282051282051282,0.02564102564102564,0.0,0.01282051282051282,0.0,0.02564102564102564,0.01282051282051282,0.01282051282051282,0.02564102564102564,0.01282051282051282,0.0,0.0,0.0,0.0,0.0,0.0,0.0,0.0,0.01282051282051282,0.0,0.0
339,0.0,0.014492753623188406,0.057971014492753624,0.043478260869565216,0.0,0.014492753623188406,0.057971014492753624,0.014492753623188406,0.0,0.014492753623188406,0.014492753623188406,0.0,0.0,0.0,0.0,0.0,0.0,0.0,0.014492753623188406,0.08695652173913043,0.014492753623188406,0.0,0.028985507246376812,0.014492753623188406,0.043478260869565216,0.043478260869565216,0.057971014492753624,0.0,0.10144927536231885,0.057971014492753624,0.08695652173913043,0.0,0.0,0.043478260869565216,0.014492753623188406,0.028985507246376812,0.0,0.043478260869565216,0.0,0.0,0.028985507246376812,0.014492753623188406,0.014492753623188406,0.0,0.0,0.028985507246376812
340,0.03278688524590164,0.26229508196721313,0.11475409836065574,0.0,0.06557377049180328,0.11475409836065574,0.03278688524590164,0.01639344262295082,0.01639344262295082,0.03278688524590164,0.01639344262295082,0.0,0.0,0.0,0.0,0.0,0.0,0.0,0.0,0.03278688524590164,0.0,0.01639344262295082,0.08196721311475409,0.0,0.09836065573770492,0.01639344262295082,0.0,0.0,0.0,0.01639344262295082,0.0,0.0,0.0,0.01639344262295082,0.0,0.0,0.0,0.0,0.0,0.0,0.0,0.0,0.01639344262295082,0.0,0.0,0.0
341,0.0,0.02830188679245283,0.0,0.0,0.03773584905660377,0.0,0.0,0.02830188679245283,0.0,0.009433962264150943,0.02830188679245283,0.0,0.0,0.0,0.02830188679245283,0.018867924528301886,0.0,0.009433962264150943,0.009433962264150943,0.02830188679245283,0.0,0.0,0.0,0.0,0.0,0.018867924528301886,0.009433962264150943,0.0,0.6981132075471698,0.009433962264150943,0.009433962264150943,0.009433962264150943,0.009433962264150943,0.0,0.0,0.0,0.0,0.0,0.0,0.009433962264150943,0.0,0.0,0.0,0.0,0.0,0.0
342,0.0,0.0,0.0,0.0,0.015384615384615385,0.0,0.0,0.0,0.015384615384615385,0.046153846153846156,0.0,0.0,0.0,0.0,0.0,0.0,0.0,0.0,0.0,0.0,0.06153846153846154,0.0,0.06153846153846154,0.046153846153846156,0.0,0.0,0.0,0.0,0.015384615384615385,0.0,0.0,0.015384615384615385,0.015384615384615385,0.015384615384615385,0.12307692307692308,0.015384615384615385,0.0,0.0,0.0,0.0,0.0,0.0,0.0,0.0,0.5384615384615384,0.015384615384615385
343,0.0,0.015625,0.015625,0.0,0.015625,0.0,0.0,0.0,0.0,0.0,0.015625,0.03125,0.015625,0.015625,0.0,0.0,0.03125,0.015625,0.015625,0.015625,0.0,0.0,0.0,0.0,0.0,0.046875,0.0625,0.0,0.015625,0.0,0.015625,0.0,0.015625,0.0,0.015625,0.625,0.0,0.0,0.0,0.0,0.0,0.0,0.0,0.0,0.0,0.0
344,0.014598540145985401,0.043795620437956206,0.014598540145985401,0.014598540145985401,0.0072992700729927005,0.014598540145985401,0.0,0.029197080291970802,0.0072992700729927005,0.0072992700729927005,0.029197080291970802,0.014598540145985401,0.051094890510948905,0.043795620437956206,0.0072992700729927005,0.029197080291970802,0.021897810218978103,0.043795620437956206,0.0072992700729927005,0.014598540145985401,0.014598540145985401,0.0364963503649635,0.043795620437956206,0.029197080291970802,0.014598540145985401,0.0948905109489051,0.043795620437956206,0.0072992700729927005,0.014598540145985401,0.0072992700729927005,0.021897810218978103,0.043795620437956206,0.0072992700729927005,0.029197080291970802,0.08029197080291971,0.029197080291970802,0.0,0.0,0.0,0.0,0.0,0.0072992700729927005,0.0,0.014598540145985401,0.021897810218978103,0.021897810218978103
345,0.019417475728155338,0.009708737864077669,0.0,0.009708737864077669,0.0,0.009708737864077669,0.009708737864077669,0.0,0.0,0.019417475728155338,0.019417475728155338,0.6407766990291263,0.009708737864077669,0.009708737864077669,0.019417475728155338,0.0,0.02912621359223301,0.02912621359223301,0.019417475728155338,0.009708737864077669,0.0,0.009708737864077669,0.0,0.009708737864077669,0.0,0.0,0.019417475728155338,0.009708737864077669,0.009708737864077669,0.0,0.0,0.009708737864077669,0.009708737864077669,0.009708737864077669,0.009708737864077669,0.009708737864077669,0.0,0.0,0.0,0.0,0.0,0.0,0.019417475728155338,0.009708737864077669,0.0,0.0
346,0.0,0.014285714285714285,0.014285714285714285,0.014285714285714285,0.014285714285714285,0.014285714285714285,0.0,0.04285714285714286,0.0,0.0,0.0,0.0,0.0,0.0,0.15714285714285714,0.02857142857142857,0.014285714285714285,0.014285714285714285,0.02857142857142857,0.0,0.0,0.0,0.014285714285714285,0.0,0.0,0.0,0.014285714285714285,0.0,0.0,0.02857142857142857,0.0,0.04285714285714286,0.02857142857142857,0.04285714285714286,0.0,0.0,0.0,0.0,0.0,0.0,0.0,0.014285714285714285,0.014285714285714285,0.0,0.44285714285714284,0.0
347,0.0,0.06779661016949153,0.0847457627118644,0.0,0.0,0.0,0.03389830508474576,0.0,0.0,0.0,0.0,0.0,0.0,0.0,0.11864406779661017,0.03389830508474576,0.01694915254237288,0.0,0.01694915254237288,0.03389830508474576,0.0,0.0,0.01694915254237288,0.03389830508474576,0.0,0.0,0.01694915254237288,0.0,0.0,0.0,0.0,0.0,0.01694915254237288,0.05084745762711865,0.3050847457627119,0.01694915254237288,0.0,0.0,0.0,0.0,0.0,0.06779661016949153,0.01694915254237288,0.01694915254237288,0.03389830508474576,0.0
348,0.0,0.0,0.0,0.021739130434782608,0.0,0.0,0.0,0.021739130434782608,0.0,0.0,0.0,0.0,0.0,0.0,0.0,0.0,0.0,0.0,0.0,0.0,0.0,0.0,0.0,0.0,0.0,0.0,0.0,0.0,0.0,0.0,0.0,0.0,0.043478260869565216,0.0,0.0,0.0,0.0,0.0,0.0,0.0,0.0,0.0,0.8695652173913043,0.043478260869565216,0.0,0.0
349,0.0,0.0,0.010638297872340425,0.0,0.0425531914893617,0.0,0.010638297872340425,0.02127659574468085,0.02127659574468085,0.02127659574468085,0.0,0.0,0.010638297872340425,0.0,0.0,0.0,0.010638297872340425,0.0,0.010638297872340425,0.0851063829787234,0.031914893617021274,0.0425531914893617,0.031914893617021274,0.010638297872340425,0.010638297872340425,0.0,0.010638297872340425,0.02127659574468085,0.02127659574468085,0.0,0.0,0.18085106382978725,0.18085106382978725,0.031914893617021274,0.010638297872340425,0.031914893617021274,0.0,0.0,0.0,0.0,0.0,0.0,0.0,0.02127659574468085,0.0851063829787234,0.031914893617021274
350,0.0,0.013888888888888888,0.0,0.2916666666666667,0.0,0.0,0.16666666666666666,0.0,0.013888888888888888,0.0,0.0,0.027777777777777776,0.013888888888888888,0.0,0.013888888888888888,0.0,0.16666666666666666,0.0,0.0,0.027777777777777776,0.0,0.0,0.05555555555555555,0.0,0.013888888888888888,0.013888888888888888,0.013888888888888888,0.013888888888888888,0.1111111111111111,0.0,0.013888888888888888,0.0,0.0,0.013888888888888888,0.0,0.0,0.0,0.0,0.0,0.0,0.0,0.0,0.0,0.0,0.013888888888888888,0.0
351,0.019230769230769232,0.019230769230769232,0.038461538461538464,0.0,0.0,0.0,0.019230769230769232,0.019230769230769232,0.0,0.019230769230769232,0.0,0.0,0.057692307692307696,0.1346153846153846,0.09615384615384616,0.11538461538461539,0.07692307692307693,0.07692307692307693,0.038461538461538464,0.0,0.0,0.019230769230769232,0.0,0.0,0.0,0.019230769230769232,0.1346153846153846,0.019230769230769232,0.038461538461538464,0.0,0.0,0.0,0.0,0.0,0.0,0.0,0.0,0.0,0.0,0.0,0.0,0.0,0.019230769230769232,0.0,0.0,0.019230769230769232
352,0.0,0.0,0.043478260869565216,0.021739130434782608,0.0,0.0,0.0,0.021739130434782608,0.0,0.021739130434782608,0.021739130434782608,0.21739130434782608,0.0,0.0,0.021739130434782608,0.0,0.0,0.021739130434782608,0.0,0.0,0.0,0.0,0.0,0.0,0.0,0.021739130434782608,0.0,0.0,0.021739130434782608,0.43478260869565216,0.043478260869565216,0.0,0.0,0.06521739130434782,0.021739130434782608,0.0,0.0,0.0,0.0,0.0,0.0,0.0,0.0,0.0,0.0,0.0
353,0.0,0.0,0.0,0.0,0.0,0.0196078431372549,0.0,0.0196078431372549,0.0,0.0,0.0,0.0,0.0,0.0,0.0,0.0,0.0196078431372549,0.0,0.0,0.0,0.0,0.0196078431372549,0.058823529411764705,0.0,0.0,0.0196078431372549,0.0196078431372549,0.0,0.0,0.0196078431372549,0.0,0.0,0.0,0.0,0.5686274509803921,0.23529411764705882,0.0,0.0,0.0,0.0,0.0,0.0,0.0,0.0,0.0,0.0
354,0.011235955056179775,0.0,0.0,0.0,0.0,0.0,0.0,0.02247191011235955,0.2247191011235955,0.0898876404494382,0.0898876404494382,0.0449438202247191,0.0,0.02247191011235955,0.0,0.0,0.0,0.0,0.0,0.0,0.11235955056179775,0.1348314606741573,0.011235955056179775,0.0,0.0449438202247191,0.0,0.0,0.0,0.0,0.0,0.0,0.033707865168539325,0.0,0.0,0.0449438202247191,0.0,0.0,0.0,0.0,0.0,0.0,0.0,0.011235955056179775,0.10112359550561797,0.0,0.0
355,0.0,0.0,0.0,0.136986301369863,0.0136986301369863,0.0,0.0,0.0,0.0,0.0410958904109589,0.0,0.0,0.0,0.0,0.0136986301369863,0.0136986301369863,0.3561643835616438,0.136986301369863,0.0,0.0136986301369863,0.0273972602739726,0.0,0.1095890410958904,0.0136986301369863,0.0,0.0,0.0,0.0,0.0,0.0,0.0,0.0,0.0136986301369863,0.0958904109589041,0.0136986301369863,0.0,0.0,0.0,0.0,0.0,0.0,0.0,0.0,0.0,0.0,0.0
356,0.0,0.07894736842105263,0.15789473684210525,0.05263157894736842,0.02631578947368421,0.0,0.05263157894736842,0.13157894736842105,0.15789473684210525,0.07894736842105263,0.10526315789473684,0.05263157894736842,0.02631578947368421,0.02631578947368421,0.05263157894736842,0.0,0.0,0.0,0.0,0.0,0.0,0.0,0.0,0.0,0.0,0.0,0.0,0.0,0.0,0.0,0.0,0.0,0.0,0.0,0.0,0.0,0.0,0.0,0.0,0.0,0.0,0.0,0.0,0.0,0.0,0.0
357,0.01904761904761905,0.01904761904761905,0.0,0.009523809523809525,0.009523809523809525,0.0,0.009523809523809525,0.0,0.009523809523809525,0.0761904761904762,0.17142857142857143,0.009523809523809525,0.0,0.0,0.0,0.009523809523809525,0.0,0.0,0.009523809523809525,0.009523809523809525,0.05714285714285714,0.02857142857142857,0.047619047619047616,0.0,0.0,0.009523809523809525,0.0,0.0761904761904762,0.0,0.0,0.0,0.0380952380952381,0.01904761904761905,0.0380952380952381,0.2761904761904762,0.009523809523809525,0.0,0.0,0.0,0.0,0.0,0.0,0.009523809523809525,0.0,0.01904761904761905,0.009523809523809525
358,0.0,0.037037037037037035,0.0,0.018518518518518517,0.0,0.0,0.0,0.0,0.0,0.018518518518518517,0.018518518518518517,0.0,0.0,0.0,0.0,0.0,0.037037037037037035,0.037037037037037035,0.6851851851851852,0.09259259259259259,0.0,0.018518518518518517,0.0,0.0,0.0,0.018518518518518517,0.0,0.0,0.0,0.0,0.0,0.0,0.0,0.0,0.0,0.0,0.0,0.0,0.0,0.0,0.0,0.0,0.0,0.0,0.018518518518518517,0.0
359,0.0,0.0,0.0,0.038461538461538464,0.019230769230769232,0.019230769230769232,0.0,0.038461538461538464,0.09615384615384616,0.0,0.2692307692307692,0.019230769230769232,0.0,0.0,0.0,0.019230769230769232,0.057692307692307696,0.0,0.019230769230769232,0.0,0.28846153846153844,0.019230769230769232,0.0,0.038461538461538464,0.057692307692307696,0.0,0.0,0.0,0.0,0.0,0.0,0.0,0.0,0.0,0.0,0.0,0.0,0.0,0.0,0.0,0.0,0.0,0.0,0.0,0.0,0.0
360,0.0,0.0,0.016666666666666666,0.016666666666666666,0.016666666666666666,0.016666666666666666,0.03333333333333333,0.016666666666666666,0.0,0.0,0.0,0.0,0.0,0.0,0.0,0.0,0.016666666666666666,0.0,0.0,0.0,0.0,0.0,0.5333333333333333,0.06666666666666667,0.03333333333333333,0.05,0.0,0.016666666666666666,0.06666666666666667,0.0,0.016666666666666666,0.0,0.0,0.016666666666666666,0.06666666666666667,0.0,0.0,0.0,0.0,0.0,0.0,0.0,0.0,0.0,0.0,0.0
361,0.0,0.029411764705882353,0.014705882352941176,0.0,0.04411764705882353,0.014705882352941176,0.19117647058823528,0.0,0.0,0.0,0.029411764705882353,0.0,0.0,0.0,0.0,0.0,0.04411764705882353,0.0,0.0,0.0,0.014705882352941176,0.0,0.014705882352941176,0.0,0.014705882352941176,0.2647058823529412,0.11764705882352941,0.0,0.0,0.0,0.029411764705882353,0.058823529411764705,0.04411764705882353,0.014705882352941176,0.0,0.014705882352941176,0.0,0.0,0.0,0.0,0.014705882352941176,0.014705882352941176,0.0,0.0,0.014705882352941176,0.0
362,0.0,0.010416666666666666,0.010416666666666666,0.0,0.03125,0.010416666666666666,0.0,0.0,0.010416666666666666,0.15625,0.010416666666666666,0.03125,0.03125,0.0,0.0,0.0,0.010416666666666666,0.020833333333333332,0.0,0.020833333333333332,0.010416666666666666,0.020833333333333332,0.21875,0.03125,0.08333333333333333,0.041666666666666664,0.07291666666666667,0.020833333333333332,0.010416666666666666,0.0,0.0,0.03125,0.0,0.0,0.052083333333333336,0.020833333333333332,0.0,0.0,0.0,0.0,0.0,0.03125,0.0,0.0,0.0,0.0
363,0.0,0.0,0.09195402298850575,0.04597701149425287,0.022988505747126436,0.022988505747126436,0.011494252873563218,0.011494252873563218,0.0,0.10344827586206896,0.022988505747126436,0.0,0.011494252873563218,0.034482758620689655,0.022988505747126436,0.0,0.034482758620689655,0.034482758620689655,0.0,0.011494252873563218,0.011494252873563218,0.11494252873563218,0.022988505747126436,0.034482758620689655,0.022988505747126436,0.022988505747126436,0.0,0.022988505747126436,0.05747126436781609,0.0,0.022988505747126436,0.022988505747126436,0.022988505747126436,0.022988505747126436,0.034482758620689655,0.034482758620689655,0.0,0.0,0.0,0.0,0.022988505747126436,0.0,0.011494252873563218,0.0,0.011494252873563218,0.0
364,0.0,0.0,0.0,0.0,0.0,0.034482758620689655,0.0,0.0,0.0,0.0,0.0,0.022988505747126436,0.0,0.0,0.0,0.6206896551724138,0.0,0.011494252873563218,0.0,0.011494252873563218,0.0,0.011494252873563218,0.022988505747126436,0.0,0.12643678160919541,0.011494252873563218,0.0,0.011494252873563218,0.034482758620689655,0.011494252873563218,0.0,0.034482758620689655,0.0,0.011494252873563218,0.011494252873563218,0.0,0.0,0.0,0.0,0.0,0.0,0.0,0.0,0.0,0.0,0.011494252873563218
365,0.0,0.0,0.0,0.0,0.0,0.02040816326530612,0.0,0.04081632653061224,0.0,0.0,0.0,0.0,0.0,0.0,0.0,0.0,0.0,0.02040816326530612,0.0,0.0,0.04081632653061224,0.0,0.0,0.0,0.0,0.0,0.0,0.0,0.0,0.0,0.0,0.30612244897959184,0.40816326530612246,0.08163265306122448,0.08163265306122448,0.0,0.0,0.0,0.0,0.0,0.0,0.0,0.0,0.0,0.0,0.0
366,0.0,0.014492753623188406,0.0,0.043478260869565216,0.043478260869565216,0.0,0.0,0.0,0.0,0.014492753623188406,0.014492753623188406,0.0,0.0,0.0,0.014492753623188406,0.014492753623188406,0.5362318840579711,0.028985507246376812,0.0,0.0,0.014492753623188406,0.014492753623188406,0.0,0.0,0.0,0.014492753623188406,0.0,0.0,0.014492753623188406,0.0,0.028985507246376812,0.014492753623188406,0.0,0.0,0.014492753623188406,0.13043478260869565,0.014492753623188406,0.0,0.0,0.0,0.0,0.0,0.0,0.0,0.0,0.014492753623188406
367,0.017543859649122806,0.0,0.017543859649122806,0.0,0.0,0.0,0.0,0.0,0.0,0.0,0.017543859649122806,0.0,0.0,0.0,0.0,0.0,0.03508771929824561,0.0,0.017543859649122806,0.03508771929824561,0.017543859649122806,0.0,0.14035087719298245,0.05263157894736842,0.017543859649122806,0.0,0.017543859649122806,0.0,0.0,0.017543859649122806,0.017543859649122806,0.017543859649122806,0.017543859649122806,0.0,0.017543859649122806,0.0,0.0,0.0,0.0,0.0,0.0,0.017543859649122806,0.0,0.49122807017543857,0.0,0.017543859649122806
368,0.0,0.012048192771084338,0.0,0.012048192771084338,0.012048192771084338,0.03614457831325301,0.012048192771084338,0.024096385542168676,0.0,0.012048192771084338,0.024096385542168676,0.012048192771084338,0.20481927710843373,0.0,0.012048192771084338,0.012048192771084338,0.024096385542168676,0.024096385542168676,0.012048192771084338,0.10843373493975904,0.0,0.024096385542168676,0.04819277108433735,0.03614457831325301,0.012048192771084338,0.060240963855421686,0.024096385542168676,0.0,0.0,0.0,0.012048192771084338,0.012048192771084338,0.0,0.07228915662650602,0.12048192771084337,0.012048192771084338,0.0,0.0,0.0,0.0,0.0,0.0,0.0,0.0,0.012048192771084338,0.0
369,0.02631578947368421,0.13157894736842105,0.10526315789473684,0.05263157894736842,0.02631578947368421,0.07894736842105263,0.02631578947368421,0.07894736842105263,0.10526315789473684,0.05263157894736842,0.0,0.07894736842105263,0.02631578947368421,0.07894736842105263,0.0,0.10526315789473684,0.0,0.02631578947368421,0.0,0.0,0.0,0.0,0.0,0.0,0.0,0.0,0.0,0.0,0.0,0.0,0.0,0.0,0.0,0.0,0.0,0.0,0.0,0.0,0.0,0.0,0.0,0.0,0.0,0.0,0.0,0.0
370,0.0,0.0,0.020833333333333332,0.0,0.0,0.020833333333333332,0.0,0.0,0.0,0.020833333333333332,0.0,0.0,0.0,0.0,0.0,0.0,0.0,0.08333333333333333,0.0,0.041666666666666664,0.0,0.0,0.0,0.0,0.7291666666666666,0.0,0.0625,0.020833333333333332,0.0,0.0,0.0,0.0,0.0,0.0,0.0,0.0,0.0,0.0,0.0,0.0,0.0,0.0,0.0,0.0,0.0,0.0
371,0.0,0.043478260869565216,0.0,0.021739130434782608,0.08695652173913043,0.0,0.0,0.2391304347826087,0.021739130434782608,0.021739130434782608,0.32608695652173914,0.08695652173913043,0.021739130434782608,0.021739130434782608,0.08695652173913043,0.021739130434782608,0.0,0.0,0.0,0.0,0.0,0.0,0.0,0.0,0.0,0.0,0.0,0.0,0.0,0.0,0.0,0.0,0.0,0.0,0.0,0.0,0.0,0.0,0.0,0.0,0.0,0.0,0.0,0.0,0.0,0.0
372,0.0,0.0,0.0,0.0,0.0,0.022727272727272728,0.0,0.0,0.0,0.0,0.022727272727272728,0.3181818181818182,0.0,0.0,0.0,0.0,0.0,0.0,0.0,0.0,0.0,0.022727272727272728,0.0,0.0,0.06818181818181818,0.0,0.0,0.0,0.022727272727272728,0.0,0.0,0.0,0.4318181818181818,0.06818181818181818,0.0,0.022727272727272728,0.0,0.0,0.0,0.0,0.0,0.0,0.0,0.0,0.0,0.0
373,0.0,0.0,0.0,0.012345679012345678,0.012345679012345678,0.0,0.07407407407407407,0.024691358024691357,0.012345679012345678,0.06172839506172839,0.012345679012345678,0.0,0.0,0.037037037037037035,0.024691358024691357,0.16049382716049382,0.06172839506172839,0.0,0.0,0.07407407407407407,0.0,0.0,0.012345679012345678,0.024691358024691357,0.0,0.1111111111111111,0.037037037037037035,0.012345679012345678,0.012345679012345678,0.0,0.0,0.04938271604938271,0.024691358024691357,0.0,0.012345679012345678,0.0,0.0,0.0,0.0,0.0,0.0,0.04938271604938271,0.07407407407407407,0.0,0.012345679012345678,0.0
374,0.0,0.0,0.5087719298245614,0.03508771929824561,0.0,0.07017543859649122,0.0,0.0,0.017543859649122806,0.0,0.017543859649122806,0.0,0.0,0.0,0.21052631578947367,0.0,0.0,0.0,0.0,0.0,0.0,0.017543859649122806,0.0,0.017543859649122806,0.0,0.05263157894736842,0.0,0.017543859649122806,0.0,0.0,0.017543859649122806,0.0,0.0,0.0,0.0,0.0,0.0,0.0,0.0,0.0,0.0,0.017543859649122806,0.0,0.0,0.0,0.0
375,0.0,0.020833333333333332,0.0,0.020833333333333332,0.0,0.0,0.0,0.0,0.0,0.16666666666666666,0.0,0.0,0.041666666666666664,0.0,0.020833333333333332,0.020833333333333332,0.0,0.0,0.0,0.0,0.020833333333333332,0.16666666666666666,0.10416666666666667,0.10416666666666667,0.10416666666666667,0.041666666666666664,0.0,0.0,0.0,0.0,0.0,0.020833333333333332,0.020833333333333332,0.0,0.0,0.0,0.0,0.0,0.0,0.0,0.020833333333333332,0.0,0.0,0.10416666666666667,0.0,0.0
376,0.0,0.0,0.05357142857142857,0.0,0.0,0.0,0.017857142857142856,0.017857142857142856,0.017857142857142856,0.017857142857142856,0.0,0.0,0.0,0.0,0.0,0.017857142857142856,0.0,0.03571428571428571,0.0,0.0,0.03571428571428571,0.017857142857142856,0.017857142857142856,0.017857142857142856,0.017857142857142856,0.0,0.017857142857142856,0.017857142857142856,0.0,0.0,0.625,0.03571428571428571,0.017857142857142856,0.0,0.0,0.0,0.0,0.0,0.0,0.0,0.0,0.0,0.0,0.0,0.0,0.0
377,0.0,0.010526315789473684,0.06315789473684211,0.0,0.031578947368421054,0.010526315789473684,0.0,0.042105263157894736,0.010526315789473684,0.031578947368421054,0.042105263157894736,0.031578947368421054,0.0,0.0,0.042105263157894736,0.021052631578947368,0.0,0.031578947368421054,0.0,0.031578947368421054,0.010526315789473684,0.021052631578947368,0.0,0.0,0.06315789473684211,0.021052631578947368,0.010526315789473684,0.042105263157894736,0.031578947368421054,0.021052631578947368,0.031578947368421054,0.031578947368421054,0.042105263157894736,0.031578947368421054,0.031578947368421054,0.010526315789473684,0.0,0.0,0.021052631578947368,0.0,0.042105263157894736,0.010526315789473684,0.08421052631578947,0.010526315789473684,0.0,0.031578947368421054
378,0.0,0.03389830508474576,0.0847457627118644,0.01694915254237288,0.0,0.0,0.0,0.2542372881355932,0.0,0.0,0.01694915254237288,0.0,0.0,0.13559322033898305,0.0,0.01694915254237288,0.03389830508474576,0.0,0.0,0.0,0.1016949152542373,0.0,0.01694915254237288,0.0,0.01694915254237288,0.0847457627118644,0.01694915254237288,0.0,0.03389830508474576,0.0847457627118644,0.01694915254237288,0.0,0.0,0.0,0.0,0.01694915254237288,0.0,0.0,0.0,0.0,0.0,0.0,0.0,0.0,0.01694915254237288,0.0
379,0.0,0.07142857142857142,0.0,0.0,0.03571428571428571,0.05357142857142857,0.125,0.14285714285714285,0.0,0.017857142857142856,0.0,0.03571428571428571,0.0,0.19642857142857142,0.0,0.07142857142857142,0.03571428571428571,0.0,0.0,0.0,0.0,0.0,0.0,0.017857142857142856,0.05357142857142857,0.0,0.0,0.0,0.0,0.0,0.0,0.017857142857142856,0.03571428571428571,0.0,0.0,0.0,0.0,0.0,0.0,0.0,0.0,0.017857142857142856,0.0,0.017857142857142856,0.05357142857142857,0.0
380,0.0,0.0,0.024390243902439025,0.0,0.0,0.0975609756097561,0.0,0.024390243902439025,0.04878048780487805,0.0,0.0,0.024390243902439025,0.024390243902439025,0.0,0.04878048780487805,0.0,0.0,0.0,0.0,0.0,0.0,0.4878048780487805,0.07317073170731707,0.024390243902439025,0.0,0.0,0.0,0.0,0.0,0.0,0.0,0.0975609756097561,0.0,0.0,0.0,0.0,0.0,0.0,0.0,0.0,0.0,0.0,0.0,0.0,0.024390243902439025,0.0
381,0.0,0.014705882352941176,0.0,0.029411764705882353,0.014705882352941176,0.0,0.014705882352941176,0.014705882352941176,0.0,0.0,0.04411764705882353,0.029411764705882353,0.014705882352941176,0.0,0.0,0.0,0.014705882352941176,0.0,0.029411764705882353,0.029411764705882353,0.014705882352941176,0.0,0.4117647058823529,0.0,0.029411764705882353,0.0,0.0,0.029411764705882353,0.014705882352941176,0.08823529411764706,0.0,0.04411764705882353,0.014705882352941176,0.014705882352941176,0.0,0.0,0.0,0.0,0.0,0.0,0.0,0.014705882352941176,0.07352941176470588,0.0,0.0,0.0
382,0.0,0.07017543859649122,0.03508771929824561,0.0,0.17543859649122806,0.05263157894736842,0.03508771929824561,0.0,0.0,0.10526315789473684,0.017543859649122806,0.0,0.0,0.0,0.017543859649122806,0.0,0.12280701754385964,0.0,0.0,0.0,0.0,0.0,0.017543859649122806,0.03508771929824561,0.017543859649122806,0.017543859649122806,0.0,0.017543859649122806,0.017543859649122806,0.0,0.0,0.017543859649122806,0.0,0.0,0.017543859649122806,0.0,0.0,0.0,0.0,0.0,0.0,0.15789473684210525,0.05263157894736842,0.0,0.0,0.0
383,0.0,0.0392156862745098,0.0392156862745098,0.0,0.0,0.0,0.1568627450980392,0.0196078431372549,0.0,0.0,0.0196078431372549,0.0,0.0,0.0196078431372549,0.0,0.0196078431372549,0.0196078431372549,0.0,0.0,0.0196078431372549,0.0,0.0,0.0,0.0392156862745098,0.1568627450980392,0.0392156862745098,0.35294117647058826,0.0,0.0196078431372549,0.0,0.0,0.0,0.0196078431372549,0.0196078431372549,0.0,0.0,0.0,0.0,0.0,0.0,0.0,0.0,0.0,0.0,0.0,0.0
384,0.0,0.0,0.0,0.0,0.02702702702702703,0.0,0.0,0.0,0.0,0.0,0.0,0.0,0.0,0.0,0.0,0.02702702702702703,0.05405405405405406,0.0,0.0,0.0,0.0,0.0,0.0,0.0,0.0,0.0,0.0,0.02702702702702703,0.0,0.7567567567567568,0.0,0.0,0.0,0.0,0.0,0.0,0.0,0.0,0.0,0.0,0.0,0.0,0.0,0.05405405405405406,0.05405405405405406,0.0
385,0.0,0.0,0.0,0.015151515151515152,0.015151515151515152,0.015151515151515152,0.0,0.0,0.030303030303030304,0.0,0.0,0.0,0.10606060606060606,0.015151515151515152,0.0,0.0,0.015151515151515152,0.015151515151515152,0.045454545454545456,0.09090909090909091,0.18181818181818182,0.030303030303030304,0.015151515151515152,0.0,0.015151515151515152,0.0,0.09090909090909091,0.015151515151515152,0.0,0.015151515151515152,0.015151515151515152,0.0,0.0,0.0,0.015151515151515152,0.015151515151515152,0.0,0.0,0.0,0.0,0.0,0.030303030303030304,0.015151515151515152,0.09090909090909091,0.0,0.09090909090909091
386,0.0,0.21052631578947367,0.07894736842105263,0.013157894736842105,0.0,0.0,0.013157894736842105,0.013157894736842105,0.06578947368421052,0.0,0.0,0.0,0.0,0.0,0.0,0.14473684210526316,0.039473684210526314,0.02631578947368421,0.0,0.02631578947368421,0.039473684210526314,0.02631578947368421,0.06578947368421052,0.039473684210526314,0.05263157894736842,0.013157894736842105,0.013157894736842105,0.0,0.013157894736842105,0.0,0.0,0.05263157894736842,0.0,0.0,0.013157894736842105,0.0,0.0,0.0,0.0,0.0,0.0,0.02631578947368421,0.0,0.013157894736842105,0.0,0.0
387,0.0,0.046153846153846156,0.0,0.06153846153846154,0.15384615384615385,0.03076923076923077,0.0,0.1076923076923077,0.046153846153846156,0.03076923076923077,0.03076923076923077,0.015384615384615385,0.015384615384615385,0.0,0.015384615384615385,0.0,0.015384615384615385,0.0,0.0,0.16923076923076924,0.0,0.0,0.015384615384615385,0.015384615384615385,0.0,0.0,0.03076923076923077,0.0,0.0,0.015384615384615385,0.0,0.03076923076923077,0.0,0.03076923076923077,0.0,0.0,0.0,0.0,0.0,0.0,0.0,0.0,0.09230769230769231,0.0,0.0,0.03076923076923077
388,0.0,0.05555555555555555,0.05555555555555555,0.05555555555555555,0.027777777777777776,0.027777777777777776,0.05555555555555555,0.027777777777777776,0.027777777777777776,0.05555555555555555,0.1388888888888889,0.08333333333333333,0.027777777777777776,0.08333333333333333,0.16666666666666666,0.1111111111111111,0.0,0.0,0.0,0.0,0.0,0.0,0.0,0.0,0.0,0.0,0.0,0.0,0.0,0.0,0.0,0.0,0.0,0.0,0.0,0.0,0.0,0.0,0.0,0.0,0.0,0.0,0.0,0.0,0.0,0.0
389,0.016129032258064516,0.03225806451612903,0.12903225806451613,0.04838709677419355,0.0,0.11290322580645161,0.016129032258064516,0.016129032258064516,0.0,0.0,0.0,0.0,0.0,0.016129032258064516,0.0,0.12903225806451613,0.06451612903225806,0.0,0.0,0.016129032258064516,0.016129032258064516,0.016129032258064516,0.0,0.0,0.016129032258064516,0.016129032258064516,0.08064516129032258,0.04838709677419355,0.0,0.0,0.0,0.06451612903225806,0.016129032258064516,0.016129032258064516,0.06451612903225806,0.0,0.0,0.0,0.0,0.0,0.0,0.03225806451612903,0.0,0.0,0.016129032258064516,0.0
390,0.02040816326530612,0.02040816326530612,0.0,0.0,0.12244897959183673,0.0,0.0,0.12244897959183673,0.3673469387755102,0.02040816326530612,0.0,0.0,0.0,0.02040816326530612,0.0,0.02040816326530612,0.0,0.0,0.02040816326530612,0.04081632653061224,0.02040816326530612,0.0,0.0,0.061224489795918366,0.0,0.0,0.04081632653061224,0.0,0.0,0.0,0.0,0.0,0.0,0.08163265306122448,0.0,0.0,0.0,0.0,0.0,0.0,0.0,0.0,0.0,0.0,0.02040816326530612,0.0
391,0.0,0.0,0.0,0.0,0.0,0.02040816326530612,0.0,0.02040816326530612,0.0,0.0,0.0,0.04081632653061224,0.0,0.0,0.0,0.0,0.0,0.0,0.0,0.0,0.0,0.0,0.0,0.0,0.0,0.0,0.10204081632653061,0.02040816326530612,0.0,0.0,0.0,0.02040816326530612,0.0,0.02040816326530612,0.08163265306122448,0.0,0.0,0.0,0.0,0.0,0.0,0.0,0.0,0.0,0.673469387755102,0.0
392,0.0,0.03278688524590164,0.08196721311475409,0.0,0.01639344262295082,0.01639344262295082,0.03278688524590164,0.03278688524590164,0.01639344262295082,0.04918032786885246,0.16393442622950818,0.16393442622950818,0.0,0.04918032786885246,0.04918032786885246,0.03278688524590164,0.03278688524590164,0.04918032786885246,0.0,0.0,0.01639344262295082,0.0,0.0,0.0,0.0,0.0,0.01639344262295082,0.03278688524590164,0.01639344262295082,0.0,0.03278688524590164,0.01639344262295082,0.0,0.04918032786885246,0.0,0.0,0.0,0.0,0.0,0.0,0.0,0.0,0.0,0.0,0.0,0.0
393,0.0,0.0,0.023809523809523808,0.21428571428571427,0.023809523809523808,0.047619047619047616,0.0,0.0,0.0,0.21428571428571427,0.023809523809523808,0.047619047619047616,0.0,0.0,0.0,0.023809523809523808,0.0,0.0,0.0,0.0,0.023809523809523808,0.0,0.0,0.0,0.0,0.0,0.0,0.2857142857142857,0.0,0.023809523809523808,0.0,0.0,0.0,0.0,0.0,0.0,0.0,0.0,0.0,0.0,0.0,0.0,0.0,0.0,0.047619047619047616,0.0
394,0.0,0.1951219512195122,0.07317073170731707,0.0,0.0,0.04878048780487805,0.0,0.04878048780487805,0.0,0.0975609756097561,0.07317073170731707,0.0,0.024390243902439025,0.1951219512195122,0.1951219512195122,0.0,0.0,0.0,0.0,0.0,0.0,0.0,0.0,0.0,0.0,0.0,0.0,0.0,0.04878048780487805,0.0,0.0,0.0,0.0,0.0,0.0,0.0,0.0,0.0,0.0,0.0,0.0,0.0,0.0,0.0,0.0,0.0
395,0.0,0.0,0.023809523809523808,0.0,0.023809523809523808,0.0,0.0,0.0,0.047619047619047616,0.0,0.0,0.0,0.0,0.0,0.047619047619047616,0.023809523809523808,0.023809523809523808,0.09523809523809523,0.14285714285714285,0.0,0.0,0.023809523809523808,0.0,0.07142857142857142,0.07142857142857142,0.0,0.047619047619047616,0.0,0.0,0.14285714285714285,0.0,0.16666666666666666,0.0,0.0,0.0,0.0,0.0,0.0,0.0,0.0,0.0,0.0,0.0,0.0,0.047619047619047616,0.0
396,0.0,0.14492753623188406,0.0,0.014492753623188406,0.043478260869565216,0.028985507246376812,0.0,0.014492753623188406,0.0,0.0,0.10144927536231885,0.0,0.0,0.07246376811594203,0.057971014492753624,0.043478260869565216,0.043478260869565216,0.0,0.0,0.0,0.07246376811594203,0.043478260869565216,0.028985507246376812,0.028985507246376812,0.0,0.0,0.0,0.014492753623188406,0.014492753623188406,0.0,0.014492753623188406,0.014492753623188406,0.043478260869565216,0.0,0.10144927536231885,0.0,0.0,0.0,0.0,0.0,0.0,0.0,0.014492753623188406,0.028985507246376812,0.014492753623188406,0.0
397,0.0,0.0,0.0,0.023255813953488372,0.0,0.023255813953488372,0.0,0.0,0.0,0.627906976744186,0.0,0.023255813953488372,0.0,0.0,0.0,0.023255813953488372,0.0,0.0,0.0,0.023255813953488372,0.0,0.09302325581395349,0.023255813953488372,0.0,0.0,0.0,0.023255813953488372,0.0,0.0,0.046511627906976744,0.0,0.0,0.0,0.023255813953488372,0.0,0.0,0.023255813953488372,0.0,0.0,0.0,0.0,0.023255813953488372,0.0,0.0,0.0,0.0
398,0.0,0.03636363636363636,0.6363636363636364,0.0,0.0,0.0,0.01818181818181818,0.01818181818181818,0.01818181818181818,0.01818181818181818,0.0,0.0,0.0,0.0,0.03636363636363636,0.0,0.0,0.01818181818181818,0.0,0.0,0.01818181818181818,0.0,0.0,0.03636363636363636,0.01818181818181818,0.0,0.03636363636363636,0.0,0.0,0.0,0.01818181818181818,0.0,0.0,0.01818181818181818,0.01818181818181818,0.01818181818181818,0.0,0.0,0.0,0.0,0.0,0.0,0.0,0.0,0.01818181818181818,0.0
399,0.0,0.0,0.0,0.25,0.020833333333333332,0.0,0.0,0.020833333333333332,0.0,0.041666666666666664,0.020833333333333332,0.0,0.0,0.0,0.16666666666666666,0.20833333333333334,0.0,0.020833333333333332,0.0,0.0,0.0,0.0,0.08333333333333333,0.041666666666666664,0.0,0.0,0.0,0.020833333333333332,0.0,0.0,0.0,0.041666666666666664,0.0,0.020833333333333332,0.0,0.0,0.0,0.0,0.0,0.0,0.0,0.0,0.0,0.020833333333333332,0.0,0.020833333333333332
400,0.0,0.0,0.0,0.0,0.0,0.0,0.0,0.0,0.0,0.0,0.06976744186046512,0.0,0.0,0.0,0.023255813953488372,0.023255813953488372,0.0,0.0,0.0,0.0,0.0,0.0,0.0,0.813953488372093,0.0,0.023255813953488372,0.0,0.0,0.0,0.023255813953488372,0.0,0.0,0.0,0.023255813953488372,0.0,0.0,0.0,0.0,0.0,0.0,0.0,0.0,0.0,0.0,0.0,0.0
401,0.0,0.0,0.0,0.0,0.0,0.0,0.0,0.0,0.0,0.0,0.0,0.022727272727272728,0.0,0.0,0.5227272727272727,0.20454545454545456,0.0,0.0,0.0,0.06818181818181818,0.0,0.022727272727272728,0.0,0.045454545454545456,0.045454545454545456,0.0,0.0,0.0,0.022727272727272728,0.0,0.0,0.0,0.0,0.0,0.022727272727272728,0.0,0.0,0.0,0.0,0.0,0.0,0.0,0.0,0.022727272727272728,0.0,0.0
402,0.0,0.061224489795918366,0.0,0.0,0.0,0.02040816326530612,0.0,0.0,0.0,0.061224489795918366,0.0,0.0,0.0,0.0,0.02040816326530612,0.02040816326530612,0.0,0.0,0.02040816326530612,0.0,0.0,0.0,0.04081632653061224,0.6326530612244898,0.02040816326530612,0.0,0.0,0.0,0.02040816326530612,0.0,0.0,0.0,0.02040816326530612,0.02040816326530612,0.04081632653061224,0.0,0.0,0.0,0.0,0.0,0.0,0.0,0.0,0.0,0.0,0.0
403,0.0,0.016666666666666666,0.18333333333333332,0.0,0.016666666666666666,0.0,0.0,0.016666666666666666,0.0,0.05,0.0,0.0,0.05,0.11666666666666667,0.08333333333333333,0.0,0.0,0.03333333333333333,0.0,0.016666666666666666,0.0,0.0,0.016666666666666666,0.08333333333333333,0.0,0.016666666666666666,0.15,0.0,0.0,0.03333333333333333,0.0,0.0,0.016666666666666666,0.0,0.016666666666666666,0.0,0.0,0.0,0.0,0.0,0.06666666666666667,0.0,0.0,0.0,0.0,0.016666666666666666
404,0.0,0.0,0.02631578947368421,0.02631578947368421,0.3157894736842105,0.0,0.0,0.0,0.0,0.0,0.0,0.0,0.0,0.02631578947368421,0.0,0.0,0.0,0.0,0.02631578947368421,0.0,0.0,0.0,0.0,0.0,0.0,0.23684210526315788,0.02631578947368421,0.0,0.18421052631578946,0.0,0.02631578947368421,0.02631578947368421,0.0,0.05263157894736842,0.0,0.0,0.0,0.0,0.0,0.0,0.0,0.0,0.0,0.02631578947368421,0.0,0.0
405,0.0,0.0,0.03636363636363636,0.0,0.01818181818181818,0.0,0.0,0.0,0.0,0.45454545454545453,0.0,0.0,0.0,0.0,0.0,0.0,0.05454545454545454,0.07272727272727272,0.0,0.01818181818181818,0.0,0.0,0.0,0.0,0.01818181818181818,0.0,0.0,0.03636363636363636,0.05454545454545454,0.0,0.0,0.0,0.0,0.01818181818181818,0.0,0.01818181818181818,0.0,0.0,0.0,0.0,0.01818181818181818,0.0,0.03636363636363636,0.01818181818181818,0.0,0.12727272727272726
406,0.0,0.0,0.5087719298245614,0.12280701754385964,0.0,0.0,0.0,0.017543859649122806,0.0,0.0,0.0,0.0,0.0,0.03508771929824561,0.03508771929824561,0.0,0.0,0.12280701754385964,0.0,0.0,0.017543859649122806,0.0,0.0,0.0,0.017543859649122806,0.0,0.017543859649122806,0.0,0.03508771929824561,0.0,0.0,0.0,0.0,0.0,0.0,0.017543859649122806,0.0,0.0,0.0,0.0,0.0,0.0,0.0,0.0,0.05263157894736842,0.0
407,0.0196078431372549,0.0,0.0,0.0196078431372549,0.0,0.058823529411764705,0.0392156862745098,0.0392156862745098,0.0,0.0196078431372549,0.0,0.0,0.0,0.0196078431372549,0.0196078431372549,0.0784313725490196,0.058823529411764705,0.0196078431372549,0.0,0.0,0.23529411764705882,0.058823529411764705,0.058823529411764705,0.0784313725490196,0.0,0.0,0.0,0.0,0.0,0.0,0.0196078431372549,0.0196078431372549,0.0,0.0,0.0392156862745098,0.0,0.0,0.0,0.0,0.0,0.0,0.0,0.0,0.0196078431372549,0.0,0.0784313725490196
408,0.01639344262295082,0.01639344262295082,0.01639344262295082,0.03278688524590164,0.01639344262295082,0.5409836065573771,0.0,0.01639344262295082,0.0,0.0,0.06557377049180328,0.0,0.01639344262295082,0.0,0.0,0.01639344262295082,0.0,0.0,0.01639344262295082,0.0,0.0,0.0,0.01639344262295082,0.0,0.01639344262295082,0.01639344262295082,0.08196721311475409,0.01639344262295082,0.01639344262295082,0.0,0.01639344262295082,0.0,0.0,0.0,0.01639344262295082,0.0,0.0,0.0,0.0,0.0,0.0,0.01639344262295082,0.01639344262295082,0.0,0.0,0.0
409,0.0,0.0,0.13157894736842105,0.02631578947368421,0.02631578947368421,0.0,0.0,0.05263157894736842,0.0,0.2631578947368421,0.0,0.0,0.0,0.02631578947368421,0.0,0.0,0.07894736842105263,0.0,0.0,0.0,0.0,0.0,0.02631578947368421,0.0,0.0,0.0,0.02631578947368421,0.0,0.0,0.0,0.0,0.13157894736842105,0.05263157894736842,0.05263157894736842,0.0,0.05263157894736842,0.02631578947368421,0.0,0.0,0.0,0.0,0.02631578947368421,0.0,0.0,0.0,0.0
410,0.012658227848101266,0.012658227848101266,0.0,0.0,0.0379746835443038,0.012658227848101266,0.0,0.0,0.012658227848101266,0.0,0.02531645569620253,0.0,0.0,0.0,0.0,0.0,0.012658227848101266,0.0379746835443038,0.0,0.02531645569620253,0.0,0.012658227848101266,0.012658227848101266,0.012658227848101266,0.0379746835443038,0.012658227848101266,0.0759493670886076,0.012658227848101266,0.012658227848101266,0.0,0.0,0.24050632911392406,0.02531645569620253,0.012658227848101266,0.12658227848101267,0.0759493670886076,0.0,0.0,0.0,0.0,0.0,0.0,0.06329113924050633,0.02531645569620253,0.05063291139240506,0.0
411,0.0,0.016129032258064516,0.04838709677419355,0.016129032258064516,0.0,0.0,0.0,0.0967741935483871,0.0,0.016129032258064516,0.0,0.1774193548387097,0.0,0.03225806451612903,0.0,0.22580645161290322,0.016129032258064516,0.0,0.016129032258064516,0.0,0.0,0.0,0.22580645161290322,0.0,0.0,0.0,0.016129032258064516,0.016129032258064516,0.0,0.0,0.0,0.016129032258064516,0.0,0.0,0.04838709677419355,0.0,0.0,0.0,0.0,0.0,0.0,0.0,0.0,0.016129032258064516,0.0,0.0
412,0.0,0.0,0.03333333333333333,0.0,0.016666666666666666,0.0,0.08333333333333333,0.016666666666666666,0.016666666666666666,0.0,0.0,0.0,0.0,0.0,0.0,0.0,0.0,0.0,0.0,0.03333333333333333,0.0,0.0,0.03333333333333333,0.1,0.0,0.0,0.0,0.016666666666666666,0.0,0.0,0.03333333333333333,0.016666666666666666,0.03333333333333333,0.5166666666666667,0.016666666666666666,0.0,0.0,0.0,0.0,0.0,0.0,0.016666666666666666,0.0,0.0,0.016666666666666666,0.0
413,0.0,0.041666666666666664,0.0,0.020833333333333332,0.020833333333333332,0.020833333333333332,0.0,0.0,0.0,0.020833333333333332,0.020833333333333332,0.0,0.0,0.020833333333333332,0.020833333333333332,0.0,0.041666666666666664,0.0,0.0,0.0,0.020833333333333332,0.020833333333333332,0.0,0.0,0.0,0.0,0.020833333333333332,0.020833333333333332,0.0,0.0,0.020833333333333332,0.0,0.0,0.0,0.6458333333333334,0.0,0.0,0.0,0.0,0.0,0.0,0.0,0.020833333333333332,0.0,0.0,0.0
414,0.02,0.0,0.44,0.0,0.0,0.1,0.0,0.0,0.0,0.0,0.08,0.0,0.0,0.04,0.0,0.0,0.0,0.0,0.0,0.04,0.04,0.0,0.04,0.02,0.0,0.06,0.02,0.0,0.0,0.0,0.0,0.0,0.0,0.04,0.02,0.0,0.0,0.0,0.0,0.0,0.0,0.0,0.0,0.0,0.0,0.04
415,0.0,0.0425531914893617,0.0,0.0,0.10638297872340426,0.02127659574468085,0.02127659574468085,0.0,0.0,0.0,0.14893617021276595,0.0,0.02127659574468085,0.0425531914893617,0.02127659574468085,0.0,0.06382978723404255,0.0,0.02127659574468085,0.0,0.0,0.06382978723404255,0.0,0.0,0.0425531914893617,0.1276595744680851,0.0,0.0,0.0,0.02127659574468085,0.0,0.0,0.0,0.0,0.1276595744680851,0.0,0.0,0.0,0.0,0.0,0.0,0.02127659574468085,0.0,0.0851063829787234,0.0,0.0
416,0.0,0.2826086956521739,0.043478260869565216,0.021739130434782608,0.13043478260869565,0.043478260869565216,0.0,0.043478260869565216,0.043478260869565216,0.06521739130434782,0.043478260869565216,0.1956521739130435,0.0,0.043478260869565216,0.0,0.0,0.0,0.021739130434782608,0.0,0.0,0.0,0.0,0.0,0.0,0.0,0.0,0.0,0.0,0.0,0.021739130434782608,0.0,0.0,0.0,0.0,0.0,0.0,0.0,0.0,0.0,0.0,0.0,0.0,0.0,0.0,0.0,0.0
417,0.0,0.2682926829268293,0.0,0.024390243902439025,0.0,0.024390243902439025,0.0975609756097561,0.0,0.04878048780487805,0.04878048780487805,0.0,0.0,0.0,0.0,0.0,0.0,0.0,0.04878048780487805,0.0,0.0,0.0,0.0,0.0,0.0,0.0,0.0,0.0,0.12195121951219512,0.0,0.0,0.24390243902439024,0.0,0.0,0.04878048780487805,0.024390243902439025,0.0,0.0,0.0,0.0,0.0,0.0,0.0,0.0,0.0,0.0,0.0
418,0.0,0.023809523809523808,0.23809523809523808,0.14285714285714285,0.07142857142857142,0.0,0.0,0.16666666666666666,0.0,0.0,0.0,0.0,0.023809523809523808,0.0,0.047619047619047616,0.047619047619047616,0.0,0.0,0.0,0.023809523809523808,0.11904761904761904,0.0,0.0,0.023809523809523808,0.0,0.0,0.023809523809523808,0.0,0.0,0.023809523809523808,0.0,0.0,0.0,0.0,0.0,0.0,0.0,0.0,0.0,0.0,0.0,0.0,0.0,0.023809523809523808,0.0,0.0
419,0.0,0.0,0.0,0.0,0.030303030303030304,0.0,0.0,0.0,0.09090909090909091,0.8787878787878788,0.0,0.0,0.0,0.0,0.0,0.0,0.0,0.0,0.0,0.0,0.0,0.0,0.0,0.0,0.0,0.0,0.0,0.0,0.0,0.0,0.0,0.0,0.0,0.0,0.0,0.0,0.0,0.0,0.0,0.0,0.0,0.0,0.0,0.0,0.0,0.0
420,0.0,0.0,0.0,0.5925925925925926,0.018518518518518517,0.0,0.0,0.0,0.0,0.0,0.0,0.0,0.0,0.0,0.0,0.0,0.0,0.0,0.0,0.0,0.0,0.0,0.0,0.0,0.0,0.0,0.05555555555555555,0.018518518518518517,0.018518518518518517,0.0,0.018518518518518517,0.018518518518518517,0.0,0.0,0.0,0.0,0.0,0.0,0.0,0.0,0.0,0.0,0.0,0.2222222222222222,0.018518518518518517,0.018518518518518517
421,0.0,0.0,0.0,0.0425531914893617,0.0,0.02127659574468085,0.02127659574468085,0.0,0.0425531914893617,0.0,0.0,0.0,0.02127659574468085,0.0,0.0425531914893617,0.02127659574468085,0.02127659574468085,0.0,0.0,0.0,0.0,0.0,0.02127659574468085,0.0,0.0,0.0,0.0,0.0,0.0,0.0,0.0,0.0,0.0,0.7021276595744681,0.0425531914893617,0.0,0.0,0.0,0.0,0.0,0.0,0.0,0.0,0.0,0.0,0.0
422,0.0,0.02564102564102564,0.0,0.0,0.0,0.0,0.0,0.02564102564102564,0.0,0.0,0.0,0.0,0.0,0.0,0.0,0.0,0.0,0.0,0.0,0.0,0.0,0.0,0.0,0.0,0.0,0.0,0.0,0.0,0.0,0.0,0.0,0.10256410256410256,0.0,0.0,0.02564102564102564,0.0,0.0,0.0,0.0,0.0,0.0,0.05128205128205128,0.0,0.0,0.7435897435897436,0.02564102564102564
423,0.0,0.0,0.0,0.06153846153846154,0.07692307692307693,0.0,0.09230769230769231,0.0,0.0,0.046153846153846156,0.03076923076923077,0.0,0.0,0.0,0.0,0.015384615384615385,0.03076923076923077,0.0,0.015384615384615385,0.015384615384615385,0.046153846153846156,0.0,0.38461538461538464,0.03076923076923077,0.0,0.03076923076923077,0.015384615384615385,0.0,0.03076923076923077,0.0,0.015384615384615385,0.0,0.0,0.03076923076923077,0.015384615384615385,0.0,0.0,0.0,0.0,0.0,0.0,0.0,0.015384615384615385,0.0,0.0,0.0
424,0.0,0.0,0.2,0.22857142857142856,0.0,0.11428571428571428,0.02857142857142857,0.0,0.0,0.0,0.14285714285714285,0.0,0.2857142857142857,0.0,0.0,0.0,0.0,0.0,0.0,0.0,0.0,0.0,0.0,0.0,0.0,0.0,0.0,0.0,0.0,0.0,0.0,0.0,0.0,0.0,0.0,0.0,0.0,0.0,0.0,0.0,0.0,0.0,0.0,0.0,0.0,0.0
425,0.0,0.0,0.0,0.027777777777777776,0.0,0.0,0.0,0.0,0.0,0.027777777777777776,0.0,0.027777777777777776,0.1111111111111111,0.5833333333333334,0.05555555555555555,0.0,0.0,0.0,0.0,0.0,0.0,0.0,0.0,0.0,0.0,0.0,0.0,0.16666666666666666,0.0,0.0,0.0,0.0,0.0,0.0,0.0,0.0,0.0,0.0,0.0,0.0,0.0,0.0,0.0,0.0,0.0,0.0
426,0.02702702702702703,0.02702702702702703,0.02702702702702703,0.0,0.0,0.0,0.0,0.0,0.0,0.02702702702702703,0.0,0.0,0.0,0.0,0.0,0.0,0.0,0.0,0.0,0.0,0.5945945945945946,0.05405405405405406,0.08108108108108109,0.02702702702702703,0.0,0.0,0.0,0.0,0.0,0.08108108108108109,0.0,0.02702702702702703,0.0,0.0,0.0,0.0,0.02702702702702703,0.0,0.0,0.0,0.0,0.0,0.0,0.0,0.0,0.0
427,0.0,0.0,0.0,0.022727272727272728,0.0,0.0,0.0,0.0,0.0,0.022727272727272728,0.0,0.0,0.0,0.0,0.045454545454545456,0.0,0.022727272727272728,0.0,0.0,0.022727272727272728,0.0,0.0,0.0,0.0,0.0,0.0,0.0,0.0,0.022727272727272728,0.0,0.0,0.0,0.8181818181818182,0.0,0.022727272727272728,0.0,0.0,0.0,0.0,0.0,0.0,0.0,0.0,0.0,0.0,0.0
428,0.0,0.0,0.0,0.04918032786885246,0.0,0.26229508196721313,0.03278688524590164,0.04918032786885246,0.21311475409836064,0.0,0.01639344262295082,0.01639344262295082,0.0,0.0,0.0,0.06557377049180328,0.03278688524590164,0.0,0.03278688524590164,0.03278688524590164,0.03278688524590164,0.0,0.0,0.01639344262295082,0.01639344262295082,0.03278688524590164,0.0,0.01639344262295082,0.01639344262295082,0.0,0.01639344262295082,0.0,0.0,0.0,0.01639344262295082,0.0,0.0,0.0,0.0,0.0,0.0,0.03278688524590164,0.0,0.0,0.0,0.0
429,0.0,0.029411764705882353,0.0,0.0,0.0,0.0,0.0,0.029411764705882353,0.0,0.0,0.058823529411764705,0.0,0.0,0.014705882352941176,0.014705882352941176,0.35294117647058826,0.014705882352941176,0.014705882352941176,0.014705882352941176,0.014705882352941176,0.0,0.04411764705882353,0.029411764705882353,0.014705882352941176,0.014705882352941176,0.04411764705882353,0.029411764705882353,0.058823529411764705,0.029411764705882353,0.014705882352941176,0.014705882352941176,0.014705882352941176,0.014705882352941176,0.0,0.014705882352941176,0.014705882352941176,0.0,0.0,0.0,0.0,0.0,0.029411764705882353,0.0,0.0,0.04411764705882353,0.014705882352941176
430,0.0,0.3157894736842105,0.05263157894736842,0.0,0.0,0.0,0.02631578947368421,0.05263157894736842,0.0,0.02631578947368421,0.10526315789473684,0.0,0.0,0.23684210526315788,0.02631578947368421,0.0,0.0,0.0,0.0,0.0,0.0,0.0,0.02631578947368421,0.02631578947368421,0.0,0.0,0.02631578947368421,0.02631578947368421,0.0,0.0,0.05263157894736842,0.0,0.0,0.0,0.0,0.0,0.0,0.0,0.0,0.0,0.0,0.0,0.0,0.0,0.0,0.0
431,0.0,0.0,0.02857142857142857,0.014285714285714285,0.02857142857142857,0.02857142857142857,0.014285714285714285,0.0,0.04285714285714286,0.0,0.0,0.014285714285714285,0.014285714285714285,0.0,0.0,0.05714285714285714,0.0,0.014285714285714285,0.02857142857142857,0.0,0.014285714285714285,0.0,0.014285714285714285,0.0,0.0,0.0,0.0,0.02857142857142857,0.0,0.0,0.014285714285714285,0.0,0.014285714285714285,0.014285714285714285,0.1,0.0,0.0,0.0,0.0,0.0,0.0,0.42857142857142855,0.05714285714285714,0.0,0.014285714285714285,0.014285714285714285
432,0.0,0.37142857142857144,0.05714285714285714,0.0,0.02857142857142857,0.02857142857142857,0.0,0.0,0.02857142857142857,0.0,0.0,0.0,0.0,0.0,0.0,0.42857142857142855,0.0,0.0,0.0,0.0,0.0,0.0,0.0,0.0,0.0,0.02857142857142857,0.0,0.0,0.0,0.0,0.0,0.0,0.0,0.0,0.0,0.02857142857142857,0.0,0.0,0.0,0.0,0.0,0.0,0.0,0.0,0.0,0.0
433,0.0,0.0,0.0,0.038461538461538464,0.057692307692307696,0.0,0.0,0.0,0.0,0.07692307692307693,0.019230769230769232,0.0,0.019230769230769232,0.057692307692307696,0.038461538461538464,0.11538461538461539,0.038461538461538464,0.0,0.019230769230769232,0.019230769230769232,0.0,0.0,0.057692307692307696,0.019230769230769232,0.0,0.0,0.0,0.0,0.0,0.0,0.23076923076923078,0.038461538461538464,0.09615384615384616,0.0,0.0,0.0,0.0,0.0,0.0,0.0,0.0,0.0,0.0,0.057692307692307696,0.0,0.0
434,0.0,0.3235294117647059,0.0,0.0,0.0,0.0,0.0,0.0,0.0,0.0,0.3235294117647059,0.0,0.0,0.0,0.029411764705882353,0.029411764705882353,0.0,0.029411764705882353,0.0,0.0,0.0,0.0,0.0,0.0,0.0,0.0,0.0,0.0,0.0,0.0,0.14705882352941177,0.11764705882352941,0.0,0.0,0.0,0.0,0.0,0.0,0.0,0.0,0.0,0.0,0.0,0.0,0.0,0.0
435,0.0,0.047619047619047616,0.0,0.42857142857142855,0.015873015873015872,0.06349206349206349,0.0,0.0,0.0,0.0,0.0,0.015873015873015872,0.0,0.0,0.0,0.0,0.0,0.0,0.0,0.031746031746031744,0.031746031746031744,0.0,0.015873015873015872,0.06349206349206349,0.015873015873015872,0.0,0.031746031746031744,0.0,0.0,0.0,0.015873015873015872,0.0,0.06349206349206349,0.031746031746031744,0.031746031746031744,0.0,0.0,0.0,0.0,0.0,0.0,0.015873015873015872,0.0,0.07936507936507936,0.0,0.0
436,0.0,0.0,0.0,0.0,0.02564102564102564,0.0,0.0,0.02564102564102564,0.0,0.0,0.05128205128205128,0.0,0.0,0.02564102564102564,0.0,0.0,0.0,0.0,0.0,0.0,0.02564102564102564,0.0,0.02564102564102564,0.0,0.0,0.0,0.0,0.0,0.0,0.0,0.0,0.0,0.0,0.0,0.0,0.0,0.0,0.0,0.0,0.0,0.0,0.8205128205128205,0.0,0.0,0.0,0.0
437,0.0,0.0,0.1891891891891892,0.05405405405405406,0.0,0.02702702702702703,0.10810810810810811,0.0,0.1891891891891892,0.0,0.0,0.10810810810810811,0.0,0.0,0.0,0.0,0.0,0.02702702702702703,0.0,0.0,0.02702702702702703,0.0,0.0,0.0,0.0,0.02702702702702703,0.10810810810810811,0.0,0.0,0.0,0.13513513513513514,0.0,0.0,0.0,0.0,0.0,0.0,0.0,0.0,0.0,0.0,0.0,0.0,0.0,0.0,0.0
438,0.0,0.0,0.0,0.0,0.0,0.0,0.02857142857142857,0.0,0.0,0.0,0.0,0.0,0.0,0.0,0.0,0.02857142857142857,0.0,0.0,0.0,0.0,0.0,0.0,0.05714285714285714,0.0,0.0,0.0,0.0,0.8285714285714286,0.02857142857142857,0.0,0.0,0.0,0.0,0.02857142857142857,0.0,0.0,0.0,0.0,0.0,0.0,0.0,0.0,0.0,0.0,0.0,0.0
439,0.0,0.0,0.0,0.0,0.0,0.023809523809523808,0.0,0.047619047619047616,0.047619047619047616,0.023809523809523808,0.0,0.0,0.0,0.0,0.0,0.023809523809523808,0.0,0.0,0.0,0.14285714285714285,0.40476190476190477,0.0,0.023809523809523808,0.0,0.0,0.0,0.0,0.0,0.0,0.0,0.023809523809523808,0.0,0.0,0.14285714285714285,0.023809523809523808,0.0,0.0,0.0,0.0,0.0,0.0,0.0,0.0,0.0,0.047619047619047616,0.023809523809523808
440,0.07407407407407407,0.0,0.018518518518518517,0.0,0.0,0.018518518518518517,0.0,0.0,0.0,0.0,0.018518518518518517,0.16666666666666666,0.0,0.24074074074074073,0.0,0.037037037037037035,0.0,0.0,0.037037037037037035,0.0,0.05555555555555555,0.0,0.0,0.018518518518518517,0.0,0.0,0.018518518518518517,0.0,0.0,0.0,0.018518518518518517,0.0,0.0,0.05555555555555555,0.05555555555555555,0.0,0.0,0.0,0.0,0.0,0.0,0.0,0.0,0.037037037037037035,0.0,0.12962962962962962
441,0.0,0.0,0.044444444444444446,0.0,0.08888888888888889,0.0,0.0,0.0,0.0,0.0,0.0,0.0,0.0,0.0,0.044444444444444446,0.15555555555555556,0.24444444444444444,0.0,0.0,0.022222222222222223,0.022222222222222223,0.044444444444444446,0.0,0.0,0.0,0.0,0.3111111111111111,0.0,0.022222222222222223,0.0,0.0,0.0,0.0,0.0,0.0,0.0,0.0,0.0,0.0,0.0,0.0,0.0,0.0,0.0,0.0,0.0
442,0.0,0.0,0.0425531914893617,0.0,0.02127659574468085,0.0,0.0,0.0,0.0,0.0,0.02127659574468085,0.0,0.0,0.06382978723404255,0.0,0.02127659574468085,0.02127659574468085,0.0,0.0,0.0,0.0,0.0,0.0,0.0425531914893617,0.0,0.0425531914893617,0.0425531914893617,0.0425531914893617,0.0425531914893617,0.0,0.0,0.0,0.0,0.0,0.0,0.0,0.0,0.0,0.0,0.0,0.0,0.0,0.0,0.0,0.5957446808510638,0.0
443,0.0,0.0,0.0,0.016129032258064516,0.0,0.03225806451612903,0.016129032258064516,0.016129032258064516,0.0,0.0,0.04838709677419355,0.04838709677419355,0.0,0.0,0.0,0.016129032258064516,0.0,0.0,0.11290322580645161,0.016129032258064516,0.0,0.0,0.016129032258064516,0.3225806451612903,0.03225806451612903,0.016129032258064516,0.03225806451612903,0.0,0.0,0.04838709677419355,0.04838709677419355,0.016129032258064516,0.0,0.0,0.03225806451612903,0.0967741935483871,0.0,0.0,0.0,0.0,0.0,0.016129032258064516,0.0,0.0,0.0,0.0
444,0.00980392156862745,0.0196078431372549,0.0196078431372549,0.0392156862745098,0.0,0.029411764705882353,0.029411764705882353,0.0392156862745098,0.029411764705882353,0.049019607843137254,0.00980392156862745,0.0196078431372549,0.058823529411764705,0.0392156862745098,0.0,0.0392156862745098,0.09803921568627451,0.029411764705882353,0.0,0.00980392156862745,0.0196078431372549,0.0392156862745098,0.0392156862745098,0.029411764705882353,0.0,0.00980392156862745,0.0392156862745098,0.0,0.09803921568627451,0.00980392156862745,0.00980392156862745,0.0196078431372549,0.0196078431372549,0.00980392156862745,0.0392156862745098,0.00980392156862745,0.0,0.0,0.0,0.0,0.0,0.0,0.0,0.00980392156862745,0.0,0.029411764705882353
445,0.0,0.0,0.0,0.0,0.0,0.0,0.02564102564102564,0.02564102564102564,0.0,0.02564102564102564,0.0,0.0,0.0,0.02564102564102564,0.0,0.0,0.0,0.02564102564102564,0.0,0.0,0.0,0.0,0.0,0.02564102564102564,0.0,0.0,0.0,0.0,0.0,0.0,0.0,0.02564102564102564,0.02564102564102564,0.0,0.0,0.0,0.0,0.0,0.0,0.0,0.0,0.7435897435897436,0.02564102564102564,0.0,0.02564102564102564,0.0
446,0.0,0.0,0.020833333333333332,0.2708333333333333,0.041666666666666664,0.020833333333333332,0.0,0.0,0.0,0.020833333333333332,0.0,0.0,0.0625,0.3125,0.041666666666666664,0.0,0.0,0.0,0.0,0.020833333333333332,0.0,0.0,0.0,0.0,0.020833333333333332,0.0,0.0,0.0,0.0,0.041666666666666664,0.0,0.0,0.0,0.08333333333333333,0.020833333333333332,0.0,0.0,0.0,0.0,0.0,0.0,0.0,0.0,0.0,0.020833333333333332,0.0
447,0.0,0.02702702702702703,0.0,0.02702702702702703,0.0,0.0,0.0,0.0,0.0,0.0,0.0,0.0,0.0,0.0,0.0,0.02702702702702703,0.0,0.0,0.0,0.0,0.0,0.0,0.0,0.8108108108108109,0.08108108108108109,0.0,0.0,0.0,0.0,0.0,0.0,0.0,0.0,0.0,0.0,0.0,0.0,0.0,0.0,0.0,0.0,0.0,0.02702702702702703,0.0,0.0,0.0
448,0.023255813953488372,0.0,0.0,0.0,0.0,0.0,0.0,0.0,0.0,0.0,0.0,0.0,0.0,0.0,0.0,0.046511627906976744,0.0,0.0,0.0,0.7674418604651163,0.0,0.0,0.023255813953488372,0.0,0.0,0.0,0.0,0.0,0.0,0.0,0.0,0.0,0.046511627906976744,0.09302325581395349,0.0,0.0,0.0,0.0,0.0,0.0,0.0,0.0,0.0,0.0,0.0,0.0
449,0.0,0.0,0.02040816326530612,0.02040816326530612,0.02040816326530612,0.0,0.02040816326530612,0.0,0.0,0.02040816326530612,0.0,0.02040816326530612,0.0,0.0,0.6326530612244898,0.04081632653061224,0.04081632653061224,0.0,0.0,0.02040816326530612,0.02040816326530612,0.02040816326530612,0.0,0.0,0.02040816326530612,0.0,0.02040816326530612,0.0,0.0,0.0,0.0,0.0,0.0,0.0,0.02040816326530612,0.0,0.0,0.0,0.0,0.0,0.0,0.0,0.0,0.02040816326530612,0.02040816326530612,0.0
450,0.013157894736842105,0.19736842105263158,0.0,0.0,0.013157894736842105,0.0,0.0,0.0,0.013157894736842105,0.0,0.013157894736842105,0.013157894736842105,0.02631578947368421,0.02631578947368421,0.039473684210526314,0.0,0.0,0.0,0.0,0.013157894736842105,0.0,0.0,0.0,0.039473684210526314,0.14473684210526316,0.17105263157894737,0.15789473684210525,0.0,0.05263157894736842,0.0,0.02631578947368421,0.013157894736842105,0.0,0.0,0.013157894736842105,0.0,0.0,0.0,0.0,0.0,0.0,0.0,0.0,0.0,0.013157894736842105,0.0
451,0.0,0.014285714285714285,0.02142857142857143,0.09285714285714286,0.04285714285714286,0.04285714285714286,0.014285714285714285,0.007142857142857143,0.014285714285714285,0.007142857142857143,0.02142857142857143,0.014285714285714285,0.0,0.007142857142857143,0.05714285714285714,0.02142857142857143,0.11428571428571428,0.02142857142857143,0.02857142857142857,0.02857142857142857,0.02142857142857143,0.0,0.04285714285714286,0.03571428571428571,0.03571428571428571,0.04285714285714286,0.07142857142857142,0.03571428571428571,0.02142857142857143,0.007142857142857143,0.0,0.0,0.014285714285714285,0.02857142857142857,0.007142857142857143,0.0,0.0,0.0,0.0,0.0,0.0,0.0,0.02142857142857143,0.014285714285714285,0.007142857142857143,0.02142857142857143
452,0.0,0.0,0.021739130434782608,0.0,0.0,0.0,0.021739130434782608,0.021739130434782608,0.021739130434782608,0.0,0.0,0.0,0.0,0.0,0.0,0.5434782608695652,0.17391304347826086,0.043478260869565216,0.021739130434782608,0.0,0.08695652173913043,0.0,0.0,0.0,0.0,0.0,0.021739130434782608,0.0,0.0,0.0,0.0,0.0,0.0,0.0,0.0,0.0,0.0,0.0,0.0,0.0,0.0,0.0,0.0,0.021739130434782608,0.0,0.0
453,0.0,0.0,0.0,0.0,0.0,0.0,0.0,0.0,0.0,0.027777777777777776,0.0,0.027777777777777776,0.0,0.0,0.0,0.0,0.0,0.027777777777777776,0.05555555555555555,0.0,0.0,0.0,0.027777777777777776,0.7777777777777778,0.0,0.0,0.0,0.0,0.0,0.0,0.0,0.0,0.0,0.0,0.0,0.0,0.0,0.0,0.0,0.0,0.0,0.0,0.0,0.05555555555555555,0.0,0.0
454,0.016129032258064516,0.016129032258064516,0.0,0.0,0.0,0.0,0.0,0.016129032258064516,0.03225806451612903,0.0,0.016129032258064516,0.0,0.016129032258064516,0.016129032258064516,0.16129032258064516,0.016129032258064516,0.04838709677419355,0.03225806451612903,0.016129032258064516,0.14516129032258066,0.016129032258064516,0.016129032258064516,0.03225806451612903,0.03225806451612903,0.016129032258064516,0.016129032258064516,0.0,0.06451612903225806,0.016129032258064516,0.016129032258064516,0.0,0.016129032258064516,0.016129032258064516,0.0,0.11290322580645161,0.0,0.0,0.016129032258064516,0.0,0.0,0.0,0.0,0.06451612903225806,0.0,0.0,0.0
455,0.0,0.0,0.0,0.0,0.023255813953488372,0.0,0.0,0.0,0.023255813953488372,0.0,0.06976744186046512,0.023255813953488372,0.0,0.0,0.023255813953488372,0.0,0.0,0.0,0.0,0.023255813953488372,0.0,0.023255813953488372,0.046511627906976744,0.0,0.0,0.0,0.0,0.023255813953488372,0.0,0.023255813953488372,0.0,0.0,0.0,0.023255813953488372,0.6744186046511628,0.0,0.0,0.0,0.0,0.0,0.0,0.0,0.0,0.0,0.0,0.0
456,0.05,0.06666666666666667,0.0,0.05,0.03333333333333333,0.03333333333333333,0.06666666666666667,0.016666666666666666,0.11666666666666667,0.016666666666666666,0.0,0.08333333333333333,0.06666666666666667,0.016666666666666666,0.03333333333333333,0.0,0.0,0.0,0.016666666666666666,0.0,0.13333333333333333,0.0,0.0,0.03333333333333333,0.016666666666666666,0.016666666666666666,0.016666666666666666,0.0,0.0,0.0,0.0,0.016666666666666666,0.0,0.016666666666666666,0.0,0.0,0.0,0.0,0.0,0.0,0.0,0.0,0.016666666666666666,0.05,0.016666666666666666,0.0
457,0.017241379310344827,0.0,0.017241379310344827,0.017241379310344827,0.017241379310344827,0.0,0.0,0.017241379310344827,0.0,0.05172413793103448,0.0,0.3275862068965517,0.0,0.0,0.0,0.0,0.017241379310344827,0.017241379310344827,0.0,0.0,0.017241379310344827,0.017241379310344827,0.0,0.017241379310344827,0.0,0.0,0.017241379310344827,0.06896551724137931,0.034482758620689655,0.1206896551724138,0.05172413793103448,0.017241379310344827,0.034482758620689655,0.017241379310344827,0.017241379310344827,0.017241379310344827,0.0,0.0,0.0,0.0,0.0,0.034482758620689655,0.0,0.017241379310344827,0.0,0.0
458,0.0,0.022727272727272728,0.0,0.0,0.7045454545454546,0.0,0.0,0.022727272727272728,0.0,0.022727272727272728,0.0,0.0,0.0,0.0,0.022727272727272728,0.0,0.022727272727272728,0.0,0.0,0.0,0.0,0.022727272727272728,0.022727272727272728,0.0,0.0,0.0,0.022727272727272728,0.022727272727272728,0.0,0.022727272727272728,0.0,0.0,0.0,0.022727272727272728,0.045454545454545456,0.0,0.0,0.0,0.0,0.0,0.0,0.0,0.0,0.0,0.0,0.0
459,0.0,0.0,0.0,0.45454545454545453,0.0,0.0,0.0,0.0,0.0,0.0,0.45454545454545453,0.0,0.0,0.030303030303030304,0.0,0.0,0.0,0.0,0.0,0.0,0.0,0.0,0.0,0.0,0.0,0.0,0.030303030303030304,0.0,0.0,0.0,0.0,0.0,0.0,0.030303030303030304,0.0,0.0,0.0,0.0,0.0,0.0,0.0,0.0,0.0,0.0,0.0,0.0
460,0.0,0.0,0.0,0.0,0.0,0.0,0.0,0.0,0.05263157894736842,0.02631578947368421,0.0,0.0,0.0,0.0,0.5789473684210527,0.0,0.0,0.0,0.0,0.02631578947368421,0.0,0.0,0.0,0.0,0.0,0.0,0.2894736842105263,0.0,0.0,0.0,0.0,0.0,0.0,0.0,0.0,0.0,0.0,0.0,0.0,0.0,0.0,0.0,0.0,0.0,0.0,0.02631578947368421
461,0.0,0.10526315789473684,0.12280701754385964,0.0,0.017543859649122806,0.0,0.0,0.0,0.0,0.12280701754385964,0.14035087719298245,0.0,0.017543859649122806,0.017543859649122806,0.05263157894736842,0.0,0.0,0.017543859649122806,0.0,0.05263157894736842,0.017543859649122806,0.0,0.0,0.0,0.0,0.0,0.0,0.0,0.0,0.0,0.07017543859649122,0.19298245614035087,0.0,0.0,0.0,0.0,0.0,0.0,0.0,0.0,0.017543859649122806,0.03508771929824561,0.0,0.0,0.0,0.0
462,0.0,0.06153846153846154,0.07692307692307693,0.1076923076923077,0.09230769230769231,0.015384615384615385,0.046153846153846156,0.0,0.015384615384615385,0.15384615384615385,0.07692307692307693,0.06153846153846154,0.015384615384615385,0.1076923076923077,0.015384615384615385,0.0,0.0,0.0,0.0,0.0,0.0,0.06153846153846154,0.0,0.0,0.015384615384615385,0.0,0.0,0.0,0.015384615384615385,0.0,0.046153846153846156,0.0,0.0,0.015384615384615385,0.0,0.0,0.0,0.0,0.0,0.0,0.0,0.0,0.0,0.0,0.0,0.0
463,0.0,0.022727272727272728,0.03409090909090909,0.022727272727272728,0.056818181818181816,0.0,0.011363636363636364,0.022727272727272728,0.011363636363636364,0.045454545454545456,0.03409090909090909,0.011363636363636364,0.011363636363636364,0.022727272727272728,0.011363636363636364,0.011363636363636364,0.056818181818181816,0.011363636363636364,0.0,0.0,0.022727272727272728,0.045454545454545456,0.03409090909090909,0.03409090909090909,0.011363636363636364,0.011363636363636364,0.03409090909090909,0.0,0.03409090909090909,0.045454545454545456,0.0,0.011363636363636364,0.011363636363636364,0.03409090909090909,0.045454545454545456,0.022727272727272728,0.0,0.0,0.0,0.0,0.0,0.0,0.06818181818181818,0.11363636363636363,0.0,0.022727272727272728
464,0.0,0.0,0.0,0.0,0.0,0.0,0.025,0.025,0.0,0.025,0.0,0.025,0.0,0.15,0.0,0.0,0.0,0.0,0.0,0.025,0.0,0.05,0.525,0.025,0.0,0.0,0.0,0.0,0.0,0.0,0.025,0.0,0.0,0.0,0.1,0.0,0.0,0.0,0.0,0.0,0.0,0.0,0.0,0.0,0.0,0.0
465,0.012345679012345678,0.024691358024691357,0.024691358024691357,0.0,0.0,0.012345679012345678,0.04938271604938271,0.012345679012345678,0.0,0.024691358024691357,0.037037037037037035,0.06172839506172839,0.0,0.024691358024691357,0.0,0.012345679012345678,0.0,0.0,0.0,0.012345679012345678,0.024691358024691357,0.0,0.3950617283950617,0.0,0.012345679012345678,0.024691358024691357,0.024691358024691357,0.012345679012345678,0.0,0.012345679012345678,0.08641975308641975,0.0,0.024691358024691357,0.024691358024691357,0.024691358024691357,0.0,0.012345679012345678,0.0,0.0,0.0,0.0,0.0,0.0,0.012345679012345678,0.0,0.0
466,0.0,0.0,0.0,0.0,0.0,0.0,0.0,0.0,0.0,0.0,0.0,0.0,0.0,0.0,0.0,0.0,0.07317073170731707,0.7804878048780488,0.12195121951219512,0.0,0.0,0.024390243902439025,0.0,0.0,0.0,0.0,0.0,0.0,0.0,0.0,0.0,0.0,0.0,0.0,0.0,0.0,0.0,0.0,0.0,0.0,0.0,0.0,0.0,0.0,0.0,0.0
467,0.0,0.0,0.17543859649122806,0.0,0.03508771929824561,0.0,0.0,0.017543859649122806,0.0,0.14035087719298245,0.017543859649122806,0.0,0.03508771929824561,0.017543859649122806,0.0,0.08771929824561403,0.03508771929824561,0.0,0.0,0.0,0.017543859649122806,0.0,0.12280701754385964,0.0,0.017543859649122806,0.10526315789473684,0.017543859649122806,0.017543859649122806,0.03508771929824561,0.0,0.0,0.0,0.0,0.0,0.0,0.017543859649122806,0.0,0.0,0.0,0.0,0.0,0.0,0.03508771929824561,0.0,0.05263157894736842,0.0
468,0.0,0.0,0.029411764705882353,0.0,0.0,0.0,0.0,0.0,0.5294117647058824,0.0,0.08823529411764706,0.0,0.0,0.0,0.0,0.0,0.0,0.0,0.0,0.0,0.0,0.0,0.0,0.0,0.0,0.0,0.0,0.0,0.0,0.0,0.0,0.0,0.0,0.029411764705882353,0.0,0.0,0.0,0.0,0.0,0.0,0.0,0.0,0.0,0.29411764705882354,0.0,0.029411764705882353
469,0.0,0.0,0.0,0.0,0.17647058823529413,0.0,0.0,0.0,0.23529411764705882,0.058823529411764705,0.17647058823529413,0.08823529411764706,0.0,0.0,0.0,0.0,0.058823529411764705,0.0,0.0,0.0,0.0,0.0,0.0,0.0,0.029411764705882353,0.0,0.0,0.029411764705882353,0.0,0.0,0.058823529411764705,0.058823529411764705,0.0,0.029411764705882353,0.0,0.0,0.0,0.0,0.0,0.0,0.0,0.0,0.0,0.0,0.0,0.0
470,0.0,0.0,0.0,0.045454545454545456,0.0,0.0,0.0,0.0,0.0,0.022727272727272728,0.0,0.0,0.022727272727272728,0.0,0.0,0.022727272727272728,0.0,0.0,0.0,0.0,0.0,0.045454545454545456,0.022727272727272728,0.0,0.022727272727272728,0.0,0.0,0.0,0.0,0.022727272727272728,0.0,0.6136363636363636,0.022727272727272728,0.09090909090909091,0.022727272727272728,0.0,0.0,0.0,0.0,0.0,0.0,0.0,0.022727272727272728,0.0,0.0,0.0
471,0.0,0.0,0.0,0.0,0.0,0.0,0.045454545454545456,0.0,0.0,0.022727272727272728,0.045454545454545456,0.0,0.0,0.0,0.022727272727272728,0.0,0.0,0.0,0.5909090909090909,0.0,0.0,0.0,0.022727272727272728,0.0,0.022727272727272728,0.0,0.0,0.022727272727272728,0.022727272727272728,0.0,0.045454545454545456,0.0,0.0,0.0,0.0,0.0,0.0,0.0,0.0,0.0,0.0,0.11363636363636363,0.0,0.022727272727272728,0.0,0.0
472,0.02127659574468085,0.02127659574468085,0.02127659574468085,0.02127659574468085,0.02127659574468085,0.0,0.02127659574468085,0.02127659574468085,0.0,0.02127659574468085,0.02127659574468085,0.0,0.0,0.0,0.0,0.0425531914893617,0.0,0.0425531914893617,0.0,0.0,0.0,0.0,0.0425531914893617,0.02127659574468085,0.02127659574468085,0.02127659574468085,0.0,0.02127659574468085,0.0,0.0,0.0,0.0425531914893617,0.0,0.02127659574468085,0.0,0.02127659574468085,0.0,0.0,0.0,0.0,0.0,0.46808510638297873,0.0,0.0,0.02127659574468085,0.02127659574468085
473,0.0,0.025,0.0,0.0,0.0,0.0,0.0,0.05,0.025,0.025,0.0,0.0,0.0,0.0,0.0,0.025,0.1,0.0,0.05,0.025,0.2,0.025,0.0,0.05,0.0,0.0,0.0,0.0,0.0,0.0,0.0,0.125,0.025,0.15,0.05,0.0,0.0,0.0,0.0,0.0,0.0,0.0,0.025,0.0,0.025,0.0
474,0.0,0.0,0.0,0.02631578947368421,0.0,0.0,0.0,0.0,0.0,0.0,0.02631578947368421,0.0,0.0,0.0,0.0,0.0,0.05263157894736842,0.0,0.0,0.02631578947368421,0.0,0.02631578947368421,0.0,0.0,0.0,0.0,0.02631578947368421,0.0,0.0,0.0,0.02631578947368421,0.0,0.7894736842105263,0.0,0.0,0.0,0.0,0.0,0.0,0.0,0.0,0.0,0.0,0.0,0.0,0.0
475,0.0,0.0,0.0,0.03125,0.0,0.0,0.0,0.0,0.0,0.0,0.0,0.0,0.0,0.0,0.0,0.0,0.0,0.0,0.0,0.0,0.0,0.0,0.0,0.0,0.0,0.0,0.0,0.96875,0.0,0.0,0.0,0.0,0.0,0.0,0.0,0.0,0.0,0.0,0.0,0.0,0.0,0.0,0.0,0.0,0.0,0.0
476,0.0,0.0,0.0,0.0,0.02564102564102564,0.0,0.3076923076923077,0.0,0.0,0.15384615384615385,0.0,0.28205128205128205,0.0,0.02564102564102564,0.02564102564102564,0.0,0.0,0.02564102564102564,0.0,0.0,0.0,0.0,0.02564102564102564,0.0,0.0,0.0,0.07692307692307693,0.0,0.0,0.0,0.0,0.02564102564102564,0.02564102564102564,0.0,0.0,0.0,0.0,0.0,0.0,0.0,0.0,0.0,0.0,0.0,0.0,0.0
477,0.0,0.0,0.0,0.0,0.0,0.0,0.0,0.0,0.0,0.0,0.0,0.030303030303030304,0.0,0.0,0.0,0.0,0.0,0.0,0.0,0.0,0.0,0.0,0.0,0.0,0.0,0.0,0.0,0.0,0.0,0.0,0.0,0.0,0.0,0.0,0.9090909090909091,0.06060606060606061,0.0,0.0,0.0,0.0,0.0,0.0,0.0,0.0,0.0,0.0
478,0.013888888888888888,0.0,0.0,0.0,0.0,0.013888888888888888,0.0,0.0,0.0,0.0,0.0,0.0,0.0,0.0,0.0,0.0,0.0,0.0,0.0,0.0,0.0,0.041666666666666664,0.7638888888888888,0.027777777777777776,0.0,0.0,0.027777777777777776,0.013888888888888888,0.0,0.027777777777777776,0.0,0.0,0.0,0.05555555555555555,0.013888888888888888,0.0,0.0,0.0,0.0,0.0,0.0,0.0,0.0,0.0,0.0,0.0
479,0.0,0.0,0.0,0.0,0.0,0.0,0.03571428571428571,0.0,0.0,0.0,0.0,0.44642857142857145,0.0,0.017857142857142856,0.0,0.0,0.0,0.08928571428571429,0.0,0.19642857142857142,0.07142857142857142,0.0,0.0,0.03571428571428571,0.0,0.03571428571428571,0.0,0.0,0.0,0.0,0.0,0.017857142857142856,0.03571428571428571,0.0,0.0,0.0,0.0,0.017857142857142856,0.0,0.0,0.0,0.0,0.0,0.0,0.0,0.0
480,0.0,0.0,0.0,0.0,0.025,0.0,0.025,0.05,0.05,0.025,0.0,0.0,0.0,0.0,0.025,0.0,0.0,0.0,0.025,0.0,0.0,0.0,0.0,0.0,0.0,0.05,0.0,0.025,0.0,0.0,0.0,0.025,0.025,0.65,0.0,0.0,0.0,0.0,0.0,0.0,0.0,0.0,0.0,0.0,0.0,0.0
481,0.0,0.02702702702702703,0.0,0.0,0.0,0.0,0.0,0.0,0.0,0.0,0.0,0.0,0.7567567567567568,0.0,0.02702702702702703,0.02702702702702703,0.0,0.0,0.0,0.0,0.0,0.0,0.0,0.0,0.02702702702702703,0.02702702702702703,0.05405405405405406,0.02702702702702703,0.0,0.0,0.0,0.0,0.0,0.02702702702702703,0.0,0.0,0.0,0.0,0.0,0.0,0.0,0.0,0.0,0.0,0.0,0.0
482,0.0,0.0,0.0,0.7105263157894737,0.0,0.02631578947368421,0.0,0.0,0.02631578947368421,0.0,0.02631578947368421,0.0,0.0,0.0,0.02631578947368421,0.02631578947368421,0.0,0.02631578947368421,0.0,0.05263157894736842,0.0,0.0,0.0,0.02631578947368421,0.0,0.0,0.0,0.0,0.0,0.02631578947368421,0.0,0.0,0.0,0.0,0.0,0.0,0.0,0.0,0.0,0.0,0.0,0.02631578947368421,0.0,0.0,0.0,0.0
483,0.0,0.0,0.0,0.044444444444444446,0.0,0.0,0.0,0.0,0.0,0.022222222222222223,0.0,0.0,0.0,0.044444444444444446,0.0,0.0,0.0,0.044444444444444446,0.0,0.0,0.0,0.044444444444444446,0.0,0.0,0.0,0.0,0.022222222222222223,0.0,0.0,0.022222222222222223,0.0,0.0,0.0,0.0,0.0,0.0,0.0,0.0,0.0,0.0,0.0,0.0,0.022222222222222223,0.0,0.5333333333333333,0.2
484,0.0,0.0,0.0,0.0,0.0,0.0,0.0,0.0,0.0,0.0,0.0,0.0,0.0,0.0,0.3870967741935484,0.0,0.0,0.4838709677419355,0.0967741935483871,0.0,0.0,0.03225806451612903,0.0,0.0,0.0,0.0,0.0,0.0,0.0,0.0,0.0,0.0,0.0,0.0,0.0,0.0,0.0,0.0,0.0,0.0,0.0,0.0,0.0,0.0,0.0,0.0
485,0.0,0.0,0.0,0.0,0.0,0.0,0.0,0.0,0.0,0.0,0.0,0.0,0.0,0.0,0.0,1.0,0.0,0.0,0.0,0.0,0.0,0.0,0.0,0.0,0.0,0.0,0.0,0.0,0.0,0.0,0.0,0.0,0.0,0.0,0.0,0.0,0.0,0.0,0.0,0.0,0.0,0.0,0.0,0.0,0.0,0.0
486,0.0,0.02564102564102564,0.05128205128205128,0.0,0.0,0.02564102564102564,0.0,0.0,0.02564102564102564,0.0,0.7692307692307693,0.0,0.0,0.0,0.0,0.0,0.0,0.0,0.0,0.0,0.02564102564102564,0.0,0.02564102564102564,0.0,0.0,0.0,0.0,0.02564102564102564,0.0,0.0,0.02564102564102564,0.0,0.0,0.0,0.0,0.0,0.0,0.0,0.0,0.0,0.0,0.0,0.0,0.0,0.0,0.0
487,0.0,0.0,0.0,0.027777777777777776,0.0,0.05555555555555555,0.0,0.0,0.0,0.0,0.0,0.0,0.0,0.0,0.0,0.6944444444444444,0.0,0.0,0.0,0.0,0.0,0.0,0.0,0.05555555555555555,0.0,0.0,0.0,0.0,0.027777777777777776,0.0,0.0,0.027777777777777776,0.0,0.0,0.027777777777777776,0.0,0.0,0.0,0.0,0.0,0.027777777777777776,0.05555555555555555,0.0,0.0,0.0,0.0
488,0.0,0.0,0.06451612903225806,0.03225806451612903,0.25806451612903225,0.12903225806451613,0.0,0.0,0.0,0.12903225806451613,0.0,0.03225806451612903,0.06451612903225806,0.0,0.03225806451612903,0.0,0.0,0.0,0.0,0.0,0.0,0.22580645161290322,0.0,0.0,0.0,0.0,0.03225806451612903,0.0,0.0,0.0,0.0,0.0,0.0,0.0,0.0,0.0,0.0,0.0,0.0,0.0,0.0,0.0,0.0,0.0,0.0,0.0
489,0.0,0.05263157894736842,0.02631578947368421,0.0,0.0,0.0,0.0,0.0,0.0,0.0,0.0,0.0,0.5,0.02631578947368421,0.02631578947368421,0.0,0.0,0.0,0.0,0.0,0.0,0.0,0.0,0.0,0.05263157894736842,0.21052631578947367,0.0,0.0,0.05263157894736842,0.0,0.0,0.0,0.0,0.02631578947368421,0.02631578947368421,0.0,0.0,0.0,0.0,0.0,0.0,0.0,0.0,0.0,0.0,0.0
490,0.029411764705882353,0.0,0.0,0.0,0.0,0.029411764705882353,0.0,0.0,0.0,0.0,0.0,0.0,0.0,0.8235294117647058,0.0,0.0,0.029411764705882353,0.0,0.0,0.0,0.0,0.0,0.0,0.0,0.0,0.029411764705882353,0.029411764705882353,0.029411764705882353,0.0,0.0,0.0,0.0,0.0,0.0,0.0,0.0,0.0,0.0,0.0,0.0,0.0,0.0,0.0,0.0,0.0,0.0
491,0.0,0.0,0.04878048780487805,0.0,0.0,0.0,0.0,0.07317073170731707,0.0,0.0,0.0,0.0,0.0,0.0,0.0,0.0,0.024390243902439025,0.0,0.0,0.0,0.43902439024390244,0.0,0.07317073170731707,0.024390243902439025,0.0,0.04878048780487805,0.07317073170731707,0.04878048780487805,0.0,0.0,0.0,0.0,0.0,0.0,0.04878048780487805,0.0,0.0,0.0,0.0,0.0,0.0,0.0,0.0,0.0,0.0975609756097561,0.0
492,0.02564102564102564,0.0,0.0,0.10256410256410256,0.0,0.0,0.0,0.02564102564102564,0.0,0.20512820512820512,0.02564102564102564,0.0,0.0,0.0,0.02564102564102564,0.05128205128205128,0.02564102564102564,0.0,0.0,0.02564102564102564,0.0,0.0,0.358974358974359,0.0,0.0,0.0,0.02564102564102564,0.0,0.0,0.0,0.0,0.0,0.0,0.0,0.07692307692307693,0.0,0.0,0.0,0.0,0.0,0.0,0.0,0.02564102564102564,0.0,0.0,0.0
493,0.0,0.0,0.0,0.0,0.027777777777777776,0.0,0.0,0.0,0.0,0.0,0.027777777777777776,0.0,0.0,0.027777777777777776,0.8333333333333334,0.0,0.0,0.0,0.027777777777777776,0.0,0.0,0.0,0.0,0.0,0.0,0.027777777777777776,0.027777777777777776,0.0,0.0,0.0,0.0,0.0,0.0,0.0,0.0,0.0,0.0,0.0,0.0,0.0,0.0,0.0,0.0,0.0,0.0,0.0
494,0.0,0.029411764705882353,0.0,0.0,0.0,0.0,0.08823529411764706,0.5588235294117647,0.0,0.0,0.0,0.0,0.0,0.0,0.0,0.0,0.0,0.0,0.0,0.029411764705882353,0.0,0.0,0.0,0.0,0.0,0.0,0.029411764705882353,0.029411764705882353,0.0,0.0,0.0,0.0,0.0,0.0,0.20588235294117646,0.0,0.0,0.0,0.0,0.0,0.0,0.029411764705882353,0.0,0.0,0.0,0.0
495,0.0,0.0,0.02631578947368421,0.0,0.0,0.0,0.0,0.0,0.0,0.0,0.0,0.0,0.0,0.0,0.0,0.0,0.0,0.0,0.0,0.02631578947368421,0.0,0.0,0.02631578947368421,0.0,0.0,0.0,0.0,0.0,0.0,0.0,0.0,0.6842105263157895,0.05263157894736842,0.02631578947368421,0.02631578947368421,0.0,0.0,0.0,0.0,0.0,0.0,0.0,0.0,0.05263157894736842,0.0,0.07894736842105263
496,0.0,0.0,0.017241379310344827,0.034482758620689655,0.06896551724137931,0.05172413793103448,0.0,0.0,0.017241379310344827,0.0,0.06896551724137931,0.0,0.0,0.0,0.0,0.017241379310344827,0.41379310344827586,0.0,0.0,0.017241379310344827,0.0,0.017241379310344827,0.017241379310344827,0.0,0.017241379310344827,0.017241379310344827,0.0,0.0,0.034482758620689655,0.05172413793103448,0.017241379310344827,0.05172413793103448,0.017241379310344827,0.0,0.0,0.0,0.0,0.0,0.0,0.0,0.0,0.017241379310344827,0.017241379310344827,0.017241379310344827,0.0,0.0
497,0.0,0.02197802197802198,0.054945054945054944,0.01098901098901099,0.02197802197802198,0.03296703296703297,0.02197802197802198,0.03296703296703297,0.01098901098901099,0.02197802197802198,0.02197802197802198,0.04395604395604396,0.03296703296703297,0.01098901098901099,0.02197802197802198,0.054945054945054944,0.02197802197802198,0.0989010989010989,0.03296703296703297,0.054945054945054944,0.02197802197802198,0.04395604395604396,0.03296703296703297,0.07692307692307693,0.02197802197802198,0.02197802197802198,0.01098901098901099,0.01098901098901099,0.03296703296703297,0.0,0.0,0.03296703296703297,0.02197802197802198,0.02197802197802198,0.0,0.01098901098901099,0.0,0.0,0.0,0.0,0.0,0.0,0.0,0.01098901098901099,0.0,0.0
498,0.0,0.0,0.021739130434782608,0.0,0.021739130434782608,0.021739130434782608,0.021739130434782608,0.0,0.0,0.45652173913043476,0.0,0.021739130434782608,0.0,0.021739130434782608,0.0,0.021739130434782608,0.043478260869565216,0.021739130434782608,0.0,0.0,0.0,0.043478260869565216,0.08695652173913043,0.0,0.0,0.021739130434782608,0.021739130434782608,0.0,0.06521739130434782,0.0,0.0,0.0,0.0,0.021739130434782608,0.0,0.06521739130434782,0.0,0.0,0.0,0.0,0.0,0.0,0.0,0.0,0.0,0.0
499,0.0,0.0,0.0,0.029411764705882353,0.0,0.029411764705882353,0.058823529411764705,0.0,0.0,0.0,0.0,0.0,0.0,0.0,0.0,0.0,0.0,0.029411764705882353,0.0,0.029411764705882353,0.0,0.0,0.0,0.0,0.0,0.0,0.0,0.0,0.029411764705882353,0.0,0.0,0.0,0.0,0.6176470588235294,0.029411764705882353,0.11764705882352941,0.0,0.0,0.0,0.0,0.029411764705882353,0.0,0.0,0.0,0.0,0.0
500,0.025,0.0,0.075,0.025,0.175,0.0,0.025,0.05,0.025,0.1,0.075,0.05,0.0,0.1,0.025,0.025,0.0,0.0,0.0,0.0,0.0,0.025,0.0,0.0,0.0,0.0,0.0,0.0,0.15,0.0,0.0,0.0,0.0,0.025,0.0,0.0,0.0,0.0,0.0,0.0,0.0,0.0,0.0,0.0,0.0,0.025
501,0.0,0.0,0.0,0.0,0.023255813953488372,0.046511627906976744,0.0,0.0,0.023255813953488372,0.046511627906976744,0.023255813953488372,0.0,0.0,0.0,0.0,0.0,0.0,0.0,0.0,0.023255813953488372,0.0,0.0,0.0,0.627906976744186,0.023255813953488372,0.0,0.0,0.0,0.0,0.0,0.023255813953488372,0.023255813953488372,0.023255813953488372,0.0,0.0,0.09302325581395349,0.0,0.0,0.0,0.0,0.0,0.0,0.0,0.0,0.0,0.0
502,0.0,0.34146341463414637,0.024390243902439025,0.0,0.0,0.024390243902439025,0.0,0.0,0.0,0.04878048780487805,0.0,0.0,0.0,0.0,0.12195121951219512,0.0,0.0,0.07317073170731707,0.0,0.0,0.0,0.0,0.0,0.024390243902439025,0.0,0.04878048780487805,0.12195121951219512,0.024390243902439025,0.0,0.0,0.0,0.0,0.024390243902439025,0.07317073170731707,0.024390243902439025,0.024390243902439025,0.0,0.0,0.0,0.0,0.0,0.0,0.0,0.0,0.0,0.0
503,0.0,0.0,0.020833333333333332,0.020833333333333332,0.0,0.041666666666666664,0.0,0.0,0.0,0.0,0.0,0.0,0.0,0.020833333333333332,0.0,0.0,0.041666666666666664,0.020833333333333332,0.0,0.020833333333333332,0.0,0.041666666666666664,0.0,0.6041666666666666,0.0,0.0,0.0,0.020833333333333332,0.0,0.0,0.0625,0.0,0.0,0.020833333333333332,0.0,0.020833333333333332,0.0,0.0,0.0,0.0,0.0,0.020833333333333332,0.020833333333333332,0.0,0.0,0.0
504,0.025,0.0,0.05,0.0,0.0,0.0,0.0,0.0,0.0,0.0,0.0,0.0,0.1,0.025,0.025,0.0,0.0,0.0,0.0,0.025,0.0,0.0,0.025,0.275,0.175,0.0,0.025,0.0,0.025,0.0,0.0,0.0,0.0,0.0,0.025,0.05,0.0,0.0,0.0,0.0,0.0,0.0,0.025,0.075,0.05,0.0
505,0.0,0.0,0.0,0.0,0.0,0.030303030303030304,0.3333333333333333,0.0,0.030303030303030304,0.06060606060606061,0.09090909090909091,0.30303030303030304,0.0,0.06060606060606061,0.06060606060606061,0.0,0.0,0.0,0.0,0.0,0.0,0.0,0.0,0.0,0.0,0.0,0.0,0.0,0.0,0.0,0.0,0.0,0.0,0.0,0.030303030303030304,0.0,0.0,0.0,0.0,0.0,0.0,0.0,0.0,0.0,0.0,0.0
506,0.022222222222222223,0.0,0.022222222222222223,0.022222222222222223,0.0,0.0,0.0,0.0,0.0,0.0,0.0,0.0,0.0,0.0,0.044444444444444446,0.022222222222222223,0.0,0.0,0.0,0.0,0.0,0.0,0.0,0.0,0.0,0.0,0.6444444444444445,0.044444444444444446,0.022222222222222223,0.0,0.0,0.0,0.0,0.0,0.0,0.06666666666666667,0.0,0.0,0.0,0.0,0.0,0.0,0.022222222222222223,0.06666666666666667,0.0,0.0
507,0.06666666666666667,0.022222222222222223,0.022222222222222223,0.0,0.044444444444444446,0.022222222222222223,0.014814814814814815,0.02962962962962963,0.02962962962962963,0.022222222222222223,0.05185185185185185,0.06666666666666667,0.022222222222222223,0.044444444444444446,0.02962962962962963,0.014814814814814815,0.007407407407407408,0.0,0.0,0.007407407407407408,0.0,0.022222222222222223,0.022222222222222223,0.06666666666666667,0.044444444444444446,0.022222222222222223,0.022222222222222223,0.0,0.007407407407407408,0.022222222222222223,0.05185185185185185,0.007407407407407408,0.014814814814814815,0.1037037037037037,0.014814814814814815,0.02962962962962963,0.0,0.0,0.0,0.0,0.0,0.007407407407407408,0.007407407407407408,0.014814814814814815,0.0,0.0
508,0.0,0.0,0.0,0.0,0.0,0.0,0.0,0.0,0.0,0.0,0.125,0.03125,0.0,0.03125,0.0,0.0,0.03125,0.0,0.0,0.0,0.0,0.0,0.0,0.0,0.0,0.0,0.0,0.0,0.0,0.0,0.0,0.0,0.0,0.0,0.0,0.0,0.0,0.0,0.0,0.0,0.0,0.0,0.40625,0.375,0.0,0.0
509,0.0,0.0,0.0,0.0,0.0,0.0,0.0,0.0,0.0,0.0,0.0,0.02857142857142857,0.0,0.0,0.05714285714285714,0.02857142857142857,0.0,0.0,0.0,0.0,0.0,0.0,0.0,0.8285714285714286,0.0,0.0,0.02857142857142857,0.02857142857142857,0.0,0.0,0.0,0.0,0.0,0.0,0.0,0.0,0.0,0.0,0.0,0.0,0.0,0.0,0.0,0.0,0.0,0.0
510,0.0,0.0,0.09090909090909091,0.09090909090909091,0.22727272727272727,0.0,0.022727272727272728,0.09090909090909091,0.0,0.0,0.045454545454545456,0.0,0.022727272727272728,0.022727272727272728,0.13636363636363635,0.0,0.0,0.022727272727272728,0.06818181818181818,0.022727272727272728,0.0,0.0,0.022727272727272728,0.0,0.022727272727272728,0.0,0.0,0.0,0.0,0.0,0.0,0.0,0.0,0.0,0.0,0.0,0.0,0.0,0.0,0.0,0.0,0.022727272727272728,0.022727272727272728,0.022727272727272728,0.0,0.022727272727272728
511,0.0,0.0,0.0,0.0,0.0,0.05,0.0,0.025,0.0,0.0,0.025,0.0,0.0,0.025,0.2,0.0,0.025,0.0,0.0,0.0,0.025,0.0,0.025,0.025,0.0,0.0,0.0,0.0,0.0,0.0,0.0,0.0,0.55,0.0,0.0,0.0,0.0,0.0,0.0,0.0,0.0,0.0,0.0,0.025,0.0,0.0
512,0.03773584905660377,0.0,0.0,0.03773584905660377,0.0,0.018867924528301886,0.0,0.0,0.03773584905660377,0.018867924528301886,0.018867924528301886,0.0,0.0,0.3018867924528302,0.16981132075471697,0.0,0.018867924528301886,0.018867924528301886,0.0,0.018867924528301886,0.018867924528301886,0.03773584905660377,0.018867924528301886,0.0,0.018867924528301886,0.0,0.03773584905660377,0.03773584905660377,0.018867924528301886,0.0,0.0,0.018867924528301886,0.0,0.07547169811320754,0.018867924528301886,0.0,0.0,0.0,0.0,0.0,0.0,0.0,0.0,0.0,0.0,0.0
513,0.0,0.0,0.0,0.0,0.0,0.0,0.017857142857142856,0.0,0.0,0.0,0.0,0.0,0.0,0.017857142857142856,0.5892857142857143,0.14285714285714285,0.03571428571428571,0.14285714285714285,0.0,0.0,0.0,0.0,0.017857142857142856,0.0,0.0,0.0,0.0,0.0,0.0,0.017857142857142856,0.0,0.0,0.0,0.0,0.017857142857142856,0.0,0.0,0.0,0.0,0.0,0.0,0.0,0.0,0.0,0.0,0.0
514,0.0,0.01694915254237288,0.0,0.01694915254237288,0.01694915254237288,0.0,0.0,0.03389830508474576,0.1864406779661017,0.01694915254237288,0.06779661016949153,0.05084745762711865,0.0,0.0,0.05084745762711865,0.0,0.0,0.0,0.0,0.0,0.01694915254237288,0.0,0.1694915254237288,0.11864406779661017,0.01694915254237288,0.0,0.03389830508474576,0.0,0.0,0.01694915254237288,0.0,0.0,0.03389830508474576,0.03389830508474576,0.05084745762711865,0.01694915254237288,0.0,0.0,0.0,0.0,0.0,0.01694915254237288,0.0,0.0,0.01694915254237288,0.0
515,0.0,0.0425531914893617,0.0,0.5106382978723404,0.0425531914893617,0.02127659574468085,0.0,0.0,0.0425531914893617,0.06382978723404255,0.0,0.0,0.0,0.0,0.0,0.0,0.0,0.0,0.0,0.02127659574468085,0.0,0.0,0.0425531914893617,0.02127659574468085,0.0,0.0,0.0425531914893617,0.0,0.0,0.0,0.0,0.0,0.02127659574468085,0.0425531914893617,0.02127659574468085,0.0,0.0,0.0,0.0,0.0,0.0,0.02127659574468085,0.0,0.0425531914893617,0.0,0.0
516,0.0,0.0,0.0,0.0,0.0,0.0,0.0,0.0,0.0,0.0,0.0,0.0,0.0,0.0,0.8214285714285714,0.17857142857142858,0.0,0.0,0.0,0.0,0.0,0.0,0.0,0.0,0.0,0.0,0.0,0.0,0.0,0.0,0.0,0.0,0.0,0.0,0.0,0.0,0.0,0.0,0.0,0.0,0.0,0.0,0.0,0.0,0.0,0.0
517,0.0,0.030303030303030304,0.0,0.0,0.0,0.0,0.030303030303030304,0.0,0.0,0.09090909090909091,0.0,0.0,0.030303030303030304,0.0,0.0,0.0,0.0,0.0,0.0,0.030303030303030304,0.09090909090909091,0.0,0.0,0.36363636363636365,0.030303030303030304,0.06060606060606061,0.030303030303030304,0.0,0.12121212121212122,0.0,0.0,0.030303030303030304,0.0,0.0,0.0,0.0,0.0,0.0,0.0,0.0,0.0,0.06060606060606061,0.0,0.0,0.0,0.0
518,0.0196078431372549,0.0,0.0196078431372549,0.0196078431372549,0.23529411764705882,0.0196078431372549,0.0,0.0196078431372549,0.0,0.13725490196078433,0.0,0.17647058823529413,0.0,0.0,0.0196078431372549,0.0,0.0,0.0,0.0,0.0392156862745098,0.0,0.0,0.0196078431372549,0.0196078431372549,0.0196078431372549,0.0392156862745098,0.0,0.0,0.0392156862745098,0.0196078431372549,0.0,0.0,0.0,0.0,0.0,0.0,0.0,0.0,0.0,0.0,0.0,0.09803921568627451,0.0196078431372549,0.0,0.0196078431372549,0.0
519,0.010101010101010102,0.0,0.0,0.020202020202020204,0.08080808080808081,0.0,0.0,0.010101010101010102,0.010101010101010102,0.010101010101010102,0.020202020202020204,0.0,0.0,0.030303030303030304,0.010101010101010102,0.020202020202020204,0.010101010101010102,0.010101010101010102,0.010101010101010102,0.020202020202020204,0.020202020202020204,0.020202020202020204,0.030303030303030304,0.030303030303030304,0.010101010101010102,0.010101010101010102,0.0,0.2222222222222222,0.06060606060606061,0.0,0.020202020202020204,0.1717171717171717,0.020202020202020204,0.010101010101010102,0.010101010101010102,0.010101010101010102,0.0,0.0,0.0,0.0,0.0,0.0,0.030303030303030304,0.04040404040404041,0.010101010101010102,0.0
520,0.0,0.0,0.0,0.0,0.023255813953488372,0.0,0.023255813953488372,0.0,0.023255813953488372,0.046511627906976744,0.023255813953488372,0.0,0.046511627906976744,0.0,0.023255813953488372,0.0,0.023255813953488372,0.0,0.0,0.5116279069767442,0.023255813953488372,0.0,0.023255813953488372,0.0,0.0,0.09302325581395349,0.023255813953488372,0.023255813953488372,0.023255813953488372,0.0,0.023255813953488372,0.0,0.0,0.0,0.0,0.0,0.0,0.0,0.0,0.0,0.0,0.0,0.0,0.0,0.0,0.023255813953488372
521,0.0,0.0,0.025,0.05,0.0,0.6,0.0,0.0,0.0,0.025,0.0,0.05,0.0,0.0,0.025,0.025,0.025,0.0,0.0,0.0,0.0,0.0,0.025,0.0,0.0,0.0,0.025,0.05,0.05,0.0,0.025,0.0,0.0,0.0,0.0,0.0,0.0,0.0,0.0,0.0,0.0,0.0,0.0,0.0,0.0,0.0
522,0.0,0.02040816326530612,0.0,0.0,0.0,0.0,0.02040816326530612,0.0,0.0,0.0,0.0,0.0,0.0,0.02040816326530612,0.0,0.0,0.04081632653061224,0.04081632653061224,0.04081632653061224,0.0,0.0,0.0,0.02040816326530612,0.5102040816326531,0.12244897959183673,0.0,0.0,0.0,0.0,0.0,0.02040816326530612,0.0,0.0,0.061224489795918366,0.04081632653061224,0.02040816326530612,0.0,0.0,0.0,0.0,0.0,0.02040816326530612,0.0,0.0,0.0,0.0
523,0.0,0.0196078431372549,0.0196078431372549,0.0,0.0,0.0196078431372549,0.0,0.0,0.0,0.0196078431372549,0.0196078431372549,0.0196078431372549,0.0,0.0,0.49019607843137253,0.0196078431372549,0.0,0.0196078431372549,0.0196078431372549,0.0,0.0196078431372549,0.0,0.0196078431372549,0.0196078431372549,0.0,0.0,0.0392156862745098,0.0,0.0196078431372549,0.0,0.0,0.0196078431372549,0.0,0.058823529411764705,0.0,0.0,0.0,0.0,0.0,0.0,0.0,0.11764705882352941,0.0,0.0,0.0196078431372549,0.0
524,0.0,0.09375,0.0625,0.09375,0.0,0.0,0.125,0.1875,0.03125,0.0,0.03125,0.0,0.0,0.0,0.15625,0.0,0.03125,0.0625,0.0,0.0,0.0,0.03125,0.0,0.09375,0.0,0.0,0.0,0.0,0.0,0.0,0.0,0.0,0.0,0.0,0.0,0.0,0.0,0.0,0.0,0.0,0.0,0.0,0.0,0.0,0.0,0.0
525,0.0,0.0,0.021739130434782608,0.0,0.0,0.0,0.021739130434782608,0.0,0.021739130434782608,0.0,0.043478260869565216,0.021739130434782608,0.0,0.0,0.021739130434782608,0.043478260869565216,0.043478260869565216,0.5217391304347826,0.021739130434782608,0.0,0.021739130434782608,0.0,0.021739130434782608,0.0,0.021739130434782608,0.0,0.0,0.0,0.0,0.0,0.0,0.0,0.0,0.06521739130434782,0.021739130434782608,0.021739130434782608,0.0,0.0,0.0,0.0,0.0,0.0,0.0,0.0,0.021739130434782608,0.021739130434782608
526,0.0,0.0,0.0,0.0,0.0,0.08823529411764706,0.0,0.0,0.0,0.0,0.0,0.0,0.0,0.23529411764705882,0.11764705882352941,0.0,0.0,0.0,0.029411764705882353,0.058823529411764705,0.0,0.029411764705882353,0.0,0.0,0.0,0.029411764705882353,0.029411764705882353,0.0,0.0,0.0,0.0,0.0,0.0,0.029411764705882353,0.2647058823529412,0.08823529411764706,0.0,0.0,0.0,0.0,0.0,0.0,0.0,0.0,0.0,0.0
527,0.0,0.0,0.0,0.0,0.0,0.0,0.043478260869565216,0.021739130434782608,0.021739130434782608,0.043478260869565216,0.0,0.0,0.021739130434782608,0.0,0.0,0.5217391304347826,0.0,0.0,0.021739130434782608,0.0,0.0,0.0,0.043478260869565216,0.08695652173913043,0.0,0.021739130434782608,0.0,0.021739130434782608,0.0,0.0,0.0,0.021739130434782608,0.021739130434782608,0.0,0.043478260869565216,0.0,0.0,0.0,0.0,0.0,0.0,0.0,0.0,0.021739130434782608,0.0,0.021739130434782608
528,0.0,0.0,0.025,0.0,0.0,0.0,0.0,0.0,0.0,0.0,0.025,0.15,0.0,0.15,0.0,0.0,0.075,0.0,0.0,0.0,0.0,0.0,0.0,0.0,0.4,0.0,0.0,0.05,0.0,0.0,0.0,0.025,0.0,0.0,0.0,0.0,0.0,0.025,0.0,0.0,0.0,0.05,0.0,0.0,0.025,0.0
529,0.0,0.0425531914893617,0.02127659574468085,0.0,0.0,0.05319148936170213,0.02127659574468085,0.0,0.031914893617021274,0.010638297872340425,0.010638297872340425,0.0425531914893617,0.0,0.02127659574468085,0.0425531914893617,0.0,0.0,0.0,0.0,0.02127659574468085,0.02127659574468085,0.02127659574468085,0.010638297872340425,0.05319148936170213,0.02127659574468085,0.031914893617021274,0.02127659574468085,0.02127659574468085,0.06382978723404255,0.010638297872340425,0.02127659574468085,0.0425531914893617,0.2553191489361702,0.031914893617021274,0.031914893617021274,0.010638297872340425,0.0,0.0,0.0,0.0,0.0,0.0,0.010638297872340425,0.0,0.0,0.0
530,0.0,0.0,0.0,0.0,0.16666666666666666,0.03333333333333333,0.0,0.0,0.0,0.0,0.1,0.0,0.0,0.0,0.0,0.0,0.03333333333333333,0.0,0.03333333333333333,0.2,0.0,0.0,0.0,0.0,0.0,0.26666666666666666,0.0,0.0,0.0,0.06666666666666667,0.0,0.0,0.0,0.03333333333333333,0.0,0.0,0.0,0.0,0.0,0.0,0.0,0.0,0.0,0.0,0.06666666666666667,0.0
531,0.0,0.0,0.06451612903225806,0.0,0.0,0.0,0.0,0.0,0.0,0.0,0.0,0.0,0.0,0.0,0.0,0.0,0.0,0.0,0.1935483870967742,0.0,0.0,0.0,0.03225806451612903,0.0,0.0,0.0,0.0,0.0,0.0,0.0,0.7096774193548387,0.0,0.0,0.0,0.0,0.0,0.0,0.0,0.0,0.0,0.0,0.0,0.0,0.0,0.0,0.0
532,0.02040816326530612,0.061224489795918366,0.04081632653061224,0.061224489795918366,0.04081632653061224,0.0,0.0,0.0,0.02040816326530612,0.02040816326530612,0.46938775510204084,0.0,0.0,0.0,0.0,0.0,0.0,0.02040816326530612,0.02040816326530612,0.0,0.0,0.0,0.0,0.02040816326530612,0.0,0.0,0.04081632653061224,0.02040816326530612,0.02040816326530612,0.0,0.0,0.10204081632653061,0.02040816326530612,0.0,0.0,0.0,0.0,0.0,0.0,0.0,0.0,0.0,0.0,0.0,0.0,0.0
533,0.0,0.18518518518518517,0.07407407407407407,0.07407407407407407,0.07407407407407407,0.037037037037037035,0.1111111111111111,0.1111111111111111,0.037037037037037035,0.037037037037037035,0.07407407407407407,0.037037037037037035,0.037037037037037035,0.0,0.1111111111111111,0.0,0.0,0.0,0.0,0.0,0.0,0.0,0.0,0.0,0.0,0.0,0.0,0.0,0.0,0.0,0.0,0.0,0.0,0.0,0.0,0.0,0.0,0.0,0.0,0.0,0.0,0.0,0.0,0.0,0.0,0.0
534,0.0,0.0,0.0,0.0,0.0,0.3541666666666667,0.020833333333333332,0.020833333333333332,0.020833333333333332,0.0,0.0,0.041666666666666664,0.0625,0.0,0.0,0.0,0.16666666666666666,0.041666666666666664,0.041666666666666664,0.020833333333333332,0.0,0.020833333333333332,0.020833333333333332,0.0,0.0,0.020833333333333332,0.041666666666666664,0.0,0.020833333333333332,0.0,0.041666666666666664,0.0,0.0,0.020833333333333332,0.0,0.0,0.0,0.0,0.0,0.0,0.0,0.0,0.0,0.0,0.0,0.020833333333333332
535,0.0,0.03389830508474576,0.03389830508474576,0.01694915254237288,0.05084745762711865,0.01694915254237288,0.01694915254237288,0.01694915254237288,0.0,0.01694915254237288,0.01694915254237288,0.0,0.0,0.01694915254237288,0.01694915254237288,0.01694915254237288,0.05084745762711865,0.01694915254237288,0.0,0.03389830508474576,0.0,0.03389830508474576,0.01694915254237288,0.2542372881355932,0.03389830508474576,0.0847457627118644,0.0,0.0,0.0,0.05084745762711865,0.01694915254237288,0.01694915254237288,0.01694915254237288,0.03389830508474576,0.01694915254237288,0.03389830508474576,0.0,0.0,0.0,0.0,0.0,0.0,0.0,0.0,0.0,0.01694915254237288
536,0.0,0.0,0.0,0.022727272727272728,0.045454545454545456,0.0,0.022727272727272728,0.045454545454545456,0.0,0.0,0.0,0.0,0.0,0.0,0.022727272727272728,0.0,0.022727272727272728,0.0,0.0,0.022727272727272728,0.0,0.06818181818181818,0.022727272727272728,0.022727272727272728,0.06818181818181818,0.0,0.0,0.0,0.0,0.022727272727272728,0.022727272727272728,0.022727272727272728,0.022727272727272728,0.022727272727272728,0.0,0.0,0.0,0.0,0.0,0.0,0.0,0.4318181818181818,0.022727272727272728,0.022727272727272728,0.0,0.022727272727272728
537,0.0,0.015625,0.03125,0.03125,0.0,0.015625,0.0,0.09375,0.015625,0.453125,0.0,0.0,0.0,0.0,0.0,0.03125,0.0,0.0,0.0,0.0,0.03125,0.03125,0.03125,0.0,0.03125,0.015625,0.015625,0.015625,0.03125,0.0,0.015625,0.015625,0.015625,0.0,0.03125,0.015625,0.0,0.0,0.0,0.0,0.0,0.0,0.0,0.015625,0.0,0.0
538,0.0,0.0,0.0,0.0,0.023809523809523808,0.0,0.023809523809523808,0.023809523809523808,0.047619047619047616,0.0,0.0,0.0,0.0,0.0,0.0,0.0,0.0,0.38095238095238093,0.023809523809523808,0.07142857142857142,0.11904761904761904,0.0,0.0,0.0,0.0,0.0,0.023809523809523808,0.0,0.0,0.0,0.0,0.023809523809523808,0.21428571428571427,0.0,0.0,0.0,0.0,0.0,0.0,0.0,0.0,0.0,0.0,0.023809523809523808,0.0,0.0
539,0.0,0.022727272727272728,0.22727272727272727,0.0,0.0,0.0,0.5227272727272727,0.0,0.0,0.0,0.0,0.0,0.0,0.022727272727272728,0.045454545454545456,0.0,0.0,0.045454545454545456,0.0,0.0,0.0,0.0,0.0,0.0,0.0,0.0,0.022727272727272728,0.0,0.0,0.0,0.0,0.0,0.022727272727272728,0.022727272727272728,0.022727272727272728,0.0,0.0,0.0,0.0,0.0,0.0,0.0,0.0,0.0,0.022727272727272728,0.0
540,0.022727272727272728,0.0,0.0,0.0,0.0,0.011363636363636364,0.0,0.0,0.0,0.07954545454545454,0.03409090909090909,0.0,0.011363636363636364,0.011363636363636364,0.48863636363636365,0.056818181818181816,0.045454545454545456,0.0,0.022727272727272728,0.022727272727272728,0.011363636363636364,0.011363636363636364,0.0,0.022727272727272728,0.0,0.045454545454545456,0.022727272727272728,0.011363636363636364,0.0,0.0,0.0,0.011363636363636364,0.011363636363636364,0.011363636363636364,0.011363636363636364,0.0,0.0,0.0,0.0,0.0,0.0,0.011363636363636364,0.011363636363636364,0.0,0.0,0.0
541,0.0,0.0,0.0,0.025,0.0,0.0,0.0,0.0,0.025,0.025,0.0,0.025,0.025,0.0,0.0,0.0,0.0,0.05,0.0,0.0,0.1,0.05,0.025,0.0,0.0,0.025,0.0,0.025,0.0,0.0,0.0,0.55,0.0,0.025,0.0,0.0,0.0,0.0,0.0,0.0,0.0,0.0,0.0,0.0,0.025,0.0
542,0.0,0.0,0.0,0.0,0.0,0.0,0.7037037037037037,0.0,0.0,0.0,0.0,0.0,0.0,0.0,0.07407407407407407,0.2222222222222222,0.0,0.0,0.0,0.0,0.0,0.0,0.0,0.0,0.0,0.0,0.0,0.0,0.0,0.0,0.0,0.0,0.0,0.0,0.0,0.0,0.0,0.0,0.0,0.0,0.0,0.0,0.0,0.0,0.0,0.0
543,0.0,0.02564102564102564,0.0,0.02564102564102564,0.0,0.0,0.0,0.0,0.0,0.0,0.07692307692307693,0.0,0.0,0.02564102564102564,0.02564102564102564,0.02564102564102564,0.0,0.0,0.0,0.0,0.0,0.0,0.0,0.0,0.0,0.02564102564102564,0.0,0.0,0.0,0.02564102564102564,0.0,0.0,0.0,0.0,0.02564102564102564,0.0,0.0,0.0,0.0,0.0,0.0,0.0,0.6410256410256411,0.07692307692307693,0.0,0.0
544,0.009345794392523364,0.009345794392523364,0.0,0.009345794392523364,0.018691588785046728,0.018691588785046728,0.04672897196261682,0.009345794392523364,0.0,0.018691588785046728,0.037383177570093455,0.009345794392523364,0.0,0.009345794392523364,0.009345794392523364,0.0,0.028037383177570093,0.009345794392523364,0.018691588785046728,0.009345794392523364,0.028037383177570093,0.028037383177570093,0.037383177570093455,0.0,0.028037383177570093,0.0,0.028037383177570093,0.018691588785046728,0.08411214953271028,0.028037383177570093,0.028037383177570093,0.21495327102803738,0.028037383177570093,0.09345794392523364,0.037383177570093455,0.009345794392523364,0.0,0.0,0.0,0.0,0.0,0.0,0.018691588785046728,0.0,0.018691588785046728,0.0
545,0.0,0.0,0.3684210526315789,0.0,0.0,0.3157894736842105,0.0,0.02631578947368421,0.0,0.02631578947368421,0.0,0.02631578947368421,0.0,0.02631578947368421,0.0,0.0,0.02631578947368421,0.0,0.0,0.02631578947368421,0.0,0.02631578947368421,0.0,0.0,0.0,0.02631578947368421,0.02631578947368421,0.0,0.0,0.0,0.0,0.0,0.05263157894736842,0.02631578947368421,0.0,0.0,0.0,0.0,0.0,0.0,0.0,0.0,0.0,0.0,0.0,0.0
546,0.0,0.0,0.0,0.0,0.0,0.0,0.0,0.0,0.0,0.0,0.0,0.0,0.0,0.0,0.0,0.0,0.0851063829787234,0.8723404255319149,0.0,0.02127659574468085,0.0,0.0,0.0,0.0,0.0,0.02127659574468085,0.0,0.0,0.0,0.0,0.0,0.0,0.0,0.0,0.0,0.0,0.0,0.0,0.0,0.0,0.0,0.0,0.0,0.0,0.0,0.0
547,0.057692307692307696,0.09615384615384616,0.019230769230769232,0.0,0.0,0.0,0.0,0.019230769230769232,0.019230769230769232,0.019230769230769232,0.0,0.057692307692307696,0.019230769230769232,0.0,0.0,0.038461538461538464,0.0,0.0,0.0,0.0,0.057692307692307696,0.019230769230769232,0.0,0.0,0.23076923076923078,0.3076923076923077,0.0,0.0,0.0,0.0,0.0,0.0,0.0,0.0,0.0,0.0,0.0,0.019230769230769232,0.0,0.0,0.0,0.0,0.0,0.0,0.019230769230769232,0.0
548,0.0,0.0,0.0,0.04,0.02,0.12,0.0,0.0,0.0,0.0,0.0,0.04,0.0,0.0,0.0,0.04,0.02,0.0,0.0,0.04,0.0,0.02,0.02,0.08,0.02,0.0,0.0,0.0,0.02,0.0,0.0,0.0,0.1,0.02,0.0,0.0,0.0,0.0,0.0,0.0,0.0,0.0,0.22,0.16,0.02,0.0
549,0.0,0.0,0.034482758620689655,0.034482758620689655,0.0,0.0,0.0,0.0,0.0,0.0,0.0,0.0,0.0,0.0,0.0,0.0,0.0,0.0,0.0,0.0,0.0,0.0,0.0,0.0,0.0,0.0,0.0,0.0,0.896551724137931,0.0,0.0,0.0,0.034482758620689655,0.0,0.0,0.0,0.0,0.0,0.0,0.0,0.0,0.0,0.0,0.0,0.0,0.0
550,0.0,0.02857142857142857,0.08571428571428572,0.02857142857142857,0.02857142857142857,0.0,0.0,0.02857142857142857,0.0,0.02857142857142857,0.05714285714285714,0.02857142857142857,0.0,0.0,0.4857142857142857,0.11428571428571428,0.0,0.02857142857142857,0.0,0.0,0.0,0.0,0.0,0.0,0.0,0.0,0.0,0.0,0.02857142857142857,0.0,0.0,0.0,0.0,0.0,0.0,0.0,0.0,0.0,0.0,0.0,0.0,0.0,0.0,0.02857142857142857,0.0,0.0
551,0.0,0.0,0.0,0.0,0.0,0.0,0.0,0.0,0.0,0.0,0.0,0.0,0.0,0.0,0.037037037037037035,0.0,0.0,0.0,0.0,0.0,0.0,0.0,0.0,0.0,0.0,0.0,0.0,0.9629629629629629,0.0,0.0,0.0,0.0,0.0,0.0,0.0,0.0,0.0,0.0,0.0,0.0,0.0,0.0,0.0,0.0,0.0,0.0
552,0.0,0.0,0.0,0.02,0.02,0.0,0.0,0.0,0.02,0.02,0.0,0.02,0.02,0.0,0.0,0.0,0.02,0.0,0.02,0.04,0.0,0.04,0.02,0.02,0.0,0.02,0.02,0.0,0.0,0.0,0.0,0.02,0.04,0.0,0.44,0.1,0.0,0.0,0.0,0.0,0.0,0.0,0.02,0.02,0.02,0.02
553,0.0,0.0,0.0,0.018867924528301886,0.05660377358490566,0.0,0.0,0.018867924528301886,0.018867924528301886,0.0,0.05660377358490566,0.0,0.018867924528301886,0.018867924528301886,0.05660377358490566,0.0,0.03773584905660377,0.4716981132075472,0.018867924528301886,0.0,0.018867924528301886,0.018867924528301886,0.0,0.0,0.0,0.0,0.018867924528301886,0.0,0.03773584905660377,0.05660377358490566,0.0,0.0,0.018867924528301886,0.0,0.0,0.0,0.0,0.0,0.0,0.0,0.0,0.018867924528301886,0.018867924528301886,0.0,0.0,0.0
554,0.0,0.022222222222222223,0.044444444444444446,0.022222222222222223,0.022222222222222223,0.0,0.0,0.0,0.022222222222222223,0.0,0.0,0.022222222222222223,0.0,0.022222222222222223,0.0,0.0,0.0,0.0,0.0,0.022222222222222223,0.022222222222222223,0.0,0.0,0.022222222222222223,0.0,0.0,0.022222222222222223,0.0,0.022222222222222223,0.0,0.0,0.0,0.044444444444444446,0.022222222222222223,0.5777777777777777,0.0,0.0,0.0,0.0,0.0,0.0,0.0,0.0,0.044444444444444446,0.022222222222222223,0.0
555,0.0,0.034482758620689655,0.034482758620689655,0.0,0.0,0.0,0.0,0.0,0.0,0.0,0.0,0.0,0.0,0.0,0.1724137931034483,0.0,0.0,0.0,0.5172413793103449,0.034482758620689655,0.0,0.034482758620689655,0.034482758620689655,0.0,0.0,0.0,0.0,0.0,0.034482758620689655,0.0,0.0,0.0,0.0,0.034482758620689655,0.0,0.06896551724137931,0.0,0.0,0.0,0.0,0.0,0.0,0.0,0.0,0.0,0.0
556,0.0,0.04918032786885246,0.11475409836065574,0.0,0.06557377049180328,0.0,0.01639344262295082,0.0,0.0,0.03278688524590164,0.0,0.0,0.03278688524590164,0.0,0.0,0.0,0.0,0.0,0.03278688524590164,0.0,0.01639344262295082,0.01639344262295082,0.03278688524590164,0.01639344262295082,0.04918032786885246,0.03278688524590164,0.01639344262295082,0.09836065573770492,0.0,0.0,0.0,0.3114754098360656,0.01639344262295082,0.01639344262295082,0.03278688524590164,0.0,0.0,0.0,0.0,0.0,0.0,0.0,0.0,0.0,0.0,0.0
557,0.0,0.0,0.0,0.0,0.0,0.0,0.0,0.09090909090909091,0.0,0.0,0.18181818181818182,0.0,0.0,0.0,0.0,0.0,0.0,0.5151515151515151,0.06060606060606061,0.0,0.0,0.0,0.0,0.030303030303030304,0.0,0.0,0.0,0.0,0.0,0.0,0.0,0.0,0.0,0.0,0.0,0.0,0.0,0.0,0.0,0.0,0.09090909090909091,0.030303030303030304,0.0,0.0,0.0,0.0
558,0.0,0.02564102564102564,0.0,0.0,0.02564102564102564,0.0,0.0,0.0,0.05128205128205128,0.07692307692307693,0.02564102564102564,0.0,0.0,0.02564102564102564,0.1282051282051282,0.0,0.02564102564102564,0.02564102564102564,0.0,0.0,0.0,0.0,0.07692307692307693,0.07692307692307693,0.0,0.0,0.15384615384615385,0.0,0.0,0.0,0.0,0.0,0.0,0.02564102564102564,0.05128205128205128,0.0,0.0,0.0,0.0,0.0,0.0,0.10256410256410256,0.0,0.05128205128205128,0.0,0.05128205128205128
559,0.045454545454545456,0.09090909090909091,0.0,0.045454545454545456,0.022727272727272728,0.0,0.022727272727272728,0.0,0.0,0.0,0.0,0.0,0.0,0.0,0.0,0.09090909090909091,0.022727272727272728,0.0,0.0,0.022727272727272728,0.0,0.0,0.022727272727272728,0.0,0.0,0.022727272727272728,0.0,0.0,0.0,0.0,0.0,0.0,0.0,0.0,0.0,0.022727272727272728,0.0,0.0,0.0,0.0,0.0,0.0,0.0,0.0,0.5681818181818182,0.0
560,0.0,0.0,0.0,0.02127659574468085,0.19148936170212766,0.0,0.0,0.0,0.0,0.0,0.0,0.0,0.0,0.0,0.0,0.14893617021276595,0.0,0.0,0.06382978723404255,0.5319148936170213,0.0,0.02127659574468085,0.0,0.0,0.0,0.0,0.0,0.0,0.02127659574468085,0.0,0.0,0.0,0.0,0.0,0.0,0.0,0.0,0.0,0.0,0.0,0.0,0.0,0.0,0.0,0.0,0.0
561,0.0,0.0,0.0,0.024390243902439025,0.024390243902439025,0.0,0.0,0.024390243902439025,0.0,0.024390243902439025,0.0,0.0,0.0,0.024390243902439025,0.024390243902439025,0.024390243902439025,0.024390243902439025,0.0,0.024390243902439025,0.0,0.6585365853658537,0.0,0.0,0.0,0.0,0.024390243902439025,0.0,0.0,0.024390243902439025,0.0,0.0,0.024390243902439025,0.0,0.0,0.024390243902439025,0.0,0.0,0.0,0.0,0.0,0.0,0.0,0.0,0.024390243902439025,0.0,0.0
562,0.0,0.02631578947368421,0.0,0.0,0.02631578947368421,0.0,0.05263157894736842,0.0,0.0,0.0,0.0,0.0,0.0,0.07894736842105263,0.02631578947368421,0.0,0.02631578947368421,0.0,0.0,0.0,0.0,0.0,0.0,0.02631578947368421,0.05263157894736842,0.0,0.0,0.6052631578947368,0.0,0.0,0.0,0.0,0.0,0.02631578947368421,0.02631578947368421,0.0,0.0,0.0,0.0,0.0,0.0,0.0,0.0,0.02631578947368421,0.0,0.0
563,0.0,0.0,0.023255813953488372,0.0,0.0,0.0,0.0,0.0,0.06976744186046512,0.0,0.023255813953488372,0.0,0.0,0.0,0.0,0.11627906976744186,0.023255813953488372,0.0,0.0,0.0,0.0,0.023255813953488372,0.0,0.0,0.0,0.0,0.023255813953488372,0.3023255813953488,0.0,0.046511627906976744,0.046511627906976744,0.0,0.0,0.06976744186046512,0.16279069767441862,0.06976744186046512,0.0,0.0,0.0,0.0,0.0,0.0,0.0,0.0,0.0,0.0
564,0.0,0.037037037037037035,0.0,0.0,0.037037037037037035,0.0,0.0,0.0,0.0,0.05555555555555555,0.0,0.0,0.0,0.46296296296296297,0.037037037037037035,0.018518518518518517,0.037037037037037035,0.0,0.018518518518518517,0.037037037037037035,0.037037037037037035,0.0,0.0,0.05555555555555555,0.0,0.018518518518518517,0.018518518518518517,0.0,0.05555555555555555,0.018518518518518517,0.018518518518518517,0.0,0.0,0.0,0.018518518518518517,0.0,0.0,0.0,0.0,0.0,0.018518518518518517,0.0,0.0,0.0,0.0,0.0
565,0.0,0.02631578947368421,0.0,0.02631578947368421,0.0,0.0,0.0,0.0,0.0,0.0,0.5526315789473685,0.15789473684210525,0.05263157894736842,0.05263157894736842,0.05263157894736842,0.02631578947368421,0.0,0.0,0.0,0.0,0.0,0.0,0.0,0.0,0.0,0.0,0.02631578947368421,0.0,0.0,0.0,0.0,0.0,0.0,0.02631578947368421,0.0,0.0,0.0,0.0,0.0,0.0,0.0,0.0,0.0,0.0,0.0,0.0
566,0.0,0.018518518518518517,0.0,0.018518518518518517,0.018518518518518517,0.0,0.037037037037037035,0.018518518518518517,0.0,0.0,0.0,0.0,0.018518518518518517,0.0,0.0,0.018518518518518517,0.0,0.018518518518518517,0.018518518518518517,0.0,0.0,0.0,0.0,0.018518518518518517,0.018518518518518517,0.037037037037037035,0.09259259259259259,0.0,0.0,0.018518518518518517,0.0,0.018518518518518517,0.0,0.48148148148148145,0.018518518518518517,0.0,0.0,0.0,0.0,0.0,0.09259259259259259,0.0,0.0,0.0,0.018518518518518517,0.0
567,0.0,0.0,0.0,0.0,0.0,0.0,0.0,0.0,0.0,0.0,0.8064516129032258,0.0,0.0,0.0,0.03225806451612903,0.0,0.0,0.0,0.03225806451612903,0.0,0.0,0.0,0.0967741935483871,0.0,0.0,0.0,0.0,0.0,0.0,0.0,0.0,0.0,0.0,0.0,0.03225806451612903,0.0,0.0,0.0,0.0,0.0,0.0,0.0,0.0,0.0,0.0,0.0
568,0.0,0.0,0.0,0.0,0.0,0.0,0.0,0.0,0.0,0.0,0.0,0.0,0.0,0.0,0.0,0.0,0.0,0.034482758620689655,0.0,0.0,0.0,0.0,0.0,0.0,0.0,0.0,0.034482758620689655,0.0,0.0,0.0,0.0,0.0,0.896551724137931,0.0,0.0,0.0,0.0,0.0,0.0,0.0,0.0,0.0,0.0,0.0,0.0,0.034482758620689655
569,0.0,0.04054054054054054,0.013513513513513514,0.05405405405405406,0.05405405405405406,0.32432432432432434,0.20270270270270271,0.013513513513513514,0.0,0.0,0.0,0.013513513513513514,0.0,0.04054054054054054,0.0,0.013513513513513514,0.013513513513513514,0.013513513513513514,0.08108108108108109,0.0,0.0,0.013513513513513514,0.0,0.0,0.0,0.0,0.0,0.013513513513513514,0.0,0.0,0.0,0.0,0.0,0.013513513513513514,0.0,0.0,0.0,0.0,0.0,0.0,0.0,0.013513513513513514,0.06756756756756757,0.0,0.0,0.0
570,0.0196078431372549,0.0,0.0196078431372549,0.0,0.0,0.0196078431372549,0.0392156862745098,0.0196078431372549,0.0,0.0,0.0196078431372549,0.0,0.0196078431372549,0.0,0.0196078431372549,0.0,0.058823529411764705,0.0,0.0196078431372549,0.0,0.0,0.058823529411764705,0.0392156862745098,0.0196078431372549,0.0,0.058823529411764705,0.11764705882352941,0.0,0.13725490196078433,0.0392156862745098,0.0784313725490196,0.0784313725490196,0.0,0.0392156862745098,0.058823529411764705,0.0,0.0,0.0,0.0,0.0,0.0196078431372549,0.0,0.0,0.0,0.0,0.0
571,0.0,0.0,0.030303030303030304,0.0,0.0,0.0,0.030303030303030304,0.0,0.0,0.0,0.030303030303030304,0.0,0.0,0.0,0.0,0.0,0.0,0.0,0.7878787878787878,0.0,0.0,0.0,0.0,0.030303030303030304,0.0,0.030303030303030304,0.030303030303030304,0.0,0.0,0.0,0.0,0.0,0.0,0.0,0.030303030303030304,0.0,0.0,0.0,0.0,0.0,0.0,0.0,0.0,0.0,0.0,0.0
572,0.0,0.0,0.0,0.037037037037037035,0.0,0.018518518518518517,0.0,0.0,0.0,0.0,0.0,0.0,0.0,0.0,0.018518518518518517,0.0,0.037037037037037035,0.0,0.0,0.0,0.0,0.018518518518518517,0.037037037037037035,0.0,0.037037037037037035,0.037037037037037035,0.018518518518518517,0.0,0.0,0.0,0.0,0.0,0.018518518518518517,0.018518518518518517,0.018518518518518517,0.0,0.0,0.0,0.0,0.0,0.0,0.0,0.6481481481481481,0.018518518518518517,0.0,0.018518518518518517
573,0.0,0.0,0.0,0.027777777777777776,0.0,0.5555555555555556,0.0,0.027777777777777776,0.0,0.0,0.0,0.027777777777777776,0.0,0.0,0.0,0.0,0.027777777777777776,0.0,0.0,0.0,0.1388888888888889,0.027777777777777776,0.0,0.08333333333333333,0.0,0.0,0.027777777777777776,0.027777777777777776,0.0,0.0,0.0,0.0,0.0,0.0,0.0,0.0,0.0,0.0,0.0,0.0,0.0,0.0,0.0,0.027777777777777776,0.0,0.0
574,0.0,0.0,0.0,0.0,0.0,0.02631578947368421,0.05263157894736842,0.0,0.0,0.0,0.0,0.0,0.02631578947368421,0.0,0.02631578947368421,0.0,0.0,0.0,0.02631578947368421,0.0,0.0,0.0,0.0,0.8421052631578947,0.0,0.0,0.0,0.0,0.0,0.0,0.0,0.0,0.0,0.0,0.0,0.0,0.0,0.0,0.0,0.0,0.0,0.0,0.0,0.0,0.0,0.0
575,0.017857142857142856,0.017857142857142856,0.017857142857142856,0.0,0.017857142857142856,0.017857142857142856,0.017857142857142856,0.14285714285714285,0.0,0.125,0.03571428571428571,0.07142857142857142,0.0,0.0,0.14285714285714285,0.0,0.03571428571428571,0.10714285714285714,0.0,0.017857142857142856,0.0,0.017857142857142856,0.017857142857142856,0.017857142857142856,0.0,0.0,0.03571428571428571,0.0,0.03571428571428571,0.0,0.03571428571428571,0.017857142857142856,0.0,0.0,0.0,0.0,0.0,0.0,0.017857142857142856,0.0,0.0,0.0,0.0,0.017857142857142856,0.0,0.0
576,0.014084507042253521,0.1267605633802817,0.1267605633802817,0.0,0.0,0.11267605633802817,0.0,0.014084507042253521,0.0,0.04225352112676056,0.014084507042253521,0.014084507042253521,0.014084507042253521,0.014084507042253521,0.04225352112676056,0.0,0.014084507042253521,0.0,0.0,0.08450704225352113,0.0,0.0,0.014084507042253521,0.0,0.014084507042253521,0.08450704225352113,0.08450704225352113,0.014084507042253521,0.028169014084507043,0.07042253521126761,0.0,0.028169014084507043,0.014084507042253521,0.0,0.0,0.0,0.0,0.0,0.0,0.0,0.014084507042253521,0.0,0.0,0.0,0.0,0.0
577,0.0,0.0,0.0,0.0,0.0,0.0,0.0,0.06382978723404255,0.10638297872340426,0.0425531914893617,0.02127659574468085,0.02127659574468085,0.02127659574468085,0.02127659574468085,0.02127659574468085,0.0,0.0425531914893617,0.02127659574468085,0.0,0.0,0.02127659574468085,0.0,0.02127659574468085,0.06382978723404255,0.0,0.0,0.0425531914893617,0.0,0.0,0.0,0.3191489361702128,0.0851063829787234,0.0,0.0,0.0,0.0,0.0,0.0,0.02127659574468085,0.0,0.02127659574468085,0.02127659574468085,0.0,0.0,0.0,0.0
578,0.0,0.034482758620689655,0.0,0.0,0.0,0.0,0.034482758620689655,0.0,0.0,0.3448275862068966,0.0,0.0,0.0,0.034482758620689655,0.41379310344827586,0.0,0.0,0.0,0.0,0.0,0.0,0.0,0.0,0.034482758620689655,0.0,0.0,0.0,0.0,0.0,0.0,0.0,0.0,0.06896551724137931,0.034482758620689655,0.0,0.0,0.0,0.0,0.0,0.0,0.0,0.0,0.0,0.0,0.0,0.0
579,0.0,0.0,0.0,0.031746031746031744,0.031746031746031744,0.0,0.047619047619047616,0.015873015873015872,0.015873015873015872,0.047619047619047616,0.0,0.0,0.0,0.0,0.031746031746031744,0.015873015873015872,0.015873015873015872,0.031746031746031744,0.0,0.031746031746031744,0.0,0.4126984126984127,0.015873015873015872,0.015873015873015872,0.0,0.0,0.015873015873015872,0.015873015873015872,0.015873015873015872,0.031746031746031744,0.031746031746031744,0.0,0.0,0.047619047619047616,0.0,0.0,0.0,0.0,0.0,0.0,0.0,0.0,0.031746031746031744,0.015873015873015872,0.015873015873015872,0.015873015873015872
580,0.0,0.0410958904109589,0.0273972602739726,0.0,0.0410958904109589,0.0136986301369863,0.0,0.0,0.0273972602739726,0.0,0.1506849315068493,0.0273972602739726,0.0273972602739726,0.1506849315068493,0.0,0.0136986301369863,0.0136986301369863,0.0,0.0136986301369863,0.0273972602739726,0.0,0.0136986301369863,0.0410958904109589,0.0958904109589041,0.0410958904109589,0.0273972602739726,0.0,0.0,0.0,0.0,0.0273972602739726,0.0410958904109589,0.0136986301369863,0.0,0.0821917808219178,0.0136986301369863,0.0,0.0,0.0,0.0,0.0,0.0,0.0273972602739726,0.0,0.0,0.0
581,0.0,0.0,0.075,0.0,0.25,0.0,0.0,0.0,0.0,0.175,0.0,0.0,0.0,0.0,0.025,0.025,0.0,0.025,0.0,0.0,0.0,0.0,0.0,0.0,0.0,0.0,0.025,0.0,0.125,0.025,0.0,0.0,0.2,0.025,0.0,0.0,0.0,0.0,0.0,0.0,0.0,0.0,0.0,0.0,0.025,0.0
582,0.0,0.0,0.0,0.0,0.0,0.0,0.5517241379310345,0.0,0.0,0.0,0.0,0.0,0.034482758620689655,0.20689655172413793,0.0,0.0,0.0,0.034482758620689655,0.0,0.0,0.0,0.034482758620689655,0.034482758620689655,0.034482758620689655,0.0,0.034482758620689655,0.0,0.0,0.0,0.0,0.0,0.0,0.0,0.0,0.0,0.0,0.0,0.0,0.0,0.0,0.034482758620689655,0.0,0.0,0.0,0.0,0.0
583,0.024390243902439025,0.0,0.0,0.0,0.2926829268292683,0.0,0.0,0.0,0.0975609756097561,0.024390243902439025,0.0,0.0,0.14634146341463414,0.04878048780487805,0.0,0.024390243902439025,0.0,0.04878048780487805,0.0,0.0,0.07317073170731707,0.0,0.024390243902439025,0.04878048780487805,0.0,0.024390243902439025,0.024390243902439025,0.024390243902439025,0.0,0.024390243902439025,0.0,0.024390243902439025,0.0,0.0,0.024390243902439025,0.0,0.0,0.0,0.0,0.0,0.0,0.0,0.0,0.0,0.0,0.0
584,0.0,0.0,0.0,0.0,0.023809523809523808,0.0,0.0,0.0,0.0,0.047619047619047616,0.023809523809523808,0.09523809523809523,0.0,0.0,0.023809523809523808,0.023809523809523808,0.0,0.0,0.0,0.023809523809523808,0.0,0.023809523809523808,0.07142857142857142,0.0,0.0,0.0,0.023809523809523808,0.0,0.0,0.0,0.0,0.023809523809523808,0.023809523809523808,0.0,0.5714285714285714,0.0,0.0,0.0,0.0,0.0,0.0,0.0,0.0,0.0,0.0,0.0
585,0.01875,0.1125,0.08125,0.0,0.0125,0.0125,0.0,0.0125,0.0,0.0,0.0125,0.0,0.0,0.2125,0.10625,0.0,0.0,0.0,0.0,0.00625,0.0,0.00625,0.0,0.00625,0.0125,0.28125,0.03125,0.0,0.01875,0.00625,0.0,0.00625,0.0,0.01875,0.00625,0.0,0.0,0.0,0.0,0.0,0.0,0.0,0.0125,0.0,0.00625,0.0
586,0.0,0.0,0.0,0.0,0.03125,0.0,0.0,0.0,0.03125,0.0,0.0,0.0,0.0,0.0,0.0,0.0,0.0,0.0,0.0,0.0,0.0,0.0,0.0,0.0,0.03125,0.0,0.03125,0.0,0.0,0.0,0.0,0.0,0.0,0.0625,0.03125,0.75,0.0,0.0,0.0,0.0,0.0,0.03125,0.0,0.0,0.0,0.0
587,0.0,0.0,0.0,0.034482758620689655,0.0,0.0,0.0,0.0,0.0,0.4482758620689655,0.0,0.0,0.0,0.0,0.0,0.0,0.0,0.13793103448275862,0.13793103448275862,0.0,0.0,0.034482758620689655,0.10344827586206896,0.0,0.0,0.0,0.0,0.034482758620689655,0.0,0.0,0.0,0.0,0.034482758620689655,0.034482758620689655,0.0,0.0,0.0,0.0,0.0,0.0,0.0,0.0,0.0,0.0,0.0,0.0
588,0.0,0.02702702702702703,0.05405405405405406,0.0,0.0,0.0,0.0,0.0,0.0,0.0,0.5945945945945946,0.08108108108108109,0.0,0.0,0.0,0.02702702702702703,0.05405405405405406,0.0,0.02702702702702703,0.0,0.0,0.0,0.0,0.0,0.08108108108108109,0.0,0.0,0.02702702702702703,0.02702702702702703,0.0,0.0,0.0,0.0,0.0,0.0,0.0,0.0,0.0,0.0,0.0,0.0,0.0,0.0,0.0,0.0,0.0
589,0.0,0.0,0.0196078431372549,0.0392156862745098,0.0,0.0,0.0,0.0,0.0,0.058823529411764705,0.0,0.0196078431372549,0.0,0.0196078431372549,0.0,0.0,0.0196078431372549,0.0,0.0,0.0392156862745098,0.0,0.2549019607843137,0.27450980392156865,0.0,0.0,0.0784313725490196,0.0784313725490196,0.0,0.0,0.0,0.0196078431372549,0.0,0.0,0.0196078431372549,0.0,0.0,0.0,0.0,0.0,0.0,0.0,0.0196078431372549,0.0,0.0,0.0196078431372549,0.0196078431372549
590,0.0,0.0,0.0,0.0,0.022727272727272728,0.0,0.045454545454545456,0.11363636363636363,0.0,0.022727272727272728,0.022727272727272728,0.0,0.0,0.0,0.022727272727272728,0.0,0.022727272727272728,0.0,0.022727272727272728,0.0,0.0,0.022727272727272728,0.0,0.5909090909090909,0.0,0.0,0.022727272727272728,0.022727272727272728,0.0,0.0,0.022727272727272728,0.0,0.0,0.0,0.022727272727272728,0.0,0.0,0.0,0.0,0.0,0.0,0.0,0.0,0.0,0.0,0.0
591,0.0,0.0,0.025,0.0,0.0,0.0,0.075,0.0,0.0,0.0,0.025,0.0,0.0,0.0,0.0,0.65,0.0,0.075,0.025,0.0,0.0,0.025,0.0,0.025,0.0,0.0,0.025,0.0,0.0,0.0,0.0,0.0,0.0,0.0,0.0,0.0,0.0,0.0,0.0,0.0,0.0,0.0,0.05,0.0,0.0,0.0
592,0.0,0.0,0.0,0.030303030303030304,0.0,0.030303030303030304,0.0,0.0,0.0,0.030303030303030304,0.030303030303030304,0.0,0.0,0.0,0.06060606060606061,0.0,0.48484848484848486,0.0,0.0,0.06060606060606061,0.0,0.0,0.0,0.0,0.0,0.0,0.030303030303030304,0.030303030303030304,0.12121212121212122,0.0,0.030303030303030304,0.0,0.0,0.06060606060606061,0.0,0.0,0.0,0.0,0.0,0.0,0.0,0.0,0.0,0.0,0.0,0.0
593,0.0,0.03896103896103896,0.0,0.012987012987012988,0.05194805194805195,0.0,0.0,0.012987012987012988,0.012987012987012988,0.012987012987012988,0.012987012987012988,0.012987012987012988,0.0,0.0,0.012987012987012988,0.012987012987012988,0.05194805194805195,0.025974025974025976,0.03896103896103896,0.03896103896103896,0.012987012987012988,0.012987012987012988,0.012987012987012988,0.025974025974025976,0.012987012987012988,0.012987012987012988,0.05194805194805195,0.05194805194805195,0.03896103896103896,0.0,0.025974025974025976,0.025974025974025976,0.025974025974025976,0.0,0.2727272727272727,0.012987012987012988,0.0,0.0,0.0,0.0,0.0,0.012987012987012988,0.0,0.025974025974025976,0.0,0.012987012987012988
594,0.16666666666666666,0.06666666666666667,0.06666666666666667,0.0,0.0,0.0,0.0,0.0,0.0,0.0,0.3333333333333333,0.03333333333333333,0.0,0.0,0.0,0.2,0.0,0.0,0.0,0.03333333333333333,0.0,0.0,0.0,0.0,0.0,0.0,0.0,0.03333333333333333,0.0,0.0,0.0,0.0,0.0,0.0,0.06666666666666667,0.0,0.0,0.0,0.0,0.0,0.0,0.0,0.0,0.0,0.0,0.0
595,0.0,0.0,0.0,0.0,0.88,0.08,0.0,0.0,0.0,0.04,0.0,0.0,0.0,0.0,0.0,0.0,0.0,0.0,0.0,0.0,0.0,0.0,0.0,0.0,0.0,0.0,0.0,0.0,0.0,0.0,0.0,0.0,0.0,0.0,0.0,0.0,0.0,0.0,0.0,0.0,0.0,0.0,0.0,0.0,0.0,0.0
596,0.0,0.023255813953488372,0.2558139534883721,0.0,0.0,0.0,0.023255813953488372,0.023255813953488372,0.0,0.046511627906976744,0.06976744186046512,0.0,0.0,0.06976744186046512,0.046511627906976744,0.0,0.0,0.023255813953488372,0.0,0.023255813953488372,0.0,0.18604651162790697,0.023255813953488372,0.023255813953488372,0.023255813953488372,0.023255813953488372,0.023255813953488372,0.023255813953488372,0.0,0.0,0.0,0.0,0.023255813953488372,0.023255813953488372,0.023255813953488372,0.0,0.0,0.0,0.0,0.0,0.0,0.0,0.0,0.0,0.0,0.0
597,0.023255813953488372,0.0,0.023255813953488372,0.0,0.20930232558139536,0.0,0.0,0.13953488372093023,0.0,0.023255813953488372,0.11627906976744186,0.023255813953488372,0.0,0.0,0.0,0.046511627906976744,0.18604651162790697,0.0,0.11627906976744186,0.023255813953488372,0.0,0.0,0.0,0.023255813953488372,0.0,0.023255813953488372,0.0,0.0,0.023255813953488372,0.0,0.0,0.0,0.0,0.0,0.0,0.0,0.0,0.0,0.0,0.0,0.0,0.0,0.0,0.0,0.0,0.0
598,0.0,0.0,0.0,0.0,0.0,0.0,0.0,0.0,0.0,0.0,0.0,0.0,0.0,0.0,0.0,0.0,0.0,0.037037037037037035,0.0,0.0,0.037037037037037035,0.8518518518518519,0.037037037037037035,0.037037037037037035,0.0,0.0,0.0,0.0,0.0,0.0,0.0,0.0,0.0,0.0,0.0,0.0,0.0,0.0,0.0,0.0,0.0,0.0,0.0,0.0,0.0,0.0
599,0.0,0.0,0.0,0.02702702702702703,0.2972972972972973,0.0,0.0,0.0,0.0,0.08108108108108109,0.2972972972972973,0.0,0.0,0.0,0.0,0.02702702702702703,0.0,0.0,0.0,0.0,0.05405405405405406,0.0,0.0,0.0,0.02702702702702703,0.0,0.02702702702702703,0.0,0.0,0.05405405405405406,0.0,0.02702702702702703,0.0,0.02702702702702703,0.0,0.0,0.0,0.0,0.0,0.0,0.0,0.0,0.02702702702702703,0.02702702702702703,0.0,0.0
600,0.0,0.041666666666666664,0.041666666666666664,0.0,0.020833333333333332,0.041666666666666664,0.0,0.08333333333333333,0.020833333333333332,0.0625,0.0,0.041666666666666664,0.041666666666666664,0.0625,0.0625,0.0,0.08333333333333333,0.041666666666666664,0.041666666666666664,0.10416666666666667,0.0,0.0,0.041666666666666664,0.0,0.0,0.020833333333333332,0.020833333333333332,0.0,0.041666666666666664,0.0,0.0,0.0,0.0,0.0,0.041666666666666664,0.0,0.0,0.0,0.0,0.0,0.0,0.020833333333333332,0.0,0.020833333333333332,0.0,0.0
601,0.0,0.0,0.06666666666666667,0.03333333333333333,0.0,0.03333333333333333,0.0,0.0,0.0,0.0,0.0,0.0,0.0,0.0,0.03333333333333333,0.0,0.0,0.0,0.0,0.0,0.03333333333333333,0.0,0.0,0.0,0.0,0.06666666666666667,0.7,0.0,0.0,0.0,0.0,0.0,0.0,0.0,0.0,0.0,0.0,0.0,0.0,0.0,0.0,0.0,0.0,0.03333333333333333,0.0,0.0
602,0.0,0.0,0.0,0.0,0.0,0.0,0.0,0.0,0.0,0.0,0.45454545454545453,0.0,0.0,0.0,0.0,0.0,0.0,0.0,0.0,0.015151515151515152,0.0,0.0,0.015151515151515152,0.0,0.0,0.0,0.0,0.0,0.0,0.0,0.0,0.0,0.0,0.015151515151515152,0.36363636363636365,0.0,0.0,0.0,0.0,0.015151515151515152,0.0,0.0,0.015151515151515152,0.0,0.045454545454545456,0.06060606060606061
603,0.0,0.0,0.0,0.0,0.0,0.10344827586206896,0.0,0.0,0.0,0.0,0.0,0.0,0.0,0.0,0.0,0.0,0.034482758620689655,0.1724137931034483,0.0,0.034482758620689655,0.0,0.0,0.034482758620689655,0.0,0.0,0.0,0.27586206896551724,0.0,0.0,0.0,0.0,0.0,0.06896551724137931,0.034482758620689655,0.1724137931034483,0.06896551724137931,0.0,0.0,0.0,0.0,0.0,0.0,0.0,0.0,0.0,0.0
604,0.0,0.0,0.019230769230769232,0.0,0.15384615384615385,0.038461538461538464,0.2692307692307692,0.0,0.019230769230769232,0.019230769230769232,0.19230769230769232,0.0,0.019230769230769232,0.019230769230769232,0.038461538461538464,0.019230769230769232,0.0,0.038461538461538464,0.0,0.019230769230769232,0.0,0.07692307692307693,0.0,0.019230769230769232,0.0,0.019230769230769232,0.0,0.0,0.0,0.0,0.019230769230769232,0.0,0.0,0.0,0.0,0.0,0.0,0.0,0.0,0.0,0.0,0.0,0.0,0.0,0.0,0.0
605,0.02,0.02,0.0,0.0,0.02,0.02,0.02,0.04,0.04,0.0,0.0,0.04,0.0,0.0,0.02,0.0,0.0,0.0,0.0,0.02,0.0,0.0,0.04,0.4,0.04,0.0,0.0,0.0,0.0,0.0,0.02,0.08,0.0,0.04,0.0,0.02,0.0,0.0,0.0,0.0,0.0,0.0,0.02,0.0,0.08,0.0
606,0.0,0.0,0.0,0.0,0.02631578947368421,0.0,0.02631578947368421,0.0,0.05263157894736842,0.0,0.0,0.02631578947368421,0.0,0.5526315789473685,0.05263157894736842,0.0,0.0,0.0,0.0,0.0,0.0,0.0,0.0,0.07894736842105263,0.0,0.05263157894736842,0.0,0.0,0.02631578947368421,0.0,0.0,0.0,0.0,0.0,0.02631578947368421,0.02631578947368421,0.0,0.0,0.0,0.0,0.0,0.0,0.02631578947368421,0.0,0.02631578947368421,0.0
607,0.6785714285714286,0.14285714285714285,0.0,0.03571428571428571,0.0,0.0,0.0,0.0,0.03571428571428571,0.0,0.0,0.0,0.0,0.0,0.0,0.03571428571428571,0.03571428571428571,0.0,0.0,0.0,0.0,0.0,0.0,0.0,0.0,0.0,0.0,0.0,0.0,0.0,0.0,0.03571428571428571,0.0,0.0,0.0,0.0,0.0,0.0,0.0,0.0,0.0,0.0,0.0,0.0,0.0,0.0
608,0.0,0.0,0.0,0.05,0.025,0.0,0.075,0.0,0.0,0.0,0.0,0.0,0.0,0.0,0.025,0.0,0.0,0.0,0.0,0.0,0.0,0.0,0.0,0.175,0.0,0.0,0.025,0.0,0.025,0.0,0.0,0.0,0.0,0.0,0.6,0.0,0.0,0.0,0.0,0.0,0.0,0.0,0.0,0.0,0.0,0.0
609,0.0,0.0,0.0,0.0,0.027777777777777776,0.027777777777777776,0.0,0.0,0.0,0.027777777777777776,0.0,0.027777777777777776,0.0,0.0,0.5833333333333334,0.1111111111111111,0.0,0.0,0.0,0.027777777777777776,0.027777777777777776,0.0,0.0,0.05555555555555555,0.0,0.0,0.027777777777777776,0.0,0.0,0.0,0.0,0.027777777777777776,0.0,0.0,0.027777777777777776,0.0,0.0,0.0,0.0,0.0,0.0,0.0,0.0,0.0,0.0,0.0
610,0.01694915254237288,0.0,0.0,0.0,0.05084745762711865,0.0,0.0,0.01694915254237288,0.01694915254237288,0.0,0.0,0.06779661016949153,0.0,0.13559322033898305,0.0,0.03389830508474576,0.13559322033898305,0.0,0.0,0.03389830508474576,0.05084745762711865,0.0,0.03389830508474576,0.0,0.01694915254237288,0.288135593220339,0.0,0.01694915254237288,0.0,0.0,0.01694915254237288,0.01694915254237288,0.03389830508474576,0.01694915254237288,0.0,0.0,0.0,0.0,0.0,0.0,0.0,0.0,0.0,0.0,0.0,0.0
611,0.0,0.0,0.6774193548387096,0.03225806451612903,0.0,0.0,0.0,0.03225806451612903,0.0,0.0,0.03225806451612903,0.0,0.0,0.0,0.03225806451612903,0.0,0.0,0.0,0.0,0.03225806451612903,0.0,0.03225806451612903,0.0,0.0,0.0,0.03225806451612903,0.0,0.0,0.0,0.0,0.0,0.0,0.03225806451612903,0.0,0.0,0.0,0.0,0.0,0.0,0.0,0.0,0.03225806451612903,0.0,0.03225806451612903,0.0,0.0
612,0.0,0.0,0.01694915254237288,0.0,0.0,0.0,0.0,0.03389830508474576,0.0,0.03389830508474576,0.01694915254237288,0.0,0.06779661016949153,0.0,0.01694915254237288,0.0,0.03389830508474576,0.11864406779661017,0.0,0.03389830508474576,0.01694915254237288,0.0,0.0,0.01694915254237288,0.0,0.4406779661016949,0.01694915254237288,0.0,0.0,0.0,0.01694915254237288,0.01694915254237288,0.01694915254237288,0.0,0.01694915254237288,0.01694915254237288,0.0,0.0,0.0,0.0,0.0,0.03389830508474576,0.0,0.0,0.0,0.01694915254237288
613,0.0,0.03125,0.0,0.0,0.0,0.0,0.0,0.0625,0.03125,0.0,0.0,0.03125,0.0,0.03125,0.0,0.0,0.0,0.0,0.0,0.125,0.0,0.0625,0.0,0.0,0.0,0.03125,0.0,0.0,0.0625,0.1875,0.15625,0.0,0.03125,0.0,0.03125,0.0,0.0,0.0,0.0,0.0,0.09375,0.0,0.03125,0.0,0.0,0.0
614,0.0,0.0,0.16129032258064516,0.0,0.06451612903225806,0.03225806451612903,0.0,0.0,0.0,0.0,0.03225806451612903,0.0,0.03225806451612903,0.0,0.03225806451612903,0.0,0.0,0.0,0.0,0.03225806451612903,0.0,0.0,0.12903225806451613,0.0,0.0,0.0,0.0,0.03225806451612903,0.2903225806451613,0.0,0.0,0.0,0.06451612903225806,0.0,0.06451612903225806,0.0,0.0,0.0,0.0,0.0,0.0,0.0,0.03225806451612903,0.0,0.0,0.0
615,0.024390243902439025,0.0,0.012195121951219513,0.024390243902439025,0.024390243902439025,0.036585365853658534,0.0,0.012195121951219513,0.0,0.0,0.024390243902439025,0.012195121951219513,0.04878048780487805,0.10975609756097561,0.0,0.0,0.012195121951219513,0.012195121951219513,0.024390243902439025,0.0,0.036585365853658534,0.012195121951219513,0.0,0.0,0.0,0.0,0.0,0.036585365853658534,0.0,0.0,0.024390243902439025,0.012195121951219513,0.0,0.07317073170731707,0.024390243902439025,0.0,0.0,0.0,0.0,0.0,0.0,0.21951219512195122,0.0,0.14634146341463414,0.036585365853658534,0.0
616,0.0,0.0,0.0,0.0,0.03225806451612903,0.0,0.0,0.03225806451612903,0.0,0.03225806451612903,0.0,0.0,0.0,0.0,0.03225806451612903,0.6774193548387096,0.0,0.0,0.0,0.0,0.0,0.0,0.0,0.0,0.0,0.06451612903225806,0.03225806451612903,0.0,0.0,0.0,0.0,0.0,0.0,0.0,0.0,0.06451612903225806,0.0,0.0,0.0,0.0,0.0,0.03225806451612903,0.0,0.0,0.0,0.0
617,0.0,0.0,0.0,0.0,0.08571428571428572,0.0,0.0,0.02857142857142857,0.0,0.0,0.02857142857142857,0.0,0.0,0.0,0.02857142857142857,0.0,0.0,0.0,0.0,0.0,0.0,0.0,0.02857142857142857,0.02857142857142857,0.0,0.0,0.02857142857142857,0.02857142857142857,0.02857142857142857,0.0,0.42857142857142855,0.02857142857142857,0.02857142857142857,0.0,0.17142857142857143,0.02857142857142857,0.0,0.0,0.0,0.0,0.0,0.0,0.0,0.0,0.0,0.0
618,0.046511627906976744,0.046511627906976744,0.0,0.0,0.046511627906976744,0.0,0.0,0.16279069767441862,0.0,0.0,0.0,0.023255813953488372,0.0,0.0,0.0,0.0,0.046511627906976744,0.0,0.0,0.0,0.023255813953488372,0.0,0.3023255813953488,0.0,0.06976744186046512,0.023255813953488372,0.023255813953488372,0.0,0.0,0.0,0.0,0.11627906976744186,0.0,0.0,0.06976744186046512,0.0,0.0,0.0,0.0,0.0,0.0,0.0,0.0,0.0,0.0,0.0
619,0.0,0.0,0.0,0.03125,0.0,0.0,0.0,0.0,0.0,0.0,0.0,0.0,0.0,0.0,0.0,0.03125,0.0,0.0,0.0,0.03125,0.0,0.03125,0.0,0.0625,0.0,0.75,0.0,0.0,0.0,0.0,0.0,0.0,0.0,0.0,0.0,0.0,0.0,0.0,0.0,0.0,0.03125,0.03125,0.0,0.0,0.0,0.0
620,0.0,0.3333333333333333,0.0,0.037037037037037035,0.1111111111111111,0.0,0.0,0.0,0.0,0.0,0.0,0.0,0.0,0.0,0.0,0.0,0.0,0.07407407407407407,0.0,0.0,0.0,0.0,0.07407407407407407,0.3333333333333333,0.0,0.0,0.0,0.0,0.0,0.0,0.0,0.0,0.037037037037037035,0.0,0.0,0.0,0.0,0.0,0.0,0.0,0.0,0.0,0.0,0.0,0.0,0.0
621,0.08695652173913043,0.17391304347826086,0.17391304347826086,0.0,0.0,0.0,0.0,0.08695652173913043,0.0,0.0,0.0,0.17391304347826086,0.08695652173913043,0.13043478260869565,0.08695652173913043,0.0,0.0,0.0,0.0,0.0,0.0,0.0,0.0,0.0,0.0,0.0,0.0,0.0,0.0,0.0,0.0,0.0,0.0,0.0,0.0,0.0,0.0,0.0,0.0,0.0,0.0,0.0,0.0,0.0,0.0,0.0
622,0.0,0.0,0.0,0.0,0.019230769230769232,0.0,0.019230769230769232,0.0,0.019230769230769232,0.038461538461538464,0.09615384615384616,0.019230769230769232,0.0,0.019230769230769232,0.0,0.0,0.0,0.0,0.0,0.057692307692307696,0.07692307692307693,0.038461538461538464,0.019230769230769232,0.038461538461538464,0.038461538461538464,0.038461538461538464,0.019230769230769232,0.0,0.019230769230769232,0.0,0.019230769230769232,0.038461538461538464,0.0,0.038461538461538464,0.019230769230769232,0.0,0.0,0.0,0.0,0.0,0.11538461538461539,0.0,0.15384615384615385,0.019230769230769232,0.019230769230769232,0.0
623,0.0,0.02702702702702703,0.0,0.02702702702702703,0.0,0.0,0.0,0.05405405405405406,0.0,0.0,0.0,0.24324324324324326,0.0,0.0,0.0,0.05405405405405406,0.02702702702702703,0.0,0.0,0.0,0.0,0.0,0.0,0.35135135135135137,0.0,0.0,0.05405405405405406,0.0,0.0,0.0,0.0,0.0,0.02702702702702703,0.05405405405405406,0.05405405405405406,0.0,0.0,0.0,0.0,0.0,0.0,0.02702702702702703,0.0,0.0,0.0,0.0
624,0.0,0.0,0.0,0.0,0.0,0.21052631578947367,0.0,0.07894736842105263,0.02631578947368421,0.0,0.0,0.0,0.0,0.0,0.0,0.05263157894736842,0.0,0.0,0.02631578947368421,0.0,0.0,0.0,0.0,0.02631578947368421,0.0,0.02631578947368421,0.2894736842105263,0.02631578947368421,0.0,0.02631578947368421,0.0,0.02631578947368421,0.05263157894736842,0.0,0.02631578947368421,0.0,0.0,0.0,0.0,0.0,0.0,0.0,0.0,0.0,0.10526315789473684,0.0
625,0.0,0.0,0.0,0.0,0.0,0.7575757575757576,0.0,0.0,0.0,0.0,0.0,0.0,0.0,0.0,0.0,0.0,0.0,0.030303030303030304,0.0,0.0,0.0,0.0,0.030303030303030304,0.0,0.0,0.030303030303030304,0.0,0.0,0.0,0.030303030303030304,0.030303030303030304,0.0,0.0,0.0,0.0,0.0,0.0,0.0,0.0,0.0,0.0,0.030303030303030304,0.030303030303030304,0.0,0.0,0.030303030303030304
626,0.0,0.0,0.0,0.0,0.0,0.0,0.0,0.0,0.0,0.0,0.0,0.0,0.0,0.0,0.0,0.02702702702702703,0.0,0.10810810810810811,0.0,0.05405405405405406,0.05405405405405406,0.13513513513513514,0.0,0.0,0.02702702702702703,0.0,0.0,0.0,0.05405405405405406,0.02702702702702703,0.05405405405405406,0.0,0.16216216216216217,0.13513513513513514,0.02702702702702703,0.0,0.0,0.0,0.02702702702702703,0.0,0.0,0.02702702702702703,0.0,0.02702702702702703,0.05405405405405406,0.0
627,0.0,0.0,0.0,0.0,0.0,0.0,0.0,0.0,0.0,0.25,0.0,0.0,0.0,0.0,0.0,0.0,0.041666666666666664,0.0,0.0,0.6666666666666666,0.0,0.0,0.0,0.0,0.0,0.0,0.0,0.0,0.0,0.0,0.0,0.0,0.0,0.041666666666666664,0.0,0.0,0.0,0.0,0.0,0.0,0.0,0.0,0.0,0.0,0.0,0.0
628,0.0,0.0,0.0,0.0,0.0,0.0,0.0,0.0,0.0,0.030303030303030304,0.0,0.0,0.0,0.0,0.0,0.0,0.0,0.0,0.0,0.0,0.0,0.0,0.12121212121212122,0.0,0.0,0.030303030303030304,0.06060606060606061,0.0,0.0,0.0,0.030303030303030304,0.0,0.030303030303030304,0.030303030303030304,0.6666666666666666,0.0,0.0,0.0,0.0,0.0,0.0,0.0,0.0,0.0,0.0,0.0
629,0.0,0.0,0.0,0.0,0.03333333333333333,0.0,0.0,0.7,0.0,0.03333333333333333,0.03333333333333333,0.0,0.0,0.0,0.0,0.0,0.03333333333333333,0.03333333333333333,0.0,0.03333333333333333,0.0,0.0,0.0,0.0,0.0,0.0,0.0,0.0,0.03333333333333333,0.0,0.0,0.0,0.0,0.03333333333333333,0.03333333333333333,0.0,0.0,0.0,0.0,0.0,0.0,0.0,0.0,0.0,0.0,0.0
630,0.0,0.0,0.0,0.7916666666666666,0.0,0.0,0.0,0.041666666666666664,0.0,0.0,0.041666666666666664,0.0,0.0,0.041666666666666664,0.0,0.0,0.0,0.0,0.041666666666666664,0.0,0.0,0.0,0.0,0.0,0.0,0.041666666666666664,0.0,0.0,0.0,0.0,0.0,0.0,0.0,0.0,0.0,0.0,0.0,0.0,0.0,0.0,0.0,0.0,0.0,0.0,0.0,0.0
631,0.0,0.0,0.0625,0.0,0.03125,0.0,0.0,0.0,0.0,0.0,0.0,0.0,0.0,0.0,0.0,0.03125,0.0,0.03125,0.0,0.0,0.0,0.0,0.0,0.0,0.03125,0.0,0.0625,0.0,0.03125,0.0,0.03125,0.0,0.0,0.0,0.0,0.0,0.0,0.0,0.0,0.0,0.0,0.0,0.0,0.0,0.6875,0.0
632,0.0,0.0,0.0,0.0,0.0,0.0,0.0,0.0,0.0,0.0,0.0,0.0,0.0,0.0,0.6444444444444445,0.022222222222222223,0.0,0.022222222222222223,0.06666666666666667,0.06666666666666667,0.0,0.022222222222222223,0.022222222222222223,0.044444444444444446,0.0,0.0,0.0,0.0,0.0,0.022222222222222223,0.0,0.022222222222222223,0.022222222222222223,0.0,0.022222222222222223,0.0,0.0,0.0,0.0,0.0,0.0,0.0,0.0,0.0,0.0,0.0
633,0.0,0.0,0.0,0.0,0.06451612903225806,0.04838709677419355,0.016129032258064516,0.016129032258064516,0.0,0.016129032258064516,0.0,0.0967741935483871,0.03225806451612903,0.016129032258064516,0.016129032258064516,0.0,0.03225806451612903,0.0,0.16129032258064516,0.0,0.04838709677419355,0.016129032258064516,0.0,0.06451612903225806,0.0,0.016129032258064516,0.016129032258064516,0.0,0.016129032258064516,0.0,0.25806451612903225,0.0,0.0,0.016129032258064516,0.016129032258064516,0.0,0.0,0.0,0.0,0.0,0.0,0.0,0.0,0.0,0.016129032258064516,0.0
634,0.0,0.03508771929824561,0.03508771929824561,0.08771929824561403,0.017543859649122806,0.08771929824561403,0.24561403508771928,0.03508771929824561,0.017543859649122806,0.08771929824561403,0.08771929824561403,0.03508771929824561,0.0,0.0,0.05263157894736842,0.017543859649122806,0.0,0.0,0.0,0.0,0.0,0.0,0.0,0.017543859649122806,0.0,0.0,0.017543859649122806,0.0,0.0,0.0,0.0,0.0,0.0,0.017543859649122806,0.0,0.017543859649122806,0.0,0.0,0.0,0.0,0.0,0.0,0.05263157894736842,0.017543859649122806,0.017543859649122806,0.0
635,0.0,0.020833333333333332,0.0,0.0,0.041666666666666664,0.020833333333333332,0.0,0.041666666666666664,0.0,0.020833333333333332,0.0,0.0,0.0,0.020833333333333332,0.0,0.0,0.020833333333333332,0.0,0.020833333333333332,0.020833333333333332,0.041666666666666664,0.0,0.0,0.0,0.020833333333333332,0.0,0.020833333333333332,0.0,0.0,0.020833333333333332,0.0,0.020833333333333332,0.020833333333333332,0.0625,0.08333333333333333,0.0,0.0,0.0,0.0,0.0,0.0,0.0,0.4375,0.041666666666666664,0.0,0.0
636,0.0,0.5957446808510638,0.0425531914893617,0.0,0.0425531914893617,0.0851063829787234,0.0,0.0,0.02127659574468085,0.02127659574468085,0.0,0.0,0.02127659574468085,0.0425531914893617,0.0,0.0,0.02127659574468085,0.0,0.0,0.0,0.0,0.02127659574468085,0.02127659574468085,0.0,0.02127659574468085,0.0,0.02127659574468085,0.0,0.0,0.0,0.0,0.0,0.0,0.0,0.0,0.0,0.0,0.0,0.0,0.02127659574468085,0.0,0.0,0.0,0.0,0.0,0.0
637,0.0,0.0,0.0,0.0,0.03333333333333333,0.03333333333333333,0.0,0.0,0.0,0.03333333333333333,0.03333333333333333,0.0,0.7666666666666667,0.06666666666666667,0.0,0.0,0.0,0.0,0.0,0.0,0.0,0.0,0.0,0.0,0.0,0.0,0.0,0.0,0.0,0.0,0.0,0.0,0.0,0.03333333333333333,0.0,0.0,0.0,0.0,0.0,0.0,0.0,0.0,0.0,0.0,0.0,0.0
638,0.0,0.0,0.0,0.0,0.0,0.0,0.0,0.0,0.0,0.0,0.0,0.0,0.0,0.0,0.0,0.0,0.0,0.0,0.0,0.0,0.0,0.0,0.0,0.0,0.0,0.0,0.0,0.0,0.0,0.0,0.0,0.0,0.0,0.0,0.0,0.0,0.0,0.0,0.0,0.0,0.0,0.0,0.0,0.041666666666666664,0.0,0.9583333333333334
639,0.0,0.0,0.0,0.021739130434782608,0.021739130434782608,0.0,0.0,0.0,0.0,0.0,0.0,0.21739130434782608,0.0,0.021739130434782608,0.0,0.0,0.0,0.0,0.0,0.30434782608695654,0.021739130434782608,0.0,0.021739130434782608,0.06521739130434782,0.021739130434782608,0.0,0.043478260869565216,0.021739130434782608,0.021739130434782608,0.0,0.0,0.0,0.021739130434782608,0.043478260869565216,0.06521739130434782,0.021739130434782608,0.0,0.0,0.0,0.0,0.021739130434782608,0.0,0.021739130434782608,0.0,0.0,0.0
640,0.0,0.021739130434782608,0.21739130434782608,0.0,0.0,0.0,0.021739130434782608,0.0,0.0,0.021739130434782608,0.043478260869565216,0.0,0.0,0.0,0.0,0.06521739130434782,0.0,0.021739130434782608,0.0,0.021739130434782608,0.021739130434782608,0.021739130434782608,0.15217391304347827,0.021739130434782608,0.021739130434782608,0.0,0.0,0.0,0.021739130434782608,0.0,0.0,0.043478260869565216,0.17391304347826086,0.043478260869565216,0.0,0.021739130434782608,0.0,0.0,0.0,0.0,0.0,0.0,0.0,0.0,0.0,0.021739130434782608
641,0.0,0.5833333333333334,0.027777777777777776,0.0,0.0,0.05555555555555555,0.0,0.027777777777777776,0.0,0.0,0.05555555555555555,0.0,0.0,0.0,0.027777777777777776,0.0,0.0,0.0,0.0,0.0,0.0,0.0,0.0,0.0,0.0,0.1388888888888889,0.027777777777777776,0.0,0.027777777777777776,0.0,0.0,0.0,0.0,0.0,0.0,0.0,0.0,0.0,0.0,0.0,0.0,0.0,0.0,0.027777777777777776,0.0,0.0
642,0.0,0.02564102564102564,0.0,0.0,0.02564102564102564,0.05128205128205128,0.0,0.0,0.0,0.1282051282051282,0.02564102564102564,0.0,0.0,0.0,0.0,0.0,0.358974358974359,0.02564102564102564,0.0,0.0,0.0,0.0,0.02564102564102564,0.02564102564102564,0.0,0.0,0.10256410256410256,0.0,0.05128205128205128,0.0,0.02564102564102564,0.07692307692307693,0.02564102564102564,0.02564102564102564,0.0,0.0,0.0,0.0,0.0,0.0,0.0,0.0,0.0,0.0,0.0,0.0
643,0.0,0.0,0.0,0.038461538461538464,0.038461538461538464,0.0,0.0,0.0,0.0,0.038461538461538464,0.0,0.0,0.0,0.0,0.0,0.0,0.0,0.038461538461538464,0.0,0.0,0.0,0.0,0.0,0.0,0.0,0.038461538461538464,0.0,0.0,0.0,0.0,0.0,0.0,0.0,0.07692307692307693,0.0,0.0,0.0,0.0,0.0,0.0,0.0,0.0,0.6923076923076923,0.038461538461538464,0.0,0.0
644,0.0,0.0,0.06818181818181818,0.0,0.0,0.0,0.022727272727272728,0.045454545454545456,0.0,0.0,0.06818181818181818,0.022727272727272728,0.0,0.022727272727272728,0.022727272727272728,0.0,0.0,0.045454545454545456,0.0,0.0,0.0,0.045454545454545456,0.1590909090909091,0.022727272727272728,0.0,0.0,0.0,0.0,0.022727272727272728,0.022727272727272728,0.0,0.0,0.0,0.022727272727272728,0.36363636363636365,0.0,0.0,0.0,0.022727272727272728,0.0,0.0,0.0,0.0,0.0,0.0,0.0
645,0.0,0.0,0.029411764705882353,0.11764705882352941,0.0,0.08823529411764706,0.0,0.0,0.2647058823529412,0.0,0.0,0.0,0.0,0.0,0.029411764705882353,0.029411764705882353,0.0,0.0,0.0,0.0,0.14705882352941177,0.029411764705882353,0.0,0.0,0.029411764705882353,0.029411764705882353,0.029411764705882353,0.0,0.0,0.029411764705882353,0.0,0.0,0.058823529411764705,0.0,0.0,0.0,0.0,0.0,0.0,0.0,0.0,0.0,0.0,0.0,0.0,0.08823529411764706
646,0.0,0.0,0.0,0.05555555555555555,0.0,0.05555555555555555,0.0,0.0,0.0,0.0,0.0,0.027777777777777776,0.08333333333333333,0.0,0.027777777777777776,0.027777777777777776,0.05555555555555555,0.0,0.027777777777777776,0.0,0.0,0.0,0.5,0.0,0.0,0.0,0.0,0.0,0.0,0.0,0.027777777777777776,0.05555555555555555,0.0,0.0,0.027777777777777776,0.0,0.0,0.0,0.0,0.0,0.0,0.0,0.0,0.027777777777777776,0.0,0.0
647,0.0,0.0,0.0,0.0,0.0,0.0,0.0,0.0,0.0,0.6388888888888888,0.16666666666666666,0.0,0.0,0.0,0.0,0.0,0.0,0.0,0.0,0.08333333333333333,0.027777777777777776,0.0,0.027777777777777776,0.0,0.0,0.05555555555555555,0.0,0.0,0.0,0.0,0.0,0.0,0.0,0.0,0.0,0.0,0.0,0.0,0.0,0.0,0.0,0.0,0.0,0.0,0.0,0.0
648,0.0,0.0,0.0,0.0,0.0,0.0,0.0,0.0,0.0,0.0,0.0,0.0,0.0,0.0,0.0,0.6666666666666666,0.0,0.0,0.0,0.0,0.0,0.0,0.037037037037037035,0.0,0.037037037037037035,0.0,0.0,0.0,0.0,0.0,0.0,0.0,0.037037037037037035,0.0,0.0,0.0,0.0,0.0,0.2222222222222222,0.0,0.0,0.0,0.0,0.0,0.0,0.0
649,0.0,0.0,0.07142857142857142,0.2857142857142857,0.03571428571428571,0.03571428571428571,0.0,0.0,0.0,0.0,0.0,0.0,0.0,0.0,0.0,0.0,0.0,0.0,0.0,0.07142857142857142,0.0,0.0,0.0,0.03571428571428571,0.0,0.0,0.0,0.0,0.03571428571428571,0.03571428571428571,0.0,0.0,0.0,0.32142857142857145,0.0,0.0,0.0,0.0,0.0,0.0,0.0,0.0,0.07142857142857142,0.0,0.0,0.0
650,0.0,0.0,0.037037037037037035,0.0,0.0,0.0,0.0,0.0,0.07407407407407407,0.0,0.0,0.0,0.0,0.0,0.037037037037037035,0.0,0.037037037037037035,0.0,0.0,0.0,0.0,0.0,0.037037037037037035,0.0,0.0,0.0,0.0,0.0,0.0,0.0,0.0,0.0,0.0,0.0,0.037037037037037035,0.0,0.0,0.0,0.0,0.0,0.0,0.0,0.6666666666666666,0.07407407407407407,0.0,0.0
651,0.0,0.09523809523809523,0.023809523809523808,0.023809523809523808,0.023809523809523808,0.0,0.0,0.023809523809523808,0.023809523809523808,0.0,0.023809523809523808,0.023809523809523808,0.0,0.0,0.0,0.0,0.023809523809523808,0.023809523809523808,0.0,0.0,0.0,0.047619047619047616,0.0,0.0,0.0,0.0,0.0,0.0,0.0,0.023809523809523808,0.023809523809523808,0.023809523809523808,0.023809523809523808,0.023809523809523808,0.023809523809523808,0.0,0.0,0.0,0.0,0.0,0.0,0.0,0.47619047619047616,0.023809523809523808,0.0,0.0
652,0.0,0.0,0.0,0.021739130434782608,0.010869565217391304,0.0,0.0,0.0,0.0,0.043478260869565216,0.0,0.021739130434782608,0.0,0.0,0.0,0.0,0.010869565217391304,0.0,0.0,0.0,0.010869565217391304,0.0,0.010869565217391304,0.0,0.0,0.0,0.0,0.7391304347826086,0.03260869565217391,0.03260869565217391,0.010869565217391304,0.0,0.0,0.0,0.021739130434782608,0.0,0.010869565217391304,0.021739130434782608,0.0,0.0,0.0,0.0,0.0,0.0,0.0,0.0
653,0.0,0.027777777777777776,0.027777777777777776,0.0,0.0,0.0,0.0,0.0,0.0,0.027777777777777776,0.1388888888888889,0.027777777777777776,0.0,0.0,0.0,0.0,0.027777777777777776,0.027777777777777776,0.0,0.0,0.0,0.0,0.027777777777777776,0.027777777777777776,0.027777777777777776,0.027777777777777776,0.2222222222222222,0.0,0.027777777777777776,0.027777777777777776,0.0,0.0,0.0,0.2777777777777778,0.0,0.0,0.0,0.0,0.0,0.0,0.0,0.0,0.0,0.027777777777777776,0.0,0.0
654,0.0,0.0,0.03076923076923077,0.06153846153846154,0.015384615384615385,0.0,0.24615384615384617,0.015384615384615385,0.0,0.015384615384615385,0.015384615384615385,0.015384615384615385,0.0,0.0,0.12307692307692308,0.0,0.1076923076923077,0.0,0.0,0.1076923076923077,0.0,0.015384615384615385,0.03076923076923077,0.046153846153846156,0.0,0.046153846153846156,0.03076923076923077,0.0,0.015384615384615385,0.015384615384615385,0.0,0.046153846153846156,0.0,0.0,0.0,0.0,0.0,0.0,0.0,0.0,0.0,0.0,0.0,0.0,0.0,0.0
655,0.017543859649122806,0.0,0.0,0.017543859649122806,0.07017543859649122,0.05263157894736842,0.017543859649122806,0.017543859649122806,0.0,0.0,0.03508771929824561,0.017543859649122806,0.03508771929824561,0.017543859649122806,0.03508771929824561,0.017543859649122806,0.017543859649122806,0.0,0.03508771929824561,0.05263157894736842,0.03508771929824561,0.017543859649122806,0.03508771929824561,0.017543859649122806,0.03508771929824561,0.05263157894736842,0.017543859649122806,0.0,0.03508771929824561,0.017543859649122806,0.017543859649122806,0.0,0.017543859649122806,0.15789473684210525,0.017543859649122806,0.03508771929824561,0.0,0.0,0.0,0.0,0.0,0.0,0.017543859649122806,0.017543859649122806,0.0,0.0
656,0.0,0.0,0.027777777777777776,0.027777777777777776,0.08333333333333333,0.0,0.0,0.0,0.0,0.027777777777777776,0.0,0.0,0.027777777777777776,0.0,0.027777777777777776,0.0,0.0,0.0,0.027777777777777776,0.0,0.027777777777777776,0.027777777777777776,0.0,0.0,0.0,0.2777777777777778,0.0,0.0,0.3055555555555556,0.05555555555555555,0.0,0.0,0.05555555555555555,0.0,0.0,0.0,0.0,0.0,0.0,0.0,0.0,0.0,0.0,0.0,0.0,0.0
657,0.0,0.03225806451612903,0.0,0.0,0.1935483870967742,0.03225806451612903,0.03225806451612903,0.0,0.0,0.12903225806451613,0.06451612903225806,0.0,0.0,0.0,0.12903225806451613,0.0,0.03225806451612903,0.0,0.0,0.06451612903225806,0.0,0.0,0.0,0.06451612903225806,0.06451612903225806,0.06451612903225806,0.03225806451612903,0.0,0.0,0.0,0.06451612903225806,0.0,0.0,0.0,0.0,0.0,0.0,0.0,0.0,0.0,0.0,0.0,0.0,0.0,0.0,0.0
658,0.0,0.0,0.0,0.0,0.0,0.0,0.0,0.0,0.0,0.0,0.0,0.0,0.0,0.024390243902439025,0.0,0.0,0.12195121951219512,0.0,0.0,0.024390243902439025,0.0,0.0,0.04878048780487805,0.0,0.04878048780487805,0.0,0.5365853658536586,0.0,0.024390243902439025,0.0,0.024390243902439025,0.0,0.0,0.0,0.04878048780487805,0.024390243902439025,0.0,0.0,0.0,0.0,0.0,0.0,0.0,0.07317073170731707,0.0,0.0
659,0.0,0.019230769230769232,0.0,0.0,0.0,0.0,0.0,0.0,0.0,0.019230769230769232,0.0,0.0,0.019230769230769232,0.057692307692307696,0.019230769230769232,0.0,0.038461538461538464,0.0,0.0,0.0,0.019230769230769232,0.019230769230769232,0.019230769230769232,0.25,0.0,0.19230769230769232,0.0,0.07692307692307693,0.057692307692307696,0.019230769230769232,0.0,0.019230769230769232,0.038461538461538464,0.038461538461538464,0.019230769230769232,0.019230769230769232,0.0,0.0,0.0,0.0,0.0,0.0,0.0,0.019230769230769232,0.0,0.019230769230769232
660,0.0,0.475,0.0,0.05,0.0,0.15,0.0,0.1,0.0,0.0,0.0,0.0,0.0,0.0,0.0,0.0,0.15,0.0,0.0,0.0,0.0,0.0,0.0,0.0,0.0,0.0,0.0,0.0,0.0,0.0,0.0,0.0,0.025,0.025,0.0,0.0,0.0,0.0,0.0,0.0,0.0,0.0,0.025,0.0,0.0,0.0
661,0.0,0.0,0.0,0.0,0.0,0.0,0.0,0.0,0.0,0.0,0.0,0.0,0.0,0.0,0.037037037037037035,0.0,0.037037037037037035,0.0,0.0,0.0,0.0,0.0,0.8888888888888888,0.0,0.0,0.0,0.0,0.0,0.0,0.0,0.0,0.0,0.0,0.037037037037037035,0.0,0.0,0.0,0.0,0.0,0.0,0.0,0.0,0.0,0.0,0.0,0.0
662,0.0,0.0,0.12195121951219512,0.0,0.0,0.0,0.0,0.0,0.0,0.0,0.024390243902439025,0.024390243902439025,0.0,0.0,0.0,0.0,0.0,0.04878048780487805,0.0,0.024390243902439025,0.0,0.0,0.024390243902439025,0.0975609756097561,0.04878048780487805,0.024390243902439025,0.07317073170731707,0.024390243902439025,0.04878048780487805,0.024390243902439025,0.14634146341463414,0.04878048780487805,0.0,0.024390243902439025,0.0,0.024390243902439025,0.0,0.0,0.0,0.0,0.0,0.0,0.024390243902439025,0.12195121951219512,0.0,0.0
663,0.0,0.0297029702970297,0.0,0.019801980198019802,0.019801980198019802,0.009900990099009901,0.009900990099009901,0.0,0.0,0.0,0.31683168316831684,0.0297029702970297,0.009900990099009901,0.0,0.0297029702970297,0.0,0.0297029702970297,0.009900990099009901,0.019801980198019802,0.009900990099009901,0.009900990099009901,0.019801980198019802,0.039603960396039604,0.0297029702970297,0.0,0.0297029702970297,0.009900990099009901,0.0,0.0,0.009900990099009901,0.009900990099009901,0.0891089108910891,0.0,0.0891089108910891,0.009900990099009901,0.039603960396039604,0.0,0.0,0.0,0.0,0.0,0.0,0.039603960396039604,0.009900990099009901,0.009900990099009901,0.009900990099009901
664,0.0,0.0,0.0,0.0,0.0,0.0,0.0,0.0,0.10714285714285714,0.0,0.03571428571428571,0.0,0.0,0.03571428571428571,0.0,0.0,0.0,0.0,0.10714285714285714,0.03571428571428571,0.03571428571428571,0.0,0.0,0.42857142857142855,0.0,0.0,0.0,0.10714285714285714,0.07142857142857142,0.0,0.0,0.0,0.0,0.03571428571428571,0.0,0.0,0.0,0.0,0.0,0.0,0.0,0.0,0.0,0.0,0.0,0.0
665,0.0,0.0,0.025,0.075,0.025,0.075,0.0,0.4,0.025,0.05,0.075,0.025,0.0,0.025,0.0,0.025,0.025,0.05,0.025,0.05,0.0,0.0,0.0,0.0,0.0,0.025,0.0,0.0,0.0,0.0,0.0,0.0,0.0,0.0,0.0,0.0,0.0,0.0,0.0,0.0,0.0,0.0,0.0,0.0,0.0,0.0
666,0.0,0.02040816326530612,0.04081632653061224,0.0,0.04081632653061224,0.0,0.04081632653061224,0.02040816326530612,0.0,0.0,0.04081632653061224,0.0,0.0,0.0,0.04081632653061224,0.0,0.0,0.0,0.0,0.02040816326530612,0.02040816326530612,0.02040816326530612,0.0,0.0,0.0,0.0,0.4897959183673469,0.02040816326530612,0.0,0.0,0.061224489795918366,0.0,0.0,0.02040816326530612,0.02040816326530612,0.0,0.0,0.02040816326530612,0.02040816326530612,0.0,0.0,0.0,0.0,0.04081632653061224,0.0,0.0
667,0.0,0.0,0.11538461538461539,0.0,0.38461538461538464,0.0,0.038461538461538464,0.11538461538461539,0.0,0.0,0.038461538461538464,0.038461538461538464,0.0,0.0,0.0,0.038461538461538464,0.07692307692307693,0.0,0.0,0.0,0.0,0.0,0.0,0.038461538461538464,0.07692307692307693,0.0,0.0,0.0,0.038461538461538464,0.0,0.0,0.0,0.0,0.0,0.0,0.0,0.0,0.0,0.0,0.0,0.0,0.0,0.0,0.0,0.0,0.0
668,0.0,0.0,0.0,0.0,0.0,0.0,0.0,0.0,0.0,0.0,0.0,0.0,0.0,0.041666666666666664,0.2916666666666667,0.0,0.0,0.125,0.0,0.0,0.0,0.0,0.125,0.0,0.0,0.0,0.041666666666666664,0.3333333333333333,0.0,0.0,0.0,0.0,0.0,0.0,0.0,0.0,0.0,0.0,0.0,0.0,0.0,0.0,0.0,0.0,0.041666666666666664,0.0
669,0.0,0.10638297872340426,0.0425531914893617,0.0,0.02127659574468085,0.0,0.0425531914893617,0.0425531914893617,0.0,0.02127659574468085,0.0,0.14893617021276595,0.02127659574468085,0.02127659574468085,0.0425531914893617,0.0,0.0,0.02127659574468085,0.06382978723404255,0.0,0.0,0.0425531914893617,0.0851063829787234,0.02127659574468085,0.0,0.0,0.02127659574468085,0.0,0.02127659574468085,0.02127659574468085,0.02127659574468085,0.0,0.0,0.02127659574468085,0.0425531914893617,0.0,0.0,0.0,0.0,0.0,0.0,0.0,0.0,0.02127659574468085,0.0425531914893617,0.0425531914893617
670,0.025,0.0,0.0,0.05,0.4,0.05,0.0,0.0,0.05,0.0,0.025,0.0,0.0,0.0,0.0,0.05,0.0,0.025,0.075,0.0,0.0,0.0,0.0,0.0,0.0,0.075,0.0,0.0,0.075,0.025,0.0,0.0,0.0,0.0,0.0,0.0,0.0,0.0,0.0,0.025,0.0,0.025,0.0,0.025,0.0,0.0
671,0.0,0.0,0.0,0.0,0.0,0.0,0.08695652173913043,0.782608695652174,0.08695652173913043,0.0,0.0,0.0,0.0,0.0,0.0,0.0,0.0,0.0,0.043478260869565216,0.0,0.0,0.0,0.0,0.0,0.0,0.0,0.0,0.0,0.0,0.0,0.0,0.0,0.0,0.0,0.0,0.0,0.0,0.0,0.0,0.0,0.0,0.0,0.0,0.0,0.0,0.0
672,0.0,0.0,0.0,0.0,0.0,0.0,0.0,0.023255813953488372,0.0,0.0,0.046511627906976744,0.0,0.0,0.0,0.023255813953488372,0.023255813953488372,0.0,0.023255813953488372,0.0,0.0,0.023255813953488372,0.023255813953488372,0.0,0.06976744186046512,0.0,0.023255813953488372,0.046511627906976744,0.0,0.023255813953488372,0.023255813953488372,0.046511627906976744,0.5581395348837209,0.023255813953488372,0.0,0.0,0.0,0.0,0.0,0.0,0.0,0.0,0.0,0.0,0.0,0.0,0.0
673,0.0,0.027777777777777776,0.2222222222222222,0.1388888888888889,0.0,0.0,0.027777777777777776,0.05555555555555555,0.0,0.5277777777777778,0.0,0.0,0.0,0.0,0.0,0.0,0.0,0.0,0.0,0.0,0.0,0.0,0.0,0.0,0.0,0.0,0.0,0.0,0.0,0.0,0.0,0.0,0.0,0.0,0.0,0.0,0.0,0.0,0.0,0.0,0.0,0.0,0.0,0.0,0.0,0.0
674,0.034482758620689655,0.0,0.034482758620689655,0.034482758620689655,0.0,0.0,0.4482758620689655,0.06896551724137931,0.0,0.034482758620689655,0.0,0.06896551724137931,0.0,0.0,0.0,0.0,0.034482758620689655,0.0,0.0,0.034482758620689655,0.034482758620689655,0.034482758620689655,0.0,0.0,0.0,0.06896551724137931,0.0,0.0,0.0,0.034482758620689655,0.0,0.0,0.0,0.034482758620689655,0.0,0.0,0.0,0.0,0.0,0.0,0.0,0.0,0.0,0.0,0.0,0.0
675,0.02127659574468085,0.0425531914893617,0.0,0.0,0.46808510638297873,0.02127659574468085,0.0,0.0425531914893617,0.0,0.0,0.0,0.0,0.0,0.0,0.02127659574468085,0.0,0.02127659574468085,0.0,0.0,0.0851063829787234,0.0,0.0,0.0,0.0,0.02127659574468085,0.0,0.0425531914893617,0.02127659574468085,0.02127659574468085,0.0,0.02127659574468085,0.02127659574468085,0.0,0.0,0.02127659574468085,0.0425531914893617,0.0,0.0,0.0,0.0,0.0,0.02127659574468085,0.0,0.0,0.02127659574468085,0.02127659574468085
676,0.022222222222222223,0.0,0.0,0.0,0.0,0.0,0.0,0.022222222222222223,0.0,0.0,0.4888888888888889,0.0,0.0,0.0,0.044444444444444446,0.0,0.0,0.0,0.0,0.022222222222222223,0.0,0.1111111111111111,0.022222222222222223,0.0,0.2,0.0,0.0,0.0,0.0,0.0,0.0,0.0,0.0,0.022222222222222223,0.0,0.022222222222222223,0.0,0.0,0.0,0.0,0.0,0.022222222222222223,0.0,0.0,0.0,0.0
677,0.0,0.0,0.02564102564102564,0.02564102564102564,0.0,0.0,0.0,0.23076923076923078,0.0,0.02564102564102564,0.0,0.0,0.0,0.0,0.0,0.10256410256410256,0.02564102564102564,0.0,0.02564102564102564,0.0,0.5128205128205128,0.0,0.0,0.0,0.0,0.0,0.0,0.0,0.0,0.0,0.0,0.0,0.0,0.0,0.0,0.0,0.0,0.0,0.0,0.0,0.0,0.0,0.0,0.0,0.0,0.02564102564102564
678,0.045454545454545456,0.0,0.0,0.0,0.0,0.0,0.0,0.0,0.0,0.0,0.0,0.0,0.0,0.0,0.0,0.0,0.0,0.0,0.0,0.0,0.0,0.9545454545454546,0.0,0.0,0.0,0.0,0.0,0.0,0.0,0.0,0.0,0.0,0.0,0.0,0.0,0.0,0.0,0.0,0.0,0.0,0.0,0.0,0.0,0.0,0.0,0.0
679,0.037037037037037035,0.037037037037037035,0.0,0.0,0.0,0.0,0.0,0.0,0.0,0.0,0.037037037037037035,0.07407407407407407,0.0,0.0,0.0,0.0,0.1111111111111111,0.037037037037037035,0.0,0.037037037037037035,0.0,0.0,0.037037037037037035,0.0,0.0,0.037037037037037035,0.0,0.0,0.037037037037037035,0.0,0.0,0.0,0.0,0.0,0.0,0.5185185185185185,0.0,0.0,0.0,0.0,0.0,0.0,0.0,0.0,0.0,0.0
680,0.0,0.0,0.0,0.0,0.0,0.06451612903225806,0.0,0.0,0.0,0.0,0.0,0.0,0.0,0.0,0.0,0.0,0.03225806451612903,0.03225806451612903,0.0,0.0,0.25806451612903225,0.4838709677419355,0.03225806451612903,0.03225806451612903,0.03225806451612903,0.0,0.0,0.0,0.0,0.0,0.0,0.0,0.0,0.0,0.03225806451612903,0.0,0.0,0.0,0.0,0.0,0.0,0.0,0.0,0.0,0.0,0.0
681,0.0,0.011904761904761904,0.0,0.0,0.011904761904761904,0.011904761904761904,0.0,0.0,0.0,0.0,0.011904761904761904,0.011904761904761904,0.011904761904761904,0.047619047619047616,0.13095238095238096,0.011904761904761904,0.023809523809523808,0.011904761904761904,0.011904761904761904,0.011904761904761904,0.0,0.03571428571428571,0.0,0.011904761904761904,0.0,0.11904761904761904,0.38095238095238093,0.0,0.03571428571428571,0.05952380952380952,0.0,0.0,0.011904761904761904,0.011904761904761904,0.0,0.0,0.0,0.0,0.0,0.0,0.0,0.0,0.011904761904761904,0.0,0.0,0.0
682,0.1111111111111111,0.0,0.0,0.0,0.0,0.027777777777777776,0.027777777777777776,0.0,0.0,0.027777777777777776,0.1111111111111111,0.0,0.0,0.0,0.0,0.0,0.05555555555555555,0.0,0.027777777777777776,0.0,0.0,0.027777777777777776,0.0,0.027777777777777776,0.027777777777777776,0.0,0.0,0.0,0.0,0.0,0.0,0.027777777777777776,0.0,0.0,0.0,0.027777777777777776,0.0,0.0,0.0,0.0,0.0,0.0,0.1111111111111111,0.19444444444444445,0.0,0.16666666666666666
683,0.0,0.0,0.0,0.2,0.08,0.0,0.16,0.24,0.08,0.04,0.0,0.04,0.04,0.04,0.08,0.0,0.0,0.0,0.0,0.0,0.0,0.0,0.0,0.0,0.0,0.0,0.0,0.0,0.0,0.0,0.0,0.0,0.0,0.0,0.0,0.0,0.0,0.0,0.0,0.0,0.0,0.0,0.0,0.0,0.0,0.0
684,0.04411764705882353,0.0,0.04411764705882353,0.0,0.029411764705882353,0.07352941176470588,0.014705882352941176,0.014705882352941176,0.0,0.0,0.029411764705882353,0.0,0.0,0.0,0.10294117647058823,0.0,0.04411764705882353,0.0,0.0,0.04411764705882353,0.0,0.0,0.029411764705882353,0.04411764705882353,0.0,0.014705882352941176,0.014705882352941176,0.014705882352941176,0.029411764705882353,0.0,0.04411764705882353,0.0,0.0,0.27941176470588236,0.014705882352941176,0.0,0.0,0.014705882352941176,0.0,0.0,0.058823529411764705,0.0,0.0,0.0,0.0,0.0
685,0.0,0.0,0.0,0.030303030303030304,0.0,0.0,0.0,0.0,0.0,0.0,0.0,0.0,0.0,0.0,0.0,0.030303030303030304,0.0,0.0,0.0,0.0,0.030303030303030304,0.0,0.030303030303030304,0.030303030303030304,0.0,0.12121212121212122,0.5757575757575758,0.0,0.0,0.0,0.0,0.0,0.09090909090909091,0.0,0.030303030303030304,0.030303030303030304,0.0,0.0,0.0,0.0,0.0,0.0,0.0,0.0,0.0,0.0
686,0.0,0.0,0.020833333333333332,0.0,0.0,0.0,0.020833333333333332,0.0,0.08333333333333333,0.0,0.0,0.0,0.0,0.0,0.0,0.0,0.0625,0.041666666666666664,0.0,0.0,0.041666666666666664,0.0,0.041666666666666664,0.020833333333333332,0.041666666666666664,0.041666666666666664,0.0,0.0,0.0,0.020833333333333332,0.0,0.020833333333333332,0.020833333333333332,0.0,0.041666666666666664,0.0,0.0,0.0,0.0,0.0,0.0,0.0,0.020833333333333332,0.4583333333333333,0.0,0.0
687,0.0,0.0,0.0,0.01818181818181818,0.0,0.03636363636363636,0.01818181818181818,0.0,0.0,0.0,0.03636363636363636,0.0,0.0,0.0,0.01818181818181818,0.01818181818181818,0.01818181818181818,0.0,0.0,0.0,0.0,0.0,0.03636363636363636,0.01818181818181818,0.01818181818181818,0.01818181818181818,0.03636363636363636,0.0,0.0,0.0,0.01818181818181818,0.05454545454545454,0.0,0.01818181818181818,0.01818181818181818,0.03636363636363636,0.0,0.0,0.0,0.0,0.0,0.0,0.5272727272727272,0.03636363636363636,0.0,0.0
688,0.0,0.0,0.0,0.0,0.0,0.0,0.0,0.0,0.0,0.034482758620689655,0.0,0.7241379310344828,0.0,0.0,0.034482758620689655,0.0,0.0,0.0,0.0,0.0,0.0,0.0,0.034482758620689655,0.06896551724137931,0.0,0.0,0.0,0.0,0.0,0.0,0.0,0.0,0.0,0.0,0.10344827586206896,0.0,0.0,0.0,0.0,0.0,0.0,0.0,0.0,0.0,0.0,0.0
689,0.0,0.0,0.0,0.0,0.0,0.28,0.0,0.0,0.0,0.0,0.16,0.0,0.0,0.08,0.04,0.04,0.0,0.0,0.04,0.0,0.04,0.0,0.0,0.0,0.0,0.0,0.32,0.0,0.0,0.0,0.0,0.0,0.0,0.0,0.0,0.0,0.0,0.0,0.0,0.0,0.0,0.0,0.0,0.0,0.0,0.0
690,0.0,0.21153846153846154,0.019230769230769232,0.0,0.0,0.057692307692307696,0.057692307692307696,0.038461538461538464,0.07692307692307693,0.0,0.25,0.0,0.0,0.0,0.0,0.0,0.019230769230769232,0.0,0.0,0.019230769230769232,0.0,0.0,0.0,0.0,0.0,0.019230769230769232,0.0,0.0,0.0,0.0,0.019230769230769232,0.0,0.0,0.019230769230769232,0.038461538461538464,0.0,0.09615384615384616,0.0,0.0,0.0,0.019230769230769232,0.0,0.0,0.0,0.0,0.038461538461538464
691,0.0,0.0,0.0,0.0,0.029411764705882353,0.0,0.0,0.0,0.029411764705882353,0.0,0.0,0.0,0.0,0.08823529411764706,0.14705882352941177,0.029411764705882353,0.0,0.0,0.0,0.058823529411764705,0.0,0.0,0.0,0.029411764705882353,0.0,0.0,0.0,0.029411764705882353,0.0,0.17647058823529413,0.0,0.0,0.0,0.029411764705882353,0.11764705882352941,0.0,0.0,0.0,0.0,0.0,0.0,0.14705882352941177,0.0,0.0,0.08823529411764706,0.0
692,0.0,0.0,0.0,0.03571428571428571,0.0,0.03571428571428571,0.4642857142857143,0.0,0.0,0.17857142857142858,0.0,0.0,0.0,0.07142857142857142,0.03571428571428571,0.0,0.0,0.0,0.0,0.0,0.0,0.0,0.0,0.03571428571428571,0.03571428571428571,0.0,0.03571428571428571,0.0,0.03571428571428571,0.0,0.0,0.0,0.0,0.0,0.03571428571428571,0.0,0.0,0.0,0.0,0.0,0.0,0.0,0.0,0.0,0.0,0.0
693,0.0,0.02631578947368421,0.0,0.0,0.0,0.02631578947368421,0.0,0.02631578947368421,0.02631578947368421,0.0,0.02631578947368421,0.0,0.0,0.02631578947368421,0.02631578947368421,0.0,0.0,0.0,0.0,0.0,0.0,0.13157894736842105,0.05263157894736842,0.5263157894736842,0.0,0.0,0.02631578947368421,0.0,0.0,0.02631578947368421,0.02631578947368421,0.0,0.0,0.0,0.0,0.0,0.0,0.0,0.0,0.0,0.0,0.0,0.02631578947368421,0.0,0.0,0.0
694,0.0,0.2830188679245283,0.03773584905660377,0.11320754716981132,0.0,0.0,0.0,0.1320754716981132,0.0,0.03773584905660377,0.0,0.0,0.0,0.09433962264150944,0.07547169811320754,0.03773584905660377,0.0,0.0,0.018867924528301886,0.0,0.018867924528301886,0.0,0.0,0.018867924528301886,0.05660377358490566,0.018867924528301886,0.0,0.018867924528301886,0.0,0.0,0.0,0.0,0.0,0.03773584905660377,0.0,0.0,0.0,0.0,0.0,0.0,0.0,0.0,0.0,0.0,0.0,0.0
695,0.0,0.0,0.0,0.0,0.0,0.0,0.047619047619047616,0.0,0.0,0.0,0.023809523809523808,0.0,0.0,0.0,0.023809523809523808,0.023809523809523808,0.047619047619047616,0.0,0.0,0.0,0.0,0.0,0.0,0.0,0.0,0.0,0.0,0.0,0.047619047619047616,0.0,0.0,0.0,0.0,0.023809523809523808,0.023809523809523808,0.023809523809523808,0.0,0.0,0.0,0.0,0.0,0.0,0.6666666666666666,0.0,0.023809523809523808,0.023809523809523808
696,0.0,0.0,0.0,0.0,0.03571428571428571,0.0,0.0,0.0,0.0,0.03571428571428571,0.03571428571428571,0.03571428571428571,0.0,0.0,0.0,0.03571428571428571,0.07142857142857142,0.0,0.0,0.0,0.0,0.0,0.0,0.03571428571428571,0.0,0.0,0.0,0.0,0.0,0.6785714285714286,0.0,0.0,0.03571428571428571,0.0,0.0,0.0,0.0,0.0,0.0,0.0,0.0,0.0,0.0,0.0,0.0,0.0
697,0.0,0.0,0.038461538461538464,0.0,0.0,0.0,0.0,0.0,0.0,0.0,0.0,0.0,0.0,0.0,0.6538461538461539,0.11538461538461539,0.0,0.07692307692307693,0.038461538461538464,0.0,0.0,0.0,0.0,0.0,0.0,0.0,0.038461538461538464,0.038461538461538464,0.0,0.0,0.0,0.0,0.0,0.0,0.0,0.0,0.0,0.0,0.0,0.0,0.0,0.0,0.0,0.0,0.0,0.0
698,0.14285714285714285,0.0,0.0,0.0,0.10714285714285714,0.10714285714285714,0.14285714285714285,0.0,0.0,0.0,0.17857142857142858,0.07142857142857142,0.0,0.0,0.0,0.21428571428571427,0.0,0.0,0.0,0.0,0.0,0.0,0.0,0.0,0.0,0.0,0.0,0.03571428571428571,0.0,0.0,0.0,0.0,0.0,0.0,0.0,0.0,0.0,0.0,0.0,0.0,0.0,0.0,0.0,0.0,0.0,0.0
699,0.0,0.0,0.038461538461538464,0.0,0.0,0.0,0.0,0.0,0.0,0.0,0.0,0.0,0.0,0.0,0.0,0.6923076923076923,0.07692307692307693,0.038461538461538464,0.07692307692307693,0.0,0.0,0.0,0.0,0.0,0.0,0.0,0.0,0.0,0.0,0.0,0.0,0.0,0.0,0.038461538461538464,0.0,0.0,0.0,0.0,0.0,0.0,0.0,0.0,0.0,0.038461538461538464,0.0,0.0
700,0.0,0.015625,0.0,0.0,0.0,0.0,0.0,0.0,0.109375,0.0,0.015625,0.0,0.0,0.0,0.0,0.015625,0.015625,0.0,0.0,0.0,0.0,0.0,0.015625,0.0,0.0,0.015625,0.03125,0.0,0.0,0.0,0.0,0.0,0.0,0.078125,0.6875,0.0,0.0,0.0,0.0,0.0,0.0,0.0,0.0,0.0,0.0,0.0
701,0.0273972602739726,0.0136986301369863,0.0410958904109589,0.0,0.0,0.0,0.0,0.0,0.0273972602739726,0.0136986301369863,0.0136986301369863,0.0136986301369863,0.0136986301369863,0.0,0.0684931506849315,0.0,0.0410958904109589,0.0273972602739726,0.0,0.0,0.0,0.0136986301369863,0.0,0.0273972602739726,0.0,0.0136986301369863,0.1095890410958904,0.0,0.0821917808219178,0.0,0.2191780821917808,0.0273972602739726,0.0136986301369863,0.0410958904109589,0.0410958904109589,0.0,0.0,0.0,0.0,0.0,0.0,0.0958904109589041,0.0,0.0136986301369863,0.0,0.0
702,0.0,0.058823529411764705,0.0196078431372549,0.0,0.0392156862745098,0.0196078431372549,0.0,0.0,0.0,0.0196078431372549,0.0,0.0,0.0,0.0,0.0,0.058823529411764705,0.0,0.0196078431372549,0.0,0.37254901960784315,0.1568627450980392,0.0196078431372549,0.0,0.0,0.0,0.0,0.0196078431372549,0.0196078431372549,0.058823529411764705,0.0196078431372549,0.0,0.0,0.0,0.0196078431372549,0.0,0.0,0.0,0.0,0.0,0.0,0.0,0.0,0.0,0.0784313725490196,0.0,0.0
703,0.0,0.0,0.0,0.022222222222222223,0.0,0.0,0.022222222222222223,0.0,0.044444444444444446,0.022222222222222223,0.06666666666666667,0.0,0.0,0.0,0.022222222222222223,0.4666666666666667,0.0,0.044444444444444446,0.06666666666666667,0.022222222222222223,0.022222222222222223,0.0,0.0,0.022222222222222223,0.0,0.0,0.0,0.0,0.022222222222222223,0.0,0.0,0.022222222222222223,0.022222222222222223,0.0,0.0,0.0,0.0,0.0,0.0,0.0,0.0,0.0,0.022222222222222223,0.0,0.022222222222222223,0.044444444444444446
704,0.0,0.021739130434782608,0.021739130434782608,0.021739130434782608,0.021739130434782608,0.0,0.0,0.45652173913043476,0.021739130434782608,0.021739130434782608,0.021739130434782608,0.021739130434782608,0.021739130434782608,0.021739130434782608,0.0,0.021739130434782608,0.0,0.0,0.021739130434782608,0.021739130434782608,0.021739130434782608,0.0,0.043478260869565216,0.021739130434782608,0.0,0.021739130434782608,0.0,0.043478260869565216,0.0,0.043478260869565216,0.021739130434782608,0.0,0.0,0.0,0.021739130434782608,0.0,0.0,0.0,0.0,0.0,0.0,0.0,0.0,0.021739130434782608,0.0,0.0
705,0.0,0.0,0.0,0.0,0.46153846153846156,0.15384615384615385,0.0,0.038461538461538464,0.0,0.038461538461538464,0.0,0.0,0.0,0.0,0.07692307692307693,0.038461538461538464,0.0,0.0,0.0,0.0,0.0,0.0,0.0,0.07692307692307693,0.0,0.0,0.0,0.0,0.038461538461538464,0.0,0.0,0.038461538461538464,0.0,0.0,0.038461538461538464,0.0,0.0,0.0,0.0,0.0,0.0,0.0,0.0,0.0,0.0,0.0
706,0.0,0.3783783783783784,0.05405405405405406,0.0,0.0,0.0,0.0,0.0,0.02702702702702703,0.0,0.0,0.0,0.0,0.0,0.0,0.0,0.0,0.0,0.0,0.0,0.0,0.0,0.0,0.0,0.0,0.0,0.0,0.0,0.0,0.0,0.0,0.02702702702702703,0.02702702702702703,0.02702702702702703,0.0,0.0,0.0,0.0,0.0,0.0,0.0,0.0,0.0,0.35135135135135137,0.10810810810810811,0.0
707,0.043478260869565216,0.0,0.0,0.0,0.043478260869565216,0.0,0.0,0.0,0.0,0.08695652173913043,0.17391304347826086,0.0,0.0,0.043478260869565216,0.0,0.5652173913043478,0.0,0.0,0.0,0.0,0.0,0.0,0.0,0.0,0.0,0.0,0.0,0.0,0.043478260869565216,0.0,0.0,0.0,0.0,0.0,0.0,0.0,0.0,0.0,0.0,0.0,0.0,0.0,0.0,0.0,0.0,0.0
708,0.0,0.0,0.03125,0.0,0.0,0.0,0.0,0.0,0.0,0.03125,0.03125,0.0,0.0,0.0,0.03125,0.0,0.15625,0.09375,0.0,0.0,0.34375,0.03125,0.0,0.03125,0.0,0.0,0.0,0.0,0.0,0.0625,0.03125,0.0625,0.0,0.0,0.03125,0.0,0.0,0.0,0.0,0.0,0.0,0.0,0.0,0.03125,0.0,0.0
709,0.0,0.0,0.0,0.02564102564102564,0.10256410256410256,0.1282051282051282,0.0,0.0,0.0,0.0,0.0,0.0,0.02564102564102564,0.02564102564102564,0.1282051282051282,0.0,0.0,0.0,0.02564102564102564,0.0,0.02564102564102564,0.02564102564102564,0.0,0.0,0.0,0.0,0.02564102564102564,0.05128205128205128,0.05128205128205128,0.2564102564102564,0.0,0.0,0.0,0.02564102564102564,0.0,0.0,0.0,0.0,0.0,0.0,0.0,0.02564102564102564,0.0,0.0,0.05128205128205128,0.0
710,0.05555555555555555,0.027777777777777776,0.027777777777777776,0.0,0.1111111111111111,0.0,0.1388888888888889,0.0,0.0,0.027777777777777776,0.08333333333333333,0.08333333333333333,0.0,0.027777777777777776,0.0,0.0,0.0,0.1388888888888889,0.0,0.0,0.0,0.0,0.16666666666666666,0.0,0.0,0.0,0.027777777777777776,0.0,0.027777777777777776,0.027777777777777776,0.0,0.0,0.0,0.0,0.027777777777777776,0.0,0.0,0.0,0.0,0.0,0.0,0.0,0.0,0.0,0.0,0.0
711,0.23684210526315788,0.02631578947368421,0.0,0.0,0.0,0.0,0.0,0.02631578947368421,0.02631578947368421,0.02631578947368421,0.0,0.0,0.0,0.02631578947368421,0.02631578947368421,0.0,0.02631578947368421,0.0,0.0,0.0,0.02631578947368421,0.0,0.0,0.0,0.10526315789473684,0.34210526315789475,0.05263157894736842,0.0,0.0,0.0,0.0,0.02631578947368421,0.0,0.0,0.0,0.0,0.0,0.0,0.0,0.0,0.0,0.0,0.0,0.02631578947368421,0.0,0.0
712,0.0,0.0,0.0,0.0,0.0,0.0,0.0,0.037037037037037035,0.0,0.25925925925925924,0.0,0.0,0.0,0.0,0.0,0.0,0.0,0.0,0.1111111111111111,0.0,0.037037037037037035,0.0,0.0,0.0,0.0,0.0,0.07407407407407407,0.0,0.0,0.0,0.37037037037037035,0.037037037037037035,0.0,0.0,0.0,0.0,0.0,0.0,0.0,0.0,0.0,0.0,0.0,0.07407407407407407,0.0,0.0
713,0.0,0.0,0.0,0.0,0.0,0.0,0.06666666666666667,0.0,0.0,0.0,0.0,0.0,0.0,0.06666666666666667,0.03333333333333333,0.0,0.0,0.0,0.03333333333333333,0.0,0.0,0.0,0.06666666666666667,0.0,0.0,0.0,0.06666666666666667,0.0,0.03333333333333333,0.0,0.0,0.0,0.0,0.0,0.0,0.0,0.0,0.0,0.0,0.0,0.0,0.03333333333333333,0.6,0.0,0.0,0.0
714,0.0,0.0,0.0,0.0,0.0,0.0,0.0,1.0,0.0,0.0,0.0,0.0,0.0,0.0,0.0,0.0,0.0,0.0,0.0,0.0,0.0,0.0,0.0,0.0,0.0,0.0,0.0,0.0,0.0,0.0,0.0,0.0,0.0,0.0,0.0,0.0,0.0,0.0,0.0,0.0,0.0,0.0,0.0,0.0,0.0,0.0
715,0.0,0.0,0.0,0.9047619047619048,0.0,0.0,0.0,0.0,0.0,0.0,0.0,0.0,0.0,0.0,0.0,0.0,0.0,0.0,0.0,0.047619047619047616,0.0,0.0,0.0,0.0,0.0,0.0,0.0,0.0,0.0,0.0,0.0,0.0,0.0,0.047619047619047616,0.0,0.0,0.0,0.0,0.0,0.0,0.0,0.0,0.0,0.0,0.0,0.0
716,0.0,0.0,0.0,0.0,0.0,0.0,0.0,0.2777777777777778,0.0,0.0,0.0,0.0,0.0,0.0,0.0,0.0,0.0,0.0,0.027777777777777776,0.0,0.0,0.027777777777777776,0.25,0.05555555555555555,0.0,0.0,0.1111111111111111,0.0,0.0,0.0,0.0,0.0,0.05555555555555555,0.0,0.19444444444444445,0.0,0.0,0.0,0.0,0.0,0.0,0.0,0.0,0.0,0.0,0.0
717,0.0,0.0975609756097561,0.024390243902439025,0.04878048780487805,0.04878048780487805,0.0,0.0,0.024390243902439025,0.04878048780487805,0.04878048780487805,0.024390243902439025,0.0,0.0,0.0,0.024390243902439025,0.0,0.024390243902439025,0.04878048780487805,0.024390243902439025,0.07317073170731707,0.0,0.0,0.024390243902439025,0.07317073170731707,0.04878048780487805,0.024390243902439025,0.024390243902439025,0.0,0.024390243902439025,0.024390243902439025,0.0,0.04878048780487805,0.024390243902439025,0.07317073170731707,0.024390243902439025,0.024390243902439025,0.0,0.0,0.0,0.0,0.0,0.0,0.0,0.0,0.0,0.0
718,0.0,0.0,0.0,0.0,0.0,0.0,0.0,0.0,0.0,0.0,0.0,0.0,0.0,0.0,1.0,0.0,0.0,0.0,0.0,0.0,0.0,0.0,0.0,0.0,0.0,0.0,0.0,0.0,0.0,0.0,0.0,0.0,0.0,0.0,0.0,0.0,0.0,0.0,0.0,0.0,0.0,0.0,0.0,0.0,0.0,0.0
719,0.0,0.027777777777777776,0.027777777777777776,0.0,0.0,0.027777777777777776,0.027777777777777776,0.0,0.027777777777777776,0.0,0.0,0.0,0.0,0.0,0.0,0.0,0.0,0.0,0.0,0.027777777777777776,0.027777777777777776,0.0,0.05555555555555555,0.0,0.0,0.0,0.0,0.027777777777777776,0.027777777777777776,0.0,0.0,0.0,0.0,0.05555555555555555,0.027777777777777776,0.0,0.0,0.0,0.0,0.0,0.0,0.5833333333333334,0.0,0.0,0.027777777777777776,0.0
720,0.0,0.0,0.0,0.0,0.0,0.0,0.0,0.02,0.0,0.0,0.0,0.0,0.0,0.02,0.0,0.0,0.0,0.0,0.0,0.0,0.18,0.06,0.0,0.02,0.0,0.0,0.0,0.0,0.0,0.0,0.0,0.02,0.0,0.02,0.02,0.0,0.0,0.0,0.0,0.0,0.0,0.0,0.02,0.48,0.04,0.1
721,0.0,0.0,0.0,0.0,0.025,0.075,0.0,0.0,0.0,0.0,0.0,0.0,0.0,0.0,0.05,0.0,0.0,0.0,0.0,0.0,0.0,0.05,0.025,0.05,0.025,0.0,0.0,0.075,0.0,0.0,0.0,0.025,0.0,0.0,0.125,0.425,0.0,0.0,0.0,0.0,0.0,0.0,0.025,0.0,0.025,0.0
722,0.0196078431372549,0.0,0.0,0.0,0.0,0.0196078431372549,0.0196078431372549,0.0,0.0,0.0,0.0,0.0196078431372549,0.0,0.0,0.0,0.0392156862745098,0.0392156862745098,0.09803921568627451,0.0,0.0,0.45098039215686275,0.0196078431372549,0.0392156862745098,0.0196078431372549,0.0,0.0,0.0,0.0784313725490196,0.0196078431372549,0.0196078431372549,0.0,0.0196078431372549,0.0,0.0,0.058823529411764705,0.0,0.0,0.0,0.0,0.0,0.0,0.0,0.0,0.0,0.0196078431372549,0.0
723,0.0,0.0,0.043478260869565216,0.021739130434782608,0.021739130434782608,0.0,0.0,0.43478260869565216,0.0,0.0,0.021739130434782608,0.0,0.0,0.021739130434782608,0.0,0.021739130434782608,0.021739130434782608,0.021739130434782608,0.06521739130434782,0.021739130434782608,0.0,0.0,0.021739130434782608,0.0,0.0,0.0,0.021739130434782608,0.043478260869565216,0.0,0.021739130434782608,0.043478260869565216,0.0,0.0,0.0,0.0,0.0,0.0,0.0,0.0,0.0,0.0,0.0,0.10869565217391304,0.0,0.021739130434782608,0.0
724,0.0,0.0,0.09523809523809523,0.0,0.19047619047619047,0.0,0.0,0.0,0.047619047619047616,0.0,0.0,0.0,0.0,0.0,0.47619047619047616,0.0,0.09523809523809523,0.0,0.0,0.0,0.0,0.0,0.0,0.047619047619047616,0.0,0.0,0.0,0.0,0.0,0.0,0.0,0.0,0.0,0.0,0.0,0.0,0.0,0.0,0.0,0.047619047619047616,0.0,0.0,0.0,0.0,0.0,0.0
725,0.0,0.0,0.03333333333333333,0.06666666666666667,0.03333333333333333,0.03333333333333333,0.0,0.0,0.06666666666666667,0.0,0.0,0.0,0.0,0.0,0.0,0.0,0.0,0.0,0.03333333333333333,0.0,0.0,0.0,0.0,0.0,0.03333333333333333,0.0,0.0,0.0,0.0,0.0,0.6,0.0,0.0,0.0,0.06666666666666667,0.0,0.0,0.0,0.0,0.0,0.0,0.0,0.0,0.0,0.03333333333333333,0.0
726,0.0,0.02857142857142857,0.05714285714285714,0.0,0.0,0.0,0.0,0.0,0.0,0.5142857142857142,0.0,0.0,0.0,0.02857142857142857,0.0,0.0,0.0,0.0,0.02857142857142857,0.05714285714285714,0.0,0.05714285714285714,0.11428571428571428,0.0,0.0,0.0,0.0,0.02857142857142857,0.0,0.0,0.02857142857142857,0.0,0.0,0.0,0.02857142857142857,0.0,0.0,0.0,0.0,0.0,0.0,0.0,0.02857142857142857,0.0,0.0,0.0
727,0.0,0.0,0.0,0.0,0.0,0.0,0.0,0.0,0.0,0.045454545454545456,0.0,0.0,0.0,0.0,0.0,0.0,0.0,0.0,0.0,0.0,0.0,0.0,0.0,0.0,0.0,0.0,0.0,0.0,0.0,0.045454545454545456,0.0,0.0,0.0,0.0,0.0,0.0,0.0,0.0,0.0,0.0,0.0,0.0,0.0,0.9090909090909091,0.0,0.0
728,0.0,0.018867924528301886,0.03773584905660377,0.03773584905660377,0.05660377358490566,0.0,0.0,0.03773584905660377,0.0,0.0,0.0,0.0,0.0,0.018867924528301886,0.018867924528301886,0.0,0.0,0.0,0.0,0.0,0.0,0.0,0.03773584905660377,0.05660377358490566,0.0,0.018867924528301886,0.018867924528301886,0.1320754716981132,0.0,0.0,0.018867924528301886,0.0,0.0,0.0,0.16981132075471697,0.0,0.0,0.0,0.0,0.0,0.0,0.0,0.0,0.018867924528301886,0.2830188679245283,0.018867924528301886
729,0.0,0.0,0.0,0.0,0.0,0.0,0.0,0.0,0.0,0.0,0.0,0.0,0.0,0.0,0.027777777777777776,0.027777777777777776,0.0,0.027777777777777776,0.0,0.027777777777777776,0.0,0.027777777777777776,0.0,0.0,0.0,0.4444444444444444,0.05555555555555555,0.0,0.027777777777777776,0.027777777777777776,0.2222222222222222,0.0,0.0,0.0,0.027777777777777776,0.027777777777777776,0.0,0.0,0.0,0.0,0.0,0.0,0.027777777777777776,0.0,0.0,0.0
730,0.0,0.14814814814814814,0.1111111111111111,0.0,0.0,0.0,0.0,0.037037037037037035,0.0,0.0,0.0,0.0,0.037037037037037035,0.2962962962962963,0.0,0.0,0.037037037037037035,0.0,0.037037037037037035,0.0,0.0,0.0,0.0,0.0,0.07407407407407407,0.0,0.18518518518518517,0.0,0.0,0.0,0.0,0.0,0.0,0.0,0.0,0.037037037037037035,0.0,0.0,0.0,0.0,0.0,0.0,0.0,0.0,0.0,0.0
731,0.0,0.041666666666666664,0.0,0.0,0.041666666666666664,0.020833333333333332,0.020833333333333332,0.020833333333333332,0.0,0.020833333333333332,0.020833333333333332,0.125,0.0,0.3333333333333333,0.0,0.020833333333333332,0.020833333333333332,0.0,0.020833333333333332,0.020833333333333332,0.0,0.0,0.020833333333333332,0.0,0.020833333333333332,0.08333333333333333,0.0625,0.0,0.020833333333333332,0.0,0.0,0.0,0.0,0.0,0.0,0.0,0.0,0.0,0.0,0.0,0.0,0.0,0.041666666666666664,0.020833333333333332,0.0,0.0
732,0.0,0.0,0.0,0.0,0.0,0.28,0.12,0.12,0.0,0.0,0.04,0.0,0.0,0.0,0.0,0.0,0.0,0.32,0.0,0.0,0.0,0.0,0.0,0.0,0.0,0.0,0.0,0.0,0.04,0.0,0.04,0.0,0.04,0.0,0.0,0.0,0.0,0.0,0.0,0.0,0.0,0.0,0.0,0.0,0.0,0.0
733,0.0,0.0,0.0,0.047619047619047616,0.0,0.0,0.0,0.0,0.0,0.0,0.0,0.0,0.0,0.0,0.0,0.0,0.0,0.0,0.0,0.0,0.0,0.0,0.047619047619047616,0.7619047619047619,0.0,0.0,0.0,0.047619047619047616,0.0,0.0,0.0,0.047619047619047616,0.0,0.0,0.0,0.047619047619047616,0.0,0.0,0.0,0.0,0.0,0.0,0.0,0.0,0.0,0.0
734,0.0,0.0,0.2,0.0,0.02857142857142857,0.02857142857142857,0.0,0.0,0.0,0.05714285714285714,0.4,0.02857142857142857,0.0,0.0,0.0,0.0,0.05714285714285714,0.02857142857142857,0.0,0.0,0.0,0.0,0.0,0.0,0.0,0.0,0.05714285714285714,0.0,0.0,0.02857142857142857,0.0,0.0,0.0,0.0,0.02857142857142857,0.0,0.0,0.0,0.0,0.0,0.0,0.0,0.02857142857142857,0.02857142857142857,0.0,0.0
735,0.0,0.02631578947368421,0.0,0.0,0.0,0.02631578947368421,0.0,0.0,0.02631578947368421,0.0,0.02631578947368421,0.0,0.0,0.02631578947368421,0.0,0.0,0.0,0.02631578947368421,0.0,0.02631578947368421,0.0,0.0,0.02631578947368421,0.0,0.0,0.0,0.0,0.0,0.07894736842105263,0.0,0.4473684210526316,0.02631578947368421,0.02631578947368421,0.02631578947368421,0.07894736842105263,0.0,0.0,0.0,0.0,0.0,0.02631578947368421,0.0,0.0,0.0,0.02631578947368421,0.05263157894736842
736,0.0,0.0,0.0,0.0,0.0,0.0,0.0,0.0,0.0,0.0,0.0,0.0,0.0,0.0,0.0,0.0,0.0,0.0,0.0,0.0,0.06451612903225806,0.03225806451612903,0.03225806451612903,0.03225806451612903,0.0,0.0,0.0,0.0,0.0,0.0,0.5806451612903226,0.0,0.0,0.22580645161290322,0.0,0.0,0.0,0.0,0.0,0.0,0.0,0.0,0.0,0.03225806451612903,0.0,0.0
737,0.0,0.0,0.28,0.0,0.0,0.0,0.0,0.0,0.0,0.0,0.16,0.0,0.04,0.04,0.0,0.0,0.0,0.0,0.0,0.0,0.0,0.16,0.0,0.0,0.0,0.04,0.0,0.0,0.0,0.0,0.04,0.12,0.0,0.12,0.0,0.0,0.0,0.0,0.0,0.0,0.0,0.0,0.0,0.0,0.0,0.0
738,0.0,0.0,0.0,0.045454545454545456,0.022727272727272728,0.0,0.0,0.0,0.045454545454545456,0.0,0.09090909090909091,0.0,0.0,0.0,0.13636363636363635,0.0,0.022727272727272728,0.022727272727272728,0.0,0.0,0.0,0.06818181818181818,0.06818181818181818,0.22727272727272727,0.0,0.022727272727272728,0.0,0.0,0.0,0.022727272727272728,0.022727272727272728,0.0,0.022727272727272728,0.06818181818181818,0.022727272727272728,0.0,0.0,0.0,0.0,0.0,0.0,0.045454545454545456,0.0,0.0,0.022727272727272728,0.0
739,0.0,0.0,0.01818181818181818,0.01818181818181818,0.0,0.01818181818181818,0.03636363636363636,0.03636363636363636,0.03636363636363636,0.01818181818181818,0.01818181818181818,0.01818181818181818,0.0,0.03636363636363636,0.0,0.0,0.0,0.0,0.0,0.09090909090909091,0.16363636363636364,0.16363636363636364,0.03636363636363636,0.0,0.0,0.0,0.03636363636363636,0.0,0.0,0.0,0.0,0.07272727272727272,0.09090909090909091,0.01818181818181818,0.05454545454545454,0.01818181818181818,0.0,0.0,0.0,0.0,0.0,0.0,0.0,0.0,0.0,0.0
740,0.07407407407407407,0.0,0.0,0.0,0.037037037037037035,0.0,0.037037037037037035,0.0,0.0,0.0,0.0,0.0,0.037037037037037035,0.0,0.0,0.0,0.0,0.0,0.0,0.07407407407407407,0.0,0.0,0.0,0.0,0.0,0.0,0.0,0.0,0.6296296296296297,0.0,0.0,0.0,0.037037037037037035,0.0,0.0,0.0,0.0,0.0,0.0,0.0,0.0,0.0,0.037037037037037035,0.0,0.0,0.037037037037037035
741,0.05172413793103448,0.0,0.05172413793103448,0.0,0.034482758620689655,0.0,0.0,0.0,0.034482758620689655,0.0,0.10344827586206896,0.017241379310344827,0.0,0.0,0.05172413793103448,0.0,0.017241379310344827,0.034482758620689655,0.017241379310344827,0.017241379310344827,0.017241379310344827,0.017241379310344827,0.1206896551724138,0.05172413793103448,0.0,0.034482758620689655,0.034482758620689655,0.0,0.06896551724137931,0.0,0.0,0.034482758620689655,0.017241379310344827,0.08620689655172414,0.0,0.0,0.0,0.0,0.0,0.0,0.0,0.05172413793103448,0.034482758620689655,0.0,0.0,0.0
742,0.0,0.03125,0.03125,0.03125,0.0,0.0625,0.4375,0.0,0.0,0.03125,0.0,0.0,0.0,0.0,0.0,0.03125,0.0,0.0,0.0,0.0625,0.03125,0.0,0.03125,0.0,0.0,0.0,0.0,0.03125,0.0,0.0,0.0,0.125,0.03125,0.03125,0.0,0.0,0.0,0.0,0.0,0.0,0.0,0.0,0.0,0.0,0.0,0.0
743,0.0,0.0,0.21739130434782608,0.0,0.0,0.0,0.0,0.0,0.0,0.17391304347826086,0.043478260869565216,0.0,0.0,0.0,0.043478260869565216,0.0,0.0,0.0,0.0,0.0,0.0,0.0,0.0,0.0,0.0,0.0,0.043478260869565216,0.0,0.21739130434782608,0.2608695652173913,0.0,0.0,0.0,0.0,0.0,0.0,0.0,0.0,0.0,0.0,0.0,0.0,0.0,0.0,0.0,0.0
744,0.0,0.0,0.03333333333333333,0.0,0.0,0.0,0.5333333333333333,0.03333333333333333,0.0,0.0,0.0,0.0,0.0,0.03333333333333333,0.06666666666666667,0.0,0.03333333333333333,0.0,0.03333333333333333,0.0,0.0,0.13333333333333333,0.0,0.0,0.0,0.03333333333333333,0.03333333333333333,0.0,0.0,0.0,0.0,0.0,0.0,0.03333333333333333,0.0,0.0,0.0,0.0,0.0,0.0,0.0,0.0,0.0,0.0,0.0,0.0
745,0.0,0.02127659574468085,0.010638297872340425,0.0,0.031914893617021274,0.02127659574468085,0.02127659574468085,0.031914893617021274,0.010638297872340425,0.010638297872340425,0.11702127659574468,0.031914893617021274,0.010638297872340425,0.0,0.0,0.0,0.010638297872340425,0.010638297872340425,0.031914893617021274,0.0,0.010638297872340425,0.031914893617021274,0.10638297872340426,0.0,0.02127659574468085,0.0,0.010638297872340425,0.010638297872340425,0.0,0.0,0.0,0.0851063829787234,0.0,0.0425531914893617,0.1595744680851064,0.0,0.0,0.0,0.0,0.0,0.0,0.02127659574468085,0.0,0.010638297872340425,0.0851063829787234,0.031914893617021274
746,0.0,0.016,0.048,0.016,0.008,0.016,0.016,0.008,0.016,0.056,0.072,0.024,0.184,0.024,0.016,0.0,0.032,0.0,0.016,0.008,0.0,0.024,0.032,0.008,0.048,0.032,0.008,0.016,0.048,0.0,0.024,0.048,0.016,0.016,0.032,0.0,0.0,0.0,0.0,0.0,0.0,0.008,0.024,0.008,0.016,0.016
747,0.03225806451612903,0.0,0.25806451612903225,0.0,0.0,0.0,0.0,0.0,0.03225806451612903,0.0,0.0,0.03225806451612903,0.03225806451612903,0.0,0.06451612903225806,0.06451612903225806,0.0,0.0,0.0,0.06451612903225806,0.06451612903225806,0.0,0.0,0.03225806451612903,0.0,0.0,0.16129032258064516,0.0,0.0,0.0,0.0,0.06451612903225806,0.0,0.0,0.0,0.0,0.0,0.0,0.0,0.0,0.0,0.03225806451612903,0.0,0.06451612903225806,0.0,0.0
748,0.0,0.0,0.0,0.0,0.0,0.0,0.0,0.0,0.0,0.0,0.0,0.7307692307692307,0.0,0.038461538461538464,0.0,0.0,0.0,0.038461538461538464,0.0,0.038461538461538464,0.0,0.0,0.0,0.0,0.0,0.0,0.0,0.0,0.0,0.0,0.0,0.11538461538461539,0.0,0.0,0.038461538461538464,0.0,0.0,0.0,0.0,0.0,0.0,0.0,0.0,0.0,0.0,0.0
749,0.043478260869565216,0.043478260869565216,0.17391304347826086,0.0,0.08695652173913043,0.043478260869565216,0.043478260869565216,0.0,0.0,0.0,0.0,0.0,0.0,0.0,0.08695652173913043,0.13043478260869565,0.0,0.043478260869565216,0.0,0.043478260869565216,0.0,0.043478260869565216,0.0,0.0,0.0,0.043478260869565216,0.0,0.043478260869565216,0.0,0.0,0.043478260869565216,0.0,0.08695652173913043,0.0,0.0,0.0,0.0,0.0,0.0,0.0,0.0,0.0,0.0,0.0,0.0,0.0
750,0.0,0.0,0.0,0.023809523809523808,0.047619047619047616,0.023809523809523808,0.0,0.09523809523809523,0.047619047619047616,0.023809523809523808,0.023809523809523808,0.0,0.2619047619047619,0.0,0.30952380952380953,0.11904761904761904,0.0,0.0,0.0,0.0,0.0,0.0,0.0,0.0,0.0,0.0,0.0,0.0,0.0,0.0,0.023809523809523808,0.0,0.0,0.0,0.0,0.0,0.0,0.0,0.0,0.0,0.0,0.0,0.0,0.0,0.0,0.0
751,0.0,0.0,0.0,0.0,0.0,0.0,0.0,0.03571428571428571,0.0,0.0,0.0,0.0,0.0,0.0,0.07142857142857142,0.0,0.03571428571428571,0.7142857142857143,0.03571428571428571,0.0,0.03571428571428571,0.0,0.0,0.03571428571428571,0.0,0.0,0.0,0.0,0.0,0.0,0.0,0.0,0.0,0.0,0.0,0.0,0.0,0.0,0.0,0.0,0.0,0.0,0.03571428571428571,0.0,0.0,0.0
752,0.0,0.0,0.0,0.0,0.0,0.0,0.0,0.0,0.0,0.0,0.045454545454545456,0.0,0.0,0.0,0.0,0.0,0.0,0.0,0.0,0.045454545454545456,0.0,0.0,0.0,0.0,0.0,0.0,0.0,0.0,0.0,0.0,0.0,0.045454545454545456,0.0,0.0,0.0,0.8636363636363636,0.0,0.0,0.0,0.0,0.0,0.0,0.0,0.0,0.0,0.0
753,0.0,0.0,0.020833333333333332,0.041666666666666664,0.20833333333333334,0.041666666666666664,0.0,0.0,0.0,0.020833333333333332,0.020833333333333332,0.041666666666666664,0.0,0.0,0.020833333333333332,0.0,0.0,0.0,0.0,0.10416666666666667,0.020833333333333332,0.0,0.0,0.0,0.0,0.0625,0.020833333333333332,0.0,0.020833333333333332,0.020833333333333332,0.0,0.020833333333333332,0.0,0.0,0.22916666666666666,0.020833333333333332,0.0,0.0,0.0,0.0,0.0,0.0,0.020833333333333332,0.0,0.0,0.041666666666666664
754,0.0,0.0,0.0,0.03333333333333333,0.0,0.03333333333333333,0.0,0.0,0.0,0.0,0.1,0.6333333333333333,0.0,0.0,0.0,0.0,0.0,0.0,0.0,0.1,0.03333333333333333,0.0,0.0,0.0,0.0,0.0,0.03333333333333333,0.0,0.0,0.0,0.0,0.0,0.0,0.03333333333333333,0.0,0.0,0.0,0.0,0.0,0.0,0.0,0.0,0.0,0.0,0.0,0.0
755,0.0,0.0,0.0,0.0,0.2727272727272727,0.0,0.0,0.045454545454545456,0.0,0.0,0.0,0.0,0.0,0.0,0.0,0.0,0.0,0.5454545454545454,0.0,0.0,0.0,0.0,0.045454545454545456,0.0,0.0,0.0,0.045454545454545456,0.045454545454545456,0.0,0.0,0.0,0.0,0.0,0.0,0.0,0.0,0.0,0.0,0.0,0.0,0.0,0.0,0.0,0.0,0.0,0.0
756,0.0,0.0,0.0,0.17307692307692307,0.0,0.0,0.019230769230769232,0.038461538461538464,0.038461538461538464,0.0,0.0,0.0,0.0,0.0,0.0,0.038461538461538464,0.038461538461538464,0.019230769230769232,0.0,0.11538461538461539,0.07692307692307693,0.0,0.038461538461538464,0.0,0.019230769230769232,0.0,0.0,0.057692307692307696,0.0,0.0,0.057692307692307696,0.0,0.0,0.15384615384615385,0.0,0.019230769230769232,0.0,0.0,0.0,0.0,0.0,0.0,0.0,0.019230769230769232,0.07692307692307693,0.0
757,0.0,0.03333333333333333,0.03333333333333333,0.0,0.0,0.43333333333333335,0.0,0.0,0.3,0.0,0.0,0.0,0.0,0.0,0.0,0.0,0.0,0.03333333333333333,0.0,0.0,0.0,0.03333333333333333,0.03333333333333333,0.0,0.03333333333333333,0.0,0.06666666666666667,0.0,0.0,0.0,0.0,0.0,0.0,0.0,0.0,0.0,0.0,0.0,0.0,0.0,0.0,0.0,0.0,0.0,0.0,0.0
758,0.0,0.027777777777777776,0.6944444444444444,0.0,0.0,0.027777777777777776,0.027777777777777776,0.027777777777777776,0.0,0.027777777777777776,0.0,0.0,0.0,0.0,0.0,0.027777777777777776,0.0,0.027777777777777776,0.0,0.0,0.0,0.0,0.027777777777777776,0.0,0.0,0.0,0.0,0.027777777777777776,0.027777777777777776,0.0,0.0,0.027777777777777776,0.0,0.0,0.0,0.0,0.0,0.0,0.0,0.0,0.0,0.0,0.0,0.0,0.0,0.0
759,0.0,0.0,0.0,0.03225806451612903,0.0,0.03225806451612903,0.0,0.0,0.0,0.0,0.0,0.0,0.0,0.03225806451612903,0.0,0.0,0.0,0.0,0.5161290322580645,0.03225806451612903,0.0,0.03225806451612903,0.03225806451612903,0.0,0.03225806451612903,0.0,0.0,0.12903225806451613,0.0967741935483871,0.0,0.0,0.0,0.0,0.0,0.03225806451612903,0.0,0.0,0.0,0.0,0.0,0.0,0.0,0.0,0.0,0.0,0.0
760,0.0,0.016129032258064516,0.016129032258064516,0.016129032258064516,0.0,0.0,0.04838709677419355,0.0,0.06451612903225806,0.04838709677419355,0.08064516129032258,0.08064516129032258,0.0,0.0,0.0,0.03225806451612903,0.016129032258064516,0.0,0.03225806451612903,0.0,0.0,0.016129032258064516,0.06451612903225806,0.06451612903225806,0.03225806451612903,0.0,0.03225806451612903,0.03225806451612903,0.016129032258064516,0.0,0.12903225806451613,0.016129032258064516,0.0,0.06451612903225806,0.04838709677419355,0.0,0.0,0.016129032258064516,0.0,0.0,0.0,0.0,0.016129032258064516,0.0,0.0,0.0
761,0.0,0.041666666666666664,0.5833333333333334,0.0,0.0,0.0,0.0,0.0,0.16666666666666666,0.0,0.0,0.0,0.0,0.041666666666666664,0.0,0.0,0.0,0.0,0.0,0.0,0.0,0.0,0.0,0.0,0.0,0.08333333333333333,0.0,0.0,0.0,0.0,0.0,0.0,0.08333333333333333,0.0,0.0,0.0,0.0,0.0,0.0,0.0,0.0,0.0,0.0,0.0,0.0,0.0
762,0.0,0.0,0.43478260869565216,0.0,0.0,0.0,0.0,0.0,0.043478260869565216,0.0,0.0,0.0,0.0,0.0,0.0,0.0,0.0,0.0,0.043478260869565216,0.0,0.0,0.0,0.0,0.43478260869565216,0.0,0.0,0.0,0.0,0.0,0.0,0.0,0.0,0.0,0.0,0.0,0.0,0.0,0.0,0.0,0.0,0.0,0.0,0.0,0.043478260869565216,0.0,0.0
763,0.0,0.0,0.0,0.0,0.06666666666666667,0.0,0.0,0.0,0.0,0.0,0.0,0.0,0.03333333333333333,0.0,0.0,0.0,0.0,0.0,0.6,0.03333333333333333,0.0,0.0,0.03333333333333333,0.0,0.0,0.0,0.03333333333333333,0.06666666666666667,0.0,0.0,0.0,0.06666666666666667,0.0,0.0,0.06666666666666667,0.0,0.0,0.0,0.0,0.0,0.0,0.0,0.0,0.0,0.0,0.0
764,0.0,0.0,0.0,0.0,0.027777777777777776,0.027777777777777776,0.0,0.0,0.0,0.0,0.0,0.027777777777777776,0.0,0.027777777777777776,0.027777777777777776,0.027777777777777776,0.027777777777777776,0.0,0.0,0.027777777777777776,0.0,0.0,0.05555555555555555,0.027777777777777776,0.0,0.027777777777777776,0.0,0.027777777777777776,0.05555555555555555,0.027777777777777776,0.0,0.0,0.0,0.0,0.0,0.0,0.0,0.0,0.0,0.0,0.0,0.0,0.0,0.5555555555555556,0.0,0.0
765,0.0,0.0,0.0,0.0,0.038461538461538464,0.0,0.0,0.038461538461538464,0.0,0.6923076923076923,0.0,0.0,0.0,0.0,0.0,0.0,0.0,0.0,0.038461538461538464,0.0,0.038461538461538464,0.0,0.0,0.0,0.0,0.038461538461538464,0.0,0.0,0.0,0.0,0.0,0.038461538461538464,0.0,0.0,0.07692307692307693,0.0,0.0,0.0,0.0,0.0,0.0,0.0,0.0,0.0,0.0,0.0
766,0.011494252873563218,0.04597701149425287,0.022988505747126436,0.0,0.022988505747126436,0.0,0.022988505747126436,0.0,0.022988505747126436,0.022988505747126436,0.011494252873563218,0.011494252873563218,0.0,0.011494252873563218,0.034482758620689655,0.034482758620689655,0.034482758620689655,0.011494252873563218,0.06896551724137931,0.011494252873563218,0.022988505747126436,0.011494252873563218,0.05747126436781609,0.06896551724137931,0.022988505747126436,0.011494252873563218,0.06896551724137931,0.0,0.08045977011494253,0.0,0.04597701149425287,0.04597701149425287,0.011494252873563218,0.011494252873563218,0.0,0.0,0.011494252873563218,0.0,0.0,0.0,0.011494252873563218,0.011494252873563218,0.0,0.04597701149425287,0.011494252873563218,0.04597701149425287
767,0.0,0.04878048780487805,0.0,0.0,0.04878048780487805,0.0,0.0,0.36585365853658536,0.0,0.0,0.024390243902439025,0.024390243902439025,0.0,0.0,0.0,0.0,0.024390243902439025,0.0,0.0,0.0,0.12195121951219512,0.024390243902439025,0.024390243902439025,0.024390243902439025,0.0,0.024390243902439025,0.04878048780487805,0.0,0.0,0.0,0.024390243902439025,0.024390243902439025,0.0,0.04878048780487805,0.024390243902439025,0.0,0.024390243902439025,0.0,0.0,0.0,0.0,0.024390243902439025,0.024390243902439025,0.0,0.0,0.0
768,0.0,0.0,0.0,0.0,0.14285714285714285,0.47619047619047616,0.047619047619047616,0.047619047619047616,0.047619047619047616,0.047619047619047616,0.0,0.0,0.0,0.047619047619047616,0.09523809523809523,0.0,0.0,0.0,0.0,0.0,0.0,0.0,0.0,0.0,0.0,0.0,0.0,0.0,0.0,0.0,0.0,0.0,0.0,0.047619047619047616,0.0,0.0,0.0,0.0,0.0,0.0,0.0,0.0,0.0,0.0,0.0,0.0
769,0.0,0.025,0.0,0.05,0.025,0.0,0.0,0.0,0.075,0.0,0.025,0.0,0.0,0.0,0.0,0.0,0.075,0.0,0.025,0.05,0.025,0.0,0.025,0.0,0.0,0.025,0.0,0.0,0.425,0.0,0.05,0.025,0.0,0.05,0.0,0.0,0.0,0.0,0.0,0.0,0.0,0.0,0.025,0.0,0.0,0.0
770,0.0,0.0,0.05,0.05,0.0,0.0,0.0,0.0,0.0,0.0,0.0,0.0,0.0,0.0,0.0,0.0,0.0,0.0,0.0,0.0,0.0,0.0,0.0,0.0,0.0,0.0,0.0,0.0,0.0,0.0,0.0,0.0,0.0,0.9,0.0,0.0,0.0,0.0,0.0,0.0,0.0,0.0,0.0,0.0,0.0,0.0
771,0.0,0.14285714285714285,0.4642857142857143,0.0,0.03571428571428571,0.0,0.03571428571428571,0.03571428571428571,0.0,0.03571428571428571,0.0,0.0,0.0,0.0,0.0,0.0,0.03571428571428571,0.0,0.0,0.03571428571428571,0.0,0.0,0.03571428571428571,0.0,0.03571428571428571,0.03571428571428571,0.0,0.03571428571428571,0.0,0.0,0.0,0.0,0.0,0.0,0.0,0.03571428571428571,0.0,0.0,0.0,0.0,0.0,0.0,0.0,0.0,0.0,0.0
772,0.0,0.11538461538461539,0.0,0.0,0.0,0.0,0.0,0.0,0.0,0.0,0.0,0.0,0.0,0.0,0.0,0.07692307692307693,0.07692307692307693,0.038461538461538464,0.0,0.0,0.07692307692307693,0.0,0.07692307692307693,0.23076923076923078,0.0,0.0,0.0,0.0,0.15384615384615385,0.038461538461538464,0.0,0.0,0.11538461538461539,0.0,0.0,0.0,0.0,0.0,0.0,0.0,0.0,0.0,0.0,0.0,0.0,0.0
773,0.02040816326530612,0.0,0.0,0.02040816326530612,0.02040816326530612,0.0,0.04081632653061224,0.0,0.02040816326530612,0.0,0.02040816326530612,0.0,0.02040816326530612,0.08163265306122448,0.04081632653061224,0.0,0.04081632653061224,0.0,0.0,0.02040816326530612,0.0,0.02040816326530612,0.061224489795918366,0.02040816326530612,0.02040816326530612,0.0,0.04081632653061224,0.0,0.0,0.02040816326530612,0.0,0.0,0.0,0.32653061224489793,0.12244897959183673,0.0,0.0,0.0,0.0,0.02040816326530612,0.0,0.0,0.0,0.0,0.0,0.0
774,0.0,0.0,0.0,0.0,0.0,0.0,0.0,0.0,0.0,0.06666666666666667,0.0,0.0,0.0,0.0,0.1,0.0,0.0,0.0,0.03333333333333333,0.0,0.0,0.0,0.0,0.0,0.0,0.06666666666666667,0.03333333333333333,0.0,0.03333333333333333,0.0,0.0,0.0,0.0,0.0,0.0,0.6333333333333333,0.0,0.0,0.0,0.0,0.0,0.0,0.03333333333333333,0.0,0.0,0.0
775,0.0,0.023255813953488372,0.0,0.046511627906976744,0.11627906976744186,0.0,0.0,0.023255813953488372,0.0,0.0,0.046511627906976744,0.0,0.0,0.0,0.0,0.0,0.0,0.023255813953488372,0.023255813953488372,0.0,0.0,0.0,0.023255813953488372,0.046511627906976744,0.0,0.0,0.06976744186046512,0.0,0.0,0.023255813953488372,0.0,0.046511627906976744,0.046511627906976744,0.3953488372093023,0.0,0.0,0.0,0.0,0.0,0.0,0.0,0.0,0.0,0.0,0.0,0.046511627906976744
776,0.0,0.05172413793103448,0.0,0.017241379310344827,0.0,0.017241379310344827,0.017241379310344827,0.0,0.017241379310344827,0.0,0.0,0.0,0.0,0.0,0.017241379310344827,0.017241379310344827,0.0,0.0,0.034482758620689655,0.0,0.0,0.034482758620689655,0.017241379310344827,0.0,0.017241379310344827,0.0,0.0,0.05172413793103448,0.0,0.0,0.5172413793103449,0.0,0.017241379310344827,0.05172413793103448,0.06896551724137931,0.0,0.0,0.0,0.0,0.0,0.0,0.0,0.0,0.017241379310344827,0.0,0.017241379310344827
777,0.1111111111111111,0.0,0.037037037037037035,0.0,0.037037037037037035,0.0,0.0,0.0,0.0,0.0,0.14814814814814814,0.0,0.0,0.0,0.0,0.0,0.0,0.0,0.0,0.0,0.0,0.0,0.5185185185185185,0.0,0.0,0.0,0.0,0.0,0.037037037037037035,0.0,0.0,0.037037037037037035,0.0,0.07407407407407407,0.0,0.0,0.0,0.0,0.0,0.0,0.0,0.0,0.0,0.0,0.0,0.0
778,0.0,0.0,0.02857142857142857,0.02857142857142857,0.02857142857142857,0.0,0.02857142857142857,0.0,0.02857142857142857,0.0,0.0,0.0,0.0,0.0,0.05714285714285714,0.02857142857142857,0.02857142857142857,0.02857142857142857,0.0,0.0,0.0,0.0,0.05714285714285714,0.02857142857142857,0.0,0.02857142857142857,0.0,0.0,0.42857142857142855,0.0,0.0,0.05714285714285714,0.0,0.02857142857142857,0.0,0.0,0.0,0.02857142857142857,0.02857142857142857,0.0,0.0,0.02857142857142857,0.0,0.0,0.0,0.0
779,0.0,0.9,0.0,0.0,0.0,0.0,0.0,0.0,0.0,0.0,0.0,0.0,0.0,0.0,0.0,0.0,0.1,0.0,0.0,0.0,0.0,0.0,0.0,0.0,0.0,0.0,0.0,0.0,0.0,0.0,0.0,0.0,0.0,0.0,0.0,0.0,0.0,0.0,0.0,0.0,0.0,0.0,0.0,0.0,0.0,0.0
780,0.019230769230769232,0.3076923076923077,0.057692307692307696,0.038461538461538464,0.17307692307692307,0.0,0.038461538461538464,0.038461538461538464,0.0,0.019230769230769232,0.038461538461538464,0.019230769230769232,0.019230769230769232,0.019230769230769232,0.0,0.0,0.0,0.019230769230769232,0.0,0.019230769230769232,0.019230769230769232,0.0,0.0,0.0,0.0,0.0,0.0,0.019230769230769232,0.0,0.038461538461538464,0.057692307692307696,0.0,0.0,0.0,0.0,0.019230769230769232,0.0,0.0,0.0,0.0,0.0,0.019230769230769232,0.0,0.0,0.0,0.0
781,0.038461538461538464,0.0,0.038461538461538464,0.0,0.0,0.0,0.0,0.0,0.0,0.0,0.0,0.038461538461538464,0.0,0.0,0.0,0.0,0.0,0.038461538461538464,0.0,0.0,0.038461538461538464,0.0,0.038461538461538464,0.6153846153846154,0.0,0.0,0.0,0.0,0.0,0.0,0.0,0.0,0.0,0.038461538461538464,0.0,0.0,0.0,0.0,0.0,0.0,0.0,0.0,0.11538461538461539,0.0,0.0,0.0
782,0.0,0.0,0.0,0.0,0.0,0.0,0.0,0.0,0.0,0.0,0.0,0.0,0.09090909090909091,0.0,0.0,0.0,0.0,0.0,0.0,0.0,0.0,0.3939393939393939,0.030303030303030304,0.0,0.030303030303030304,0.0,0.0,0.030303030303030304,0.0,0.0,0.0,0.030303030303030304,0.21212121212121213,0.030303030303030304,0.0,0.0,0.12121212121212122,0.0,0.030303030303030304,0.0,0.0,0.0,0.0,0.0,0.0,0.0
783,0.0,0.0,0.0,0.04,0.0,0.04,0.04,0.0,0.0,0.0,0.0,0.04,0.0,0.0,0.04,0.0,0.0,0.04,0.64,0.0,0.0,0.0,0.0,0.0,0.0,0.0,0.0,0.0,0.0,0.04,0.04,0.0,0.0,0.04,0.0,0.0,0.0,0.0,0.0,0.0,0.0,0.0,0.0,0.0,0.0,0.0
784,0.0,0.10810810810810811,0.10810810810810811,0.0,0.08108108108108109,0.0,0.0,0.02702702702702703,0.02702702702702703,0.0,0.0,0.0,0.02702702702702703,0.0,0.0,0.0,0.02702702702702703,0.16216216216216217,0.0,0.0,0.0,0.0,0.0,0.0,0.0,0.0,0.08108108108108109,0.0,0.0,0.0,0.0,0.0,0.0,0.0,0.0,0.0,0.0,0.0,0.0,0.0,0.0,0.0,0.35135135135135137,0.0,0.0,0.0
785,0.01694915254237288,0.03389830508474576,0.01694915254237288,0.0,0.01694915254237288,0.0,0.0847457627118644,0.03389830508474576,0.0,0.01694915254237288,0.0,0.01694915254237288,0.01694915254237288,0.01694915254237288,0.01694915254237288,0.0,0.03389830508474576,0.0,0.01694915254237288,0.1016949152542373,0.0,0.3050847457627119,0.01694915254237288,0.03389830508474576,0.01694915254237288,0.01694915254237288,0.0,0.01694915254237288,0.0,0.0,0.01694915254237288,0.01694915254237288,0.0,0.0,0.01694915254237288,0.01694915254237288,0.0,0.0,0.01694915254237288,0.0,0.0,0.01694915254237288,0.0,0.03389830508474576,0.01694915254237288,0.0
786,0.043478260869565216,0.0,0.043478260869565216,0.0,0.043478260869565216,0.043478260869565216,0.08695652173913043,0.17391304347826086,0.2608695652173913,0.0,0.08695652173913043,0.0,0.043478260869565216,0.043478260869565216,0.043478260869565216,0.043478260869565216,0.0,0.043478260869565216,0.0,0.0,0.0,0.0,0.0,0.0,0.0,0.0,0.0,0.0,0.0,0.0,0.0,0.0,0.0,0.0,0.0,0.0,0.0,0.0,0.0,0.0,0.0,0.0,0.0,0.0,0.0,0.0
787,0.0,0.0,0.30303030303030304,0.21212121212121213,0.030303030303030304,0.0,0.0,0.0,0.0,0.0,0.0,0.0,0.0,0.030303030303030304,0.0,0.030303030303030304,0.030303030303030304,0.0,0.030303030303030304,0.0,0.0,0.0,0.0,0.0,0.0,0.030303030303030304,0.09090909090909091,0.030303030303030304,0.06060606060606061,0.030303030303030304,0.0,0.030303030303030304,0.0,0.0,0.06060606060606061,0.0,0.0,0.0,0.0,0.0,0.0,0.0,0.0,0.0,0.0,0.0
788,0.0,0.0,0.06896551724137931,0.0,0.0,0.0,0.0,0.0,0.0,0.0,0.0,0.0,0.0,0.06896551724137931,0.034482758620689655,0.034482758620689655,0.0,0.0,0.0,0.0,0.034482758620689655,0.5517241379310345,0.06896551724137931,0.034482758620689655,0.0,0.0,0.06896551724137931,0.0,0.0,0.0,0.0,0.0,0.0,0.0,0.034482758620689655,0.0,0.0,0.0,0.0,0.0,0.0,0.0,0.0,0.0,0.0,0.0
789,0.0,0.0,0.05555555555555555,0.05555555555555555,0.0,0.0,0.0,0.0,0.0,0.0,0.0,0.0,0.0,0.0,0.0,0.05555555555555555,0.0,0.0,0.0,0.0,0.0,0.0,0.05555555555555555,0.0,0.0,0.0,0.0,0.0,0.0,0.0,0.0,0.0,0.05555555555555555,0.4444444444444444,0.0,0.0,0.05555555555555555,0.0,0.0,0.0,0.0,0.0,0.0,0.0,0.2222222222222222,0.0
790,0.027777777777777776,0.027777777777777776,0.0,0.027777777777777776,0.0,0.027777777777777776,0.0,0.0,0.0,0.1111111111111111,0.0,0.0,0.027777777777777776,0.027777777777777776,0.0,0.0,0.0,0.0,0.0,0.05555555555555555,0.0,0.0,0.0,0.08333333333333333,0.027777777777777776,0.16666666666666666,0.08333333333333333,0.0,0.0,0.027777777777777776,0.0,0.0,0.0,0.1111111111111111,0.05555555555555555,0.027777777777777776,0.0,0.0,0.0,0.0,0.0,0.0,0.08333333333333333,0.0,0.0,0.0
791,0.0,0.0,0.16,0.32,0.04,0.0,0.08,0.04,0.0,0.04,0.0,0.04,0.0,0.0,0.0,0.0,0.0,0.0,0.0,0.08,0.0,0.0,0.04,0.04,0.0,0.0,0.0,0.08,0.0,0.0,0.0,0.0,0.0,0.0,0.04,0.0,0.0,0.0,0.0,0.0,0.0,0.0,0.0,0.0,0.0,0.0
792,0.0,0.016666666666666666,0.03333333333333333,0.0,0.0,0.0,0.0,0.016666666666666666,0.016666666666666666,0.0,0.016666666666666666,0.0,0.0,0.0,0.0,0.06666666666666667,0.05,0.03333333333333333,0.016666666666666666,0.0,0.016666666666666666,0.016666666666666666,0.016666666666666666,0.05,0.0,0.03333333333333333,0.05,0.0,0.016666666666666666,0.0,0.03333333333333333,0.016666666666666666,0.38333333333333336,0.05,0.016666666666666666,0.0,0.0,0.0,0.0,0.0,0.0,0.016666666666666666,0.0,0.0,0.016666666666666666,0.0
793,0.0,0.0,0.03333333333333333,0.0,0.03333333333333333,0.0,0.0,0.0,0.03333333333333333,0.0,0.03333333333333333,0.0,0.0,0.2,0.0,0.03333333333333333,0.0,0.0,0.0,0.23333333333333334,0.0,0.0,0.0,0.0,0.0,0.0,0.0,0.0,0.4,0.0,0.0,0.0,0.0,0.0,0.0,0.0,0.0,0.0,0.0,0.0,0.0,0.0,0.0,0.0,0.0,0.0
794,0.0,0.0,0.0,0.043478260869565216,0.043478260869565216,0.2608695652173913,0.5217391304347826,0.0,0.0,0.0,0.0,0.0,0.0,0.043478260869565216,0.0,0.0,0.043478260869565216,0.0,0.0,0.0,0.0,0.0,0.0,0.0,0.0,0.0,0.0,0.0,0.0,0.0,0.0,0.0,0.0,0.0,0.043478260869565216,0.0,0.0,0.0,0.0,0.0,0.0,0.0,0.0,0.0,0.0,0.0
795,0.0,0.14814814814814814,0.6666666666666666,0.0,0.037037037037037035,0.0,0.0,0.0,0.0,0.037037037037037035,0.0,0.0,0.0,0.0,0.0,0.07407407407407407,0.0,0.0,0.0,0.0,0.0,0.037037037037037035,0.0,0.0,0.0,0.0,0.0,0.0,0.0,0.0,0.0,0.0,0.0,0.0,0.0,0.0,0.0,0.0,0.0,0.0,0.0,0.0,0.0,0.0,0.0,0.0
796,0.0,0.0,0.03571428571428571,0.10714285714285714,0.0,0.0,0.0,0.0,0.0,0.03571428571428571,0.0,0.0,0.0,0.0,0.0,0.03571428571428571,0.0,0.0,0.0,0.0,0.0,0.03571428571428571,0.0,0.0,0.0,0.03571428571428571,0.03571428571428571,0.0,0.0,0.0,0.4642857142857143,0.03571428571428571,0.07142857142857142,0.07142857142857142,0.0,0.0,0.0,0.0,0.0,0.0,0.0,0.0,0.0,0.0,0.03571428571428571,0.0
797,0.0,0.0,0.08695652173913043,0.043478260869565216,0.43478260869565216,0.043478260869565216,0.043478260869565216,0.0,0.043478260869565216,0.0,0.0,0.0,0.0,0.0,0.043478260869565216,0.0,0.0,0.0,0.0,0.0,0.0,0.0,0.0,0.0,0.0,0.043478260869565216,0.0,0.0,0.0,0.043478260869565216,0.043478260869565216,0.08695652173913043,0.0,0.0,0.0,0.0,0.0,0.0,0.0,0.0,0.0,0.0,0.0,0.043478260869565216,0.0,0.0
798,0.0,0.0,0.0,0.043478260869565216,0.0,0.0,0.0,0.0,0.0,0.0,0.0,0.0,0.0,0.0,0.0,0.0,0.08695652173913043,0.8695652173913043,0.0,0.0,0.0,0.0,0.0,0.0,0.0,0.0,0.0,0.0,0.0,0.0,0.0,0.0,0.0,0.0,0.0,0.0,0.0,0.0,0.0,0.0,0.0,0.0,0.0,0.0,0.0,0.0
799,0.0,0.20930232558139536,0.3953488372093023,0.046511627906976744,0.09302325581395349,0.0,0.0,0.0,0.06976744186046512,0.0,0.046511627906976744,0.0,0.0,0.0,0.023255813953488372,0.0,0.0,0.0,0.0,0.0,0.0,0.0,0.0,0.0,0.0,0.023255813953488372,0.023255813953488372,0.0,0.023255813953488372,0.0,0.0,0.023255813953488372,0.0,0.023255813953488372,0.0,0.0,0.0,0.0,0.0,0.0,0.0,0.0,0.0,0.0,0.0,0.0
800,0.0,0.0,0.0,0.03571428571428571,0.0,0.0,0.0,0.0,0.0,0.0,0.0,0.0,0.03571428571428571,0.03571428571428571,0.0,0.03571428571428571,0.6428571428571429,0.0,0.03571428571428571,0.0,0.0,0.0,0.0,0.03571428571428571,0.0,0.0,0.0,0.0,0.0,0.0,0.03571428571428571,0.0,0.03571428571428571,0.03571428571428571,0.0,0.03571428571428571,0.0,0.0,0.0,0.0,0.0,0.0,0.0,0.0,0.0,0.0
801,0.0,0.0,0.0,0.0,0.0,0.0,0.0,0.0,0.7,0.0,0.0,0.0,0.0,0.0,0.0,0.0,0.0,0.0,0.05,0.0,0.0,0.0,0.0,0.0,0.0,0.05,0.0,0.0,0.0,0.0,0.0,0.15,0.0,0.0,0.05,0.0,0.0,0.0,0.0,0.0,0.0,0.0,0.0,0.0,0.0,0.0
802,0.0,0.0,0.03508771929824561,0.017543859649122806,0.0,0.03508771929824561,0.0,0.03508771929824561,0.0,0.05263157894736842,0.017543859649122806,0.03508771929824561,0.03508771929824561,0.0,0.03508771929824561,0.0,0.3157894736842105,0.05263157894736842,0.017543859649122806,0.03508771929824561,0.03508771929824561,0.017543859649122806,0.0,0.0,0.0,0.03508771929824561,0.07017543859649122,0.0,0.03508771929824561,0.0,0.017543859649122806,0.0,0.0,0.0,0.03508771929824561,0.0,0.0,0.0,0.0,0.0,0.0,0.0,0.0,0.0,0.017543859649122806,0.017543859649122806
803,0.0,0.0,0.047619047619047616,0.0,0.0,0.0,0.0,0.8095238095238095,0.047619047619047616,0.0,0.0,0.0,0.0,0.0,0.0,0.0,0.0,0.0,0.047619047619047616,0.0,0.0,0.0,0.0,0.0,0.0,0.0,0.0,0.0,0.0,0.0,0.0,0.0,0.0,0.0,0.047619047619047616,0.0,0.0,0.0,0.0,0.0,0.0,0.0,0.0,0.0,0.0,0.0
804,0.0,0.0,0.0,0.02631578947368421,0.02631578947368421,0.02631578947368421,0.0,0.02631578947368421,0.02631578947368421,0.02631578947368421,0.05263157894736842,0.02631578947368421,0.0,0.0,0.02631578947368421,0.02631578947368421,0.0,0.0,0.0,0.02631578947368421,0.02631578947368421,0.0,0.0,0.02631578947368421,0.0,0.05263157894736842,0.5263157894736842,0.0,0.02631578947368421,0.0,0.0,0.0,0.0,0.0,0.0,0.0,0.0,0.0,0.0,0.0,0.0,0.0,0.0,0.0,0.02631578947368421,0.0
805,0.0,0.043478260869565216,0.0,0.0,0.0,0.0,0.0,0.0,0.0,0.0,0.06521739130434782,0.021739130434782608,0.0,0.06521739130434782,0.021739130434782608,0.0,0.0,0.0,0.0,0.021739130434782608,0.0,0.08695652173913043,0.021739130434782608,0.0,0.0,0.0,0.3695652173913043,0.0,0.08695652173913043,0.043478260869565216,0.043478260869565216,0.0,0.0,0.043478260869565216,0.0,0.021739130434782608,0.0,0.0,0.0,0.0,0.0,0.0,0.0,0.0,0.043478260869565216,0.0
806,0.0,0.0,0.0,0.03125,0.03125,0.03125,0.0,0.0,0.0,0.03125,0.0,0.0,0.0,0.5625,0.0,0.0,0.0,0.0,0.0,0.0,0.03125,0.0,0.0625,0.0,0.03125,0.0,0.0625,0.0,0.03125,0.0,0.0,0.0,0.03125,0.03125,0.0,0.0,0.0,0.0,0.0,0.0,0.0,0.0,0.03125,0.0,0.0,0.0
807,0.0,0.0,0.15,0.05,0.0,0.0,0.25,0.0,0.05,0.0,0.0,0.0,0.0,0.1,0.0,0.05,0.0,0.0,0.0,0.0,0.0,0.0,0.0,0.0,0.0,0.3,0.0,0.0,0.0,0.0,0.0,0.0,0.0,0.0,0.0,0.0,0.0,0.0,0.0,0.0,0.0,0.0,0.0,0.0,0.0,0.05
808,0.0,0.0,0.02564102564102564,0.02564102564102564,0.05128205128205128,0.02564102564102564,0.1282051282051282,0.0,0.0,0.0,0.0,0.05128205128205128,0.0,0.02564102564102564,0.0,0.0,0.0,0.0,0.07692307692307693,0.0,0.0,0.0,0.02564102564102564,0.0,0.0,0.1282051282051282,0.02564102564102564,0.0,0.02564102564102564,0.0,0.10256410256410256,0.05128205128205128,0.02564102564102564,0.02564102564102564,0.02564102564102564,0.02564102564102564,0.0,0.0,0.0,0.0,0.0,0.0,0.1282051282051282,0.0,0.0,0.0
809,0.0,0.038461538461538464,0.0,0.23076923076923078,0.07692307692307693,0.038461538461538464,0.0,0.038461538461538464,0.0,0.0,0.0,0.038461538461538464,0.0,0.0,0.0,0.0,0.038461538461538464,0.0,0.0,0.07692307692307693,0.0,0.0,0.15384615384615385,0.0,0.0,0.19230769230769232,0.0,0.0,0.038461538461538464,0.0,0.0,0.0,0.038461538461538464,0.0,0.0,0.0,0.0,0.0,0.0,0.0,0.0,0.0,0.0,0.0,0.0,0.0
810,0.0,0.043478260869565216,0.5217391304347826,0.0,0.0,0.0,0.0,0.0,0.0,0.0,0.08695652173913043,0.043478260869565216,0.0,0.0,0.08695652173913043,0.043478260869565216,0.0,0.0,0.043478260869565216,0.0,0.0,0.0,0.0,0.0,0.043478260869565216,0.0,0.043478260869565216,0.0,0.0,0.0,0.0,0.0,0.0,0.0,0.043478260869565216,0.0,0.0,0.0,0.0,0.0,0.0,0.0,0.0,0.0,0.0,0.0
811,0.0,0.0,0.0,0.0,0.0,0.0,0.0,0.34782608695652173,0.0,0.0,0.0,0.0,0.0,0.0,0.08695652173913043,0.0,0.0,0.0,0.0,0.13043478260869565,0.0,0.391304347826087,0.0,0.0,0.0,0.043478260869565216,0.0,0.0,0.0,0.0,0.0,0.0,0.0,0.0,0.0,0.0,0.0,0.0,0.0,0.0,0.0,0.0,0.0,0.0,0.0,0.0
812,0.0,0.0,0.0,0.030303030303030304,0.24242424242424243,0.0,0.030303030303030304,0.030303030303030304,0.0,0.12121212121212122,0.06060606060606061,0.0,0.12121212121212122,0.0,0.0,0.0,0.0,0.0,0.0,0.0,0.0,0.0,0.0,0.0,0.0,0.0,0.0,0.030303030303030304,0.0,0.0,0.0,0.0,0.030303030303030304,0.030303030303030304,0.0,0.0,0.0,0.0,0.0,0.0,0.0,0.0,0.0,0.0,0.0,0.2727272727272727
813,0.0,0.0,0.0,0.0,0.0,0.0,0.0,0.0,0.0,0.0,0.0,0.0,0.0,0.0,0.0,0.0,0.0,0.0,0.0,0.0,0.0,0.0,0.0,0.0,0.0,0.0,0.0,0.0,0.0,0.0,0.0,0.9444444444444444,0.0,0.0,0.0,0.0,0.0,0.0,0.0,0.0,0.0,0.0,0.0,0.05555555555555555,0.0,0.0
814,0.0,0.0,0.06451612903225806,0.0,0.0,0.0,0.0,0.0,0.0,0.0,0.0,0.0,0.0,0.0,0.03225806451612903,0.03225806451612903,0.03225806451612903,0.0,0.0,0.03225806451612903,0.03225806451612903,0.0,0.03225806451612903,0.03225806451612903,0.0,0.03225806451612903,0.0,0.0,0.03225806451612903,0.0,0.0,0.0,0.03225806451612903,0.0,0.45161290322580644,0.0,0.0,0.0,0.0,0.0,0.0,0.0,0.0,0.0,0.0,0.16129032258064516
815,0.0,0.02857142857142857,0.0,0.0,0.0,0.0,0.0,0.0,0.0,0.0,0.0,0.0,0.02857142857142857,0.0,0.02857142857142857,0.0,0.0,0.0,0.0,0.0,0.02857142857142857,0.02857142857142857,0.2,0.05714285714285714,0.0,0.0,0.0,0.02857142857142857,0.0,0.0,0.0,0.42857142857142855,0.05714285714285714,0.02857142857142857,0.0,0.0,0.0,0.0,0.0,0.0,0.0,0.0,0.0,0.05714285714285714,0.0,0.0
816,0.0,0.12121212121212122,0.0,0.06060606060606061,0.0,0.0,0.030303030303030304,0.12121212121212122,0.0,0.030303030303030304,0.0,0.0,0.0,0.0,0.030303030303030304,0.030303030303030304,0.0,0.0,0.0,0.030303030303030304,0.0,0.0,0.030303030303030304,0.0,0.0,0.030303030303030304,0.0,0.030303030303030304,0.030303030303030304,0.030303030303030304,0.15151515151515152,0.09090909090909091,0.06060606060606061,0.030303030303030304,0.0,0.030303030303030304,0.0,0.0,0.0,0.0,0.0,0.0,0.0,0.030303030303030304,0.0,0.0
817,0.0,0.0,0.0,0.058823529411764705,0.058823529411764705,0.0,0.0,0.0,0.0,0.0,0.0,0.0,0.0,0.0,0.17647058823529413,0.7058823529411765,0.0,0.0,0.0,0.0,0.0,0.0,0.0,0.0,0.0,0.0,0.0,0.0,0.0,0.0,0.0,0.0,0.0,0.0,0.0,0.0,0.0,0.0,0.0,0.0,0.0,0.0,0.0,0.0,0.0,0.0
818,0.06521739130434782,0.0,0.06521739130434782,0.0,0.06521739130434782,0.06521739130434782,0.043478260869565216,0.043478260869565216,0.0,0.10869565217391304,0.043478260869565216,0.0,0.043478260869565216,0.021739130434782608,0.08695652173913043,0.021739130434782608,0.0,0.0,0.0,0.0,0.0,0.0,0.0,0.0,0.0,0.0,0.043478260869565216,0.0,0.0,0.0,0.13043478260869565,0.0,0.0,0.021739130434782608,0.10869565217391304,0.0,0.0,0.0,0.0,0.0,0.0,0.0,0.0,0.0,0.0,0.021739130434782608
819,0.0,0.0,0.0,0.0,0.0,0.0,0.0,0.0,0.0,0.0,0.03225806451612903,0.03225806451612903,0.0,0.0,0.0,0.6451612903225806,0.0,0.0,0.0,0.0,0.0,0.0,0.0,0.0,0.0,0.03225806451612903,0.0,0.0,0.0,0.0,0.03225806451612903,0.0,0.0,0.0,0.0,0.0,0.0,0.0,0.0,0.0,0.0,0.0,0.16129032258064516,0.03225806451612903,0.0,0.03225806451612903
820,0.0,0.0,0.0,0.20833333333333334,0.0,0.0,0.0,0.0,0.375,0.0,0.0,0.0,0.0,0.0,0.0,0.08333333333333333,0.0,0.0,0.041666666666666664,0.0,0.0,0.125,0.0,0.0,0.0,0.0,0.041666666666666664,0.041666666666666664,0.041666666666666664,0.0,0.0,0.0,0.0,0.0,0.041666666666666664,0.0,0.0,0.0,0.0,0.0,0.0,0.0,0.0,0.0,0.0,0.0
821,0.0,0.0,0.0,0.041666666666666664,0.0,0.08333333333333333,0.0,0.0,0.0,0.0,0.041666666666666664,0.0,0.0,0.0,0.0,0.5,0.041666666666666664,0.0,0.0,0.0,0.0,0.0,0.0,0.0,0.0,0.0,0.0,0.0,0.0,0.0,0.0,0.0,0.0,0.0,0.08333333333333333,0.16666666666666666,0.0,0.0,0.0,0.0,0.0,0.0,0.0,0.041666666666666664,0.0,0.0
822,0.0,0.0,0.0,0.0,0.0,0.04,0.0,0.0,0.0,0.04,0.08,0.0,0.0,0.0,0.0,0.0,0.0,0.0,0.0,0.0,0.0,0.0,0.0,0.0,0.0,0.0,0.0,0.04,0.0,0.0,0.0,0.0,0.0,0.0,0.68,0.0,0.04,0.0,0.0,0.0,0.08,0.0,0.0,0.0,0.0,0.0
823,0.0,0.0,0.0,0.0,0.0,0.0,0.0,0.04,0.0,0.0,0.0,0.0,0.0,0.0,0.0,0.0,0.08,0.0,0.0,0.0,0.0,0.04,0.0,0.04,0.0,0.0,0.0,0.0,0.0,0.0,0.0,0.0,0.0,0.68,0.04,0.0,0.0,0.0,0.0,0.0,0.0,0.04,0.04,0.0,0.0,0.0
824,0.0,0.0,0.03773584905660377,0.018867924528301886,0.0,0.018867924528301886,0.0,0.018867924528301886,0.0,0.07547169811320754,0.0,0.018867924528301886,0.0,0.18867924528301888,0.0,0.0,0.2830188679245283,0.0,0.03773584905660377,0.03773584905660377,0.0,0.0,0.0,0.0,0.0,0.05660377358490566,0.018867924528301886,0.03773584905660377,0.018867924528301886,0.0,0.0,0.0,0.0,0.05660377358490566,0.0,0.018867924528301886,0.0,0.0,0.0,0.0,0.018867924528301886,0.0,0.018867924528301886,0.018867924528301886,0.0,0.0
825,0.0,0.0,0.0,0.034482758620689655,0.0,0.0,0.0,0.0,0.0,0.0,0.06896551724137931,0.0,0.0,0.0,0.0,0.0,0.034482758620689655,0.0,0.0,0.034482758620689655,0.0,0.0,0.034482758620689655,0.06896551724137931,0.06896551724137931,0.5172413793103449,0.034482758620689655,0.0,0.034482758620689655,0.0,0.0,0.0,0.0,0.034482758620689655,0.0,0.0,0.0,0.0,0.0,0.0,0.0,0.0,0.0,0.034482758620689655,0.0,0.0
826,0.0,0.0,0.0,0.0,0.03225806451612903,0.0,0.0,0.0,0.03225806451612903,0.0,0.03225806451612903,0.0,0.0,0.0,0.03225806451612903,0.0,0.03225806451612903,0.0,0.03225806451612903,0.0,0.03225806451612903,0.06451612903225806,0.03225806451612903,0.03225806451612903,0.0,0.03225806451612903,0.0,0.0,0.3225806451612903,0.0967741935483871,0.03225806451612903,0.0,0.0,0.06451612903225806,0.03225806451612903,0.03225806451612903,0.0,0.0,0.0,0.0,0.0,0.0,0.0,0.03225806451612903,0.0,0.0
827,0.0,0.0,0.0,0.07407407407407407,0.0,0.0,0.25925925925925924,0.0,0.037037037037037035,0.0,0.0,0.0,0.0,0.0,0.037037037037037035,0.0,0.0,0.0,0.0,0.0,0.0,0.0,0.0,0.0,0.0,0.0,0.0,0.0,0.5185185185185185,0.0,0.0,0.0,0.07407407407407407,0.0,0.0,0.0,0.0,0.0,0.0,0.0,0.0,0.0,0.0,0.0,0.0,0.0
828,0.0,0.0,0.0,0.0,0.023255813953488372,0.0,0.06976744186046512,0.0,0.023255813953488372,0.046511627906976744,0.046511627906976744,0.0,0.0,0.0,0.023255813953488372,0.023255813953488372,0.0,0.0,0.0,0.3023255813953488,0.046511627906976744,0.046511627906976744,0.046511627906976744,0.0,0.0,0.0,0.046511627906976744,0.0,0.0,0.0,0.0,0.023255813953488372,0.023255813953488372,0.0,0.06976744186046512,0.046511627906976744,0.0,0.0,0.0,0.0,0.0,0.0,0.09302325581395349,0.0,0.0,0.0
829,0.0,0.02857142857142857,0.02857142857142857,0.02857142857142857,0.0,0.0,0.02857142857142857,0.0,0.0,0.02857142857142857,0.0,0.37142857142857144,0.02857142857142857,0.02857142857142857,0.0,0.0,0.08571428571428572,0.0,0.02857142857142857,0.0,0.02857142857142857,0.0,0.0,0.0,0.0,0.0,0.0,0.0,0.02857142857142857,0.0,0.05714285714285714,0.0,0.0,0.0,0.0,0.02857142857142857,0.0,0.0,0.0,0.0,0.0,0.0,0.02857142857142857,0.14285714285714285,0.0,0.0
830,0.0,0.0,0.0,0.0,0.0,0.0,0.0,0.0,0.047619047619047616,0.0,0.0,0.0,0.047619047619047616,0.0,0.0,0.0,0.0,0.0,0.047619047619047616,0.0,0.0,0.0,0.0,0.7142857142857143,0.0,0.0,0.0,0.0,0.0,0.0,0.0,0.0,0.047619047619047616,0.047619047619047616,0.0,0.047619047619047616,0.0,0.0,0.0,0.0,0.0,0.0,0.0,0.0,0.0,0.0
831,0.05,0.0,0.0,0.05,0.0,0.0,0.15,0.0,0.7,0.0,0.0,0.0,0.0,0.0,0.0,0.0,0.0,0.0,0.0,0.0,0.0,0.0,0.0,0.0,0.0,0.05,0.0,0.0,0.0,0.0,0.0,0.0,0.0,0.0,0.0,0.0,0.0,0.0,0.0,0.0,0.0,0.0,0.0,0.0,0.0,0.0
832,0.0,0.0,0.0,0.041666666666666664,0.0,0.0,0.0,0.0,0.0,0.0,0.0,0.0,0.0,0.041666666666666664,0.0,0.0,0.0,0.0,0.16666666666666666,0.0,0.0,0.041666666666666664,0.0,0.2916666666666667,0.0,0.0,0.041666666666666664,0.0,0.3333333333333333,0.0,0.0,0.0,0.0,0.0,0.041666666666666664,0.0,0.0,0.0,0.0,0.0,0.0,0.0,0.0,0.0,0.0,0.0
833,0.0,0.0,0.037037037037037035,0.0,0.0,0.07407407407407407,0.0,0.037037037037037035,0.0,0.037037037037037035,0.0,0.0,0.0,0.0,0.0,0.0,0.037037037037037035,0.037037037037037035,0.0,0.0,0.0,0.0,0.0,0.0,0.0,0.0,0.037037037037037035,0.0,0.0,0.0,0.0,0.0,0.07407407407407407,0.0,0.037037037037037035,0.0,0.0,0.0,0.0,0.0,0.037037037037037035,0.5555555555555556,0.0,0.0,0.0,0.0
834,0.0,0.02631578947368421,0.0,0.0,0.18421052631578946,0.05263157894736842,0.4473684210526316,0.05263157894736842,0.0,0.0,0.02631578947368421,0.0,0.0,0.02631578947368421,0.0,0.0,0.0,0.02631578947368421,0.0,0.02631578947368421,0.0,0.0,0.02631578947368421,0.0,0.0,0.0,0.02631578947368421,0.0,0.0,0.0,0.02631578947368421,0.0,0.0,0.02631578947368421,0.0,0.0,0.0,0.0,0.0,0.0,0.0,0.0,0.02631578947368421,0.0,0.0,0.0
835,0.0,0.02564102564102564,0.41025641025641024,0.0,0.07692307692307693,0.0,0.0,0.0,0.02564102564102564,0.0,0.0,0.02564102564102564,0.0,0.05128205128205128,0.0,0.0,0.07692307692307693,0.0,0.02564102564102564,0.05128205128205128,0.0,0.0,0.0,0.0,0.0,0.05128205128205128,0.07692307692307693,0.0,0.0,0.07692307692307693,0.0,0.0,0.0,0.02564102564102564,0.0,0.0,0.0,0.0,0.0,0.0,0.0,0.0,0.0,0.0,0.0,0.0
836,0.0,0.0,0.0,0.06666666666666667,0.0,0.06666666666666667,0.0,0.0,0.0,0.0,0.1,0.0,0.0,0.0,0.0,0.0,0.03333333333333333,0.0,0.06666666666666667,0.0,0.0,0.0,0.0,0.1,0.16666666666666666,0.0,0.23333333333333334,0.03333333333333333,0.0,0.0,0.0,0.03333333333333333,0.0,0.0,0.03333333333333333,0.0,0.0,0.0,0.0,0.0,0.0,0.0,0.0,0.03333333333333333,0.03333333333333333,0.0
837,0.0,0.0,0.0,0.0,0.0,0.0,0.0,0.0,0.06666666666666667,0.0,0.0,0.0,0.0,0.0,0.7333333333333333,0.0,0.03333333333333333,0.0,0.03333333333333333,0.0,0.0,0.0,0.0,0.03333333333333333,0.0,0.0,0.0,0.03333333333333333,0.0,0.0,0.03333333333333333,0.0,0.0,0.0,0.03333333333333333,0.0,0.0,0.0,0.0,0.0,0.0,0.0,0.0,0.0,0.0,0.0
838,0.0,0.0,0.0,0.0,0.0,0.0,0.0,0.0,0.0,0.047619047619047616,0.0,0.0,0.0,0.0,0.0,0.0,0.0,0.0,0.0,0.0,0.0,0.0,0.0,0.8571428571428571,0.0,0.0,0.047619047619047616,0.0,0.0,0.0,0.0,0.0,0.047619047619047616,0.0,0.0,0.0,0.0,0.0,0.0,0.0,0.0,0.0,0.0,0.0,0.0,0.0
839,0.0,0.0,0.03333333333333333,0.0,0.0,0.03333333333333333,0.0,0.0,0.0,0.0,0.06666666666666667,0.0,0.0,0.03333333333333333,0.0,0.0,0.03333333333333333,0.26666666666666666,0.0,0.0,0.03333333333333333,0.16666666666666666,0.0,0.0,0.0,0.0,0.16666666666666666,0.03333333333333333,0.0,0.0,0.0,0.06666666666666667,0.0,0.0,0.06666666666666667,0.0,0.0,0.0,0.0,0.0,0.0,0.0,0.0,0.0,0.0,0.0
840,0.0,0.25,0.0,0.0,0.0,0.0,0.0,0.0,0.0,0.0,0.0,0.03125,0.03125,0.0,0.0,0.0,0.03125,0.0,0.0,0.0,0.21875,0.1875,0.0625,0.0,0.0,0.0,0.0,0.0,0.0,0.0,0.0,0.0625,0.0,0.0,0.0,0.09375,0.0,0.0,0.0,0.0,0.0,0.0,0.0,0.0,0.0,0.03125
841,0.0,0.07142857142857142,0.023809523809523808,0.023809523809523808,0.023809523809523808,0.047619047619047616,0.3333333333333333,0.023809523809523808,0.0,0.0,0.0,0.023809523809523808,0.0,0.0,0.0,0.0,0.07142857142857142,0.0,0.0,0.0,0.0,0.0,0.07142857142857142,0.023809523809523808,0.023809523809523808,0.023809523809523808,0.0,0.0,0.0,0.0,0.047619047619047616,0.023809523809523808,0.047619047619047616,0.023809523809523808,0.047619047619047616,0.0,0.0,0.0,0.0,0.0,0.0,0.023809523809523808,0.0,0.0,0.0,0.0
842,0.0,0.59375,0.03125,0.03125,0.03125,0.0,0.0,0.0,0.0,0.0,0.0,0.0,0.0,0.0,0.0,0.03125,0.0,0.03125,0.0,0.0,0.0,0.0,0.125,0.0,0.0,0.03125,0.0,0.03125,0.03125,0.0,0.0,0.0,0.0,0.0,0.0,0.0,0.0,0.0,0.0,0.0,0.0,0.0,0.03125,0.0,0.0,0.0
843,0.0,0.7777777777777778,0.037037037037037035,0.0,0.0,0.0,0.0,0.0,0.0,0.0,0.0,0.0,0.0,0.037037037037037035,0.0,0.0,0.0,0.0,0.0,0.0,0.0,0.0,0.0,0.037037037037037035,0.037037037037037035,0.0,0.037037037037037035,0.0,0.0,0.0,0.0,0.0,0.0,0.0,0.0,0.0,0.0,0.0,0.0,0.0,0.0,0.0,0.0,0.0,0.0,0.037037037037037035
844,0.0,0.0,0.0,0.0,0.0,0.0,0.0,0.0,0.0,0.0,0.0,0.9411764705882353,0.0,0.0,0.0,0.0,0.0,0.0,0.0,0.0,0.0,0.0,0.0,0.0,0.0,0.0,0.0,0.0,0.0,0.0,0.0,0.0,0.0,0.0,0.058823529411764705,0.0,0.0,0.0,0.0,0.0,0.0,0.0,0.0,0.0,0.0,0.0
845,0.02631578947368421,0.0,0.0,0.0,0.02631578947368421,0.02631578947368421,0.0,0.0,0.02631578947368421,0.10526315789473684,0.13157894736842105,0.10526315789473684,0.0,0.0,0.0,0.0,0.02631578947368421,0.02631578947368421,0.0,0.02631578947368421,0.0,0.02631578947368421,0.05263157894736842,0.0,0.02631578947368421,0.0,0.0,0.0,0.05263157894736842,0.05263157894736842,0.0,0.0,0.0,0.21052631578947367,0.0,0.05263157894736842,0.0,0.0,0.0,0.0,0.0,0.0,0.0,0.0,0.0,0.0
846,0.03333333333333333,0.0,0.016666666666666666,0.03333333333333333,0.0,0.03333333333333333,0.0,0.0,0.0,0.0,0.11666666666666667,0.15,0.05,0.0,0.016666666666666666,0.0,0.0,0.0,0.0,0.0,0.0,0.0,0.06666666666666667,0.11666666666666667,0.016666666666666666,0.0,0.0,0.0,0.016666666666666666,0.08333333333333333,0.016666666666666666,0.03333333333333333,0.016666666666666666,0.05,0.05,0.0,0.0,0.0,0.0,0.0,0.0,0.03333333333333333,0.016666666666666666,0.016666666666666666,0.016666666666666666,0.0
847,0.0,0.025,0.025,0.0,0.0,0.0,0.025,0.0,0.0,0.025,0.0,0.0,0.0,0.0,0.0,0.0,0.0,0.05,0.0,0.0,0.0,0.05,0.0,0.0,0.0,0.0,0.0,0.0,0.0,0.0,0.0,0.0,0.025,0.0,0.025,0.025,0.0,0.0,0.0,0.0,0.0,0.0,0.725,0.0,0.0,0.0
848,0.0,0.0,0.0,0.045454545454545456,0.0,0.2727272727272727,0.045454545454545456,0.0,0.0,0.0,0.0,0.0,0.0,0.0,0.0,0.0,0.0,0.0,0.0,0.045454545454545456,0.045454545454545456,0.5,0.0,0.045454545454545456,0.0,0.0,0.0,0.0,0.0,0.0,0.0,0.0,0.0,0.0,0.0,0.0,0.0,0.0,0.0,0.0,0.0,0.0,0.0,0.0,0.0,0.0
849,0.0,0.0,0.0,0.04,0.08,0.0,0.04,0.0,0.04,0.0,0.0,0.0,0.0,0.0,0.0,0.0,0.0,0.04,0.0,0.0,0.0,0.0,0.0,0.0,0.04,0.0,0.64,0.0,0.0,0.0,0.0,0.0,0.0,0.04,0.0,0.0,0.0,0.0,0.0,0.0,0.0,0.0,0.0,0.0,0.04,0.0
850,0.0,0.047619047619047616,0.0,0.047619047619047616,0.047619047619047616,0.047619047619047616,0.0,0.0,0.0,0.0,0.0,0.0,0.0,0.0,0.0,0.2857142857142857,0.09523809523809523,0.09523809523809523,0.0,0.0,0.14285714285714285,0.0,0.0,0.0,0.0,0.14285714285714285,0.0,0.0,0.0,0.0,0.0,0.0,0.0,0.0,0.047619047619047616,0.0,0.0,0.0,0.0,0.0,0.0,0.0,0.0,0.0,0.0,0.0
851,0.0,0.0,0.041666666666666664,0.0,0.041666666666666664,0.041666666666666664,0.041666666666666664,0.0,0.0,0.0,0.08333333333333333,0.041666666666666664,0.0,0.041666666666666664,0.041666666666666664,0.0,0.0,0.0,0.08333333333333333,0.0,0.0,0.0,0.0,0.125,0.0,0.0,0.041666666666666664,0.0,0.16666666666666666,0.0,0.0,0.041666666666666664,0.0,0.041666666666666664,0.08333333333333333,0.041666666666666664,0.0,0.0,0.0,0.0,0.0,0.0,0.0,0.0,0.0,0.0
852,0.0,0.0,0.06896551724137931,0.0,0.0,0.2413793103448276,0.0,0.06896551724137931,0.0,0.0,0.0,0.06896551724137931,0.0,0.034482758620689655,0.0,0.034482758620689655,0.0,0.06896551724137931,0.034482758620689655,0.0,0.0,0.13793103448275862,0.06896551724137931,0.06896551724137931,0.0,0.034482758620689655,0.0,0.0,0.0,0.0,0.0,0.0,0.0,0.0,0.0,0.034482758620689655,0.0,0.0,0.0,0.0,0.0,0.0,0.0,0.0,0.034482758620689655,0.0
853,0.0,0.0,0.0,0.0,0.0,0.034482758620689655,0.0,0.0,0.034482758620689655,0.034482758620689655,0.0,0.0,0.0,0.0,0.0,0.0,0.0,0.0,0.1724137931034483,0.0,0.034482758620689655,0.0,0.06896551724137931,0.0,0.06896551724137931,0.06896551724137931,0.034482758620689655,0.0,0.0,0.0,0.034482758620689655,0.0,0.034482758620689655,0.0,0.0,0.0,0.0,0.0,0.0,0.0,0.0,0.0,0.3793103448275862,0.0,0.0,0.0
854,0.0,0.0,0.0,0.0,0.0,0.0,0.0,0.0,0.0,0.0,0.0,0.0,0.0,0.0,0.0,0.0,0.0,0.05555555555555555,0.0,0.0,0.0,0.0,0.0,0.0,0.8333333333333334,0.0,0.1111111111111111,0.0,0.0,0.0,0.0,0.0,0.0,0.0,0.0,0.0,0.0,0.0,0.0,0.0,0.0,0.0,0.0,0.0,0.0,0.0
855,0.0,0.0,0.09803921568627451,0.0,0.0,0.0,0.0,0.058823529411764705,0.0,0.0,0.0,0.0196078431372549,0.0,0.0196078431372549,0.0196078431372549,0.0,0.0,0.0196078431372549,0.11764705882352941,0.058823529411764705,0.0,0.0,0.0196078431372549,0.0,0.0196078431372549,0.058823529411764705,0.4117647058823529,0.0,0.0196078431372549,0.0,0.0,0.0196078431372549,0.0,0.0,0.0,0.0,0.0,0.0,0.0,0.0,0.0,0.0196078431372549,0.0196078431372549,0.0,0.0,0.0
856,0.0,0.0,0.0,0.0,0.0,0.0,0.0,0.0,0.0,0.0,0.0,0.0,0.0,0.0,0.0,0.0,0.9,0.1,0.0,0.0,0.0,0.0,0.0,0.0,0.0,0.0,0.0,0.0,0.0,0.0,0.0,0.0,0.0,0.0,0.0,0.0,0.0,0.0,0.0,0.0,0.0,0.0,0.0,0.0,0.0,0.0
857,0.0,0.0,0.0,0.0,0.0,0.0,0.0,0.0,0.0,0.0,0.16666666666666666,0.0,0.0,0.0,0.0,0.0,0.0,0.6666666666666666,0.0,0.0,0.0,0.0,0.05555555555555555,0.0,0.0,0.05555555555555555,0.0,0.05555555555555555,0.0,0.0,0.0,0.0,0.0,0.0,0.0,0.0,0.0,0.0,0.0,0.0,0.0,0.0,0.0,0.0,0.0,0.0
858,0.0,0.0,0.0,0.0,0.03571428571428571,0.0,0.0,0.0,0.0,0.03571428571428571,0.0,0.0,0.0,0.0,0.07142857142857142,0.0,0.0,0.03571428571428571,0.0,0.0,0.25,0.0,0.0,0.17857142857142858,0.0,0.0,0.0,0.0,0.0,0.0,0.0,0.10714285714285714,0.07142857142857142,0.03571428571428571,0.10714285714285714,0.0,0.0,0.0,0.0,0.0,0.0,0.0,0.03571428571428571,0.0,0.0,0.03571428571428571
859,0.0,0.0,0.0,0.06060606060606061,0.030303030303030304,0.0,0.0,0.0,0.0,0.0,0.0,0.0,0.06060606060606061,0.45454545454545453,0.0,0.0,0.0,0.12121212121212122,0.0,0.0,0.0,0.0,0.0,0.0,0.0,0.0,0.06060606060606061,0.0,0.0,0.0,0.0,0.030303030303030304,0.06060606060606061,0.0,0.06060606060606061,0.0,0.0,0.0,0.0,0.0,0.0,0.0,0.0,0.030303030303030304,0.0,0.030303030303030304
860,0.11904761904761904,0.0,0.047619047619047616,0.0,0.023809523809523808,0.0,0.0,0.023809523809523808,0.0,0.0,0.047619047619047616,0.0,0.023809523809523808,0.0,0.07142857142857142,0.023809523809523808,0.0,0.023809523809523808,0.0,0.0,0.047619047619047616,0.023809523809523808,0.023809523809523808,0.30952380952380953,0.0,0.047619047619047616,0.0,0.0,0.0,0.0,0.023809523809523808,0.0,0.0,0.047619047619047616,0.023809523809523808,0.0,0.0,0.0,0.0,0.0,0.0,0.0,0.0,0.023809523809523808,0.0,0.023809523809523808
861,0.0,0.2916666666666667,0.0,0.0,0.0,0.08333333333333333,0.0,0.0,0.0,0.0,0.041666666666666664,0.0,0.0,0.0,0.0,0.0,0.0,0.0,0.0,0.0,0.0,0.041666666666666664,0.041666666666666664,0.041666666666666664,0.0,0.0,0.041666666666666664,0.0,0.0,0.041666666666666664,0.0,0.0,0.0,0.0,0.0,0.0,0.0,0.0,0.0,0.0,0.0,0.0,0.0,0.375,0.0,0.0
862,0.0,0.0,0.11538461538461539,0.0,0.07692307692307693,0.0,0.0,0.0,0.0,0.0,0.0,0.0,0.0,0.0,0.0,0.15384615384615385,0.0,0.0,0.0,0.0,0.07692307692307693,0.0,0.15384615384615385,0.0,0.0,0.0,0.2692307692307692,0.0,0.0,0.0,0.038461538461538464,0.0,0.038461538461538464,0.0,0.0,0.0,0.0,0.0,0.0,0.0,0.0,0.038461538461538464,0.0,0.0,0.0,0.038461538461538464
863,0.0,0.034482758620689655,0.0,0.034482758620689655,0.0,0.0,0.0,0.0,0.0,0.3793103448275862,0.0,0.0,0.1724137931034483,0.0,0.0,0.27586206896551724,0.034482758620689655,0.0,0.0,0.0,0.0,0.0,0.0,0.0,0.034482758620689655,0.0,0.0,0.0,0.0,0.0,0.0,0.034482758620689655,0.0,0.0,0.0,0.0,0.0,0.0,0.0,0.0,0.0,0.0,0.0,0.0,0.0,0.0
864,0.0,0.03225806451612903,0.0,0.03225806451612903,0.0,0.0,0.0,0.0967741935483871,0.0,0.6129032258064516,0.0,0.06451612903225806,0.0,0.0,0.0,0.0,0.0,0.06451612903225806,0.0,0.0,0.0,0.0,0.0,0.03225806451612903,0.0,0.0,0.0,0.0,0.0,0.0,0.0,0.03225806451612903,0.0,0.0,0.0,0.0,0.0,0.03225806451612903,0.0,0.0,0.0,0.0,0.0,0.0,0.0,0.0
865,0.0,0.0,0.0,0.02564102564102564,0.0,0.02564102564102564,0.0,0.0,0.0,0.05128205128205128,0.07692307692307693,0.0,0.0,0.0,0.0,0.0,0.0,0.07692307692307693,0.0,0.38461538461538464,0.02564102564102564,0.05128205128205128,0.02564102564102564,0.07692307692307693,0.0,0.0,0.0,0.0,0.0,0.0,0.0,0.1282051282051282,0.0,0.0,0.02564102564102564,0.0,0.0,0.0,0.0,0.0,0.0,0.0,0.02564102564102564,0.0,0.0,0.0
866,0.0,0.16666666666666666,0.0,0.0,0.06666666666666667,0.0,0.0,0.0,0.0,0.0,0.0,0.0,0.03333333333333333,0.2,0.03333333333333333,0.03333333333333333,0.0,0.0,0.0,0.0,0.0,0.0,0.0,0.0,0.0,0.06666666666666667,0.06666666666666667,0.0,0.03333333333333333,0.3,0.0,0.0,0.0,0.0,0.0,0.0,0.0,0.0,0.0,0.0,0.0,0.0,0.0,0.0,0.0,0.0
867,0.0,0.041666666666666664,0.08333333333333333,0.0,0.0,0.0,0.0,0.0,0.0,0.0,0.08333333333333333,0.0,0.0,0.0,0.041666666666666664,0.0,0.08333333333333333,0.0,0.0,0.041666666666666664,0.0,0.041666666666666664,0.041666666666666664,0.0,0.0,0.0,0.0,0.041666666666666664,0.0,0.25,0.041666666666666664,0.0,0.0,0.08333333333333333,0.0,0.0,0.0,0.0,0.0,0.0,0.0,0.0,0.0,0.0,0.0,0.125
868,0.0,0.0,0.16666666666666666,0.4444444444444444,0.0,0.0,0.0,0.0,0.0,0.0,0.0,0.0,0.1111111111111111,0.05555555555555555,0.05555555555555555,0.0,0.0,0.0,0.0,0.0,0.0,0.0,0.05555555555555555,0.0,0.0,0.0,0.1111111111111111,0.0,0.0,0.0,0.0,0.0,0.0,0.0,0.0,0.0,0.0,0.0,0.0,0.0,0.0,0.0,0.0,0.0,0.0,0.0
869,0.037037037037037035,0.0,0.0,0.0,0.0,0.0,0.0,0.037037037037037035,0.0,0.0,0.037037037037037035,0.0,0.0,0.0,0.0,0.0,0.0,0.0,0.0,0.037037037037037035,0.0,0.07407407407407407,0.0,0.0,0.0,0.0,0.0,0.0,0.0,0.037037037037037035,0.0,0.0,0.0,0.037037037037037035,0.0,0.0,0.0,0.0,0.0,0.0,0.0,0.0,0.6666666666666666,0.0,0.037037037037037035,0.0
870,0.0,0.0,0.0,0.6521739130434783,0.0,0.0,0.0,0.0,0.0,0.0,0.0,0.0,0.0,0.043478260869565216,0.13043478260869565,0.043478260869565216,0.0,0.0,0.0,0.0,0.0,0.0,0.0,0.0,0.0,0.043478260869565216,0.0,0.0,0.0,0.043478260869565216,0.0,0.0,0.0,0.043478260869565216,0.0,0.0,0.0,0.0,0.0,0.0,0.0,0.0,0.0,0.0,0.0,0.0
871,0.0,0.0,0.0,0.0,0.0,0.0,0.0,0.0,0.0,0.0,0.0,0.0,0.0,0.0,0.875,0.125,0.0,0.0,0.0,0.0,0.0,0.0,0.0,0.0,0.0,0.0,0.0,0.0,0.0,0.0,0.0,0.0,0.0,0.0,0.0,0.0,0.0,0.0,0.0,0.0,0.0,0.0,0.0,0.0,0.0,0.0
872,0.0425531914893617,0.02127659574468085,0.0,0.0,0.0,0.0,0.0,0.0,0.0425531914893617,0.02127659574468085,0.0,0.0425531914893617,0.0,0.0425531914893617,0.0,0.02127659574468085,0.0,0.0,0.0,0.0425531914893617,0.0425531914893617,0.0425531914893617,0.0425531914893617,0.3191489361702128,0.0425531914893617,0.02127659574468085,0.0,0.0,0.0,0.0,0.0,0.0,0.1276595744680851,0.02127659574468085,0.02127659574468085,0.0,0.0,0.0,0.02127659574468085,0.0,0.0,0.0,0.0,0.0,0.02127659574468085,0.0
873,0.0,0.0,0.027777777777777776,0.5555555555555556,0.0,0.027777777777777776,0.0,0.027777777777777776,0.0,0.0,0.0,0.0,0.0,0.027777777777777776,0.0,0.0,0.0,0.027777777777777776,0.027777777777777776,0.0,0.0,0.0,0.0,0.0,0.0,0.0,0.0,0.0,0.0,0.0,0.027777777777777776,0.05555555555555555,0.1388888888888889,0.027777777777777776,0.0,0.0,0.0,0.0,0.0,0.0,0.0,0.027777777777777776,0.0,0.0,0.0,0.0
874,0.0,0.0,0.0,0.0,0.0,0.038461538461538464,0.0,0.0,0.0,0.0,0.0,0.07692307692307693,0.0,0.0,0.038461538461538464,0.0,0.0,0.0,0.0,0.0,0.0,0.038461538461538464,0.0,0.038461538461538464,0.038461538461538464,0.0,0.038461538461538464,0.0,0.0,0.0,0.0,0.0,0.038461538461538464,0.0,0.0,0.0,0.0,0.0,0.0,0.0,0.0,0.0,0.6153846153846154,0.038461538461538464,0.0,0.0
875,0.0,0.0,0.0,0.0,0.0,0.0,0.0,0.16666666666666666,0.0,0.06666666666666667,0.03333333333333333,0.0,0.0,0.0,0.0,0.16666666666666666,0.03333333333333333,0.03333333333333333,0.0,0.0,0.43333333333333335,0.0,0.0,0.0,0.0,0.0,0.0,0.0,0.0,0.0,0.03333333333333333,0.0,0.0,0.0,0.0,0.0,0.0,0.0,0.0,0.0,0.0,0.03333333333333333,0.0,0.0,0.0,0.0
876,0.047619047619047616,0.0,0.0,0.047619047619047616,0.0,0.0,0.0,0.09523809523809523,0.0,0.09523809523809523,0.0,0.0,0.0,0.0,0.0,0.047619047619047616,0.047619047619047616,0.0,0.047619047619047616,0.0,0.14285714285714285,0.047619047619047616,0.0,0.047619047619047616,0.0,0.0,0.047619047619047616,0.047619047619047616,0.0,0.047619047619047616,0.0,0.0,0.047619047619047616,0.0,0.09523809523809523,0.0,0.0,0.0,0.0,0.0,0.0,0.0,0.0,0.047619047619047616,0.0,0.0
877,0.0,0.0,0.0,0.0,0.03333333333333333,0.0,0.0,0.0,0.0,0.0,0.03333333333333333,0.0,0.0,0.03333333333333333,0.03333333333333333,0.0,0.0,0.0,0.0,0.0,0.0,0.0,0.13333333333333333,0.0,0.0,0.1,0.1,0.0,0.23333333333333334,0.0,0.26666666666666666,0.0,0.0,0.0,0.0,0.0,0.0,0.0,0.0,0.0,0.0,0.0,0.0,0.03333333333333333,0.0,0.0
878,0.0,0.0,0.0,0.0,0.0,0.0,0.02564102564102564,0.02564102564102564,0.0,0.05128205128205128,0.0,0.0,0.0,0.0,0.0,0.0,0.02564102564102564,0.0,0.0,0.0,0.05128205128205128,0.0,0.02564102564102564,0.0,0.0,0.0,0.0,0.0,0.0,0.0,0.02564102564102564,0.0,0.0,0.0,0.7435897435897436,0.0,0.0,0.0,0.0,0.0,0.0,0.0,0.02564102564102564,0.0,0.0,0.0
879,0.0,0.0,0.0,0.0,0.0,0.03571428571428571,0.0,0.0,0.07142857142857142,0.0,0.03571428571428571,0.0,0.0,0.0,0.03571428571428571,0.0,0.03571428571428571,0.0,0.03571428571428571,0.0,0.0,0.5714285714285714,0.0,0.07142857142857142,0.0,0.0,0.03571428571428571,0.03571428571428571,0.0,0.0,0.0,0.03571428571428571,0.0,0.0,0.0,0.0,0.0,0.0,0.0,0.0,0.0,0.0,0.0,0.0,0.0,0.0
880,0.014492753623188406,0.0,0.0,0.0,0.10144927536231885,0.014492753623188406,0.014492753623188406,0.057971014492753624,0.0,0.014492753623188406,0.028985507246376812,0.028985507246376812,0.0,0.0,0.028985507246376812,0.014492753623188406,0.014492753623188406,0.0,0.0,0.014492753623188406,0.028985507246376812,0.0,0.0,0.014492753623188406,0.014492753623188406,0.0,0.0,0.0,0.014492753623188406,0.3188405797101449,0.0,0.014492753623188406,0.13043478260869565,0.028985507246376812,0.028985507246376812,0.0,0.0,0.0,0.0,0.0,0.0,0.014492753623188406,0.0,0.0,0.028985507246376812,0.014492753623188406
881,0.0,0.0,0.0,0.021739130434782608,0.0,0.2608695652173913,0.0,0.0,0.021739130434782608,0.06521739130434782,0.08695652173913043,0.0,0.0,0.0,0.0,0.0,0.021739130434782608,0.0,0.0,0.021739130434782608,0.06521739130434782,0.021739130434782608,0.10869565217391304,0.021739130434782608,0.17391304347826086,0.021739130434782608,0.0,0.0,0.0,0.0,0.0,0.0,0.0,0.0,0.021739130434782608,0.0,0.0,0.0,0.0,0.0,0.0,0.0,0.0,0.021739130434782608,0.021739130434782608,0.021739130434782608
882,0.15789473684210525,0.0,0.05263157894736842,0.0,0.21052631578947367,0.0,0.0,0.0,0.0,0.0,0.0,0.0,0.05263157894736842,0.3684210526315789,0.0,0.0,0.05263157894736842,0.0,0.0,0.0,0.05263157894736842,0.0,0.0,0.0,0.0,0.0,0.0,0.0,0.0,0.0,0.0,0.0,0.05263157894736842,0.0,0.0,0.0,0.0,0.0,0.0,0.0,0.0,0.0,0.0,0.0,0.0,0.0
883,0.0,0.0,0.0625,0.0,0.0,0.09375,0.0,0.0,0.0,0.0,0.03125,0.0,0.03125,0.4375,0.0,0.0,0.0,0.0,0.03125,0.0,0.0,0.0,0.03125,0.0,0.0,0.0,0.125,0.0,0.0,0.0,0.0,0.03125,0.0,0.0,0.0,0.03125,0.0,0.0,0.0,0.0,0.03125,0.0625,0.0,0.0,0.0,0.0
884,0.0,0.0,0.0,0.05,0.0,0.0,0.35,0.1,0.05,0.0,0.0,0.0,0.0,0.0,0.0,0.05,0.0,0.0,0.0,0.05,0.0,0.05,0.0,0.0,0.0,0.05,0.0,0.2,0.05,0.0,0.0,0.0,0.0,0.0,0.0,0.0,0.0,0.0,0.0,0.0,0.0,0.0,0.0,0.0,0.0,0.0
885,0.0,0.0,0.26666666666666666,0.0,0.06666666666666667,0.13333333333333333,0.0,0.0,0.0,0.13333333333333333,0.13333333333333333,0.06666666666666667,0.0,0.13333333333333333,0.0,0.06666666666666667,0.0,0.0,0.0,0.0,0.0,0.0,0.0,0.0,0.0,0.0,0.0,0.0,0.0,0.0,0.0,0.0,0.0,0.0,0.0,0.0,0.0,0.0,0.0,0.0,0.0,0.0,0.0,0.0,0.0,0.0
886,0.0,0.0,0.0,0.0,0.05555555555555555,0.0,0.0,0.0,0.0,0.0,0.0,0.0,0.0,0.0,0.0,0.0,0.05555555555555555,0.0,0.0,0.0,0.0,0.0,0.0,0.7777777777777778,0.0,0.0,0.05555555555555555,0.0,0.0,0.0,0.0,0.0,0.0,0.0,0.0,0.05555555555555555,0.0,0.0,0.0,0.0,0.0,0.0,0.0,0.0,0.0,0.0
887,0.0,0.07692307692307693,0.07692307692307693,0.07692307692307693,0.15384615384615385,0.0,0.0,0.0,0.0,0.038461538461538464,0.038461538461538464,0.0,0.0,0.0,0.0,0.038461538461538464,0.0,0.0,0.038461538461538464,0.0,0.0,0.0,0.0,0.0,0.0,0.0,0.0,0.07692307692307693,0.0,0.0,0.0,0.2692307692307692,0.0,0.0,0.0,0.0,0.0,0.0,0.0,0.0,0.0,0.07692307692307693,0.0,0.0,0.0,0.038461538461538464
