topic,2022-06,2022-07,2022-08,2022-09,2022-10,2022-11,2022-12,2023-01,2023-02,2023-03,2023-04,2023-05,2023-06,2023-07,2023-08,2023-09,2023-10,2023-11,2023-12,2024-01,2024-02,2024-03,2024-04,2024-05,2024-06,2024-07,2024-08,2024-09,2024-10,2024-11,2024-12,2025-01,2025-02,2025-03,2025-04,2025-05,2025-06,2025-07,2025-08,2025-09,2025-10,2025-11,2025-12,2026-01,2026-02,2026-03
0,0.00866738894907909,0.07511737089201878,0.05489346334416757,0.01155651859877212,0.02925243770314193,0.01119537739256049,0.02311303719754424,0.011917659804983749,0.012278801011195377,0.022029613578909354,0.024557602022390754,0.01986276634163958,0.01119537739256049,0.047670639219934995,0.05417118093174431,0.007945106536655833,0.02239075478512098,0.012278801011195377,0.012278801011195377,0.015167930660888408,0.004694835680751174,0.014084507042253521,0.009750812567713976,0.03358613217768147,0.023835319609967497,0.058143734200072225,0.04947634525099314,0.00866738894907909,0.05669916937522571,0.015167930660888408,0.041170097508125676,0.01950162513542795,0.006861682918020947,0.03214156735283496,0.03358613217768147,0.008306247742867461,0.0021668472372697724,0.0,0.0021668472372697724,0.0,0.0039725532683279165,0.013001083423618635,0.0263633080534489,0.016251354279523293,0.020585048754062838,0.012278801011195377
1,0.02648171500630517,0.09205548549810845,0.07440100882723834,0.014501891551071878,0.00819672131147541,0.02269861286254729,0.0069356872635561164,0.004413619167717529,0.011349306431273645,0.01008827238335435,0.013240857503152586,0.021437578814627996,0.03215636822194199,0.0725094577553594,0.05170239596469105,0.015132408575031526,0.02459016393442623,0.010718789407313998,0.011349306431273645,0.02395964691046658,0.00819672131147541,0.01197982345523329,0.009457755359394703,0.029634300126103404,0.025851197982345524,0.09646910466582598,0.08764186633039092,0.010718789407313998,0.00819672131147541,0.017654476670870115,0.013871374527112233,0.007566204287515763,0.01639344262295082,0.011349306431273645,0.017023959646910468,0.011349306431273645,0.0,0.0025220680958385876,0.0006305170239596469,0.0,0.0006305170239596469,0.01008827238335435,0.019546027742749054,0.02648171500630517,0.005674653215636823,0.0031525851197982345
2,0.010448678549477565,0.0313460356484327,0.03933620159803319,0.015365703749231715,0.06392132759680394,0.040565457897971724,0.02581438229870928,0.028272894898586354,0.005531653349723417,0.027658266748617086,0.017209588199139522,0.034419176398279044,0.01290719114935464,0.020282728948985862,0.03318992009834051,0.019053472649047325,0.03872157344806392,0.015365703749231715,0.02950215119852489,0.028272894898586354,0.008604794099569761,0.015365703749231715,0.02950215119852489,0.0215119852489244,0.017209588199139522,0.04240934234787953,0.06146281499692686,0.006760909649661954,0.04240934234787953,0.014136447449293177,0.034419176398279044,0.017209588199139522,0.006760909649661954,0.044253226797787336,0.02519975414874001,0.009834050399508297,0.0,0.0018438844499078057,0.0,0.0006146281499692685,0.0036877688998156115,0.00921942224953903,0.02089735709895513,0.015980331899200985,0.004917025199754148,0.008604794099569761
3,0.003980891719745223,0.03662420382165605,0.030254777070063694,0.022292993630573247,0.01751592356687898,0.026273885350318472,0.016719745222929936,0.027070063694267517,0.01194267515923567,0.025477707006369428,0.028662420382165606,0.014331210191082803,0.01194267515923567,0.02388535031847134,0.022292993630573247,0.03184713375796178,0.04617834394904458,0.05334394904458599,0.01194267515923567,0.027070063694267517,0.02388535031847134,0.026273885350318472,0.03821656050955414,0.03821656050955414,0.024681528662420384,0.02388535031847134,0.03503184713375796,0.020700636942675158,0.02308917197452229,0.016719745222929936,0.020700636942675158,0.035828025477707005,0.022292993630573247,0.03821656050955414,0.054140127388535034,0.009554140127388535,0.0015923566878980893,0.0,0.0007961783439490446,0.0,0.0,0.006369426751592357,0.02786624203821656,0.006369426751592357,0.010350318471337579,0.005573248407643312
4,0.005411255411255411,0.047619047619047616,0.03571428571428571,0.0010822510822510823,0.0010822510822510823,0.022727272727272728,0.016233766233766232,0.03354978354978355,0.0021645021645021645,0.011904761904761904,0.047619047619047616,0.010822510822510822,0.005411255411255411,0.010822510822510822,0.02813852813852814,0.0,0.008658008658008658,0.012987012987012988,0.006493506493506494,0.04112554112554113,0.00974025974025974,0.005411255411255411,0.049783549783549784,0.07142857142857142,0.0183982683982684,0.017316017316017316,0.09307359307359307,0.0,0.004329004329004329,0.015151515151515152,0.003246753246753247,0.05303030303030303,0.024891774891774892,0.03354978354978355,0.09740259740259741,0.03787878787878788,0.0,0.0,0.0010822510822510823,0.0,0.012987012987012988,0.006493506493506494,0.08116883116883117,0.010822510822510822,0.0010822510822510823,0.0021645021645021645
5,0.0021645021645021645,0.0021645021645021645,0.03571428571428571,0.05952380952380952,0.0367965367965368,0.07467532467532467,0.011904761904761904,0.03463203463203463,0.06168831168831169,0.049783549783549784,0.007575757575757576,0.0021645021645021645,0.0,0.015151515151515152,0.0010822510822510823,0.05627705627705628,0.06493506493506493,0.05519480519480519,0.0021645021645021645,0.06277056277056277,0.017316017316017316,0.01948051948051948,0.003246753246753247,0.005411255411255411,0.004329004329004329,0.0010822510822510823,0.006493506493506494,0.025974025974025976,0.02813852813852814,0.017316017316017316,0.010822510822510822,0.005411255411255411,0.0183982683982684,0.07900432900432901,0.0010822510822510823,0.003246753246753247,0.0,0.0,0.0,0.0,0.0,0.012987012987012988,0.0021645021645021645,0.007575757575757576,0.08116883116883117,0.012987012987012988
6,0.007853403141361256,0.10602094240837696,0.03664921465968586,0.03795811518324607,0.03795811518324607,0.056282722513089,0.014397905759162303,0.03534031413612566,0.009162303664921465,0.014397905759162303,0.017015706806282723,0.028795811518324606,0.04450261780104712,0.03795811518324607,0.041884816753926704,0.005235602094240838,0.01832460732984293,0.014397905759162303,0.013089005235602094,0.013089005235602094,0.006544502617801047,0.024869109947643978,0.060209424083769635,0.034031413612565446,0.009162303664921465,0.02356020942408377,0.030104712041884817,0.0,0.04057591623036649,0.03795811518324607,0.024869109947643978,0.005235602094240838,0.010471204188481676,0.02225130890052356,0.015706806282722512,0.01832460732984293,0.0,0.0,0.0,0.0,0.006544502617801047,0.006544502617801047,0.009162303664921465,0.01963350785340314,0.0013089005235602095,0.002617801047120419
7,0.01084010840108401,0.023035230352303523,0.008130081300813009,0.0040650406504065045,0.012195121951219513,0.006775067750677507,0.0,0.07588075880758807,0.02710027100271003,0.014905149051490514,0.023035230352303523,0.04607046070460705,0.0013550135501355014,0.01084010840108401,0.006775067750677507,0.008130081300813009,0.02032520325203252,0.005420054200542005,0.006775067750677507,0.06368563685636856,0.012195121951219513,0.009485094850948509,0.025745257452574527,0.05962059620596206,0.037940379403794036,0.036585365853658534,0.01084010840108401,0.0013550135501355014,0.01084010840108401,0.005420054200542005,0.009485094850948509,0.10840108401084012,0.023035230352303523,0.04742547425474255,0.14363143631436315,0.01084010840108401,0.0,0.0,0.0013550135501355014,0.0013550135501355014,0.0027100271002710027,0.0027100271002710027,0.008130081300813009,0.008130081300813009,0.025745257452574527,0.02168021680216802
8,0.0017452006980802793,0.007853403141361256,0.009598603839441536,0.02268760907504363,0.011343804537521814,0.03664921465968586,0.0034904013961605585,0.008726003490401396,0.013961605584642234,0.02181500872600349,0.07591623036649214,0.030541012216404886,0.013089005235602094,0.009598603839441536,0.006980802792321117,0.05410122164048865,0.03577661431064572,0.011343804537521814,0.02181500872600349,0.020942408376963352,0.009598603839441536,0.011343804537521814,0.0506108202443281,0.06282722513089005,0.016579406631762654,0.029668411867364748,0.006108202443280977,0.010471204188481676,0.028795811518324606,0.031413612565445025,0.02006980802792321,0.029668411867364748,0.027050610820244327,0.03664921465968586,0.06282722513089005,0.013961605584642234,0.0008726003490401396,0.0,0.0,0.0,0.0034904013961605585,0.02617801047120419,0.02268760907504363,0.028795811518324606,0.03228621291448516,0.02006980802792321
9,0.03467406380027739,0.008321775312066574,0.013869625520110958,0.013869625520110958,0.022191400832177532,0.006934812760055479,0.0027739251040221915,0.0027739251040221915,0.08599167822468794,0.027739251040221916,0.036061026352288486,0.018030513176144243,0.022191400832177532,0.011095700416088766,0.012482662968099861,0.005547850208044383,0.0027739251040221915,0.0027739251040221915,0.0,0.006934812760055479,0.06657420249653259,0.0319001386962552,0.04299583911234397,0.06934812760055478,0.12066574202496533,0.004160887656033287,0.023578363384188627,0.013869625520110958,0.022191400832177532,0.006934812760055479,0.0,0.033287101248266296,0.015256588072122053,0.005547850208044383,0.05131761442441054,0.019417475728155338,0.004160887656033287,0.0,0.0,0.0,0.004160887656033287,0.020804438280166437,0.012482662968099861,0.07350901525658807,0.011095700416088766,0.009708737864077669
10,0.003780718336483932,0.007561436672967864,0.024574669187145556,0.017013232514177693,0.020793950850661626,0.01606805293005671,0.007561436672967864,0.020793950850661626,0.006616257088846881,0.017013232514177693,0.062381852551984876,0.024574669187145556,0.012287334593572778,0.022684310018903593,0.01606805293005671,0.01890359168241966,0.01606805293005671,0.04253308128544423,0.001890359168241966,0.014177693761814745,0.010396975425330813,0.030245746691871456,0.08412098298676748,0.023629489603024575,0.022684310018903593,0.021739130434782608,0.045368620037807186,0.020793950850661626,0.014177693761814745,0.007561436672967864,0.012287334593572778,0.0330812854442344,0.0330812854442344,0.055765595463137994,0.10964083175803403,0.04158790170132325,0.000945179584120983,0.0,0.000945179584120983,0.0,0.000945179584120983,0.004725897920604915,0.01890359168241966,0.02551984877126654,0.005671077504725898,0.002835538752362949
11,0.01907356948228883,0.04427792915531335,0.06130790190735695,0.06403269754768393,0.05926430517711172,0.05722070844686648,0.05994550408719346,0.06198910081743869,0.0653950953678474,0.07288828337874659,0.10490463215258855,0.07833787465940055,0.042915531335149866,0.05653950953678474,0.0994550408719346,0.0497275204359673,0.0,0.0,0.0,0.0,0.0,0.0,0.0,0.0,0.0,0.0,0.0,0.0,0.0,0.0,0.0,0.0,0.0,0.0013623978201634877,0.0,0.0006811989100817438,0.0,0.0,0.0,0.0,0.0,0.0,0.0,0.0006811989100817438,0.0,0.0
12,0.0014184397163120568,0.03404255319148936,0.0070921985815602835,0.02269503546099291,0.00425531914893617,0.00425531914893617,0.0028368794326241137,0.009929078014184398,0.05106382978723404,0.02553191489361702,0.04964539007092199,0.00851063829787234,0.0014184397163120568,0.005673758865248227,0.05390070921985816,0.009929078014184398,0.00851063829787234,0.032624113475177303,0.024113475177304965,0.011347517730496455,0.019858156028368795,0.04113475177304964,0.06808510638297872,0.019858156028368795,0.0070921985815602835,0.00851063829787234,0.05390070921985816,0.00851063829787234,0.005673758865248227,0.0014184397163120568,0.0014184397163120568,0.02127659574468085,0.019858156028368795,0.075177304964539,0.12340425531914893,0.09361702127659574,0.0,0.0,0.0,0.0014184397163120568,0.0,0.005673758865248227,0.024113475177304965,0.02553191489361702,0.005673758865248227,0.0
13,0.029469548133595286,0.03143418467583497,0.11198428290766209,0.09233791748526522,0.07662082514734773,0.03536345776031434,0.060903732809430254,0.05304518664047151,0.0412573673870334,0.08644400785854617,0.06679764243614932,0.05893909626719057,0.0412573673870334,0.05108055009823183,0.10019646365422397,0.0550098231827112,0.0019646365422396855,0.0,0.0,0.0,0.0,0.0019646365422396855,0.0,0.0019646365422396855,0.0,0.0,0.0,0.0019646365422396855,0.0,0.0,0.0,0.0,0.0,0.0,0.0,0.0,0.0,0.0,0.0,0.0,0.0,0.0,0.0,0.0,0.0,0.0
14,0.008032128514056224,0.004016064257028112,0.0,0.01606425702811245,0.0,0.01606425702811245,0.03413654618473896,0.024096385542168676,0.006024096385542169,0.014056224899598393,0.03413654618473896,0.006024096385542169,0.004016064257028112,0.012048192771084338,0.002008032128514056,0.0321285140562249,0.01606425702811245,0.07228915662650602,0.050200803212851405,0.010040160642570281,0.060240963855421686,0.04819277108433735,0.08835341365461848,0.040160642570281124,0.018072289156626505,0.02610441767068273,0.024096385542168676,0.020080321285140562,0.02208835341365462,0.010040160642570281,0.024096385542168676,0.020080321285140562,0.010040160642570281,0.03815261044176707,0.024096385542168676,0.010040160642570281,0.0,0.0,0.0,0.002008032128514056,0.004016064257028112,0.050200803212851405,0.0,0.05622489959839357,0.024096385542168676,0.018072289156626505
15,0.002242152466367713,0.008968609865470852,0.008968609865470852,0.03139013452914798,0.008968609865470852,0.011210762331838564,0.011210762331838564,0.02466367713004484,0.002242152466367713,0.011210762331838564,0.004484304932735426,0.026905829596412557,0.004484304932735426,0.002242152466367713,0.004484304932735426,0.10538116591928251,0.0,0.01569506726457399,0.03811659192825112,0.06278026905829596,0.017937219730941704,0.05829596412556054,0.017937219730941704,0.05829596412556054,0.020179372197309416,0.03139013452914798,0.011210762331838564,0.002242152466367713,0.03139013452914798,0.004484304932735426,0.0,0.02466367713004484,0.006726457399103139,0.026905829596412557,0.06502242152466367,0.01569506726457399,0.0,0.0,0.0,0.0,0.004484304932735426,0.006726457399103139,0.04932735426008968,0.02242152466367713,0.13228699551569506,0.006726457399103139
16,0.01832460732984293,0.08115183246073299,0.010471204188481676,0.031413612565445025,0.04450261780104712,0.0,0.0,0.041884816753926704,0.0,0.02617801047120419,0.13089005235602094,0.031413612565445025,0.01832460732984293,0.07853403141361257,0.031413612565445025,0.015706806282722512,0.005235602094240838,0.002617801047120419,0.0,0.013089005235602094,0.0549738219895288,0.0,0.01832460732984293,0.034031413612565446,0.09947643979057591,0.034031413612565446,0.01832460732984293,0.034031413612565446,0.0,0.0,0.005235602094240838,0.002617801047120419,0.04450261780104712,0.03926701570680628,0.002617801047120419,0.002617801047120419,0.002617801047120419,0.005235602094240838,0.0,0.0,0.0,0.0,0.007853403141361256,0.0,0.007853403141361256,0.005235602094240838
17,0.0,0.0078125,0.026041666666666668,0.0234375,0.028645833333333332,0.020833333333333332,0.026041666666666668,0.005208333333333333,0.0546875,0.028645833333333332,0.015625,0.07552083333333333,0.013020833333333334,0.020833333333333332,0.013020833333333334,0.020833333333333332,0.005208333333333333,0.0,0.0026041666666666665,0.0026041666666666665,0.015625,0.020833333333333332,0.013020833333333334,0.19270833333333334,0.08854166666666667,0.0,0.0078125,0.013020833333333334,0.015625,0.0078125,0.013020833333333334,0.036458333333333336,0.046875,0.020833333333333332,0.0546875,0.020833333333333332,0.0026041666666666665,0.0,0.0,0.0,0.0,0.0,0.0026041666666666665,0.005208333333333333,0.0,0.03125
18,0.0,0.0,0.01358695652173913,0.010869565217391304,0.016304347826086956,0.008152173913043478,0.0,0.059782608695652176,0.06793478260869565,0.021739130434782608,0.04619565217391304,0.005434782608695652,0.057065217391304345,0.002717391304347826,0.002717391304347826,0.002717391304347826,0.0,0.0,0.0,0.002717391304347826,0.057065217391304345,0.008152173913043478,0.03804347826086957,0.11413043478260869,0.0625,0.051630434782608696,0.010869565217391304,0.0,0.043478260869565216,0.016304347826086956,0.0,0.07880434782608696,0.02717391304347826,0.01358695652173913,0.08152173913043478,0.005434782608695652,0.0,0.002717391304347826,0.0,0.0,0.0,0.0,0.008152173913043478,0.029891304347826088,0.019021739130434784,0.01358695652173913
19,0.0,0.0,0.0,0.0,0.0,0.0,0.0,0.0,0.0,0.0,0.0,0.0,0.0,0.0,0.0,0.0,0.45010183299389,0.3380855397148676,0.024439918533604887,0.002036659877800407,0.014256619144602852,0.024439918533604887,0.018329938900203666,0.09979633401221996,0.004073319755600814,0.002036659877800407,0.002036659877800407,0.0,0.018329938900203666,0.0,0.0,0.0,0.0,0.0,0.0,0.002036659877800407,0.0,0.0,0.0,0.0,0.0,0.0,0.0,0.0,0.0,0.0
20,0.021484375,0.048828125,0.03125,0.005859375,0.029296875,0.06640625,0.013671875,0.013671875,0.005859375,0.052734375,0.017578125,0.076171875,0.0078125,0.02734375,0.04296875,0.0,0.0078125,0.00390625,0.013671875,0.005859375,0.013671875,0.009765625,0.015625,0.1875,0.02734375,0.0390625,0.0234375,0.001953125,0.03125,0.025390625,0.013671875,0.013671875,0.001953125,0.01953125,0.029296875,0.015625,0.0,0.0,0.0,0.0,0.005859375,0.001953125,0.001953125,0.00390625,0.017578125,0.0078125
21,0.010183299389002037,0.04276985743380855,0.07128309572301425,0.006109979633401222,0.05091649694501019,0.026476578411405296,0.018329938900203666,0.010183299389002037,0.018329938900203666,0.014256619144602852,0.028513238289205704,0.02240325865580448,0.04073319755600815,0.038696537678207736,0.026476578411405296,0.028513238289205704,0.05091649694501019,0.02240325865580448,0.004073319755600814,0.014256619144602852,0.026476578411405296,0.034623217922606926,0.016293279022403257,0.04276985743380855,0.03665987780040733,0.038696537678207736,0.020366598778004074,0.002036659877800407,0.018329938900203666,0.012219959266802444,0.07739307535641547,0.008146639511201629,0.016293279022403257,0.024439918533604887,0.012219959266802444,0.008146639511201629,0.0,0.0,0.002036659877800407,0.010183299389002037,0.010183299389002037,0.006109979633401222,0.008146639511201629,0.0,0.002036659877800407,0.020366598778004074
22,0.02389705882352941,0.07352941176470588,0.04044117647058824,0.0055147058823529415,0.012867647058823529,0.042279411764705885,0.009191176470588236,0.016544117647058824,0.003676470588235294,0.014705882352941176,0.02022058823529412,0.029411764705882353,0.04411764705882353,0.15257352941176472,0.03676470588235294,0.003676470588235294,0.01838235294117647,0.011029411764705883,0.0055147058823529415,0.007352941176470588,0.0,0.014705882352941176,0.012867647058823529,0.003676470588235294,0.025735294117647058,0.22426470588235295,0.016544117647058824,0.003676470588235294,0.03676470588235294,0.014705882352941176,0.001838235294117647,0.007352941176470588,0.0055147058823529415,0.009191176470588236,0.011029411764705883,0.0055147058823529415,0.0,0.0,0.0,0.0,0.003676470588235294,0.0,0.011029411764705883,0.003676470588235294,0.0055147058823529415,0.011029411764705883
23,0.0,0.0,0.0,0.003076923076923077,0.006153846153846154,0.0,0.0,0.11384615384615385,0.024615384615384615,0.015384615384615385,0.03076923076923077,0.003076923076923077,0.003076923076923077,0.0,0.003076923076923077,0.0,0.012307692307692308,0.018461538461538463,0.009230769230769232,0.13230769230769232,0.09230769230769231,0.015384615384615385,0.015384615384615385,0.015384615384615385,0.0,0.0,0.0,0.0,0.055384615384615386,0.024615384615384615,0.0,0.18769230769230769,0.04923076923076923,0.03076923076923077,0.043076923076923075,0.0,0.003076923076923077,0.0,0.0,0.0,0.006153846153846154,0.0,0.0,0.006153846153846154,0.08,0.0
24,0.01020408163265306,0.06462585034013606,0.06802721088435375,0.05442176870748299,0.06462585034013606,0.06462585034013606,0.047619047619047616,0.10884353741496598,0.05442176870748299,0.08163265306122448,0.09863945578231292,0.06462585034013606,0.05102040816326531,0.05102040816326531,0.06462585034013606,0.05102040816326531,0.0,0.0,0.0,0.0,0.0,0.0,0.0,0.0,0.0,0.0,0.0,0.0,0.0,0.0,0.0,0.0,0.0,0.0,0.0,0.0,0.0,0.0,0.0,0.0,0.0,0.0,0.0,0.0,0.0,0.0
25,0.0,0.020671834625323,0.025839793281653745,0.015503875968992248,0.00516795865633075,0.01808785529715762,0.041343669250646,0.03359173126614987,0.020671834625323,0.012919896640826873,0.031007751937984496,0.028423772609819122,0.00516795865633075,0.0103359173126615,0.06459948320413436,0.002583979328165375,0.023255813953488372,0.0,0.03359173126614987,0.028423772609819122,0.0,0.03617571059431524,0.04392764857881137,0.04909560723514212,0.015503875968992248,0.031007751937984496,0.023255813953488372,0.03359173126614987,0.06718346253229975,0.06201550387596899,0.03359173126614987,0.007751937984496124,0.025839793281653745,0.025839793281653745,0.0103359173126615,0.002583979328165375,0.0,0.0,0.00516795865633075,0.0,0.0,0.046511627906976744,0.03359173126614987,0.01808785529715762,0.007751937984496124,0.0
26,0.00398406374501992,0.049800796812749,0.01195219123505976,0.013944223107569721,0.027888446215139442,0.053784860557768925,0.021912350597609563,0.03386454183266932,0.029880478087649404,0.021912350597609563,0.025896414342629483,0.01195219123505976,0.045816733067729085,0.03187250996015936,0.0099601593625498,0.017928286852589643,0.03187250996015936,0.01195219123505976,0.025896414342629483,0.05179282868525897,0.01593625498007968,0.05179282868525897,0.05776892430278884,0.027888446215139442,0.01593625498007968,0.0199203187250996,0.0398406374501992,0.0099601593625498,0.00199203187250996,0.00597609561752988,0.0099601593625498,0.00597609561752988,0.025896414342629483,0.0199203187250996,0.02390438247011952,0.00199203187250996,0.0,0.0,0.0,0.0,0.0,0.05179282868525897,0.05776892430278884,0.013944223107569721,0.00796812749003984,0.0
27,0.006024096385542169,0.010542168674698794,0.05271084337349398,0.012048192771084338,0.012048192771084338,0.007530120481927711,0.010542168674698794,0.03162650602409638,0.016566265060240965,0.043674698795180725,0.016566265060240965,0.010542168674698794,0.012048192771084338,0.0030120481927710845,0.01355421686746988,0.018072289156626505,0.04066265060240964,0.030120481927710843,0.010542168674698794,0.02108433734939759,0.01957831325301205,0.022590361445783132,0.016566265060240965,0.022590361445783132,0.016566265060240965,0.03162650602409638,0.06325301204819277,0.06475903614457831,0.015060240963855422,0.007530120481927711,0.0286144578313253,0.046686746987951805,0.07981927710843373,0.030120481927710843,0.016566265060240965,0.03765060240963856,0.0,0.0,0.0,0.0030120481927710845,0.009036144578313253,0.05120481927710843,0.0030120481927710845,0.018072289156626505,0.012048192771084338,0.004518072289156626
28,0.0215633423180593,0.02425876010781671,0.03234501347708895,0.0215633423180593,0.008086253369272238,0.0646900269541779,0.0026954177897574125,0.013477088948787063,0.013477088948787063,0.013477088948787063,0.005390835579514825,0.018867924528301886,0.05929919137466307,0.07008086253369272,0.013477088948787063,0.018867924528301886,0.03773584905660377,0.0215633423180593,0.0026954177897574125,0.005390835579514825,0.04043126684636118,0.0646900269541779,0.008086253369272238,0.05390835579514825,0.01078167115902965,0.09973045822102426,0.04043126684636118,0.005390835579514825,0.005390835579514825,0.0026954177897574125,0.0026954177897574125,0.03234501347708895,0.0215633423180593,0.013477088948787063,0.02425876010781671,0.016172506738544475,0.0,0.0026954177897574125,0.0,0.0,0.0,0.0,0.03504043126684636,0.013477088948787063,0.03504043126684636,0.0026954177897574125
29,0.0,0.015015015015015015,0.009009009009009009,0.003003003003003003,0.07807807807807808,0.024024024024024024,0.07807807807807808,0.042042042042042045,0.012012012012012012,0.024024024024024024,0.03903903903903904,0.0,0.015015015015015015,0.009009009009009009,0.02702702702702703,0.006006006006006006,0.024024024024024024,0.009009009009009009,0.021021021021021023,0.04504504504504504,0.0,0.006006006006006006,0.003003003003003003,0.03003003003003003,0.0,0.0,0.04804804804804805,0.04504504504504504,0.02702702702702703,0.04504504504504504,0.03303303303303303,0.012012012012012012,0.024024024024024024,0.006006006006006006,0.11711711711711711,0.003003003003003003,0.0,0.0,0.0,0.0,0.0,0.0,0.012012012012012012,0.021021021021021023,0.06906906906906907,0.018018018018018018
30,0.0,0.003289473684210526,0.0,0.01644736842105263,0.01644736842105263,0.02631578947368421,0.0,0.009868421052631578,0.09210526315789473,0.006578947368421052,0.003289473684210526,0.01644736842105263,0.01644736842105263,0.023026315789473683,0.023026315789473683,0.013157894736842105,0.0625,0.019736842105263157,0.0,0.003289473684210526,0.003289473684210526,0.039473684210526314,0.009868421052631578,0.039473684210526314,0.049342105263157895,0.03289473684210526,0.0,0.1118421052631579,0.21052631578947367,0.06578947368421052,0.003289473684210526,0.0,0.046052631578947366,0.003289473684210526,0.009868421052631578,0.0,0.0,0.0,0.006578947368421052,0.0,0.0,0.003289473684210526,0.0,0.0,0.006578947368421052,0.006578947368421052
31,0.028938906752411574,0.02572347266881029,0.00964630225080386,0.01607717041800643,0.00964630225080386,0.01607717041800643,0.01607717041800643,0.01607717041800643,0.012861736334405145,0.006430868167202572,0.00964630225080386,0.03536977491961415,0.0,0.003215434083601286,0.0,0.01607717041800643,0.03215434083601286,0.022508038585209004,0.07395498392282958,0.012861736334405145,0.0,0.02572347266881029,0.04501607717041801,0.01929260450160772,0.01929260450160772,0.003215434083601286,0.003215434083601286,0.03215434083601286,0.012861736334405145,0.11254019292604502,0.1189710610932476,0.03215434083601286,0.08360128617363344,0.00964630225080386,0.05144694533762058,0.003215434083601286,0.0,0.003215434083601286,0.0,0.0,0.0,0.028938906752411574,0.01929260450160772,0.006430868167202572,0.006430868167202572,0.0
32,0.0,0.0,0.006622516556291391,0.013245033112582781,0.009933774834437087,0.006622516556291391,0.026490066225165563,0.0,0.009933774834437087,0.019867549668874173,0.016556291390728478,0.006622516556291391,0.006622516556291391,0.0033112582781456954,0.013245033112582781,0.006622516556291391,0.023178807947019868,0.03642384105960265,0.0033112582781456954,0.0033112582781456954,0.023178807947019868,0.0033112582781456954,0.5198675496688742,0.04966887417218543,0.006622516556291391,0.006622516556291391,0.0033112582781456954,0.0033112582781456954,0.0033112582781456954,0.0,0.0,0.013245033112582781,0.0033112582781456954,0.06291390728476821,0.029801324503311258,0.006622516556291391,0.0,0.0,0.006622516556291391,0.0033112582781456954,0.006622516556291391,0.0033112582781456954,0.013245033112582781,0.0033112582781456954,0.009933774834437087,0.006622516556291391
33,0.003105590062111801,0.011645962732919254,0.014751552795031056,0.042701863354037264,0.02872670807453416,0.04114906832298137,0.04114906832298137,0.020186335403726708,0.02096273291925466,0.030279503105590064,0.03183229813664596,0.024844720496894408,0.011645962732919254,0.023291925465838508,0.037267080745341616,0.040372670807453416,0.06133540372670807,0.049689440993788817,0.010869565217391304,0.015527950310559006,0.040372670807453416,0.049689440993788817,0.02717391304347826,0.04114906832298137,0.018633540372670808,0.010093167701863354,0.027950310559006212,0.010093167701863354,0.011645962732919254,0.009316770186335404,0.015527950310559006,0.02096273291925466,0.03493788819875776,0.04736024844720497,0.016304347826086956,0.004658385093167702,0.0,0.0,0.0,0.0,0.0,0.006987577639751553,0.011645962732919254,0.003105590062111801,0.021739130434782608,0.009316770186335404
34,0.0045351473922902496,0.04081632653061224,0.011337868480725623,0.04081632653061224,0.049886621315192746,0.034013605442176874,0.0045351473922902496,0.011337868480725623,0.034013605442176874,0.022675736961451247,0.022675736961451247,0.0022675736961451248,0.009070294784580499,0.049886621315192746,0.024943310657596373,0.0022675736961451248,0.013605442176870748,0.0045351473922902496,0.031746031746031744,0.02947845804988662,0.011337868480725623,0.07709750566893424,0.06802721088435375,0.08390022675736962,0.027210884353741496,0.05668934240362812,0.013605442176870748,0.0045351473922902496,0.011337868480725623,0.009070294784580499,0.0,0.011337868480725623,0.0,0.031746031746031744,0.011337868480725623,0.006802721088435374,0.0,0.0022675736961451248,0.0,0.0,0.0,0.04081632653061224,0.024943310657596373,0.0,0.022675736961451247,0.04081632653061224
35,0.0,0.0,0.0,0.0,0.0,0.0,0.0,0.0,0.0,0.0,0.0,0.0,0.0,0.0,0.0,0.0,0.0033003300330033004,0.0,0.0033003300330033004,0.0,0.0,0.0033003300330033004,0.0033003300330033004,0.44224422442244227,0.0,0.0033003300330033004,0.0,0.0033003300330033004,0.0033003300330033004,0.0,0.0,0.0,0.5148514851485149,0.006600660066006601,0.013201320132013201,0.0,0.0,0.0,0.0,0.0,0.0,0.0,0.0,0.0,0.0,0.0
36,0.0,0.018633540372670808,0.014492753623188406,0.004140786749482402,0.022774327122153208,0.008281573498964804,0.045548654244306416,0.045548654244306416,0.004140786749482402,0.012422360248447204,0.037267080745341616,0.014492753623188406,0.026915113871635612,0.012422360248447204,0.010351966873706004,0.002070393374741201,0.026915113871635612,0.004140786749482402,0.049689440993788817,0.012422360248447204,0.014492753623188406,0.06418219461697723,0.043478260869565216,0.049689440993788817,0.018633540372670808,0.022774327122153208,0.006211180124223602,0.002070393374741201,0.014492753623188406,0.0,0.012422360248447204,0.024844720496894408,0.014492753623188406,0.033126293995859216,0.06625258799171843,0.0,0.0,0.004140786749482402,0.0,0.0,0.0,0.049689440993788817,0.09937888198757763,0.060041407867494824,0.020703933747412008,0.006211180124223602
37,0.0,0.017045454545454544,0.0,0.019886363636363636,0.005681818181818182,0.028409090909090908,0.11079545454545454,0.008522727272727272,0.011363636363636364,0.011363636363636364,0.048295454545454544,0.011363636363636364,0.02556818181818182,0.011363636363636364,0.011363636363636364,0.005681818181818182,0.022727272727272728,0.008522727272727272,0.06818181818181818,0.011363636363636364,0.03409090909090909,0.036931818181818184,0.02556818181818182,0.008522727272727272,0.017045454545454544,0.008522727272727272,0.005681818181818182,0.011363636363636364,0.008522727272727272,0.008522727272727272,0.022727272727272728,0.017045454545454544,0.011363636363636364,0.022727272727272728,0.0625,0.005681818181818182,0.0,0.0,0.0,0.0,0.0,0.05113636363636364,0.16477272727272727,0.011363636363636364,0.02556818181818182,0.002840909090909091
38,0.0,0.006872852233676976,0.003436426116838488,0.044673539518900345,0.0,0.003436426116838488,0.0,0.0,0.003436426116838488,0.0,0.0,0.003436426116838488,0.0,0.003436426116838488,0.16494845360824742,0.003436426116838488,0.0,0.003436426116838488,0.0,0.0,0.0,0.0,0.18213058419243985,0.2542955326460481,0.0,0.0,0.003436426116838488,0.24054982817869416,0.010309278350515464,0.006872852233676976,0.0,0.003436426116838488,0.006872852233676976,0.003436426116838488,0.0,0.0,0.0,0.0,0.0,0.0,0.0,0.0,0.0,0.003436426116838488,0.044673539518900345,0.0
39,0.0,0.0405982905982906,0.017094017094017096,0.0,0.008547008547008548,0.002136752136752137,0.0,0.002136752136752137,0.019230769230769232,0.027777777777777776,0.05128205128205128,0.010683760683760684,0.00641025641025641,0.04700854700854701,0.00641025641025641,0.004273504273504274,0.01282051282051282,0.008547008547008548,0.002136752136752137,0.12393162393162394,0.021367521367521368,0.029914529914529916,0.14102564102564102,0.010683760683760684,0.00641025641025641,0.0,0.049145299145299144,0.0,0.0,0.0,0.10683760683760683,0.11965811965811966,0.05982905982905983,0.027777777777777776,0.019230769230769232,0.00641025641025641,0.0,0.0,0.0,0.0,0.002136752136752137,0.002136752136752137,0.00641025641025641,0.0,0.0,0.0
40,0.04844290657439446,0.03806228373702422,0.006920415224913495,0.0,0.0,0.0,0.0,0.0,0.0,0.06920415224913495,0.01384083044982699,0.031141868512110725,0.0,0.020761245674740483,0.006920415224913495,0.0,0.0,0.0034602076124567475,0.0,0.0,0.0657439446366782,0.02422145328719723,0.1314878892733564,0.1245674740484429,0.04844290657439446,0.08650519031141868,0.06920415224913495,0.0,0.0,0.0,0.0,0.0034602076124567475,0.0034602076124567475,0.0726643598615917,0.01384083044982699,0.08996539792387544,0.0,0.0,0.0,0.0,0.0,0.0,0.0034602076124567475,0.0,0.020761245674740483,0.0034602076124567475
41,0.0,0.008298755186721992,0.004149377593360996,0.004149377593360996,0.004149377593360996,0.0,0.0,0.008298755186721992,0.0,0.0,0.004149377593360996,0.008298755186721992,0.0,0.0,0.004149377593360996,0.0,0.004149377593360996,0.7427385892116183,0.008298755186721992,0.004149377593360996,0.004149377593360996,0.012448132780082987,0.02074688796680498,0.0,0.0,0.004149377593360996,0.0,0.12863070539419086,0.004149377593360996,0.0,0.0,0.0,0.004149377593360996,0.012448132780082987,0.0,0.0,0.0,0.0,0.0,0.0,0.0,0.0,0.0,0.0,0.004149377593360996,0.0
42,0.0,0.0,0.007936507936507936,0.007936507936507936,0.03968253968253968,0.003968253968253968,0.003968253968253968,0.003968253968253968,0.007936507936507936,0.0,0.0,0.20238095238095238,0.1626984126984127,0.10714285714285714,0.0,0.0,0.007936507936507936,0.0,0.011904761904761904,0.011904761904761904,0.0,0.0,0.027777777777777776,0.015873015873015872,0.0,0.0,0.0,0.3412698412698413,0.003968253968253968,0.007936507936507936,0.0,0.0,0.003968253968253968,0.007936507936507936,0.007936507936507936,0.003968253968253968,0.0,0.0,0.0,0.0,0.0,0.0,0.0,0.0,0.0,0.0
43,0.0,0.02197802197802198,0.0,0.003663003663003663,0.0,0.0,0.029304029304029304,0.0,0.014652014652014652,0.003663003663003663,0.047619047619047616,0.007326007326007326,0.003663003663003663,0.007326007326007326,0.014652014652014652,0.029304029304029304,0.03663003663003663,0.007326007326007326,0.054945054945054944,0.003663003663003663,0.007326007326007326,0.03296703296703297,0.003663003663003663,0.018315018315018316,0.007326007326007326,0.018315018315018316,0.029304029304029304,0.003663003663003663,0.03296703296703297,0.003663003663003663,0.10622710622710622,0.02564102564102564,0.029304029304029304,0.14652014652014653,0.06593406593406594,0.029304029304029304,0.007326007326007326,0.0,0.003663003663003663,0.003663003663003663,0.03296703296703297,0.0,0.03296703296703297,0.03296703296703297,0.003663003663003663,0.03663003663003663
44,0.003424657534246575,0.017123287671232876,0.02054794520547945,0.003424657534246575,0.010273972602739725,0.00684931506849315,0.06164383561643835,0.030821917808219176,0.00684931506849315,0.030821917808219176,0.010273972602739725,0.023972602739726026,0.02054794520547945,0.03424657534246575,0.017123287671232876,0.023972602739726026,0.0273972602739726,0.0547945205479452,0.07534246575342465,0.0136986301369863,0.017123287671232876,0.010273972602739725,0.017123287671232876,0.0136986301369863,0.0,0.03424657534246575,0.0,0.017123287671232876,0.003424657534246575,0.010273972602739725,0.003424657534246575,0.08561643835616438,0.1541095890410959,0.02054794520547945,0.0273972602739726,0.010273972602739725,0.00684931506849315,0.0,0.0,0.0,0.0,0.003424657534246575,0.003424657534246575,0.010273972602739725,0.05821917808219178,0.0
45,0.0136986301369863,0.0684931506849315,0.0867579908675799,0.0776255707762557,0.0410958904109589,0.0776255707762557,0.045662100456621,0.0593607305936073,0.0547945205479452,0.0776255707762557,0.1095890410958904,0.0547945205479452,0.0410958904109589,0.0639269406392694,0.0684931506849315,0.0593607305936073,0.0,0.0,0.0,0.0,0.0,0.0,0.0,0.0,0.0,0.0,0.0,0.0,0.0,0.0,0.0,0.0,0.0,0.0,0.0,0.0,0.0,0.0,0.0,0.0,0.0,0.0,0.0,0.0,0.0,0.0
46,0.0,0.0032258064516129032,0.01935483870967742,0.0,0.012903225806451613,0.0064516129032258064,0.016129032258064516,0.0064516129032258064,0.012903225806451613,0.01935483870967742,0.07741935483870968,0.012903225806451613,0.0032258064516129032,0.035483870967741936,0.00967741935483871,0.0,0.0064516129032258064,0.00967741935483871,0.00967741935483871,0.016129032258064516,0.04838709677419355,0.03225806451612903,0.02903225806451613,0.012903225806451613,0.11612903225806452,0.0032258064516129032,0.07096774193548387,0.07096774193548387,0.0064516129032258064,0.0,0.01935483870967742,0.03870967741935484,0.025806451612903226,0.06129032258064516,0.00967741935483871,0.03225806451612903,0.0,0.0,0.0,0.0,0.0,0.016129032258064516,0.016129032258064516,0.03870967741935484,0.02258064516129032,0.05161290322580645
47,0.0,0.0,0.047619047619047616,0.0,0.0,0.0,0.0,0.0,0.004329004329004329,0.012987012987012988,0.0,0.0,0.0,0.0,0.004329004329004329,0.0,0.0,0.0,0.047619047619047616,0.0,0.0,0.004329004329004329,0.0,0.04329004329004329,0.0,0.004329004329004329,0.004329004329004329,0.0,0.0,0.0,0.8225108225108225,0.0,0.0,0.004329004329004329,0.0,0.0,0.0,0.0,0.0,0.0,0.0,0.0,0.0,0.0,0.0,0.0
48,0.0,0.0,0.022292993630573247,0.0,0.0,0.009554140127388535,0.009554140127388535,0.009554140127388535,0.0,0.0,0.03184713375796178,0.050955414012738856,0.0031847133757961785,0.0,0.028662420382165606,0.01592356687898089,0.012738853503184714,0.012738853503184714,0.0031847133757961785,0.050955414012738856,0.01910828025477707,0.04777070063694268,0.022292993630573247,0.0031847133757961785,0.054140127388535034,0.012738853503184714,0.01910828025477707,0.08917197452229299,0.04777070063694268,0.012738853503184714,0.028662420382165606,0.012738853503184714,0.044585987261146494,0.09872611464968153,0.09235668789808917,0.022292993630573247,0.009554140127388535,0.0,0.0,0.0,0.0,0.0,0.044585987261146494,0.012738853503184714,0.0031847133757961785,0.041401273885350316
49,0.007936507936507936,0.03968253968253968,0.15476190476190477,0.003968253968253968,0.007936507936507936,0.01984126984126984,0.03571428571428571,0.031746031746031744,0.007936507936507936,0.0,0.0,0.031746031746031744,0.011904761904761904,0.011904761904761904,0.08333333333333333,0.047619047619047616,0.011904761904761904,0.011904761904761904,0.07142857142857142,0.03571428571428571,0.007936507936507936,0.003968253968253968,0.003968253968253968,0.003968253968253968,0.01984126984126984,0.023809523809523808,0.16666666666666666,0.007936507936507936,0.011904761904761904,0.003968253968253968,0.011904761904761904,0.03571428571428571,0.003968253968253968,0.007936507936507936,0.0,0.003968253968253968,0.0,0.0,0.0,0.0,0.0,0.011904761904761904,0.0,0.04365079365079365,0.0,0.0
50,0.004366812227074236,0.004366812227074236,0.043668122270742356,0.013100436681222707,0.0,0.013100436681222707,0.0,0.048034934497816595,0.026200873362445413,0.03056768558951965,0.008733624454148471,0.0,0.017467248908296942,0.10480349344978165,0.043668122270742356,0.021834061135371178,0.008733624454148471,0.026200873362445413,0.004366812227074236,0.07423580786026202,0.004366812227074236,0.004366812227074236,0.013100436681222707,0.017467248908296942,0.0,0.004366812227074236,0.05240174672489083,0.056768558951965066,0.017467248908296942,0.004366812227074236,0.15283842794759825,0.05240174672489083,0.004366812227074236,0.004366812227074236,0.008733624454148471,0.004366812227074236,0.0,0.0,0.004366812227074236,0.0,0.0,0.0611353711790393,0.004366812227074236,0.004366812227074236,0.013100436681222707,0.017467248908296942
51,0.0,0.006230529595015576,0.018691588785046728,0.04361370716510903,0.018691588785046728,0.009345794392523364,0.021806853582554516,0.06230529595015576,0.0529595015576324,0.012461059190031152,0.003115264797507788,0.018691588785046728,0.003115264797507788,0.018691588785046728,0.01557632398753894,0.003115264797507788,0.037383177570093455,0.006230529595015576,0.0,0.059190031152647975,0.021806853582554516,0.01557632398753894,0.024922118380062305,0.037383177570093455,0.01557632398753894,0.021806853582554516,0.009345794392523364,0.006230529595015576,0.006230529595015576,0.003115264797507788,0.04361370716510903,0.024922118380062305,0.03115264797507788,0.12461059190031153,0.0778816199376947,0.006230529595015576,0.003115264797507788,0.0,0.0,0.006230529595015576,0.0,0.009345794392523364,0.059190031152647975,0.01557632398753894,0.018691588785046728,0.006230529595015576
52,0.0,0.0,0.0,0.0,0.0,0.0,0.012605042016806723,0.008403361344537815,0.0,0.0,0.0,0.0,0.0,0.0,0.0,0.0,0.0,0.004201680672268907,0.004201680672268907,0.004201680672268907,0.004201680672268907,0.0,0.0,0.0,0.0,0.0,0.0,0.012605042016806723,0.01680672268907563,0.0,0.08403361344537816,0.05042016806722689,0.004201680672268907,0.0,0.0,0.0,0.0,0.0,0.0,0.0,0.0,0.0,0.6932773109243697,0.07563025210084033,0.008403361344537815,0.01680672268907563
53,0.04522613065326633,0.010050251256281407,0.10552763819095477,0.12562814070351758,0.07537688442211055,0.1658291457286432,0.03015075376884422,0.11055276381909548,0.12060301507537688,0.03015075376884422,0.04522613065326633,0.01507537688442211,0.005025125628140704,0.035175879396984924,0.02512562814070352,0.04522613065326633,0.0,0.0,0.0,0.0,0.0,0.005025125628140704,0.0,0.005025125628140704,0.0,0.0,0.0,0.0,0.0,0.0,0.0,0.0,0.0,0.0,0.0,0.0,0.0,0.0,0.0,0.0,0.0,0.0,0.0,0.0,0.0,0.0
54,0.008403361344537815,0.012605042016806723,0.004201680672268907,0.01680672268907563,0.029411764705882353,0.004201680672268907,0.02100840336134454,0.01680672268907563,0.008403361344537815,0.012605042016806723,0.008403361344537815,0.008403361344537815,0.037815126050420166,0.07142857142857142,0.14285714285714285,0.008403361344537815,0.0,0.008403361344537815,0.0,0.01680672268907563,0.008403361344537815,0.008403361344537815,0.029411764705882353,0.008403361344537815,0.01680672268907563,0.31932773109243695,0.05042016806722689,0.0,0.004201680672268907,0.008403361344537815,0.004201680672268907,0.008403361344537815,0.0,0.07563025210084033,0.008403361344537815,0.004201680672268907,0.0,0.0,0.0,0.0,0.0,0.0,0.008403361344537815,0.0,0.0,0.0
55,0.0,0.0,0.0,0.0,0.004629629629629629,0.0,0.0,0.0,0.0,0.0,0.0,0.0,0.0,0.0,0.0,0.0,0.0,0.0,0.0,0.004629629629629629,0.0,0.0,0.0,0.0,0.0,0.0,0.004629629629629629,0.0,0.0,0.0,0.0,0.8564814814814815,0.09259259259259259,0.013888888888888888,0.009259259259259259,0.0,0.0,0.0,0.0,0.0,0.0,0.0,0.0,0.013888888888888888,0.0,0.0
56,0.0,0.0,0.005,0.005,0.0,0.0,0.0,0.0,0.0,0.0,0.005,0.0,0.0,0.0,0.005,0.01,0.005,0.005,0.0,0.0,0.0,0.005,0.0,0.915,0.005,0.0,0.0,0.0,0.0,0.0,0.0,0.005,0.015,0.005,0.0,0.0,0.0,0.0,0.0,0.0,0.0,0.0,0.0,0.01,0.0,0.0
57,0.0,0.023255813953488372,0.011627906976744186,0.0,0.046511627906976744,0.01937984496124031,0.0,0.03488372093023256,0.0,0.0,0.011627906976744186,0.0,0.031007751937984496,0.10852713178294573,0.04263565891472868,0.011627906976744186,0.08527131782945736,0.01937984496124031,0.015503875968992248,0.0,0.0,0.003875968992248062,0.007751937984496124,0.031007751937984496,0.007751937984496124,0.09689922480620156,0.031007751937984496,0.0,0.2558139534883721,0.0,0.0,0.027131782945736434,0.0,0.0,0.031007751937984496,0.011627906976744186,0.0,0.0,0.0,0.003875968992248062,0.0,0.0,0.007751937984496124,0.015503875968992248,0.007751937984496124,0.0
58,0.0045871559633027525,0.0,0.0,0.009174311926605505,0.0045871559633027525,0.0,0.0,0.0,0.0,0.0045871559633027525,0.0045871559633027525,0.0,0.0,0.0,0.01834862385321101,0.009174311926605505,0.022935779816513763,0.009174311926605505,0.0,0.009174311926605505,0.0045871559633027525,0.8073394495412844,0.009174311926605505,0.0045871559633027525,0.0,0.0,0.009174311926605505,0.0045871559633027525,0.0,0.009174311926605505,0.0045871559633027525,0.0,0.01834862385321101,0.01834862385321101,0.0,0.0045871559633027525,0.0,0.0,0.0,0.0,0.0,0.009174311926605505,0.0,0.0,0.0,0.0
59,0.0,0.007633587786259542,0.1183206106870229,0.0,0.0,0.0,0.003816793893129771,0.007633587786259542,0.0,0.0,0.003816793893129771,0.007633587786259542,0.011450381679389313,0.003816793893129771,0.03816793893129771,0.003816793893129771,0.0,0.011450381679389313,0.007633587786259542,0.007633587786259542,0.0,0.0,0.007633587786259542,0.003816793893129771,0.7137404580152672,0.0,0.003816793893129771,0.003816793893129771,0.011450381679389313,0.0,0.003816793893129771,0.003816793893129771,0.0,0.0,0.0,0.0,0.0,0.0,0.0,0.0,0.0,0.003816793893129771,0.003816793893129771,0.0,0.007633587786259542,0.0
60,0.0,0.11483253588516747,0.09569377990430622,0.06698564593301436,0.009569377990430622,0.009569377990430622,0.05741626794258373,0.023923444976076555,0.0,0.03349282296650718,0.03827751196172249,0.0861244019138756,0.009569377990430622,0.05741626794258373,0.05263157894736842,0.0,0.07177033492822966,0.004784688995215311,0.004784688995215311,0.0,0.004784688995215311,0.009569377990430622,0.019138755980861243,0.004784688995215311,0.019138755980861243,0.03349282296650718,0.03349282296650718,0.03827751196172249,0.009569377990430622,0.019138755980861243,0.014354066985645933,0.0,0.004784688995215311,0.009569377990430622,0.0,0.0,0.0,0.0,0.0,0.0,0.0,0.0,0.028708133971291867,0.014354066985645933,0.0,0.0
61,0.0091324200913242,0.0045662100456621,0.0,0.0091324200913242,0.0,0.0,0.0,0.0,0.0,0.0,0.0045662100456621,0.0,0.0,0.0045662100456621,0.0045662100456621,0.0,0.0,0.8995433789954338,0.0045662100456621,0.0,0.0182648401826484,0.0,0.0,0.0182648401826484,0.0045662100456621,0.0,0.0045662100456621,0.0,0.0,0.0,0.0,0.0045662100456621,0.0,0.0,0.0045662100456621,0.0,0.0,0.0,0.0,0.0,0.0,0.0,0.0,0.0,0.0045662100456621,0.0
62,0.0,0.0,0.0,0.005076142131979695,0.0,0.0,0.0,0.0,0.0,0.0,0.0,0.0,0.005076142131979695,0.0,0.8578680203045685,0.06091370558375635,0.005076142131979695,0.03553299492385787,0.0,0.0,0.0,0.0,0.0,0.0,0.0,0.0,0.01015228426395939,0.0,0.0,0.01015228426395939,0.0,0.0,0.0,0.0,0.0,0.0,0.0,0.0,0.0,0.0,0.0,0.0,0.0,0.01015228426395939,0.0,0.0
63,0.0,0.04075235109717868,0.10658307210031348,0.02821316614420063,0.003134796238244514,0.03134796238244514,0.006269592476489028,0.018808777429467086,0.05329153605015674,0.012539184952978056,0.0219435736677116,0.003134796238244514,0.03761755485893417,0.009404388714733543,0.04075235109717868,0.012539184952978056,0.009404388714733543,0.009404388714733543,0.02821316614420063,0.03761755485893417,0.050156739811912224,0.07836990595611286,0.018808777429467086,0.0219435736677116,0.047021943573667714,0.034482758620689655,0.05956112852664577,0.006269592476489028,0.009404388714733543,0.012539184952978056,0.05642633228840126,0.018808777429467086,0.003134796238244514,0.003134796238244514,0.0219435736677116,0.003134796238244514,0.0,0.0,0.0,0.0,0.0,0.012539184952978056,0.006269592476489028,0.01567398119122257,0.006269592476489028,0.003134796238244514
64,0.011286681715575621,0.045146726862302484,0.029345372460496615,0.002257336343115124,0.009029345372460496,0.03837471783295711,0.006772009029345372,0.0,0.002257336343115124,0.002257336343115124,0.040632054176072234,0.0,0.01580135440180587,0.03160270880361174,0.0654627539503386,0.004514672686230248,0.01805869074492099,0.0,0.0,0.006772009029345372,0.0,0.0,0.03837471783295711,0.05417607223476298,0.024830699774266364,0.0835214446952596,0.11060948081264109,0.004514672686230248,0.045146726862302484,0.10835214446952596,0.040632054176072234,0.040632054176072234,0.002257336343115124,0.0,0.03611738148984198,0.04288939051918736,0.0,0.0,0.006772009029345372,0.0,0.0,0.011286681715575621,0.020316027088036117,0.0,0.0,0.0
65,0.004545454545454545,0.0,0.0,0.004545454545454545,0.0,0.0,0.00909090909090909,0.03636363636363636,0.004545454545454545,0.03636363636363636,0.01818181818181818,0.004545454545454545,0.004545454545454545,0.013636363636363636,0.0,0.0,0.004545454545454545,0.004545454545454545,0.0,0.07727272727272727,0.12727272727272726,0.00909090909090909,0.02727272727272727,0.004545454545454545,0.00909090909090909,0.03636363636363636,0.0,0.0,0.013636363636363636,0.004545454545454545,0.0,0.02727272727272727,0.02727272727272727,0.38181818181818183,0.08636363636363636,0.0,0.0,0.0,0.0,0.0,0.0,0.004545454545454545,0.013636363636363636,0.004545454545454545,0.0,0.0
66,0.0,0.008658008658008658,0.0,0.004329004329004329,0.0,0.0,0.025974025974025976,0.0,0.004329004329004329,0.008658008658008658,0.008658008658008658,0.0,0.004329004329004329,0.0,0.0,0.017316017316017316,0.004329004329004329,0.0,0.004329004329004329,0.025974025974025976,0.008658008658008658,0.09956709956709957,0.06060606060606061,0.0,0.0,0.2987012987012987,0.2597402597402597,0.004329004329004329,0.0,0.0,0.004329004329004329,0.004329004329004329,0.004329004329004329,0.0,0.004329004329004329,0.004329004329004329,0.0,0.0,0.0,0.0,0.0,0.004329004329004329,0.09956709956709957,0.004329004329004329,0.004329004329004329,0.017316017316017316
67,0.0071174377224199285,0.05338078291814947,0.08896797153024912,0.010676156583629894,0.028469750889679714,0.017793594306049824,0.0035587188612099642,0.017793594306049824,0.010676156583629894,0.03202846975088968,0.02491103202846975,0.010676156583629894,0.0071174377224199285,0.017793594306049824,0.14590747330960854,0.0035587188612099642,0.010676156583629894,0.05338078291814947,0.014234875444839857,0.028469750889679714,0.0035587188612099642,0.0,0.010676156583629894,0.014234875444839857,0.0711743772241993,0.014234875444839857,0.028469750889679714,0.16370106761565836,0.0071174377224199285,0.0035587188612099642,0.042704626334519574,0.017793594306049824,0.0035587188612099642,0.0035587188612099642,0.0071174377224199285,0.0,0.0,0.0,0.0,0.0,0.0035587188612099642,0.0,0.0,0.0035587188612099642,0.014234875444839857,0.0
68,0.0,0.0,0.035897435897435895,0.020512820512820513,0.05128205128205128,0.0,0.02564102564102564,0.020512820512820513,0.015384615384615385,0.03076923076923077,0.005128205128205128,0.0,0.015384615384615385,0.02564102564102564,0.03076923076923077,0.005128205128205128,0.010256410256410256,0.035897435897435895,0.046153846153846156,0.020512820512820513,0.05641025641025641,0.02564102564102564,0.05128205128205128,0.08205128205128205,0.046153846153846156,0.06153846153846154,0.046153846153846156,0.010256410256410256,0.005128205128205128,0.0,0.06153846153846154,0.02564102564102564,0.015384615384615385,0.0,0.005128205128205128,0.0,0.0,0.0,0.0,0.0,0.0,0.035897435897435895,0.0,0.03076923076923077,0.0,0.046153846153846156
69,0.00904977375565611,0.0,0.00904977375565611,0.08597285067873303,0.00904977375565611,0.00904977375565611,0.07239819004524888,0.0,0.03619909502262444,0.0,0.004524886877828055,0.00904977375565611,0.0,0.0,0.004524886877828055,0.0,0.058823529411764705,0.08144796380090498,0.058823529411764705,0.013574660633484163,0.004524886877828055,0.0,0.004524886877828055,0.027149321266968326,0.0,0.0,0.01809954751131222,0.08144796380090498,0.00904977375565611,0.004524886877828055,0.004524886877828055,0.0,0.3574660633484163,0.00904977375565611,0.0,0.0,0.0,0.0,0.0,0.0,0.0,0.0,0.0,0.0,0.01809954751131222,0.0
70,0.0163265306122449,0.08571428571428572,0.012244897959183673,0.004081632653061225,0.02857142857142857,0.00816326530612245,0.0,0.0,0.00816326530612245,0.004081632653061225,0.0653061224489796,0.036734693877551024,0.024489795918367346,0.09387755102040816,0.012244897959183673,0.004081632653061225,0.00816326530612245,0.0,0.0,0.024489795918367346,0.04897959183673469,0.012244897959183673,0.0326530612244898,0.11020408163265306,0.036734693877551024,0.07346938775510205,0.07755102040816327,0.0,0.0,0.0,0.004081632653061225,0.0163265306122449,0.0,0.004081632653061225,0.09387755102040816,0.0163265306122449,0.0,0.0,0.0,0.0,0.0,0.0,0.024489795918367346,0.004081632653061225,0.004081632653061225,0.004081632653061225
71,0.0,0.0,0.0,0.0,0.0,0.0,0.0,0.0,0.0,0.0,0.0,0.0,0.0,0.0,0.03954802259887006,0.8813559322033898,0.022598870056497175,0.005649717514124294,0.0,0.022598870056497175,0.0,0.0,0.005649717514124294,0.005649717514124294,0.0,0.0,0.0,0.0,0.005649717514124294,0.005649717514124294,0.0,0.0,0.0,0.0,0.0,0.0,0.0,0.0,0.0,0.0,0.0,0.0,0.0,0.005649717514124294,0.0,0.0
72,0.013114754098360656,0.0,0.003278688524590164,0.0,0.006557377049180328,0.0,0.009836065573770493,0.013114754098360656,0.003278688524590164,0.009836065573770493,0.009836065573770493,0.03934426229508197,0.09180327868852459,0.07868852459016394,0.013114754098360656,0.003278688524590164,0.013114754098360656,0.01639344262295082,0.003278688524590164,0.003278688524590164,0.013114754098360656,0.01639344262295082,0.10163934426229508,0.14426229508196722,0.06229508196721312,0.003278688524590164,0.006557377049180328,0.0,0.009836065573770493,0.01639344262295082,0.022950819672131147,0.019672131147540985,0.019672131147540985,0.022950819672131147,0.02622950819672131,0.006557377049180328,0.006557377049180328,0.0,0.003278688524590164,0.0,0.003278688524590164,0.03934426229508197,0.029508196721311476,0.029508196721311476,0.06557377049180328,0.0
73,0.0,0.030508474576271188,0.003389830508474576,0.030508474576271188,0.03728813559322034,0.0576271186440678,0.061016949152542375,0.006779661016949152,0.003389830508474576,0.020338983050847456,0.023728813559322035,0.05084745762711865,0.0,0.0,0.003389830508474576,0.0,0.07796610169491526,0.030508474576271188,0.02711864406779661,0.010169491525423728,0.02711864406779661,0.013559322033898305,0.013559322033898305,0.061016949152542375,0.003389830508474576,0.010169491525423728,0.023728813559322035,0.030508474576271188,0.061016949152542375,0.030508474576271188,0.09152542372881356,0.003389830508474576,0.003389830508474576,0.04067796610169491,0.01694915254237288,0.003389830508474576,0.0,0.0,0.0,0.0,0.0,0.0,0.03389830508474576,0.003389830508474576,0.030508474576271188,0.023728813559322035
74,0.0,0.09941520467836257,0.017543859649122806,0.011695906432748537,0.005847953216374269,0.0,0.005847953216374269,0.08771929824561403,0.0,0.017543859649122806,0.011695906432748537,0.005847953216374269,0.0,0.04093567251461988,0.011695906432748537,0.05847953216374269,0.005847953216374269,0.005847953216374269,0.0,0.0,0.017543859649122806,0.011695906432748537,0.0,0.005847953216374269,0.005847953216374269,0.0,0.19298245614035087,0.10526315789473684,0.005847953216374269,0.005847953216374269,0.14035087719298245,0.011695906432748537,0.005847953216374269,0.011695906432748537,0.0,0.0,0.0,0.0,0.0,0.0,0.0,0.011695906432748537,0.06432748538011696,0.0,0.0,0.017543859649122806
75,0.0,0.0,0.011111111111111112,0.005555555555555556,0.022222222222222223,0.005555555555555556,0.03333333333333333,0.016666666666666666,0.06666666666666667,0.016666666666666666,0.022222222222222223,0.0,0.0,0.005555555555555556,0.011111111111111112,0.0,0.06666666666666667,0.022222222222222223,0.0,0.2833333333333333,0.022222222222222223,0.005555555555555556,0.07777777777777778,0.022222222222222223,0.011111111111111112,0.005555555555555556,0.011111111111111112,0.0,0.016666666666666666,0.005555555555555556,0.0,0.08333333333333333,0.03333333333333333,0.027777777777777776,0.027777777777777776,0.005555555555555556,0.0,0.0,0.0,0.0,0.0,0.005555555555555556,0.005555555555555556,0.0,0.03333333333333333,0.011111111111111112
76,0.0,0.006493506493506494,0.0,0.2077922077922078,0.006493506493506494,0.05194805194805195,0.0,0.0,0.0,0.0,0.09740259740259741,0.0,0.0,0.0,0.0,0.0,0.0,0.025974025974025976,0.0,0.0,0.06493506493506493,0.0,0.006493506493506494,0.0,0.006493506493506494,0.0,0.006493506493506494,0.0,0.11038961038961038,0.0,0.2077922077922078,0.08441558441558442,0.0,0.0,0.03896103896103896,0.025974025974025976,0.0,0.0,0.0,0.006493506493506494,0.006493506493506494,0.0,0.006493506493506494,0.0,0.025974025974025976,0.006493506493506494
77,0.0,0.0,0.0,0.011560693641618497,0.005780346820809248,0.005780346820809248,0.005780346820809248,0.0,0.0,0.0,0.005780346820809248,0.0,0.0,0.0,0.0,0.005780346820809248,0.6011560693641619,0.26011560693641617,0.005780346820809248,0.0,0.0,0.005780346820809248,0.011560693641618497,0.0,0.011560693641618497,0.005780346820809248,0.005780346820809248,0.005780346820809248,0.0,0.005780346820809248,0.011560693641618497,0.005780346820809248,0.0,0.011560693641618497,0.0,0.0,0.0,0.0,0.0,0.0,0.0,0.005780346820809248,0.0,0.0,0.005780346820809248,0.0
78,0.0,0.008928571428571428,0.008928571428571428,0.03125,0.013392857142857142,0.008928571428571428,0.017857142857142856,0.0,0.017857142857142856,0.008928571428571428,0.013392857142857142,0.05357142857142857,0.013392857142857142,0.008928571428571428,0.026785714285714284,0.022321428571428572,0.05803571428571429,0.026785714285714284,0.0,0.0,0.05803571428571429,0.03571428571428571,0.15178571428571427,0.008928571428571428,0.022321428571428572,0.03571428571428571,0.026785714285714284,0.017857142857142856,0.04017857142857143,0.013392857142857142,0.0,0.05357142857142857,0.004464285714285714,0.017857142857142856,0.12053571428571429,0.03571428571428571,0.004464285714285714,0.0,0.0,0.0,0.0,0.008928571428571428,0.0,0.004464285714285714,0.0,0.0
79,0.00510204081632653,0.0,0.015306122448979591,0.05102040816326531,0.00510204081632653,0.03571428571428571,0.01020408163265306,0.030612244897959183,0.0,0.0,0.05102040816326531,0.01020408163265306,0.0,0.00510204081632653,0.01020408163265306,0.030612244897959183,0.061224489795918366,0.025510204081632654,0.00510204081632653,0.01020408163265306,0.02040816326530612,0.01020408163265306,0.04591836734693878,0.015306122448979591,0.0,0.0,0.025510204081632654,0.030612244897959183,0.00510204081632653,0.01020408163265306,0.00510204081632653,0.03571428571428571,0.05612244897959184,0.02040816326530612,0.29081632653061223,0.02040816326530612,0.00510204081632653,0.0,0.0,0.01020408163265306,0.0,0.0,0.00510204081632653,0.015306122448979591,0.01020408163265306,0.0
80,0.03058103975535168,0.045871559633027525,0.0030581039755351682,0.01834862385321101,0.01834862385321101,0.04892966360856269,0.009174311926605505,0.012232415902140673,0.03058103975535168,0.012232415902140673,0.04892966360856269,0.03669724770642202,0.0672782874617737,0.027522935779816515,0.01529051987767584,0.012232415902140673,0.03058103975535168,0.021406727828746176,0.0061162079510703364,0.0061162079510703364,0.01834862385321101,0.024464831804281346,0.0856269113149847,0.021406727828746176,0.0061162079510703364,0.045871559633027525,0.027522935779816515,0.01529051987767584,0.009174311926605505,0.0061162079510703364,0.0061162079510703364,0.021406727828746176,0.0,0.0581039755351682,0.08256880733944955,0.024464831804281346,0.009174311926605505,0.0,0.0,0.0,0.0030581039755351682,0.0,0.009174311926605505,0.0061162079510703364,0.009174311926605505,0.009174311926605505
81,0.00411522633744856,0.024691358024691357,0.05761316872427984,0.00823045267489712,0.0205761316872428,0.037037037037037035,0.00411522633744856,0.00823045267489712,0.04938271604938271,0.01646090534979424,0.012345679012345678,0.01646090534979424,0.0,0.06584362139917696,0.02880658436213992,0.03292181069958848,0.037037037037037035,0.00411522633744856,0.012345679012345678,0.037037037037037035,0.02880658436213992,0.012345679012345678,0.0411522633744856,0.01646090534979424,0.00823045267489712,0.037037037037037035,0.0823045267489712,0.0411522633744856,0.09465020576131687,0.0,0.01646090534979424,0.0205761316872428,0.02880658436213992,0.0205761316872428,0.012345679012345678,0.00823045267489712,0.0,0.0,0.0,0.0,0.0,0.00411522633744856,0.01646090534979424,0.00411522633744856,0.024691358024691357,0.00411522633744856
82,0.0,0.0,0.0,0.03205128205128205,0.0,0.12179487179487179,0.02564102564102564,0.01282051282051282,0.019230769230769232,0.00641025641025641,0.0641025641025641,0.019230769230769232,0.0,0.0,0.01282051282051282,0.0,0.0,0.0,0.038461538461538464,0.019230769230769232,0.0,0.00641025641025641,0.17307692307692307,0.08974358974358974,0.0,0.01282051282051282,0.00641025641025641,0.0,0.0,0.00641025641025641,0.00641025641025641,0.0,0.019230769230769232,0.0,0.03205128205128205,0.019230769230769232,0.0,0.0,0.0,0.0,0.0,0.19230769230769232,0.04487179487179487,0.00641025641025641,0.00641025641025641,0.00641025641025641
83,0.03763440860215054,0.010752688172043012,0.03225806451612903,0.005376344086021506,0.016129032258064516,0.005376344086021506,0.03763440860215054,0.12365591397849462,0.021505376344086023,0.03225806451612903,0.03225806451612903,0.016129032258064516,0.005376344086021506,0.0,0.13440860215053763,0.016129032258064516,0.021505376344086023,0.016129032258064516,0.016129032258064516,0.043010752688172046,0.021505376344086023,0.026881720430107527,0.03763440860215054,0.010752688172043012,0.021505376344086023,0.010752688172043012,0.021505376344086023,0.026881720430107527,0.005376344086021506,0.010752688172043012,0.043010752688172046,0.026881720430107527,0.03763440860215054,0.0,0.021505376344086023,0.010752688172043012,0.010752688172043012,0.0,0.0,0.0,0.0,0.005376344086021506,0.0,0.010752688172043012,0.010752688172043012,0.005376344086021506
84,0.0,0.12972972972972974,0.04864864864864865,0.0,0.02702702702702703,0.0918918918918919,0.005405405405405406,0.010810810810810811,0.021621621621621623,0.021621621621621623,0.021621621621621623,0.0,0.005405405405405406,0.13513513513513514,0.010810810810810811,0.0,0.016216216216216217,0.0972972972972973,0.03783783783783784,0.02702702702702703,0.005405405405405406,0.010810810810810811,0.021621621621621623,0.016216216216216217,0.0,0.010810810810810811,0.010810810810810811,0.005405405405405406,0.04864864864864865,0.02702702702702703,0.005405405405405406,0.016216216216216217,0.005405405405405406,0.005405405405405406,0.021621621621621623,0.021621621621621623,0.0,0.0,0.0,0.0,0.0,0.010810810810810811,0.0,0.005405405405405406,0.043243243243243246,0.0
85,0.0,0.0,0.0,0.0,0.006944444444444444,0.006944444444444444,0.0,0.0,0.0,0.0,0.041666666666666664,0.027777777777777776,0.0,0.0,0.09027777777777778,0.0,0.0,0.006944444444444444,0.006944444444444444,0.0,0.0,0.013888888888888888,0.0,0.0,0.0,0.0,0.006944444444444444,0.0,0.0,0.0,0.0,0.0,0.0,0.0,0.013888888888888888,0.006944444444444444,0.0,0.0,0.0,0.0,0.0,0.7361111111111112,0.013888888888888888,0.013888888888888888,0.006944444444444444,0.0
86,0.0,0.006802721088435374,0.006802721088435374,0.0,0.006802721088435374,0.0,0.0,0.0,0.0,0.0,0.02040816326530612,0.0,0.0,0.0,0.013605442176870748,0.006802721088435374,0.0,0.0,0.0,0.006802721088435374,0.0,0.0,0.013605442176870748,0.006802721088435374,0.0,0.0,0.0,0.0,0.0,0.0,0.0,0.0,0.0,0.0,0.0,0.0,0.0,0.0,0.0,0.0,0.0,0.006802721088435374,0.8571428571428571,0.047619047619047616,0.0,0.0
87,0.0,0.1881720430107527,0.016129032258064516,0.016129032258064516,0.05913978494623656,0.021505376344086023,0.0,0.010752688172043012,0.026881720430107527,0.0,0.04838709677419355,0.14516129032258066,0.08064516129032258,0.0,0.005376344086021506,0.04838709677419355,0.0,0.0,0.005376344086021506,0.005376344086021506,0.005376344086021506,0.010752688172043012,0.053763440860215055,0.03763440860215054,0.0,0.0,0.05913978494623656,0.021505376344086023,0.010752688172043012,0.0,0.010752688172043012,0.021505376344086023,0.026881720430107527,0.016129032258064516,0.016129032258064516,0.0,0.0,0.0,0.0,0.0,0.0,0.0,0.0,0.03225806451612903,0.0,0.0
88,0.014598540145985401,0.058394160583941604,0.0948905109489051,0.06569343065693431,0.014598540145985401,0.08759124087591241,0.0364963503649635,0.11678832116788321,0.06569343065693431,0.06569343065693431,0.0364963503649635,0.08029197080291971,0.0948905109489051,0.072992700729927,0.051094890510948905,0.043795620437956206,0.0,0.0,0.0,0.0,0.0,0.0,0.0,0.0,0.0,0.0,0.0,0.0,0.0,0.0,0.0,0.0,0.0,0.0,0.0,0.0,0.0,0.0,0.0,0.0,0.0,0.0,0.0,0.0,0.0,0.0
89,0.024096385542168676,0.0,0.03614457831325301,0.04819277108433735,0.030120481927710843,0.012048192771084338,0.024096385542168676,0.06626506024096386,0.03614457831325301,0.03614457831325301,0.060240963855421686,0.05421686746987952,0.0,0.006024096385542169,0.012048192771084338,0.04819277108433735,0.0783132530120482,0.006024096385542169,0.006024096385542169,0.018072289156626505,0.018072289156626505,0.024096385542168676,0.006024096385542169,0.0,0.006024096385542169,0.006024096385542169,0.05421686746987952,0.030120481927710843,0.05421686746987952,0.018072289156626505,0.006024096385542169,0.012048192771084338,0.024096385542168676,0.0,0.030120481927710843,0.018072289156626505,0.0,0.0,0.0,0.0,0.0,0.04216867469879518,0.0,0.024096385542168676,0.012048192771084338,0.012048192771084338
90,0.004219409282700422,0.008438818565400843,0.012658227848101266,0.004219409282700422,0.008438818565400843,0.012658227848101266,0.008438818565400843,0.016877637130801686,0.0,0.012658227848101266,0.029535864978902954,0.016877637130801686,0.0,0.008438818565400843,0.008438818565400843,0.012658227848101266,0.03375527426160337,0.004219409282700422,0.04219409282700422,0.004219409282700422,0.004219409282700422,0.012658227848101266,0.03375527426160337,0.012658227848101266,0.004219409282700422,0.02109704641350211,0.008438818565400843,0.0,0.012658227848101266,0.0,0.004219409282700422,0.03375527426160337,0.02531645569620253,0.05063291139240506,0.4810126582278481,0.012658227848101266,0.0,0.0,0.0,0.0,0.0,0.004219409282700422,0.012658227848101266,0.016877637130801686,0.0,0.0
91,0.00546448087431694,0.01639344262295082,0.00546448087431694,0.0,0.00546448087431694,0.00546448087431694,0.01639344262295082,0.0273224043715847,0.00546448087431694,0.04918032786885246,0.01639344262295082,0.00546448087431694,0.0273224043715847,0.01092896174863388,0.02185792349726776,0.0546448087431694,0.02185792349726776,0.01092896174863388,0.0,0.02185792349726776,0.04371584699453552,0.02185792349726776,0.02185792349726776,0.0273224043715847,0.03278688524590164,0.02185792349726776,0.01639344262295082,0.01639344262295082,0.00546448087431694,0.00546448087431694,0.0,0.09836065573770492,0.0273224043715847,0.18579234972677597,0.0546448087431694,0.01639344262295082,0.0,0.0,0.0,0.0,0.0,0.0,0.04918032786885246,0.01092896174863388,0.01639344262295082,0.0
92,0.0,0.0,0.0064516129032258064,0.0,0.0,0.01935483870967742,0.08387096774193549,0.012903225806451613,0.0064516129032258064,0.0,0.0,0.0,0.0,0.0,0.0,0.0,0.0064516129032258064,0.0,0.0,0.012903225806451613,0.025806451612903226,0.0,0.012903225806451613,0.0064516129032258064,0.0064516129032258064,0.0,0.0064516129032258064,0.0064516129032258064,0.0,0.0,0.0,0.6838709677419355,0.01935483870967742,0.01935483870967742,0.0,0.0,0.0,0.0,0.0,0.0,0.0,0.0,0.05161290322580645,0.0,0.012903225806451613,0.0
93,0.0,0.0,0.007751937984496124,0.0,0.007751937984496124,0.015503875968992248,0.0,0.0,0.0,0.007751937984496124,0.007751937984496124,0.0,0.046511627906976744,0.03875968992248062,0.0,0.0,0.0,0.0,0.0,0.0,0.0,0.0,0.0,0.0,0.0,0.0,0.0,0.0,0.8372093023255814,0.0,0.0,0.0,0.007751937984496124,0.0,0.007751937984496124,0.0,0.0,0.0,0.0,0.0,0.007751937984496124,0.0,0.0,0.0,0.007751937984496124,0.0
94,0.00819672131147541,0.0,0.0,0.00819672131147541,0.00819672131147541,0.0,0.0,0.00819672131147541,0.0,0.00819672131147541,0.0,0.00819672131147541,0.0,0.07377049180327869,0.00819672131147541,0.0,0.8114754098360656,0.03278688524590164,0.00819672131147541,0.0,0.0,0.0,0.0,0.0,0.0,0.0,0.0,0.0,0.0,0.0,0.0,0.0,0.0,0.00819672131147541,0.0,0.00819672131147541,0.0,0.0,0.0,0.0,0.0,0.0,0.0,0.0,0.0,0.0
95,0.006756756756756757,0.0,0.033783783783783786,0.02702702702702703,0.02702702702702703,0.006756756756756757,0.006756756756756757,0.006756756756756757,0.0,0.006756756756756757,0.0,0.0,0.0,0.006756756756756757,0.0,0.0945945945945946,0.006756756756756757,0.0,0.013513513513513514,0.033783783783783786,0.013513513513513514,0.0472972972972973,0.0472972972972973,0.02027027027027027,0.04054054054054054,0.013513513513513514,0.04054054054054054,0.02027027027027027,0.02027027027027027,0.0,0.006756756756756757,0.18243243243243243,0.013513513513513514,0.013513513513513514,0.17567567567567569,0.006756756756756757,0.0,0.0,0.013513513513513514,0.0,0.0,0.0,0.0,0.013513513513513514,0.013513513513513514,0.02027027027027027
96,0.0,0.0,0.0,0.0,0.0,0.07936507936507936,0.007936507936507936,0.0,0.0,0.0,0.0,0.0,0.0,0.0,0.007936507936507936,0.0,0.007936507936507936,0.0,0.007936507936507936,0.007936507936507936,0.047619047619047616,0.03968253968253968,0.031746031746031744,0.0,0.0,0.0,0.007936507936507936,0.007936507936507936,0.0,0.16666666666666666,0.0,0.007936507936507936,0.0,0.007936507936507936,0.0,0.49206349206349204,0.0,0.0,0.0,0.0,0.0,0.07142857142857142,0.0,0.0,0.0,0.0
97,0.0,0.0038022813688212928,0.0076045627376425855,0.0076045627376425855,0.019011406844106463,0.0076045627376425855,0.015209125475285171,0.019011406844106463,0.057034220532319393,0.0038022813688212928,0.053231939163498096,0.022813688212927757,0.0038022813688212928,0.0038022813688212928,0.015209125475285171,0.011406844106463879,0.0038022813688212928,0.026615969581749048,0.015209125475285171,0.0038022813688212928,0.011406844106463879,0.026615969581749048,0.03802281368821293,0.09505703422053231,0.026615969581749048,0.03802281368821293,0.0076045627376425855,0.015209125475285171,0.011406844106463879,0.019011406844106463,0.011406844106463879,0.019011406844106463,0.045627376425855515,0.026615969581749048,0.08745247148288973,0.045627376425855515,0.015209125475285171,0.0,0.0,0.0,0.0038022813688212928,0.0,0.0076045627376425855,0.07224334600760456,0.057034220532319393,0.019011406844106463
98,0.046511627906976744,0.01744186046511628,0.005813953488372093,0.029069767441860465,0.023255813953488372,0.011627906976744186,0.06976744186046512,0.011627906976744186,0.06976744186046512,0.01744186046511628,0.046511627906976744,0.05232558139534884,0.011627906976744186,0.0,0.011627906976744186,0.011627906976744186,0.005813953488372093,0.0,0.011627906976744186,0.05813953488372093,0.05813953488372093,0.005813953488372093,0.005813953488372093,0.023255813953488372,0.03488372093023256,0.040697674418604654,0.011627906976744186,0.011627906976744186,0.0,0.011627906976744186,0.01744186046511628,0.040697674418604654,0.05813953488372093,0.06976744186046512,0.005813953488372093,0.0,0.0,0.0,0.0,0.0,0.0,0.011627906976744186,0.046511627906976744,0.005813953488372093,0.01744186046511628,0.011627906976744186
99,0.0,0.0,0.0,0.0,0.0,0.0,0.0,0.0,0.0,0.006134969325153374,0.0,0.0,0.0,0.006134969325153374,0.0,0.0,0.0,0.0,0.0,0.0,0.0,0.0,0.0,0.0,0.0,0.0,0.0,0.0,0.950920245398773,0.0,0.012269938650306749,0.006134969325153374,0.0,0.006134969325153374,0.006134969325153374,0.0,0.0,0.0,0.0,0.0,0.0,0.0,0.0,0.0,0.0,0.006134969325153374
100,0.014492753623188406,0.00966183574879227,0.07246376811594203,0.057971014492753624,0.03864734299516908,0.0966183574879227,0.01932367149758454,0.004830917874396135,0.014492753623188406,0.043478260869565216,0.01932367149758454,0.00966183574879227,0.0,0.0,0.004830917874396135,0.033816425120772944,0.014492753623188406,0.043478260869565216,0.05314009661835749,0.014492753623188406,0.00966183574879227,0.01932367149758454,0.01932367149758454,0.028985507246376812,0.08695652173913043,0.024154589371980676,0.0,0.004830917874396135,0.03864734299516908,0.028985507246376812,0.057971014492753624,0.043478260869565216,0.004830917874396135,0.028985507246376812,0.0,0.00966183574879227,0.0,0.004830917874396135,0.0,0.0,0.0,0.004830917874396135,0.0,0.014492753623188406,0.004830917874396135,0.0
101,0.0,0.005847953216374269,0.011695906432748537,0.0,0.13450292397660818,0.03508771929824561,0.023391812865497075,0.0,0.005847953216374269,0.0,0.05263157894736842,0.03508771929824561,0.0,0.0,0.0,0.017543859649122806,0.005847953216374269,0.04093567251461988,0.21052631578947367,0.011695906432748537,0.017543859649122806,0.0,0.017543859649122806,0.017543859649122806,0.0,0.005847953216374269,0.005847953216374269,0.03508771929824561,0.0,0.0,0.017543859649122806,0.005847953216374269,0.023391812865497075,0.0,0.023391812865497075,0.03508771929824561,0.0,0.0,0.0,0.0,0.0,0.011695906432748537,0.1871345029239766,0.0,0.005847953216374269,0.0
102,0.0,0.0,0.13333333333333333,0.05925925925925926,0.05185185185185185,0.0,0.05925925925925926,0.0962962962962963,0.0,0.0,0.007407407407407408,0.0,0.022222222222222223,0.022222222222222223,0.02962962962962963,0.0,0.0,0.0,0.14814814814814814,0.06666666666666667,0.007407407407407408,0.014814814814814815,0.0,0.0,0.05925925925925926,0.014814814814814815,0.022222222222222223,0.007407407407407408,0.014814814814814815,0.05925925925925926,0.0,0.05185185185185185,0.007407407407407408,0.0,0.014814814814814815,0.0,0.0,0.0,0.0,0.0,0.0,0.0,0.0,0.02962962962962963,0.0,0.0
103,0.007246376811594203,0.0,0.007246376811594203,0.014492753623188406,0.036231884057971016,0.014492753623188406,0.0,0.07246376811594203,0.0,0.0,0.021739130434782608,0.007246376811594203,0.0,0.0,0.0,0.0,0.007246376811594203,0.014492753623188406,0.0,0.4782608695652174,0.007246376811594203,0.050724637681159424,0.036231884057971016,0.007246376811594203,0.0,0.007246376811594203,0.014492753623188406,0.0,0.0,0.0,0.0,0.12318840579710146,0.007246376811594203,0.007246376811594203,0.021739130434782608,0.0,0.0,0.0,0.0,0.0,0.0,0.0,0.014492753623188406,0.014492753623188406,0.007246376811594203,0.0
104,0.0,0.058823529411764705,0.014705882352941176,0.03676470588235294,0.0,0.16176470588235295,0.007352941176470588,0.0,0.007352941176470588,0.0,0.007352941176470588,0.3014705882352941,0.0,0.007352941176470588,0.022058823529411766,0.022058823529411766,0.007352941176470588,0.0,0.0,0.014705882352941176,0.051470588235294115,0.051470588235294115,0.007352941176470588,0.0,0.007352941176470588,0.007352941176470588,0.08088235294117647,0.007352941176470588,0.029411764705882353,0.0,0.0,0.022058823529411766,0.0,0.014705882352941176,0.014705882352941176,0.029411764705882353,0.0,0.0,0.0,0.0,0.0,0.007352941176470588,0.0,0.0,0.0,0.0
105,0.006802721088435374,0.006802721088435374,0.0,0.0,0.006802721088435374,0.0,0.07482993197278912,0.0,0.04081632653061224,0.08163265306122448,0.09523809523809523,0.006802721088435374,0.0,0.0,0.0,0.02040816326530612,0.0,0.02040816326530612,0.0,0.006802721088435374,0.006802721088435374,0.006802721088435374,0.047619047619047616,0.2857142857142857,0.0,0.0,0.0,0.0,0.006802721088435374,0.006802721088435374,0.0,0.034013605442176874,0.006802721088435374,0.061224489795918366,0.09523809523809523,0.006802721088435374,0.0,0.006802721088435374,0.0,0.0,0.0,0.0,0.0,0.006802721088435374,0.006802721088435374,0.047619047619047616
106,0.026490066225165563,0.052980132450331126,0.09271523178807947,0.0,0.013245033112582781,0.08609271523178808,0.013245033112582781,0.052980132450331126,0.0,0.026490066225165563,0.0,0.0,0.013245033112582781,0.0,0.10596026490066225,0.0,0.2185430463576159,0.0,0.026490066225165563,0.039735099337748346,0.006622516556291391,0.0,0.006622516556291391,0.013245033112582781,0.013245033112582781,0.013245033112582781,0.006622516556291391,0.026490066225165563,0.026490066225165563,0.006622516556291391,0.013245033112582781,0.033112582781456956,0.0,0.019867549668874173,0.006622516556291391,0.0,0.006622516556291391,0.0,0.0,0.0,0.0,0.0,0.0,0.033112582781456956,0.0,0.0
107,0.012345679012345678,0.043209876543209874,0.012345679012345678,0.030864197530864196,0.030864197530864196,0.0,0.024691358024691357,0.012345679012345678,0.0,0.012345679012345678,0.024691358024691357,0.043209876543209874,0.05555555555555555,0.04938271604938271,0.1111111111111111,0.018518518518518517,0.06172839506172839,0.006172839506172839,0.030864197530864196,0.0,0.0,0.024691358024691357,0.0,0.043209876543209874,0.012345679012345678,0.08024691358024691,0.10493827160493827,0.0,0.04938271604938271,0.018518518518518517,0.006172839506172839,0.0,0.012345679012345678,0.018518518518518517,0.0,0.012345679012345678,0.0,0.0,0.0,0.0,0.0,0.0,0.024691358024691357,0.006172839506172839,0.0,0.006172839506172839
108,0.0,0.0,0.013157894736842105,0.0,0.0,0.0,0.0,0.0,0.006578947368421052,0.006578947368421052,0.02631578947368421,0.006578947368421052,0.006578947368421052,0.0,0.0,0.0,0.0,0.046052631578947366,0.006578947368421052,0.0,0.006578947368421052,0.013157894736842105,0.06578947368421052,0.10526315789473684,0.0,0.013157894736842105,0.006578947368421052,0.0,0.013157894736842105,0.013157894736842105,0.013157894736842105,0.006578947368421052,0.02631578947368421,0.02631578947368421,0.03289473684210526,0.0,0.0,0.0,0.0,0.0,0.0,0.0,0.0,0.006578947368421052,0.3223684210526316,0.21052631578947367
109,0.0,0.0,0.0,0.008547008547008548,0.0,0.0,0.0,0.0,0.017094017094017096,0.0,0.0,0.0,0.0,0.0,0.017094017094017096,0.0,0.0,0.0,0.0,0.0,0.0,0.008547008547008548,0.0,0.0,0.0,0.0,0.9487179487179487,0.0,0.0,0.0,0.0,0.0,0.0,0.0,0.0,0.0,0.0,0.0,0.0,0.0,0.0,0.0,0.0,0.0,0.0,0.0
110,0.011406844106463879,0.030418250950570342,0.015209125475285171,0.022813688212927757,0.022813688212927757,0.0076045627376425855,0.011406844106463879,0.057034220532319393,0.0,0.10646387832699619,0.053231939163498096,0.015209125475285171,0.0076045627376425855,0.019011406844106463,0.0038022813688212928,0.0076045627376425855,0.015209125475285171,0.0076045627376425855,0.0076045627376425855,0.022813688212927757,0.015209125475285171,0.019011406844106463,0.14068441064638784,0.03802281368821293,0.045627376425855515,0.022813688212927757,0.0076045627376425855,0.08365019011406843,0.019011406844106463,0.0076045627376425855,0.0038022813688212928,0.026615969581749048,0.0038022813688212928,0.019011406844106463,0.057034220532319393,0.011406844106463879,0.0,0.0,0.0,0.0,0.0038022813688212928,0.011406844106463879,0.0,0.0076045627376425855,0.0038022813688212928,0.0076045627376425855
111,0.0,0.0,0.0,0.009259259259259259,0.0,0.0,0.0,0.0,0.0,0.0,0.0,0.0,0.0,0.0,0.0,0.018518518518518517,0.018518518518518517,0.0,0.0,0.0,0.0,0.0,0.0,0.9074074074074074,0.0,0.0,0.0,0.0,0.027777777777777776,0.0,0.0,0.0,0.009259259259259259,0.009259259259259259,0.0,0.0,0.0,0.0,0.0,0.0,0.0,0.0,0.0,0.0,0.0,0.0
112,0.0,0.007874015748031496,0.007874015748031496,0.007874015748031496,0.007874015748031496,0.0,0.031496062992125984,0.015748031496062992,0.0,0.015748031496062992,0.015748031496062992,0.023622047244094488,0.007874015748031496,0.007874015748031496,0.007874015748031496,0.023622047244094488,0.007874015748031496,0.023622047244094488,0.3779527559055118,0.007874015748031496,0.007874015748031496,0.031496062992125984,0.007874015748031496,0.007874015748031496,0.007874015748031496,0.015748031496062992,0.03937007874015748,0.0,0.0,0.015748031496062992,0.015748031496062992,0.15748031496062992,0.047244094488188976,0.023622047244094488,0.015748031496062992,0.0,0.0,0.0,0.0,0.0,0.0,0.0,0.0,0.007874015748031496,0.0,0.0
113,0.0,0.008130081300813009,0.04878048780487805,0.04878048780487805,0.04878048780487805,0.024390243902439025,0.04878048780487805,0.08943089430894309,0.008130081300813009,0.032520325203252036,0.016260162601626018,0.04065040650406504,0.0975609756097561,0.056910569105691054,0.032520325203252036,0.024390243902439025,0.04065040650406504,0.024390243902439025,0.04878048780487805,0.04065040650406504,0.024390243902439025,0.008130081300813009,0.016260162601626018,0.0,0.008130081300813009,0.0,0.008130081300813009,0.0,0.024390243902439025,0.008130081300813009,0.016260162601626018,0.056910569105691054,0.008130081300813009,0.024390243902439025,0.008130081300813009,0.0,0.0,0.0,0.0,0.0,0.0,0.008130081300813009,0.0,0.0,0.0,0.0
114,0.0,0.009345794392523364,0.06542056074766354,0.102803738317757,0.0,0.04672897196261682,0.018691588785046728,0.018691588785046728,0.06542056074766354,0.0,0.4766355140186916,0.08411214953271028,0.018691588785046728,0.07476635514018691,0.0,0.018691588785046728,0.0,0.0,0.0,0.0,0.0,0.0,0.0,0.0,0.0,0.0,0.0,0.0,0.0,0.0,0.0,0.0,0.0,0.0,0.0,0.0,0.0,0.0,0.0,0.0,0.0,0.0,0.0,0.0,0.0,0.0
115,0.0,0.05357142857142857,0.008928571428571428,0.026785714285714284,0.0,0.0,0.0,0.017857142857142856,0.0,0.026785714285714284,0.0,0.0,0.0,0.0,0.0,0.0,0.0,0.0,0.0,0.008928571428571428,0.0,0.017857142857142856,0.008928571428571428,0.0,0.0,0.0,0.0,0.0,0.0,0.0,0.0,0.008928571428571428,0.0,0.008928571428571428,0.8035714285714286,0.0,0.008928571428571428,0.0,0.0,0.0,0.0,0.0,0.0,0.0,0.0,0.0
116,0.0,0.0,0.05303030303030303,0.09090909090909091,0.022727272727272728,0.030303030303030304,0.007575757575757576,0.0,0.0,0.007575757575757576,0.015151515151515152,0.030303030303030304,0.0,0.007575757575757576,0.06060606060606061,0.06060606060606061,0.12878787878787878,0.0,0.015151515151515152,0.015151515151515152,0.05303030303030303,0.030303030303030304,0.0,0.015151515151515152,0.03787878787878788,0.0,0.030303030303030304,0.08333333333333333,0.0,0.0,0.007575757575757576,0.007575757575757576,0.022727272727272728,0.007575757575757576,0.0,0.0,0.0,0.0,0.007575757575757576,0.0,0.0,0.0,0.0,0.0,0.022727272727272728,0.12878787878787878
117,0.05263157894736842,0.005847953216374269,0.017543859649122806,0.05263157894736842,0.023391812865497075,0.0,0.023391812865497075,0.011695906432748537,0.011695906432748537,0.011695906432748537,0.005847953216374269,0.017543859649122806,0.011695906432748537,0.0,0.0,0.017543859649122806,0.04678362573099415,0.023391812865497075,0.04093567251461988,0.1111111111111111,0.011695906432748537,0.023391812865497075,0.07017543859649122,0.0,0.023391812865497075,0.04678362573099415,0.05847953216374269,0.05847953216374269,0.04093567251461988,0.011695906432748537,0.011695906432748537,0.04093567251461988,0.03508771929824561,0.023391812865497075,0.029239766081871343,0.005847953216374269,0.0,0.0,0.0,0.0,0.0,0.0,0.011695906432748537,0.005847953216374269,0.0,0.005847953216374269
118,0.0,0.0,0.014925373134328358,0.029850746268656716,0.029850746268656716,0.0,0.0,0.0,0.022388059701492536,0.07462686567164178,0.13432835820895522,0.007462686567164179,0.029850746268656716,0.0,0.014925373134328358,0.0,0.014925373134328358,0.0,0.0,0.11194029850746269,0.05970149253731343,0.04477611940298507,0.04477611940298507,0.0,0.03731343283582089,0.05970149253731343,0.022388059701492536,0.022388059701492536,0.04477611940298507,0.007462686567164179,0.03731343283582089,0.014925373134328358,0.007462686567164179,0.09701492537313433,0.0,0.0,0.0,0.0,0.0,0.0,0.0,0.0,0.007462686567164179,0.007462686567164179,0.0,0.0
119,0.011834319526627219,0.17751479289940827,0.17751479289940827,0.005917159763313609,0.07100591715976332,0.005917159763313609,0.0,0.03550295857988166,0.03550295857988166,0.0,0.0,0.01775147928994083,0.0,0.03550295857988166,0.005917159763313609,0.011834319526627219,0.005917159763313609,0.0,0.005917159763313609,0.05325443786982249,0.005917159763313609,0.0,0.011834319526627219,0.005917159763313609,0.005917159763313609,0.005917159763313609,0.10650887573964497,0.0,0.01775147928994083,0.0,0.0,0.0,0.05917159763313609,0.005917159763313609,0.011834319526627219,0.08284023668639054,0.0,0.011834319526627219,0.0,0.0,0.0,0.0,0.011834319526627219,0.0,0.0,0.0
120,0.0,0.0,0.009433962264150943,0.0,0.02830188679245283,0.0,0.0,0.0,0.0,0.018867924528301886,0.0,0.0,0.0,0.009433962264150943,0.0660377358490566,0.0,0.009433962264150943,0.08490566037735849,0.0,0.0,0.0,0.009433962264150943,0.03773584905660377,0.0,0.0,0.0,0.5377358490566038,0.07547169811320754,0.0,0.009433962264150943,0.02830188679245283,0.0,0.0,0.0,0.009433962264150943,0.0,0.0,0.0,0.0,0.0,0.0,0.0,0.0,0.0,0.05660377358490566,0.009433962264150943
121,0.0,0.10084033613445378,0.06722689075630252,0.01680672268907563,0.04201680672268908,0.01680672268907563,0.008403361344537815,0.008403361344537815,0.008403361344537815,0.008403361344537815,0.01680672268907563,0.03361344537815126,0.04201680672268908,0.0,0.008403361344537815,0.008403361344537815,0.01680672268907563,0.03361344537815126,0.01680672268907563,0.0,0.0,0.03361344537815126,0.08403361344537816,0.01680672268907563,0.0,0.05042016806722689,0.008403361344537815,0.03361344537815126,0.06722689075630252,0.008403361344537815,0.0,0.008403361344537815,0.04201680672268908,0.008403361344537815,0.0,0.0,0.0,0.0,0.0,0.0,0.03361344537815126,0.09243697478991597,0.0,0.025210084033613446,0.03361344537815126,0.0
122,0.0,0.009009009009009009,0.0,0.018018018018018018,0.0,0.0,0.0,0.0,0.009009009009009009,0.0,0.009009009009009009,0.0,0.0,0.0,0.009009009009009009,0.018018018018018018,0.0,0.036036036036036036,0.036036036036036036,0.05405405405405406,0.05405405405405406,0.09009009009009009,0.0990990990990991,0.02702702702702703,0.12612612612612611,0.06306306306306306,0.05405405405405406,0.036036036036036036,0.018018018018018018,0.0,0.0,0.009009009009009009,0.02702702702702703,0.009009009009009009,0.018018018018018018,0.0,0.0,0.0,0.018018018018018018,0.0,0.009009009009009009,0.04504504504504504,0.08108108108108109,0.018018018018018018,0.0,0.0
123,0.0,0.05333333333333334,0.05333333333333334,0.06,0.06,0.04,0.04,0.006666666666666667,0.006666666666666667,0.04,0.013333333333333334,0.02,0.08666666666666667,0.04,0.013333333333333334,0.05333333333333334,0.03333333333333333,0.06666666666666667,0.0,0.006666666666666667,0.006666666666666667,0.0,0.006666666666666667,0.013333333333333334,0.05333333333333334,0.04,0.006666666666666667,0.013333333333333334,0.006666666666666667,0.05333333333333334,0.0,0.0,0.0,0.0,0.006666666666666667,0.0,0.0,0.0,0.0,0.0,0.0,0.02,0.0,0.07333333333333333,0.006666666666666667,0.0
124,0.008849557522123894,0.0,0.23893805309734514,0.017699115044247787,0.008849557522123894,0.02654867256637168,0.0,0.035398230088495575,0.05309734513274336,0.0,0.035398230088495575,0.0,0.02654867256637168,0.0,0.12389380530973451,0.10619469026548672,0.008849557522123894,0.02654867256637168,0.0,0.05309734513274336,0.017699115044247787,0.0,0.02654867256637168,0.0,0.0,0.0,0.05309734513274336,0.02654867256637168,0.0,0.0,0.0,0.0,0.008849557522123894,0.008849557522123894,0.0,0.0,0.0,0.0,0.0,0.0,0.0,0.0,0.0,0.04424778761061947,0.035398230088495575,0.008849557522123894
125,0.05185185185185185,0.022222222222222223,0.05185185185185185,0.06666666666666667,0.007407407407407408,0.0,0.022222222222222223,0.044444444444444446,0.0,0.0,0.007407407407407408,0.0,0.007407407407407408,0.0,0.014814814814814815,0.1037037037037037,0.0,0.05185185185185185,0.014814814814814815,0.022222222222222223,0.007407407407407408,0.022222222222222223,0.007407407407407408,0.007407407407407408,0.044444444444444446,0.0,0.022222222222222223,0.18518518518518517,0.07407407407407407,0.014814814814814815,0.0,0.0,0.0,0.044444444444444446,0.014814814814814815,0.0,0.0,0.0,0.0,0.0,0.0,0.06666666666666667,0.0,0.0,0.0,0.0
126,0.0,0.03333333333333333,0.02,0.013333333333333334,0.013333333333333334,0.013333333333333334,0.04666666666666667,0.013333333333333334,0.006666666666666667,0.02,0.12666666666666668,0.06,0.006666666666666667,0.06666666666666667,0.02666666666666667,0.04,0.02,0.013333333333333334,0.006666666666666667,0.05333333333333334,0.013333333333333334,0.12666666666666668,0.08666666666666667,0.0,0.006666666666666667,0.02666666666666667,0.006666666666666667,0.013333333333333334,0.013333333333333334,0.0,0.0,0.0,0.0,0.006666666666666667,0.006666666666666667,0.06,0.0,0.006666666666666667,0.0,0.0,0.0,0.0,0.0,0.006666666666666667,0.006666666666666667,0.013333333333333334
127,0.015625,0.0078125,0.015625,0.0,0.0,0.015625,0.0,0.0078125,0.0,0.015625,0.0,0.0,0.015625,0.0,0.0,0.0,0.0,0.0,0.015625,0.0078125,0.0234375,0.0078125,0.0078125,0.0,0.0,0.015625,0.765625,0.0078125,0.0,0.0,0.0,0.0,0.0078125,0.0,0.0078125,0.0078125,0.0,0.0,0.0,0.0,0.0,0.0,0.0234375,0.0,0.0078125,0.0
128,0.0,0.0,0.0,0.0,0.0,0.0,0.0,0.0,0.0,0.0,0.010101010101010102,0.0,0.0,0.0,0.0,0.0,0.0,0.0,0.0,0.010101010101010102,0.0,0.0,0.0,0.8888888888888888,0.010101010101010102,0.0,0.020202020202020204,0.0,0.0,0.0,0.010101010101010102,0.0,0.010101010101010102,0.030303030303030304,0.010101010101010102,0.0,0.0,0.0,0.0,0.0,0.0,0.0,0.0,0.0,0.0,0.0
129,0.0,0.022388059701492536,0.007462686567164179,0.014925373134328358,0.022388059701492536,0.029850746268656716,0.007462686567164179,0.007462686567164179,0.0,0.007462686567164179,0.0,0.0,0.014925373134328358,0.0,0.014925373134328358,0.6343283582089553,0.022388059701492536,0.007462686567164179,0.04477611940298507,0.0,0.007462686567164179,0.007462686567164179,0.022388059701492536,0.0,0.0,0.007462686567164179,0.007462686567164179,0.014925373134328358,0.007462686567164179,0.0,0.0,0.0,0.007462686567164179,0.007462686567164179,0.0,0.0,0.014925373134328358,0.0,0.0,0.0,0.0,0.007462686567164179,0.0,0.022388059701492536,0.0,0.007462686567164179
130,0.0,0.0,0.05,0.008333333333333333,0.03333333333333333,0.025,0.008333333333333333,0.11666666666666667,0.0,0.008333333333333333,0.0,0.008333333333333333,0.0,0.008333333333333333,0.008333333333333333,0.008333333333333333,0.016666666666666666,0.03333333333333333,0.025,0.016666666666666666,0.0,0.125,0.05,0.041666666666666664,0.0,0.016666666666666666,0.05,0.0,0.0,0.008333333333333333,0.008333333333333333,0.025,0.008333333333333333,0.03333333333333333,0.008333333333333333,0.0,0.0,0.0,0.0,0.0,0.0,0.025,0.20833333333333334,0.008333333333333333,0.0,0.008333333333333333
131,0.0,0.015037593984962405,0.022556390977443608,0.015037593984962405,0.045112781954887216,0.007518796992481203,0.007518796992481203,0.007518796992481203,0.022556390977443608,0.06015037593984962,0.09022556390977443,0.0,0.007518796992481203,0.015037593984962405,0.007518796992481203,0.0,0.03759398496240601,0.015037593984962405,0.03759398496240601,0.15037593984962405,0.0,0.07518796992481203,0.03007518796992481,0.045112781954887216,0.0,0.0,0.015037593984962405,0.007518796992481203,0.06015037593984962,0.0,0.007518796992481203,0.015037593984962405,0.0,0.08270676691729323,0.03759398496240601,0.015037593984962405,0.0,0.0,0.0,0.0,0.022556390977443608,0.0,0.0,0.0,0.022556390977443608,0.0
132,0.009433962264150943,0.02830188679245283,0.0,0.03773584905660377,0.018867924528301886,0.02830188679245283,0.0660377358490566,0.03773584905660377,0.05660377358490566,0.018867924528301886,0.0,0.0,0.0,0.009433962264150943,0.0,0.009433962264150943,0.0,0.02830188679245283,0.018867924528301886,0.009433962264150943,0.018867924528301886,0.0660377358490566,0.009433962264150943,0.018867924528301886,0.0,0.0,0.0,0.07547169811320754,0.009433962264150943,0.02830188679245283,0.10377358490566038,0.0,0.04716981132075472,0.04716981132075472,0.018867924528301886,0.0,0.0,0.0,0.0,0.0,0.0,0.0,0.0,0.0660377358490566,0.11320754716981132,0.0
133,0.0,0.03278688524590164,0.00819672131147541,0.0,0.040983606557377046,0.00819672131147541,0.00819672131147541,0.0,0.0,0.04918032786885246,0.09016393442622951,0.03278688524590164,0.040983606557377046,0.040983606557377046,0.20491803278688525,0.0,0.040983606557377046,0.0,0.02459016393442623,0.0,0.0,0.03278688524590164,0.0,0.0,0.03278688524590164,0.05737704918032787,0.0,0.0,0.00819672131147541,0.00819672131147541,0.06557377049180328,0.00819672131147541,0.00819672131147541,0.0,0.04918032786885246,0.0,0.02459016393442623,0.0,0.00819672131147541,0.0,0.0,0.02459016393442623,0.00819672131147541,0.040983606557377046,0.0,0.0
134,0.012048192771084338,0.024096385542168676,0.03614457831325301,0.006024096385542169,0.04216867469879518,0.0,0.03614457831325301,0.012048192771084338,0.012048192771084338,0.006024096385542169,0.030120481927710843,0.0,0.0,0.012048192771084338,0.012048192771084338,0.030120481927710843,0.012048192771084338,0.030120481927710843,0.012048192771084338,0.030120481927710843,0.018072289156626505,0.09036144578313253,0.05421686746987952,0.060240963855421686,0.006024096385542169,0.03614457831325301,0.13253012048192772,0.0,0.006024096385542169,0.0,0.08433734939759036,0.018072289156626505,0.006024096385542169,0.012048192771084338,0.03614457831325301,0.006024096385542169,0.0,0.0,0.0,0.0,0.0,0.006024096385542169,0.006024096385542169,0.018072289156626505,0.03614457831325301,0.012048192771084338
135,0.0,0.014598540145985401,0.0948905109489051,0.0072992700729927005,0.0,0.0072992700729927005,0.0,0.0,0.014598540145985401,0.0072992700729927005,0.058394160583941604,0.014598540145985401,0.0072992700729927005,0.029197080291970802,0.014598540145985401,0.0072992700729927005,0.043795620437956206,0.0072992700729927005,0.0072992700729927005,0.0072992700729927005,0.0072992700729927005,0.1386861313868613,0.0072992700729927005,0.27007299270072993,0.0072992700729927005,0.10948905109489052,0.014598540145985401,0.0072992700729927005,0.014598540145985401,0.0072992700729927005,0.0,0.0072992700729927005,0.0072992700729927005,0.014598540145985401,0.0072992700729927005,0.0072992700729927005,0.0,0.0,0.0,0.0,0.0,0.0,0.021897810218978103,0.0072992700729927005,0.0,0.0
136,0.0,0.0044444444444444444,0.022222222222222223,0.04,0.04,0.03111111111111111,0.0044444444444444444,0.017777777777777778,0.017777777777777778,0.02666666666666667,0.044444444444444446,0.02666666666666667,0.013333333333333334,0.013333333333333334,0.0044444444444444444,0.04,0.05333333333333334,0.044444444444444446,0.008888888888888889,0.017777777777777778,0.02666666666666667,0.03111111111111111,0.035555555555555556,0.02666666666666667,0.017777777777777778,0.0044444444444444444,0.03111111111111111,0.03111111111111111,0.022222222222222223,0.017777777777777778,0.044444444444444446,0.022222222222222223,0.035555555555555556,0.02666666666666667,0.05333333333333334,0.02666666666666667,0.0,0.013333333333333334,0.0,0.0,0.0044444444444444444,0.008888888888888889,0.0044444444444444444,0.017777777777777778,0.017777777777777778,0.008888888888888889
137,0.052083333333333336,0.010416666666666666,0.0,0.010416666666666666,0.010416666666666666,0.03125,0.0,0.0,0.0,0.010416666666666666,0.010416666666666666,0.13541666666666666,0.0,0.03125,0.0,0.0,0.020833333333333332,0.03125,0.020833333333333332,0.0,0.010416666666666666,0.0625,0.03125,0.08333333333333333,0.03125,0.03125,0.0,0.0,0.010416666666666666,0.020833333333333332,0.0,0.010416666666666666,0.03125,0.0,0.03125,0.0,0.0,0.041666666666666664,0.0,0.0,0.0,0.010416666666666666,0.13541666666666666,0.08333333333333333,0.0,0.0
138,0.0,0.02040816326530612,0.061224489795918366,0.05102040816326531,0.0,0.01020408163265306,0.0,0.04081632653061224,0.030612244897959183,0.0,0.05102040816326531,0.02040816326530612,0.0,0.0,0.01020408163265306,0.01020408163265306,0.02040816326530612,0.0,0.01020408163265306,0.01020408163265306,0.02040816326530612,0.02040816326530612,0.030612244897959183,0.09183673469387756,0.0,0.0,0.04081632653061224,0.0,0.0,0.0,0.030612244897959183,0.02040816326530612,0.04081632653061224,0.02040816326530612,0.09183673469387756,0.01020408163265306,0.0,0.0,0.0,0.0,0.0,0.08163265306122448,0.05102040816326531,0.02040816326530612,0.0,0.08163265306122448
139,0.0,0.0,0.0,0.0,0.0,0.0,0.07920792079207921,0.0,0.039603960396039604,0.0,0.0,0.019801980198019802,0.0,0.0,0.019801980198019802,0.6435643564356436,0.0594059405940594,0.009900990099009901,0.009900990099009901,0.0,0.0,0.0,0.019801980198019802,0.0,0.009900990099009901,0.0,0.0,0.0,0.009900990099009901,0.0,0.009900990099009901,0.009900990099009901,0.009900990099009901,0.0,0.0,0.0,0.0,0.0,0.0,0.0,0.0,0.009900990099009901,0.019801980198019802,0.009900990099009901,0.009900990099009901,0.0
140,0.0,0.0,0.0,0.0,0.0,0.0,0.0,0.0,0.0,0.0,0.03225806451612903,0.0,0.0,0.010752688172043012,0.0,0.0,0.0,0.010752688172043012,0.0,0.0,0.0,0.0,0.010752688172043012,0.0,0.021505376344086023,0.0,0.0,0.0,0.0,0.010752688172043012,0.0,0.0,0.010752688172043012,0.0967741935483871,0.021505376344086023,0.0,0.0,0.0,0.0,0.0,0.0,0.0,0.7741935483870968,0.0,0.0,0.0
141,0.0,0.049019607843137254,0.0,0.0,0.0,0.049019607843137254,0.06862745098039216,0.0,0.0,0.0,0.0,0.0,0.0,0.0,0.0,0.24509803921568626,0.0,0.0,0.0,0.00980392156862745,0.0,0.0,0.00980392156862745,0.0,0.18627450980392157,0.049019607843137254,0.06862745098039216,0.0,0.00980392156862745,0.0,0.0,0.049019607843137254,0.00980392156862745,0.0196078431372549,0.11764705882352941,0.0,0.0,0.0,0.0,0.0,0.0,0.0392156862745098,0.0,0.0196078431372549,0.0,0.0
142,0.0,0.0,0.0,0.0,0.0,0.0,0.0,0.0,0.0,0.0,0.0,0.0,0.0,0.0,0.0,0.0,0.017857142857142856,0.9464285714285714,0.0,0.0,0.008928571428571428,0.0,0.0,0.0,0.008928571428571428,0.0,0.0,0.0,0.008928571428571428,0.0,0.0,0.0,0.0,0.0,0.0,0.008928571428571428,0.0,0.0,0.0,0.0,0.0,0.0,0.0,0.0,0.0,0.0
143,0.0,0.03773584905660377,0.0,0.08490566037735849,0.0,0.42452830188679247,0.009433962264150943,0.0,0.0,0.009433962264150943,0.009433962264150943,0.0,0.0,0.0,0.018867924528301886,0.0,0.0,0.009433962264150943,0.0,0.0,0.0,0.0,0.0,0.009433962264150943,0.009433962264150943,0.0,0.009433962264150943,0.33962264150943394,0.0,0.0,0.0,0.0,0.0,0.0,0.018867924528301886,0.0,0.0,0.0,0.0,0.0,0.0,0.0,0.0,0.009433962264150943,0.0,0.0
144,0.0,0.039603960396039604,0.009900990099009901,0.009900990099009901,0.16831683168316833,0.0,0.0,0.009900990099009901,0.0,0.0,0.15841584158415842,0.0,0.0,0.2079207920792079,0.009900990099009901,0.0,0.009900990099009901,0.0,0.0,0.0,0.0,0.0,0.0,0.0,0.0,0.31683168316831684,0.019801980198019802,0.0,0.009900990099009901,0.009900990099009901,0.019801980198019802,0.0,0.0,0.0,0.0,0.0,0.0,0.0,0.0,0.0,0.0,0.0,0.0,0.0,0.0,0.0
145,0.0,0.019867549668874173,0.0,0.026490066225165563,0.006622516556291391,0.0,0.013245033112582781,0.013245033112582781,0.0,0.0,0.006622516556291391,0.006622516556291391,0.013245033112582781,0.013245033112582781,0.0,0.033112582781456956,0.026490066225165563,0.019867549668874173,0.026490066225165563,0.019867549668874173,0.006622516556291391,0.033112582781456956,0.0,0.006622516556291391,0.0,0.006622516556291391,0.006622516556291391,0.006622516556291391,0.019867549668874173,0.033112582781456956,0.006622516556291391,0.019867549668874173,0.0,0.5629139072847682,0.026490066225165563,0.0,0.0,0.0,0.0,0.0,0.0,0.006622516556291391,0.006622516556291391,0.006622516556291391,0.0,0.0
146,0.0,0.014084507042253521,0.014084507042253521,0.009389671361502348,0.2300469483568075,0.014084507042253521,0.018779342723004695,0.014084507042253521,0.004694835680751174,0.028169014084507043,0.07981220657276995,0.014084507042253521,0.018779342723004695,0.0,0.009389671361502348,0.004694835680751174,0.03286384976525822,0.004694835680751174,0.03755868544600939,0.056338028169014086,0.06572769953051644,0.014084507042253521,0.07981220657276995,0.03286384976525822,0.051643192488262914,0.056338028169014086,0.009389671361502348,0.0,0.009389671361502348,0.004694835680751174,0.004694835680751174,0.009389671361502348,0.014084507042253521,0.0,0.018779342723004695,0.018779342723004695,0.0,0.0,0.0,0.0,0.0,0.0,0.0,0.0,0.0,0.004694835680751174
147,0.0,0.037037037037037035,0.0,0.0,0.009259259259259259,0.018518518518518517,0.027777777777777776,0.009259259259259259,0.0,0.0,0.0,0.018518518518518517,0.009259259259259259,0.0,0.018518518518518517,0.009259259259259259,0.027777777777777776,0.009259259259259259,0.0,0.0,0.018518518518518517,0.0,0.0,0.018518518518518517,0.009259259259259259,0.009259259259259259,0.027777777777777776,0.037037037037037035,0.0,0.037037037037037035,0.0,0.0,0.0,0.0,0.009259259259259259,0.0,0.0,0.0,0.0,0.0,0.0,0.6296296296296297,0.0,0.0,0.009259259259259259,0.0
148,0.0,0.00966183574879227,0.01932367149758454,0.01932367149758454,0.01932367149758454,0.033816425120772944,0.024154589371980676,0.024154589371980676,0.004830917874396135,0.014492753623188406,0.014492753623188406,0.014492753623188406,0.014492753623188406,0.014492753623188406,0.00966183574879227,0.014492753623188406,0.024154589371980676,0.05314009661835749,0.014492753623188406,0.004830917874396135,0.0,0.057971014492753624,0.10628019323671498,0.043478260869565216,0.03864734299516908,0.03864734299516908,0.014492753623188406,0.004830917874396135,0.014492753623188406,0.014492753623188406,0.01932367149758454,0.01932367149758454,0.004830917874396135,0.18357487922705315,0.00966183574879227,0.004830917874396135,0.0,0.0,0.0,0.0,0.0,0.0,0.004830917874396135,0.00966183574879227,0.014492753623188406,0.04830917874396135
149,0.0,0.0,0.009009009009009009,0.018018018018018018,0.0,0.018018018018018018,0.0,0.0,0.009009009009009009,0.36936936936936937,0.0,0.0,0.0,0.0,0.0,0.0,0.009009009009009009,0.0,0.0,0.02702702702702703,0.16216216216216217,0.036036036036036036,0.0,0.009009009009009009,0.0,0.0,0.009009009009009009,0.0,0.0,0.0,0.0,0.0,0.0,0.21621621621621623,0.0,0.0,0.0,0.0,0.0,0.0,0.0,0.0,0.0,0.0,0.07207207207207207,0.036036036036036036
150,0.0,0.0,0.01098901098901099,0.0,0.0,0.0989010989010989,0.01098901098901099,0.0,0.01098901098901099,0.0,0.0,0.01098901098901099,0.0,0.0,0.0,0.0,0.0,0.01098901098901099,0.0,0.0,0.0,0.0,0.0,0.0,0.0,0.0,0.0,0.0,0.02197802197802198,0.0,0.02197802197802198,0.0,0.0,0.7912087912087912,0.0,0.0,0.0,0.0,0.0,0.0,0.0,0.0,0.0,0.0,0.01098901098901099,0.0
151,0.0,0.032520325203252036,0.016260162601626018,0.024390243902439025,0.0,0.016260162601626018,0.07317073170731707,0.04878048780487805,0.008130081300813009,0.04878048780487805,0.10569105691056911,0.016260162601626018,0.04878048780487805,0.008130081300813009,0.0,0.25203252032520324,0.056910569105691054,0.008130081300813009,0.0,0.024390243902439025,0.0,0.024390243902439025,0.016260162601626018,0.07317073170731707,0.032520325203252036,0.0,0.0,0.0,0.016260162601626018,0.0,0.0,0.0,0.008130081300813009,0.016260162601626018,0.016260162601626018,0.0,0.0,0.0,0.008130081300813009,0.0,0.0,0.0,0.0,0.0,0.0,0.0
152,0.0,0.0,0.010869565217391304,0.010869565217391304,0.021739130434782608,0.11956521739130435,0.021739130434782608,0.0,0.2826086956521739,0.010869565217391304,0.0,0.0,0.0,0.0,0.0,0.06521739130434782,0.010869565217391304,0.021739130434782608,0.0,0.0,0.010869565217391304,0.25,0.03260869565217391,0.010869565217391304,0.0,0.0,0.0,0.0,0.043478260869565216,0.010869565217391304,0.0,0.0,0.010869565217391304,0.043478260869565216,0.0,0.0,0.0,0.0,0.0,0.0,0.0,0.0,0.0,0.0,0.010869565217391304,0.0
153,0.024793388429752067,0.06611570247933884,0.049586776859504134,0.01652892561983471,0.024793388429752067,0.0,0.0,0.008264462809917356,0.024793388429752067,0.008264462809917356,0.04132231404958678,0.024793388429752067,0.01652892561983471,0.0,0.008264462809917356,0.0,0.0,0.0,0.0,0.008264462809917356,0.0,0.01652892561983471,0.008264462809917356,0.09090909090909091,0.0,0.06611570247933884,0.0743801652892562,0.05785123966942149,0.03305785123966942,0.0,0.0,0.024793388429752067,0.024793388429752067,0.03305785123966942,0.14049586776859505,0.024793388429752067,0.0,0.0,0.0,0.0,0.0,0.008264462809917356,0.0,0.024793388429752067,0.049586776859504134,0.0
154,0.03418803418803419,0.05128205128205128,0.2222222222222222,0.008547008547008548,0.02564102564102564,0.10256410256410256,0.017094017094017096,0.017094017094017096,0.0,0.0,0.02564102564102564,0.0,0.008547008547008548,0.05982905982905983,0.042735042735042736,0.008547008547008548,0.017094017094017096,0.0,0.0,0.008547008547008548,0.0,0.0,0.008547008547008548,0.008547008547008548,0.008547008547008548,0.1282051282051282,0.008547008547008548,0.0,0.02564102564102564,0.07692307692307693,0.0,0.06837606837606838,0.008547008547008548,0.0,0.008547008547008548,0.0,0.0,0.0,0.0,0.0,0.0,0.0,0.0,0.0,0.0,0.0
155,0.006896551724137931,0.15862068965517243,0.034482758620689655,0.0,0.020689655172413793,0.0,0.0,0.006896551724137931,0.006896551724137931,0.006896551724137931,0.006896551724137931,0.027586206896551724,0.041379310344827586,0.06896551724137931,0.04827586206896552,0.0,0.0,0.0,0.04827586206896552,0.006896551724137931,0.0,0.0,0.013793103448275862,0.04827586206896552,0.11724137931034483,0.05517241379310345,0.05517241379310345,0.0,0.020689655172413793,0.0,0.0,0.013793103448275862,0.006896551724137931,0.020689655172413793,0.034482758620689655,0.027586206896551724,0.0,0.0,0.0,0.0,0.08275862068965517,0.0,0.0,0.0,0.013793103448275862,0.0
156,0.03571428571428571,0.008928571428571428,0.008928571428571428,0.008928571428571428,0.0,0.0,0.008928571428571428,0.017857142857142856,0.008928571428571428,0.017857142857142856,0.008928571428571428,0.008928571428571428,0.017857142857142856,0.0,0.008928571428571428,0.017857142857142856,0.0,0.008928571428571428,0.044642857142857144,0.0,0.0,0.008928571428571428,0.008928571428571428,0.1875,0.03571428571428571,0.15178571428571427,0.09821428571428571,0.008928571428571428,0.017857142857142856,0.017857142857142856,0.10714285714285714,0.0,0.0,0.0,0.0,0.0,0.0,0.008928571428571428,0.0,0.0,0.017857142857142856,0.044642857142857144,0.044642857142857144,0.008928571428571428,0.0,0.0
157,0.0,0.0,0.0,0.0,0.010752688172043012,0.0,0.0,0.0,0.0,0.0,0.010752688172043012,0.021505376344086023,0.0,0.0,0.0,0.0,0.1935483870967742,0.053763440860215055,0.0,0.0,0.010752688172043012,0.010752688172043012,0.010752688172043012,0.010752688172043012,0.0,0.0,0.010752688172043012,0.6344086021505376,0.010752688172043012,0.0,0.0,0.0,0.0,0.0,0.0,0.010752688172043012,0.0,0.0,0.0,0.0,0.0,0.0,0.0,0.0,0.0,0.0
158,0.0,0.0,0.0,0.0,0.038461538461538464,0.03076923076923077,0.015384615384615385,0.0,0.0,0.007692307692307693,0.015384615384615385,0.007692307692307693,0.0,0.007692307692307693,0.015384615384615385,0.007692307692307693,0.0,0.06153846153846154,0.08461538461538462,0.0,0.1076923076923077,0.08461538461538462,0.038461538461538464,0.13846153846153847,0.0,0.023076923076923078,0.007692307692307693,0.038461538461538464,0.05384615384615385,0.03076923076923077,0.03076923076923077,0.0,0.023076923076923078,0.007692307692307693,0.0,0.015384615384615385,0.0,0.0,0.0,0.0,0.0,0.06153846153846154,0.007692307692307693,0.023076923076923078,0.015384615384615385,0.0
159,0.0,0.0,0.0,0.0,0.0,0.0,0.0,0.0,0.0,0.0,0.0,0.0,0.0,0.0,0.0,0.0,0.0,0.0,0.0,0.0,0.0,0.0,1.0,0.0,0.0,0.0,0.0,0.0,0.0,0.0,0.0,0.0,0.0,0.0,0.0,0.0,0.0,0.0,0.0,0.0,0.0,0.0,0.0,0.0,0.0,0.0
160,0.0,0.0070921985815602835,0.05673758865248227,0.014184397163120567,0.014184397163120567,0.0,0.03546099290780142,0.0070921985815602835,0.028368794326241134,0.0070921985815602835,0.0425531914893617,0.0425531914893617,0.0,0.0,0.0,0.014184397163120567,0.0070921985815602835,0.0070921985815602835,0.0070921985815602835,0.1773049645390071,0.02127659574468085,0.014184397163120567,0.028368794326241134,0.0,0.0,0.0070921985815602835,0.02127659574468085,0.0070921985815602835,0.0,0.0,0.014184397163120567,0.02127659574468085,0.2765957446808511,0.02127659574468085,0.028368794326241134,0.028368794326241134,0.0,0.0,0.0,0.0,0.02127659574468085,0.0,0.014184397163120567,0.0,0.0,0.0070921985815602835
161,0.038461538461538464,0.07692307692307693,0.08974358974358974,0.038461538461538464,0.01282051282051282,0.07692307692307693,0.02564102564102564,0.05128205128205128,0.0641025641025641,0.05128205128205128,0.038461538461538464,0.07692307692307693,0.07692307692307693,0.10256410256410256,0.16666666666666666,0.01282051282051282,0.0,0.0,0.0,0.0,0.0,0.0,0.0,0.0,0.0,0.0,0.0,0.0,0.0,0.0,0.0,0.0,0.0,0.0,0.0,0.0,0.0,0.0,0.0,0.0,0.0,0.0,0.0,0.0,0.0,0.0
162,0.02040816326530612,0.04081632653061224,0.0,0.0,0.01020408163265306,0.0,0.01020408163265306,0.0,0.0,0.0,0.030612244897959183,0.0,0.0,0.0,0.0,0.0,0.0,0.0,0.01020408163265306,0.01020408163265306,0.0,0.0,0.10204081632653061,0.01020408163265306,0.0,0.01020408163265306,0.0,0.0,0.0,0.0,0.01020408163265306,0.5918367346938775,0.02040816326530612,0.08163265306122448,0.02040816326530612,0.02040816326530612,0.0,0.0,0.0,0.0,0.0,0.0,0.0,0.0,0.0,0.0
163,0.0,0.0,0.0,0.0,0.008333333333333333,0.008333333333333333,0.0,0.025,0.0,0.025,0.03333333333333333,0.0,0.008333333333333333,0.0,0.0,0.008333333333333333,0.008333333333333333,0.008333333333333333,0.0,0.55,0.016666666666666666,0.0,0.1,0.025,0.0,0.008333333333333333,0.008333333333333333,0.008333333333333333,0.0,0.0,0.016666666666666666,0.016666666666666666,0.008333333333333333,0.008333333333333333,0.075,0.008333333333333333,0.0,0.0,0.0,0.0,0.0,0.0,0.008333333333333333,0.008333333333333333,0.0,0.0
164,0.0,0.0,0.0,0.0,0.0,0.0,0.0,0.0,0.0,0.0,0.012345679012345678,0.1111111111111111,0.0,0.0,0.0,0.037037037037037035,0.012345679012345678,0.0,0.0,0.0,0.0,0.0,0.0,0.8271604938271605,0.0,0.0,0.0,0.0,0.0,0.0,0.0,0.0,0.0,0.0,0.0,0.0,0.0,0.0,0.0,0.0,0.0,0.0,0.0,0.0,0.0,0.0
165,0.0,0.0,0.021739130434782608,0.20652173913043478,0.0,0.010869565217391304,0.0,0.0,0.0,0.010869565217391304,0.021739130434782608,0.0,0.0,0.0,0.0,0.0,0.0,0.010869565217391304,0.0,0.0,0.0,0.043478260869565216,0.0,0.0,0.0,0.0,0.03260869565217391,0.2608695652173913,0.05434782608695652,0.0,0.0,0.0,0.0,0.010869565217391304,0.0,0.0,0.0,0.0,0.0,0.0,0.010869565217391304,0.0,0.18478260869565216,0.10869565217391304,0.010869565217391304,0.0
166,0.0,0.012987012987012988,0.0,0.012987012987012988,0.0,0.0,0.0,0.0,0.0,0.012987012987012988,0.0,0.0,0.0,0.0,0.012987012987012988,0.0,0.0,0.012987012987012988,0.0,0.0,0.012987012987012988,0.0,0.012987012987012988,0.8311688311688312,0.025974025974025976,0.012987012987012988,0.0,0.0,0.0,0.0,0.0,0.0,0.0,0.0,0.0,0.0,0.0,0.0,0.0,0.0,0.0,0.0,0.03896103896103896,0.0,0.0,0.0
167,0.0,0.0,0.0,0.01,0.0,0.14,0.0,0.0,0.0,0.01,0.01,0.01,0.0,0.0,0.33,0.01,0.0,0.0,0.14,0.0,0.0,0.05,0.02,0.0,0.0,0.01,0.02,0.15,0.01,0.0,0.0,0.03,0.01,0.0,0.02,0.0,0.0,0.0,0.0,0.0,0.0,0.01,0.0,0.0,0.0,0.01
168,0.01282051282051282,0.0,0.0,0.0,0.0,0.0,0.0,0.0,0.0,0.0,0.0,0.05128205128205128,0.0,0.0,0.0,0.0,0.01282051282051282,0.0,0.0,0.02564102564102564,0.0,0.0,0.2692307692307692,0.20512820512820512,0.0641025641025641,0.02564102564102564,0.1794871794871795,0.0,0.0,0.0,0.0,0.038461538461538464,0.0,0.0,0.01282051282051282,0.0,0.01282051282051282,0.0,0.0,0.0,0.0,0.0,0.01282051282051282,0.07692307692307693,0.0,0.0
169,0.0,0.0,0.0,0.0,0.0,0.0,0.0,0.0,0.011627906976744186,0.023255813953488372,0.0,0.0,0.0,0.0,0.0,0.011627906976744186,0.686046511627907,0.2441860465116279,0.0,0.0,0.0,0.0,0.011627906976744186,0.0,0.0,0.0,0.0,0.0,0.0,0.0,0.0,0.0,0.0,0.011627906976744186,0.0,0.0,0.0,0.0,0.0,0.0,0.0,0.0,0.0,0.0,0.0,0.0
170,0.0,0.0,0.03125,0.15625,0.0,0.3229166666666667,0.010416666666666666,0.010416666666666666,0.14583333333333334,0.010416666666666666,0.03125,0.0,0.010416666666666666,0.03125,0.010416666666666666,0.020833333333333332,0.0,0.0,0.0,0.0,0.0,0.0625,0.0625,0.010416666666666666,0.0,0.0,0.0,0.010416666666666666,0.020833333333333332,0.0,0.0,0.0,0.0,0.0,0.010416666666666666,0.0,0.0,0.0,0.0,0.0,0.0,0.010416666666666666,0.0,0.020833333333333332,0.0,0.0
171,0.0,0.010101010101010102,0.0,0.0,0.0,0.0,0.0,0.0,0.0,0.010101010101010102,0.0,0.0,0.0,0.0,0.5656565656565656,0.3333333333333333,0.0,0.0,0.0,0.0,0.010101010101010102,0.0,0.0,0.010101010101010102,0.0,0.0,0.0,0.050505050505050504,0.0,0.0,0.010101010101010102,0.0,0.0,0.0,0.0,0.0,0.0,0.0,0.0,0.0,0.0,0.0,0.0,0.0,0.0,0.0
172,0.0,0.007751937984496124,0.03875968992248062,0.015503875968992248,0.023255813953488372,0.0,0.015503875968992248,0.031007751937984496,0.015503875968992248,0.015503875968992248,0.031007751937984496,0.007751937984496124,0.007751937984496124,0.0,0.0,0.023255813953488372,0.023255813953488372,0.015503875968992248,0.0,0.015503875968992248,0.015503875968992248,0.05426356589147287,0.10852713178294573,0.015503875968992248,0.015503875968992248,0.0,0.015503875968992248,0.05426356589147287,0.023255813953488372,0.06976744186046512,0.0,0.27906976744186046,0.031007751937984496,0.007751937984496124,0.007751937984496124,0.0,0.0,0.0,0.0,0.0,0.0,0.0,0.0,0.015503875968992248,0.0,0.0
173,0.0,0.01098901098901099,0.0,0.0,0.03296703296703297,0.03296703296703297,0.01098901098901099,0.0,0.0,0.03296703296703297,0.12087912087912088,0.16483516483516483,0.0,0.0,0.01098901098901099,0.01098901098901099,0.06593406593406594,0.01098901098901099,0.054945054945054944,0.0,0.1978021978021978,0.0,0.04395604395604396,0.0,0.0,0.0,0.01098901098901099,0.02197802197802198,0.01098901098901099,0.0,0.10989010989010989,0.0,0.0,0.02197802197802198,0.0,0.0,0.0,0.0,0.0,0.0,0.0,0.0,0.0,0.01098901098901099,0.01098901098901099,0.0
174,0.009523809523809525,0.009523809523809525,0.09523809523809523,0.009523809523809525,0.0,0.0,0.0,0.01904761904761905,0.0,0.009523809523809525,0.009523809523809525,0.01904761904761905,0.0,0.01904761904761905,0.08571428571428572,0.047619047619047616,0.01904761904761905,0.047619047619047616,0.009523809523809525,0.02857142857142857,0.009523809523809525,0.0380952380952381,0.009523809523809525,0.02857142857142857,0.0,0.0,0.0,0.0,0.01904761904761905,0.02857142857142857,0.0,0.009523809523809525,0.0380952380952381,0.0380952380952381,0.047619047619047616,0.01904761904761905,0.0,0.0,0.0,0.0,0.0,0.01904761904761905,0.09523809523809523,0.14285714285714285,0.01904761904761905,0.0
175,0.0,0.0,0.03333333333333333,0.0,0.005555555555555556,0.0,0.005555555555555556,0.011111111111111112,0.0,0.03888888888888889,0.022222222222222223,0.016666666666666666,0.005555555555555556,0.05555555555555555,0.016666666666666666,0.0,0.044444444444444446,0.011111111111111112,0.011111111111111112,0.016666666666666666,0.016666666666666666,0.005555555555555556,0.03333333333333333,0.1388888888888889,0.0,0.03888888888888889,0.06111111111111111,0.0,0.0,0.05555555555555555,0.0,0.027777777777777776,0.1111111111111111,0.09444444444444444,0.03333333333333333,0.005555555555555556,0.0,0.005555555555555556,0.0,0.0,0.0,0.0,0.016666666666666666,0.027777777777777776,0.0,0.03333333333333333
176,0.0,0.012195121951219513,0.0,0.012195121951219513,0.012195121951219513,0.0,0.0,0.012195121951219513,0.012195121951219513,0.0,0.0,0.0,0.0,0.0,0.0,0.0,0.0,0.0,0.012195121951219513,0.0,0.012195121951219513,0.012195121951219513,0.0,0.024390243902439025,0.0,0.0,0.0,0.0,0.08536585365853659,0.012195121951219513,0.0,0.0,0.0,0.0,0.0,0.0,0.0,0.0,0.0,0.0,0.0,0.0,0.0,0.0,0.7804878048780488,0.0
177,0.0,0.007194244604316547,0.007194244604316547,0.0,0.007194244604316547,0.014388489208633094,0.007194244604316547,0.0,0.007194244604316547,0.02158273381294964,0.02158273381294964,0.007194244604316547,0.0,0.0,0.007194244604316547,0.0,0.007194244604316547,0.0,0.0,0.0,0.007194244604316547,0.014388489208633094,0.7410071942446043,0.007194244604316547,0.007194244604316547,0.007194244604316547,0.014388489208633094,0.0,0.0,0.007194244604316547,0.014388489208633094,0.014388489208633094,0.007194244604316547,0.0,0.007194244604316547,0.007194244604316547,0.0,0.0,0.0,0.0,0.0,0.0,0.014388489208633094,0.007194244604316547,0.0,0.007194244604316547
178,0.0,0.013513513513513514,0.06756756756756757,0.0,0.0,0.0,0.0,0.16216216216216217,0.0,0.0,0.0,0.013513513513513514,0.0,0.16216216216216217,0.02702702702702703,0.22972972972972974,0.08108108108108109,0.013513513513513514,0.0,0.0,0.013513513513513514,0.0,0.0,0.0,0.0,0.0,0.013513513513513514,0.0,0.0,0.0,0.0,0.0,0.0,0.0,0.0,0.0,0.0,0.0,0.0,0.0,0.0,0.0,0.0,0.20270270270270271,0.0,0.0
179,0.0,0.0,0.06172839506172839,0.06172839506172839,0.012345679012345678,0.012345679012345678,0.0,0.012345679012345678,0.07407407407407407,0.16049382716049382,0.0,0.0,0.0,0.0,0.0,0.037037037037037035,0.0,0.09876543209876543,0.0,0.012345679012345678,0.0,0.19753086419753085,0.012345679012345678,0.0,0.0,0.0,0.024691358024691357,0.012345679012345678,0.0,0.0,0.0,0.16049382716049382,0.0,0.0,0.024691358024691357,0.012345679012345678,0.0,0.0,0.0,0.0,0.0,0.0,0.0,0.0,0.012345679012345678,0.0
180,0.011235955056179775,0.011235955056179775,0.02247191011235955,0.011235955056179775,0.011235955056179775,0.02247191011235955,0.0,0.02247191011235955,0.16853932584269662,0.0449438202247191,0.0,0.0,0.0,0.0,0.011235955056179775,0.06741573033707865,0.0,0.011235955056179775,0.011235955056179775,0.0,0.011235955056179775,0.11235955056179775,0.011235955056179775,0.0,0.0,0.0,0.0,0.0,0.0,0.0449438202247191,0.0,0.011235955056179775,0.033707865168539325,0.011235955056179775,0.0,0.0,0.0,0.0,0.0,0.0,0.0,0.0,0.0,0.2808988764044944,0.056179775280898875,0.0
181,0.0,0.0,0.09615384615384616,0.0,0.038461538461538464,0.009615384615384616,0.0,0.009615384615384616,0.19230769230769232,0.019230769230769232,0.009615384615384616,0.0,0.0,0.0,0.019230769230769232,0.0,0.009615384615384616,0.0,0.019230769230769232,0.028846153846153848,0.009615384615384616,0.009615384615384616,0.09615384615384616,0.009615384615384616,0.009615384615384616,0.028846153846153848,0.0,0.0,0.0,0.019230769230769232,0.009615384615384616,0.019230769230769232,0.07692307692307693,0.028846153846153848,0.0,0.0,0.0,0.0,0.0,0.0,0.0,0.0,0.0,0.028846153846153848,0.04807692307692308,0.15384615384615385
182,0.05309734513274336,0.09734513274336283,0.0,0.008849557522123894,0.017699115044247787,0.017699115044247787,0.02654867256637168,0.008849557522123894,0.008849557522123894,0.008849557522123894,0.008849557522123894,0.017699115044247787,0.0,0.0,0.0,0.0,0.07079646017699115,0.008849557522123894,0.008849557522123894,0.017699115044247787,0.008849557522123894,0.02654867256637168,0.0,0.017699115044247787,0.0,0.0,0.008849557522123894,0.061946902654867256,0.11504424778761062,0.02654867256637168,0.035398230088495575,0.08849557522123894,0.07964601769911504,0.0,0.008849557522123894,0.0,0.0,0.0,0.0,0.0,0.0,0.05309734513274336,0.0,0.035398230088495575,0.04424778761061947,0.008849557522123894
183,0.0,0.038461538461538464,0.07692307692307693,0.01282051282051282,0.0641025641025641,0.05128205128205128,0.08974358974358974,0.1282051282051282,0.0,0.07692307692307693,0.05128205128205128,0.02564102564102564,0.02564102564102564,0.20512820512820512,0.14102564102564102,0.01282051282051282,0.0,0.0,0.0,0.0,0.0,0.0,0.0,0.0,0.0,0.0,0.0,0.0,0.0,0.0,0.0,0.0,0.0,0.0,0.0,0.0,0.0,0.0,0.0,0.0,0.0,0.0,0.0,0.0,0.0,0.0
184,0.0,0.0379746835443038,0.0,0.0,0.0,0.0,0.6708860759493671,0.08860759493670886,0.0,0.0,0.0,0.0,0.0,0.012658227848101266,0.0,0.0,0.012658227848101266,0.0,0.0,0.0,0.0,0.0,0.0,0.012658227848101266,0.012658227848101266,0.0,0.012658227848101266,0.0,0.0,0.012658227848101266,0.0,0.0,0.012658227848101266,0.0,0.11392405063291139,0.0,0.0,0.0,0.0,0.0,0.0,0.0,0.0,0.0,0.0,0.0
185,0.0,0.007692307692307693,0.0,0.007692307692307693,0.007692307692307693,0.0,0.06923076923076923,0.007692307692307693,0.007692307692307693,0.0,0.007692307692307693,0.007692307692307693,0.007692307692307693,0.015384615384615385,0.0,0.0,0.0,0.03076923076923077,0.1076923076923077,0.1,0.0,0.0,0.015384615384615385,0.14615384615384616,0.007692307692307693,0.007692307692307693,0.007692307692307693,0.023076923076923078,0.0,0.0,0.2230769230769231,0.0,0.0,0.038461538461538464,0.0,0.007692307692307693,0.0,0.0,0.0,0.0,0.0,0.007692307692307693,0.03076923076923077,0.0,0.03076923076923077,0.06923076923076923
186,0.0,0.010416666666666666,0.010416666666666666,0.6770833333333334,0.010416666666666666,0.0,0.0,0.0,0.0,0.020833333333333332,0.041666666666666664,0.010416666666666666,0.010416666666666666,0.010416666666666666,0.08333333333333333,0.010416666666666666,0.03125,0.0,0.020833333333333332,0.0,0.010416666666666666,0.0,0.0,0.0,0.0,0.0,0.03125,0.0,0.0,0.0,0.0,0.0,0.0,0.010416666666666666,0.0,0.0,0.0,0.0,0.0,0.0,0.0,0.0,0.0,0.0,0.0,0.0
187,0.0,0.15714285714285714,0.14285714285714285,0.014285714285714285,0.0,0.08571428571428572,0.02857142857142857,0.05714285714285714,0.1,0.0,0.014285714285714285,0.04285714285714286,0.1,0.08571428571428572,0.08571428571428572,0.07142857142857142,0.0,0.0,0.0,0.0,0.0,0.0,0.0,0.0,0.0,0.0,0.0,0.014285714285714285,0.0,0.0,0.0,0.0,0.0,0.0,0.0,0.0,0.0,0.0,0.0,0.0,0.0,0.0,0.0,0.0,0.0,0.0
188,0.0,0.0,0.0,0.022222222222222223,0.011111111111111112,0.0,0.011111111111111112,0.0,0.011111111111111112,0.044444444444444446,0.022222222222222223,0.0,0.03333333333333333,0.0,0.011111111111111112,0.0,0.044444444444444446,0.011111111111111112,0.0,0.044444444444444446,0.022222222222222223,0.05555555555555555,0.011111111111111112,0.0,0.0,0.0,0.022222222222222223,0.0,0.022222222222222223,0.0,0.0,0.05555555555555555,0.044444444444444446,0.0,0.044444444444444446,0.0,0.0,0.011111111111111112,0.0,0.0,0.0,0.3888888888888889,0.03333333333333333,0.0,0.011111111111111112,0.011111111111111112
189,0.0,0.01,0.0,0.0,0.0,0.02,0.0,0.01,0.04,0.11,0.02,0.05,0.0,0.04,0.02,0.01,0.01,0.0,0.01,0.02,0.02,0.02,0.03,0.01,0.01,0.0,0.02,0.0,0.0,0.0,0.04,0.01,0.05,0.23,0.03,0.0,0.0,0.0,0.0,0.0,0.0,0.0,0.0,0.0,0.03,0.13
190,0.0,0.0,0.0,0.0,0.019230769230769232,0.009615384615384616,0.0,0.019230769230769232,0.0,0.019230769230769232,0.009615384615384616,0.009615384615384616,0.0,0.009615384615384616,0.0,0.0,0.0673076923076923,0.009615384615384616,0.009615384615384616,0.0,0.0,0.009615384615384616,0.125,0.009615384615384616,0.0,0.0,0.0,0.08653846153846154,0.0,0.0,0.0,0.057692307692307696,0.0,0.028846153846153848,0.23076923076923078,0.009615384615384616,0.0,0.0,0.0,0.0,0.0,0.0,0.009615384615384616,0.009615384615384616,0.18269230769230768,0.057692307692307696
191,0.0,0.0,0.00819672131147541,0.01639344262295082,0.00819672131147541,0.01639344262295082,0.00819672131147541,0.040983606557377046,0.00819672131147541,0.00819672131147541,0.05737704918032787,0.03278688524590164,0.0,0.00819672131147541,0.0,0.0,0.02459016393442623,0.040983606557377046,0.040983606557377046,0.05737704918032787,0.02459016393442623,0.0,0.040983606557377046,0.13114754098360656,0.040983606557377046,0.09836065573770492,0.03278688524590164,0.0,0.00819672131147541,0.00819672131147541,0.00819672131147541,0.0,0.06557377049180328,0.0,0.10655737704918032,0.01639344262295082,0.0,0.0,0.01639344262295082,0.0,0.00819672131147541,0.00819672131147541,0.0,0.0,0.00819672131147541,0.0
192,0.0,0.0,0.0,0.0,0.0,0.0,0.0,0.0,0.1791044776119403,0.746268656716418,0.0,0.0,0.0,0.0,0.0,0.0,0.0,0.0,0.0,0.014925373134328358,0.0,0.0,0.014925373134328358,0.0,0.0,0.0,0.0,0.0,0.0,0.0,0.0,0.0,0.014925373134328358,0.0,0.014925373134328358,0.0,0.0,0.0,0.0,0.0,0.0,0.0,0.0,0.014925373134328358,0.0,0.0
193,0.0,0.125,0.09090909090909091,0.0,0.11363636363636363,0.011363636363636364,0.011363636363636364,0.125,0.0,0.0,0.011363636363636364,0.0,0.11363636363636363,0.0,0.011363636363636364,0.011363636363636364,0.011363636363636364,0.022727272727272728,0.011363636363636364,0.0,0.011363636363636364,0.07954545454545454,0.022727272727272728,0.0,0.011363636363636364,0.0,0.06818181818181818,0.0,0.0,0.0,0.0,0.0,0.011363636363636364,0.011363636363636364,0.0,0.0,0.0,0.0,0.0,0.0,0.0,0.0,0.0,0.0,0.0,0.11363636363636363
194,0.008264462809917356,0.008264462809917356,0.0,0.08264462809917356,0.024793388429752067,0.008264462809917356,0.0,0.024793388429752067,0.0,0.01652892561983471,0.024793388429752067,0.0,0.06611570247933884,0.0,0.008264462809917356,0.03305785123966942,0.01652892561983471,0.008264462809917356,0.0,0.008264462809917356,0.0,0.008264462809917356,0.008264462809917356,0.008264462809917356,0.4793388429752066,0.0,0.01652892561983471,0.03305785123966942,0.01652892561983471,0.008264462809917356,0.008264462809917356,0.008264462809917356,0.008264462809917356,0.024793388429752067,0.01652892561983471,0.0,0.0,0.0,0.0,0.0,0.0,0.008264462809917356,0.008264462809917356,0.0,0.0,0.0
195,0.0,0.0,0.0,0.0,0.0,0.0,0.02531645569620253,0.20253164556962025,0.0,0.11392405063291139,0.0,0.0,0.0,0.0,0.0,0.0,0.012658227848101266,0.0,0.06329113924050633,0.0,0.0,0.0,0.0,0.012658227848101266,0.0,0.02531645569620253,0.5316455696202531,0.0,0.0,0.0,0.0,0.0,0.0,0.0,0.0,0.0,0.0,0.0,0.0,0.0,0.0,0.0,0.0,0.0,0.012658227848101266,0.0
196,0.0,0.0,0.0273972602739726,0.0,0.0,0.0136986301369863,0.0,0.0,0.0410958904109589,0.0,0.0,0.0,0.0,0.0,0.0,0.0,0.0,0.0410958904109589,0.0,0.0,0.0136986301369863,0.0,0.0,0.8082191780821918,0.0,0.0,0.0273972602739726,0.0,0.0,0.0,0.0,0.0,0.0,0.0273972602739726,0.0,0.0,0.0,0.0,0.0,0.0,0.0,0.0,0.0,0.0,0.0,0.0
197,0.0,0.0,0.010869565217391304,0.010869565217391304,0.05434782608695652,0.021739130434782608,0.0,0.010869565217391304,0.010869565217391304,0.010869565217391304,0.010869565217391304,0.09782608695652174,0.0,0.0,0.010869565217391304,0.0,0.010869565217391304,0.021739130434782608,0.03260869565217391,0.0,0.0,0.0,0.010869565217391304,0.14130434782608695,0.010869565217391304,0.03260869565217391,0.0,0.010869565217391304,0.0,0.010869565217391304,0.0,0.0,0.010869565217391304,0.021739130434782608,0.32608695652173914,0.010869565217391304,0.0,0.0,0.0,0.0,0.0,0.0,0.0,0.0,0.09782608695652174,0.0
198,0.0,0.010101010101010102,0.0,0.020202020202020204,0.010101010101010102,0.010101010101010102,0.0,0.0,0.0,0.0,0.010101010101010102,0.0,0.0,0.010101010101010102,0.0,0.0,0.1919191919191919,0.020202020202020204,0.0,0.030303030303030304,0.020202020202020204,0.020202020202020204,0.020202020202020204,0.0,0.0,0.0,0.0,0.06060606060606061,0.0,0.0,0.0,0.04040404040404041,0.010101010101010102,0.010101010101010102,0.0,0.3939393939393939,0.0,0.0,0.04040404040404041,0.0,0.010101010101010102,0.0,0.06060606060606061,0.0,0.0,0.0
199,0.0,0.06532663316582915,0.035175879396984924,0.04020100502512563,0.03015075376884422,0.07537688442211055,0.035175879396984924,0.02512562814070352,0.020100502512562814,0.05527638190954774,0.05025125628140704,0.03015075376884422,0.02512562814070352,0.04020100502512563,0.005025125628140704,0.0,0.035175879396984924,0.0,0.035175879396984924,0.005025125628140704,0.005025125628140704,0.01507537688442211,0.04522613065326633,0.07035175879396985,0.04020100502512563,0.06030150753768844,0.02512562814070352,0.0,0.02512562814070352,0.0,0.005025125628140704,0.02512562814070352,0.02512562814070352,0.005025125628140704,0.020100502512562814,0.010050251256281407,0.0,0.0,0.0,0.0,0.0,0.0,0.01507537688442211,0.0,0.0,0.0
200,0.0,0.0,0.0,0.0,0.0,0.0,0.012658227848101266,0.0,0.0,0.012658227848101266,0.0759493670886076,0.02531645569620253,0.0,0.0,0.0,0.012658227848101266,0.012658227848101266,0.012658227848101266,0.0,0.0,0.0,0.012658227848101266,0.16455696202531644,0.34177215189873417,0.0,0.02531645569620253,0.012658227848101266,0.0,0.0,0.0,0.0,0.0,0.012658227848101266,0.05063291139240506,0.20253164556962025,0.0,0.0,0.0,0.0,0.0,0.0,0.0,0.0,0.0,0.012658227848101266,0.0
201,0.015625,0.0,0.078125,0.125,0.0625,0.015625,0.03125,0.0,0.109375,0.09375,0.03125,0.1875,0.0,0.015625,0.046875,0.1875,0.0,0.0,0.0,0.0,0.0,0.0,0.0,0.0,0.0,0.0,0.0,0.0,0.0,0.0,0.0,0.0,0.0,0.0,0.0,0.0,0.0,0.0,0.0,0.0,0.0,0.0,0.0,0.0,0.0,0.0
202,0.0,0.0,0.0898876404494382,0.0,0.011235955056179775,0.0,0.0,0.20224719101123595,0.07865168539325842,0.0,0.0,0.011235955056179775,0.0,0.02247191011235955,0.0,0.0449438202247191,0.011235955056179775,0.0,0.0,0.056179775280898875,0.011235955056179775,0.056179775280898875,0.011235955056179775,0.12359550561797752,0.011235955056179775,0.0,0.011235955056179775,0.0449438202247191,0.02247191011235955,0.0,0.0,0.0,0.0,0.033707865168539325,0.02247191011235955,0.0,0.0,0.0,0.0,0.0,0.0,0.0,0.0449438202247191,0.02247191011235955,0.056179775280898875,0.0
203,0.0,0.0,0.05194805194805195,0.0,0.03896103896103896,0.0,0.012987012987012988,0.1038961038961039,0.0,0.025974025974025976,0.06493506493506493,0.11688311688311688,0.0,0.0,0.0,0.0,0.012987012987012988,0.0,0.012987012987012988,0.0,0.0,0.07792207792207792,0.0,0.025974025974025976,0.0,0.025974025974025976,0.18181818181818182,0.0,0.06493506493506493,0.012987012987012988,0.03896103896103896,0.03896103896103896,0.0,0.0,0.0,0.012987012987012988,0.0,0.0,0.0,0.0,0.03896103896103896,0.0,0.0,0.03896103896103896,0.0,0.0
204,0.0,0.0,0.0,0.014285714285714285,0.0,0.0,0.0,0.0,0.0,0.014285714285714285,0.0,0.0,0.0,0.0,0.014285714285714285,0.7714285714285715,0.08571428571428572,0.0,0.02857142857142857,0.05714285714285714,0.0,0.0,0.0,0.0,0.0,0.0,0.014285714285714285,0.0,0.0,0.0,0.0,0.0,0.0,0.0,0.0,0.0,0.0,0.0,0.0,0.0,0.0,0.0,0.0,0.0,0.0,0.0
205,0.020833333333333332,0.010416666666666666,0.23958333333333334,0.0625,0.052083333333333336,0.010416666666666666,0.0,0.010416666666666666,0.0,0.010416666666666666,0.041666666666666664,0.010416666666666666,0.010416666666666666,0.07291666666666667,0.010416666666666666,0.0,0.07291666666666667,0.0,0.0,0.020833333333333332,0.0,0.010416666666666666,0.0,0.08333333333333333,0.0,0.010416666666666666,0.041666666666666664,0.03125,0.020833333333333332,0.0,0.0,0.0,0.0625,0.0,0.0,0.0,0.0,0.0,0.0,0.0,0.0,0.010416666666666666,0.0,0.020833333333333332,0.041666666666666664,0.010416666666666666
206,0.0,0.0,0.0,0.0,0.0,0.6582278481012658,0.0,0.0,0.0,0.0,0.0,0.0,0.0,0.02531645569620253,0.0,0.0379746835443038,0.0,0.12658227848101267,0.0,0.0,0.0,0.0,0.0379746835443038,0.012658227848101266,0.0,0.0,0.02531645569620253,0.0,0.0,0.0,0.0,0.0,0.0,0.05063291139240506,0.02531645569620253,0.0,0.0,0.0,0.0,0.0,0.0,0.0,0.0,0.0,0.0,0.0
207,0.017094017094017096,0.0,0.008547008547008548,0.0,0.017094017094017096,0.0,0.008547008547008548,0.0,0.008547008547008548,0.05982905982905983,0.36752136752136755,0.0,0.0,0.0,0.0,0.0,0.0,0.0,0.0,0.008547008547008548,0.042735042735042736,0.017094017094017096,0.03418803418803419,0.0,0.0,0.0,0.0,0.0,0.0,0.0,0.0,0.008547008547008548,0.008547008547008548,0.05982905982905983,0.26495726495726496,0.0,0.0,0.0,0.0,0.0,0.0,0.0,0.017094017094017096,0.0,0.008547008547008548,0.042735042735042736
208,0.012658227848101266,0.012658227848101266,0.08860759493670886,0.1518987341772152,0.0379746835443038,0.0,0.012658227848101266,0.0,0.012658227848101266,0.0,0.06329113924050633,0.012658227848101266,0.0,0.012658227848101266,0.02531645569620253,0.02531645569620253,0.26582278481012656,0.0,0.02531645569620253,0.02531645569620253,0.0,0.0,0.1518987341772152,0.0,0.0,0.0,0.02531645569620253,0.012658227848101266,0.0,0.012658227848101266,0.0,0.0,0.0,0.012658227848101266,0.0,0.0,0.0,0.0,0.0,0.0,0.0,0.0,0.0,0.0,0.0,0.0
209,0.0,0.0,0.0,0.0,0.0,0.0,0.0,0.0,0.0,0.0,0.0,0.0,0.0,0.0,0.0,0.9393939393939394,0.0,0.0,0.0,0.0,0.015151515151515152,0.0,0.0,0.0,0.0,0.0,0.015151515151515152,0.0,0.0,0.0,0.0,0.0,0.0,0.0,0.0,0.0,0.0,0.0,0.0,0.0,0.0,0.0,0.0,0.015151515151515152,0.0,0.015151515151515152
210,0.0,0.06666666666666667,0.1,0.06666666666666667,0.15,0.03333333333333333,0.016666666666666666,0.06666666666666667,0.03333333333333333,0.03333333333333333,0.06666666666666667,0.03333333333333333,0.06666666666666667,0.11666666666666667,0.1,0.05,0.0,0.0,0.0,0.0,0.0,0.0,0.0,0.0,0.0,0.0,0.0,0.0,0.0,0.0,0.0,0.0,0.0,0.0,0.0,0.0,0.0,0.0,0.0,0.0,0.0,0.0,0.0,0.0,0.0,0.0
211,0.0,0.0,0.014705882352941176,0.0,0.17647058823529413,0.0,0.014705882352941176,0.0,0.0,0.014705882352941176,0.0,0.22058823529411764,0.0,0.10294117647058823,0.0,0.0,0.014705882352941176,0.0,0.0,0.014705882352941176,0.0,0.0,0.0,0.029411764705882353,0.25,0.014705882352941176,0.0,0.0,0.0,0.0,0.0,0.0,0.0,0.0,0.0,0.0,0.0,0.014705882352941176,0.0,0.0,0.0,0.10294117647058823,0.014705882352941176,0.0,0.0,0.0
212,0.012345679012345678,0.0,0.0,0.0,0.012345679012345678,0.0,0.0,0.012345679012345678,0.0,0.0,0.0,0.0,0.0,0.0,0.0,0.2345679012345679,0.012345679012345678,0.0,0.0,0.0,0.012345679012345678,0.0,0.08641975308641975,0.0,0.0,0.0,0.0,0.012345679012345678,0.037037037037037035,0.012345679012345678,0.0,0.0,0.0,0.037037037037037035,0.0,0.5061728395061729,0.0,0.0,0.0,0.0,0.0,0.0,0.0,0.012345679012345678,0.0,0.0
213,0.0,0.0,0.0,0.0,0.0,0.0,0.0,0.0,0.0,0.0,0.0,0.03529411764705882,0.0,0.011764705882352941,0.5882352941176471,0.12941176470588237,0.023529411764705882,0.11764705882352941,0.0,0.0,0.023529411764705882,0.0,0.0,0.0,0.0,0.0,0.03529411764705882,0.011764705882352941,0.0,0.0,0.0,0.0,0.0,0.0,0.0,0.0,0.0,0.0,0.0,0.0,0.0,0.0,0.0,0.0,0.023529411764705882,0.0
214,0.0,0.0,0.007936507936507936,0.007936507936507936,0.0,0.0,0.03968253968253968,0.0,0.0,0.0,0.047619047619047616,0.0,0.007936507936507936,0.0,0.015873015873015872,0.0,0.015873015873015872,0.0,0.015873015873015872,0.015873015873015872,0.007936507936507936,0.047619047619047616,0.38095238095238093,0.031746031746031744,0.2857142857142857,0.007936507936507936,0.007936507936507936,0.0,0.007936507936507936,0.007936507936507936,0.0,0.007936507936507936,0.0,0.0,0.007936507936507936,0.0,0.0,0.0,0.0,0.0,0.0,0.0,0.007936507936507936,0.007936507936507936,0.0,0.007936507936507936
215,0.0,0.0,0.0,0.0,0.0,0.0,0.0,0.0,0.0,0.0,0.04285714285714286,0.0,0.0,0.0,0.07142857142857142,0.0,0.014285714285714285,0.0,0.0,0.0,0.0,0.0,0.0,0.0,0.0,0.0,0.8,0.014285714285714285,0.0,0.0,0.0,0.0,0.04285714285714286,0.0,0.0,0.014285714285714285,0.0,0.0,0.0,0.0,0.0,0.0,0.0,0.0,0.0,0.0
216,0.0,0.0,0.02666666666666667,0.013333333333333334,0.02666666666666667,0.0,0.0,0.013333333333333334,0.32,0.02666666666666667,0.013333333333333334,0.013333333333333334,0.0,0.02666666666666667,0.013333333333333334,0.02666666666666667,0.0,0.14666666666666667,0.013333333333333334,0.0,0.013333333333333334,0.06666666666666667,0.013333333333333334,0.0,0.0,0.0,0.0,0.02666666666666667,0.0,0.0,0.02666666666666667,0.0,0.02666666666666667,0.02666666666666667,0.013333333333333334,0.0,0.0,0.0,0.0,0.0,0.0,0.02666666666666667,0.08,0.0,0.0,0.0
217,0.0,0.0,0.025,0.0,0.05,0.0125,0.0125,0.0,0.1,0.025,0.0,0.1,0.0125,0.1375,0.0125,0.0,0.0125,0.0125,0.0375,0.0,0.0375,0.0125,0.05,0.0,0.0125,0.0,0.0125,0.0,0.0,0.0,0.0,0.0,0.0,0.05,0.1,0.0125,0.0,0.0,0.0,0.0,0.0,0.0,0.0,0.0375,0.125,0.0
218,0.109375,0.328125,0.0,0.171875,0.015625,0.0,0.0,0.0,0.0,0.0,0.015625,0.0,0.015625,0.015625,0.0,0.0,0.0,0.0,0.0,0.046875,0.0,0.0,0.0,0.0,0.0,0.015625,0.03125,0.171875,0.0,0.0,0.0,0.015625,0.0,0.015625,0.015625,0.0,0.0,0.0,0.0,0.0,0.0,0.015625,0.0,0.0,0.0,0.0
219,0.0,0.019417475728155338,0.038834951456310676,0.019417475728155338,0.06310679611650485,0.0,0.06310679611650485,0.05339805825242718,0.0,0.02912621359223301,0.038834951456310676,0.014563106796116505,0.009708737864077669,0.17475728155339806,0.019417475728155338,0.0,0.0048543689320388345,0.014563106796116505,0.009708737864077669,0.02912621359223301,0.0048543689320388345,0.02912621359223301,0.0048543689320388345,0.014563106796116505,0.06796116504854369,0.06796116504854369,0.038834951456310676,0.0048543689320388345,0.04854368932038835,0.014563106796116505,0.019417475728155338,0.0,0.0048543689320388345,0.0,0.0048543689320388345,0.0,0.0,0.0,0.0,0.009708737864077669,0.0,0.009708737864077669,0.014563106796116505,0.038834951456310676,0.0,0.0
220,0.0,0.0,0.0,0.0,0.0,0.007874015748031496,0.0,0.0,0.0,0.015748031496062992,0.023622047244094488,0.007874015748031496,0.007874015748031496,0.0,0.0,0.007874015748031496,0.0,0.007874015748031496,0.007874015748031496,0.015748031496062992,0.015748031496062992,0.023622047244094488,0.05511811023622047,0.007874015748031496,0.007874015748031496,0.0,0.007874015748031496,0.0,0.007874015748031496,0.007874015748031496,0.0,0.06299212598425197,0.2204724409448819,0.06299212598425197,0.16535433070866143,0.0,0.007874015748031496,0.0,0.0,0.0,0.0,0.0,0.007874015748031496,0.11811023622047244,0.10236220472440945,0.015748031496062992
221,0.015625,0.015625,0.015625,0.0,0.0,0.0,0.015625,0.0,0.0,0.0,0.0,0.0,0.0,0.0,0.015625,0.015625,0.0,0.0,0.015625,0.0,0.0,0.015625,0.0,0.015625,0.0,0.0,0.03125,0.0,0.0,0.0,0.796875,0.0,0.015625,0.015625,0.0,0.0,0.0,0.0,0.0,0.0,0.0,0.0,0.0,0.0,0.0,0.0
222,0.0,0.0,0.0,0.0,0.012345679012345678,0.0,0.024691358024691357,0.0,0.0,0.024691358024691357,0.0,0.024691358024691357,0.0,0.0,0.0,0.0,0.0,0.0,0.012345679012345678,0.0,0.024691358024691357,0.04938271604938271,0.0,0.0,0.012345679012345678,0.0,0.024691358024691357,0.0,0.012345679012345678,0.012345679012345678,0.012345679012345678,0.0,0.14814814814814814,0.0,0.09876543209876543,0.0,0.0,0.0,0.0,0.0,0.0,0.14814814814814814,0.18518518518518517,0.12345679012345678,0.012345679012345678,0.037037037037037035
223,0.0,0.0,0.0,0.016129032258064516,0.0,0.0,0.0,0.0,0.0,0.0,0.0,0.0,0.016129032258064516,0.0,0.0,0.016129032258064516,0.03225806451612903,0.06451612903225806,0.0,0.7580645161290323,0.016129032258064516,0.0,0.016129032258064516,0.016129032258064516,0.0,0.0,0.0,0.016129032258064516,0.0,0.0,0.0,0.0,0.0,0.0,0.0,0.0,0.0,0.0,0.0,0.0,0.0,0.0,0.0,0.03225806451612903,0.0,0.0
224,0.0,0.0,0.0,0.014925373134328358,0.15671641791044777,0.11194029850746269,0.0,0.03731343283582089,0.0,0.03731343283582089,0.12686567164179105,0.04477611940298507,0.0,0.007462686567164179,0.0,0.0,0.029850746268656716,0.04477611940298507,0.022388059701492536,0.022388059701492536,0.014925373134328358,0.007462686567164179,0.029850746268656716,0.007462686567164179,0.0,0.0,0.007462686567164179,0.0,0.007462686567164179,0.03731343283582089,0.0,0.0,0.014925373134328358,0.09701492537313433,0.014925373134328358,0.007462686567164179,0.0,0.0,0.0,0.0,0.0,0.04477611940298507,0.0,0.0,0.029850746268656716,0.022388059701492536
225,0.0,0.013333333333333334,0.013333333333333334,0.013333333333333334,0.13333333333333333,0.02666666666666667,0.0,0.08,0.0,0.02666666666666667,0.05333333333333334,0.14666666666666667,0.0,0.0,0.0,0.013333333333333334,0.02666666666666667,0.04,0.013333333333333334,0.02666666666666667,0.0,0.0,0.02666666666666667,0.013333333333333334,0.05333333333333334,0.05333333333333334,0.08,0.013333333333333334,0.013333333333333334,0.013333333333333334,0.04,0.013333333333333334,0.0,0.02666666666666667,0.0,0.0,0.0,0.0,0.0,0.0,0.0,0.013333333333333334,0.0,0.0,0.013333333333333334,0.0
226,0.0,0.07692307692307693,0.01098901098901099,0.0,0.01098901098901099,0.11538461538461539,0.02197802197802198,0.0,0.02197802197802198,0.016483516483516484,0.016483516483516484,0.03296703296703297,0.02197802197802198,0.02197802197802198,0.054945054945054944,0.005494505494505495,0.02197802197802198,0.01098901098901099,0.005494505494505495,0.02197802197802198,0.016483516483516484,0.016483516483516484,0.016483516483516484,0.02197802197802198,0.054945054945054944,0.1043956043956044,0.038461538461538464,0.005494505494505495,0.038461538461538464,0.01098901098901099,0.016483516483516484,0.027472527472527472,0.0,0.0989010989010989,0.016483516483516484,0.005494505494505495,0.0,0.0,0.0,0.0,0.0,0.02197802197802198,0.0,0.0,0.0,0.0
227,0.0,0.0,0.01,0.0,0.0,0.0,0.0,0.0,0.02,0.0,0.01,0.01,0.0,0.0,0.0,0.0,0.02,0.03,0.0,0.0,0.0,0.09,0.06,0.54,0.0,0.05,0.0,0.0,0.0,0.0,0.0,0.03,0.01,0.01,0.1,0.0,0.0,0.0,0.0,0.0,0.0,0.0,0.01,0.0,0.0,0.0
228,0.0,0.0,0.030303030303030304,0.0,0.0,0.0,0.0,0.015151515151515152,0.0,0.0,0.0,0.0,0.0,0.030303030303030304,0.0,0.0,0.0,0.07575757575757576,0.0,0.0,0.0,0.0,0.015151515151515152,0.0,0.0,0.5757575757575758,0.015151515151515152,0.015151515151515152,0.06060606060606061,0.045454545454545456,0.10606060606060606,0.0,0.015151515151515152,0.0,0.0,0.0,0.0,0.0,0.0,0.0,0.0,0.0,0.0,0.0,0.0,0.0
229,0.0,0.01098901098901099,0.0,0.04395604395604396,0.02197802197802198,0.14285714285714285,0.0,0.01098901098901099,0.0,0.01098901098901099,0.0,0.01098901098901099,0.0,0.02197802197802198,0.02197802197802198,0.01098901098901099,0.02197802197802198,0.01098901098901099,0.04395604395604396,0.01098901098901099,0.07692307692307693,0.02197802197802198,0.01098901098901099,0.0,0.01098901098901099,0.01098901098901099,0.01098901098901099,0.0,0.02197802197802198,0.02197802197802198,0.01098901098901099,0.0,0.38461538461538464,0.01098901098901099,0.0,0.0,0.0,0.0,0.0,0.01098901098901099,0.0,0.0,0.0,0.0,0.0,0.0
230,0.0,0.02830188679245283,0.04716981132075472,0.009433962264150943,0.02830188679245283,0.009433962264150943,0.009433962264150943,0.018867924528301886,0.009433962264150943,0.0,0.018867924528301886,0.02830188679245283,0.02830188679245283,0.018867924528301886,0.009433962264150943,0.009433962264150943,0.1509433962264151,0.0,0.009433962264150943,0.009433962264150943,0.0,0.018867924528301886,0.009433962264150943,0.0,0.009433962264150943,0.02830188679245283,0.018867924528301886,0.018867924528301886,0.02830188679245283,0.2641509433962264,0.0,0.009433962264150943,0.009433962264150943,0.009433962264150943,0.009433962264150943,0.009433962264150943,0.0,0.0,0.0,0.0,0.0,0.08490566037735849,0.0,0.009433962264150943,0.018867924528301886,0.0
231,0.0,0.0,0.0,0.0,0.0,0.0,0.0,0.0,0.0,0.03333333333333333,0.016666666666666666,0.0,0.0,0.0,0.0,0.0,0.016666666666666666,0.0,0.0,0.0,0.0,0.0,0.0,0.0,0.0,0.0,0.0,0.0,0.0,0.0,0.0,0.08333333333333333,0.3,0.5333333333333333,0.016666666666666666,0.0,0.0,0.0,0.0,0.0,0.0,0.0,0.0,0.0,0.0,0.0
232,0.0,0.0,0.0,0.0,0.0,0.0,0.013888888888888888,0.013888888888888888,0.013888888888888888,0.0,0.0,0.0,0.0,0.013888888888888888,0.0,0.013888888888888888,0.0,0.027777777777777776,0.0,0.0,0.013888888888888888,0.0,0.0,0.0,0.0,0.0,0.05555555555555555,0.7361111111111112,0.013888888888888888,0.0,0.0,0.027777777777777776,0.0,0.0,0.0,0.0,0.0,0.0,0.0,0.0,0.0,0.0,0.0,0.0,0.05555555555555555,0.0
233,0.0,0.0,0.0,0.0,0.014925373134328358,0.1791044776119403,0.014925373134328358,0.0,0.014925373134328358,0.014925373134328358,0.014925373134328358,0.0,0.0,0.0,0.08955223880597014,0.029850746268656716,0.0,0.014925373134328358,0.0,0.0,0.05970149253731343,0.014925373134328358,0.0,0.0,0.0,0.0,0.0,0.0,0.0,0.0,0.0,0.0,0.43283582089552236,0.029850746268656716,0.04477611940298507,0.0,0.0,0.0,0.014925373134328358,0.0,0.014925373134328358,0.0,0.0,0.0,0.0,0.0
234,0.0,0.0,0.2876712328767123,0.0,0.1232876712328767,0.0684931506849315,0.0273972602739726,0.0136986301369863,0.0136986301369863,0.0136986301369863,0.0821917808219178,0.0,0.0,0.0,0.0,0.0,0.0136986301369863,0.0273972602739726,0.0,0.0136986301369863,0.0,0.0136986301369863,0.0273972602739726,0.0410958904109589,0.0,0.0547945205479452,0.0273972602739726,0.0,0.0,0.0,0.0136986301369863,0.0821917808219178,0.0136986301369863,0.0136986301369863,0.0136986301369863,0.0,0.0,0.0,0.0,0.0,0.0,0.0,0.0136986301369863,0.0,0.0,0.0
235,0.0,0.0,0.0,0.0,0.0,0.0,0.0,0.02631578947368421,0.013157894736842105,0.0,0.0,0.013157894736842105,0.0,0.0,0.0,0.0,0.0,0.0,0.039473684210526314,0.013157894736842105,0.013157894736842105,0.02631578947368421,0.013157894736842105,0.0,0.0,0.0,0.0,0.5131578947368421,0.0,0.0,0.19736842105263158,0.07894736842105263,0.0,0.02631578947368421,0.0,0.0,0.0,0.0,0.0,0.0,0.0,0.0,0.0,0.02631578947368421,0.0,0.0
236,0.0,0.0,0.0,0.15789473684210525,0.013157894736842105,0.02631578947368421,0.0,0.0,0.0,0.0,0.0,0.0,0.0,0.013157894736842105,0.0,0.02631578947368421,0.15789473684210525,0.013157894736842105,0.013157894736842105,0.013157894736842105,0.013157894736842105,0.039473684210526314,0.013157894736842105,0.0,0.07894736842105263,0.0,0.0,0.0,0.0,0.0,0.013157894736842105,0.0,0.013157894736842105,0.013157894736842105,0.0,0.0,0.0,0.0,0.0,0.02631578947368421,0.0,0.2894736842105263,0.0,0.0,0.06578947368421052,0.0
237,0.0,0.0,0.0,0.014285714285714285,0.0,0.0,0.04285714285714286,0.014285714285714285,0.02857142857142857,0.04285714285714286,0.0,0.0,0.0,0.0,0.0,0.02857142857142857,0.0,0.0,0.014285714285714285,0.0,0.6,0.02857142857142857,0.0,0.0,0.0,0.0,0.014285714285714285,0.0,0.0,0.0,0.0,0.0,0.0,0.04285714285714286,0.0,0.07142857142857142,0.0,0.0,0.05714285714285714,0.0,0.0,0.0,0.0,0.0,0.0,0.0
238,0.0,0.0,0.0,0.0,0.0,0.0,0.0,0.014925373134328358,0.0,0.0,0.0,0.0,0.0,0.014925373134328358,0.0,0.014925373134328358,0.0,0.0,0.13432835820895522,0.0,0.0,0.0,0.029850746268656716,0.029850746268656716,0.0,0.0,0.0,0.0,0.0,0.0,0.0,0.0,0.0,0.6865671641791045,0.0,0.0,0.0,0.0,0.0,0.0,0.05970149253731343,0.0,0.0,0.0,0.014925373134328358,0.0
239,0.0,0.04878048780487805,0.012195121951219513,0.15853658536585366,0.012195121951219513,0.012195121951219513,0.024390243902439025,0.036585365853658534,0.17073170731707318,0.07317073170731707,0.0,0.036585365853658534,0.0,0.04878048780487805,0.06097560975609756,0.0,0.012195121951219513,0.0,0.0,0.0,0.06097560975609756,0.024390243902439025,0.012195121951219513,0.0,0.0,0.0,0.012195121951219513,0.024390243902439025,0.0,0.024390243902439025,0.0,0.0,0.0,0.06097560975609756,0.0,0.0,0.0,0.0,0.0,0.0,0.0,0.0,0.0,0.0,0.012195121951219513,0.06097560975609756
240,0.03571428571428571,0.07142857142857142,0.125,0.03571428571428571,0.07142857142857142,0.017857142857142856,0.03571428571428571,0.05357142857142857,0.07142857142857142,0.017857142857142856,0.08928571428571429,0.05357142857142857,0.03571428571428571,0.16071428571428573,0.08928571428571429,0.03571428571428571,0.0,0.0,0.0,0.0,0.0,0.0,0.0,0.0,0.0,0.0,0.0,0.0,0.0,0.0,0.0,0.0,0.0,0.0,0.0,0.0,0.0,0.0,0.0,0.0,0.0,0.0,0.0,0.0,0.0,0.0
241,0.0,0.05405405405405406,0.0,0.05405405405405406,0.04054054054054054,0.0,0.013513513513513514,0.17567567567567569,0.1891891891891892,0.0,0.0,0.0,0.0,0.0,0.0,0.0,0.0,0.0,0.0,0.13513513513513514,0.12162162162162163,0.0,0.12162162162162163,0.04054054054054054,0.0,0.013513513513513514,0.013513513513513514,0.0,0.0,0.0,0.0,0.0,0.0,0.0,0.013513513513513514,0.0,0.0,0.0,0.0,0.0,0.0,0.013513513513513514,0.0,0.0,0.0,0.0
242,0.021052631578947368,0.0,0.0,0.0,0.0,0.0,0.0,0.0,0.010526315789473684,0.010526315789473684,0.031578947368421054,0.0,0.010526315789473684,0.010526315789473684,0.0,0.0,0.010526315789473684,0.021052631578947368,0.0,0.11578947368421053,0.031578947368421054,0.3368421052631579,0.031578947368421054,0.021052631578947368,0.010526315789473684,0.0,0.031578947368421054,0.05263157894736842,0.042105263157894736,0.021052631578947368,0.021052631578947368,0.021052631578947368,0.0,0.010526315789473684,0.031578947368421054,0.021052631578947368,0.0,0.010526315789473684,0.0,0.0,0.0,0.0,0.031578947368421054,0.0,0.031578947368421054,0.0
243,0.0,0.0,0.01020408163265306,0.0,0.01020408163265306,0.0,0.0,0.0,0.01020408163265306,0.09183673469387756,0.02040816326530612,0.01020408163265306,0.030612244897959183,0.02040816326530612,0.01020408163265306,0.02040816326530612,0.0,0.0,0.0,0.01020408163265306,0.01020408163265306,0.0,0.030612244897959183,0.061224489795918366,0.01020408163265306,0.01020408163265306,0.0,0.02040816326530612,0.04081632653061224,0.02040816326530612,0.02040816326530612,0.08163265306122448,0.24489795918367346,0.01020408163265306,0.12244897959183673,0.01020408163265306,0.0,0.0,0.01020408163265306,0.0,0.0,0.0,0.01020408163265306,0.030612244897959183,0.0,0.01020408163265306
244,0.0,0.0,0.0,0.010309278350515464,0.0,0.0,0.0,0.010309278350515464,0.0,0.0,0.010309278350515464,0.010309278350515464,0.0,0.0,0.0,0.0,0.0,0.0,0.0,0.0,0.0,0.0,0.010309278350515464,0.010309278350515464,0.020618556701030927,0.0,0.0,0.0,0.1134020618556701,0.0,0.0,0.0,0.7525773195876289,0.0,0.010309278350515464,0.010309278350515464,0.0,0.0,0.0,0.0,0.0,0.0,0.0,0.030927835051546393,0.0,0.0
245,0.060240963855421686,0.04819277108433735,0.012048192771084338,0.0,0.0,0.012048192771084338,0.0,0.03614457831325301,0.03614457831325301,0.060240963855421686,0.012048192771084338,0.0,0.10843373493975904,0.024096385542168676,0.04819277108433735,0.012048192771084338,0.012048192771084338,0.0,0.0,0.012048192771084338,0.0,0.03614457831325301,0.03614457831325301,0.0,0.012048192771084338,0.07228915662650602,0.012048192771084338,0.0,0.0963855421686747,0.012048192771084338,0.0,0.024096385542168676,0.024096385542168676,0.012048192771084338,0.024096385542168676,0.012048192771084338,0.0,0.0,0.0,0.0,0.0,0.012048192771084338,0.10843373493975904,0.0,0.012048192771084338,0.0
246,0.0,0.0,0.0,0.0,0.0,0.0,0.0,0.0,0.013888888888888888,0.027777777777777776,0.013888888888888888,0.0,0.0,0.0,0.0,0.0,0.013888888888888888,0.0,0.0,0.0,0.027777777777777776,0.041666666666666664,0.027777777777777776,0.041666666666666664,0.0,0.0,0.0,0.0,0.013888888888888888,0.0,0.0,0.0,0.0,0.20833333333333334,0.06944444444444445,0.013888888888888888,0.0,0.0,0.0,0.0,0.0,0.0,0.0,0.0,0.4861111111111111,0.0
247,0.0,0.0,0.013513513513513514,0.04054054054054054,0.0,0.0,0.06756756756756757,0.10810810810810811,0.02702702702702703,0.10810810810810811,0.0,0.08108108108108109,0.0,0.0,0.0,0.0,0.013513513513513514,0.02702702702702703,0.013513513513513514,0.0,0.04054054054054054,0.14864864864864866,0.05405405405405406,0.12162162162162163,0.0,0.0,0.0,0.0,0.013513513513513514,0.0,0.02702702702702703,0.0,0.05405405405405406,0.0,0.0,0.0,0.0,0.0,0.0,0.0,0.0,0.0,0.0,0.04054054054054054,0.0,0.0
248,0.0,0.0,0.0,0.0,0.0,0.0,0.0,0.0,0.0,0.0,0.0,0.0,0.0,0.017543859649122806,0.0,0.0,0.0,0.017543859649122806,0.0,0.0,0.0,0.0,0.0,0.0,0.0,0.0,0.0,0.0,0.0,0.0,0.0,0.0,0.0,0.0,0.017543859649122806,0.9473684210526315,0.0,0.0,0.0,0.0,0.0,0.0,0.0,0.0,0.0,0.0
249,0.05714285714285714,0.0,0.02857142857142857,0.014285714285714285,0.014285714285714285,0.0,0.0,0.0,0.0,0.02857142857142857,0.014285714285714285,0.0,0.0,0.0,0.02857142857142857,0.014285714285714285,0.014285714285714285,0.014285714285714285,0.0,0.0,0.014285714285714285,0.0,0.014285714285714285,0.07142857142857142,0.014285714285714285,0.24285714285714285,0.11428571428571428,0.05714285714285714,0.0,0.0,0.1,0.04285714285714286,0.07142857142857142,0.02857142857142857,0.0,0.0,0.0,0.0,0.0,0.0,0.0,0.0,0.0,0.0,0.0,0.0
250,0.0,0.0,0.0,0.04597701149425287,0.0,0.011494252873563218,0.0,0.011494252873563218,0.011494252873563218,0.0,0.022988505747126436,0.0,0.0,0.011494252873563218,0.011494252873563218,0.0,0.011494252873563218,0.0,0.022988505747126436,0.0,0.034482758620689655,0.22988505747126436,0.022988505747126436,0.011494252873563218,0.011494252873563218,0.0,0.011494252873563218,0.011494252873563218,0.034482758620689655,0.0,0.0,0.011494252873563218,0.3793103448275862,0.04597701149425287,0.011494252873563218,0.0,0.0,0.0,0.0,0.0,0.0,0.011494252873563218,0.0,0.0,0.0,0.011494252873563218
251,0.0,0.015151515151515152,0.0,0.015151515151515152,0.015151515151515152,0.0,0.0,0.0,0.030303030303030304,0.0,0.0,0.0,0.015151515151515152,0.0,0.0,0.09090909090909091,0.015151515151515152,0.25757575757575757,0.0,0.015151515151515152,0.0,0.030303030303030304,0.015151515151515152,0.06060606060606061,0.0,0.030303030303030304,0.0,0.0,0.015151515151515152,0.045454545454545456,0.0,0.0,0.10606060606060606,0.0,0.16666666666666666,0.0,0.0,0.0,0.0,0.0,0.0,0.0,0.0,0.0,0.045454545454545456,0.015151515151515152
252,0.0,0.0,0.15789473684210525,0.21052631578947367,0.017543859649122806,0.08771929824561403,0.0,0.0,0.017543859649122806,0.03508771929824561,0.14035087719298245,0.0,0.03508771929824561,0.0,0.017543859649122806,0.0,0.07017543859649122,0.0,0.0,0.0,0.0,0.08771929824561403,0.017543859649122806,0.0,0.017543859649122806,0.0,0.017543859649122806,0.03508771929824561,0.0,0.03508771929824561,0.0,0.0,0.0,0.0,0.0,0.0,0.0,0.0,0.0,0.0,0.0,0.0,0.0,0.0,0.0,0.0
253,0.0,0.0,0.0,0.016666666666666666,0.2,0.13333333333333333,0.0,0.0,0.0,0.0,0.0,0.0,0.0,0.0,0.0,0.0,0.03333333333333333,0.016666666666666666,0.0,0.016666666666666666,0.016666666666666666,0.0,0.016666666666666666,0.0,0.0,0.0,0.0,0.03333333333333333,0.3333333333333333,0.016666666666666666,0.0,0.0,0.0,0.0,0.0,0.0,0.0,0.0,0.0,0.0,0.13333333333333333,0.03333333333333333,0.0,0.0,0.0,0.0
254,0.0,0.04950495049504951,0.019801980198019802,0.009900990099009901,0.0,0.009900990099009901,0.009900990099009901,0.0,0.18811881188118812,0.0,0.09900990099009901,0.0297029702970297,0.07920792079207921,0.009900990099009901,0.009900990099009901,0.009900990099009901,0.0,0.0,0.0,0.0297029702970297,0.0,0.04950495049504951,0.1485148514851485,0.009900990099009901,0.009900990099009901,0.0,0.0,0.0,0.009900990099009901,0.009900990099009901,0.0,0.039603960396039604,0.019801980198019802,0.0,0.10891089108910891,0.0,0.0,0.0,0.0,0.0,0.0,0.009900990099009901,0.019801980198019802,0.0,0.009900990099009901,0.0
255,0.041666666666666664,0.052083333333333336,0.09375,0.010416666666666666,0.03125,0.0,0.0,0.010416666666666666,0.0,0.0,0.020833333333333332,0.0,0.010416666666666666,0.3854166666666667,0.041666666666666664,0.010416666666666666,0.03125,0.0,0.0,0.0,0.010416666666666666,0.010416666666666666,0.0,0.0625,0.0625,0.03125,0.0,0.0,0.0,0.010416666666666666,0.0,0.0,0.0,0.0,0.0,0.010416666666666666,0.0,0.0,0.0,0.0,0.0,0.0,0.052083333333333336,0.0,0.010416666666666666,0.0
256,0.0,0.0,0.013888888888888888,0.013888888888888888,0.0,0.0,0.0,0.0,0.0,0.013888888888888888,0.0,0.0,0.0,0.0,0.013888888888888888,0.0,0.0,0.0,0.0,0.0,0.0,0.8333333333333334,0.0,0.027777777777777776,0.013888888888888888,0.0,0.013888888888888888,0.0,0.0,0.0,0.0,0.013888888888888888,0.013888888888888888,0.027777777777777776,0.0,0.0,0.0,0.0,0.0,0.0,0.0,0.0,0.0,0.0,0.0,0.0
257,0.0,0.0,0.04285714285714286,0.014285714285714285,0.0,0.0,0.0,0.014285714285714285,0.014285714285714285,0.04285714285714286,0.0,0.0,0.0,0.0,0.0,0.11428571428571428,0.02857142857142857,0.0,0.014285714285714285,0.0,0.0,0.0,0.014285714285714285,0.014285714285714285,0.0,0.014285714285714285,0.014285714285714285,0.0,0.0,0.05714285714285714,0.2,0.11428571428571428,0.02857142857142857,0.05714285714285714,0.0,0.02857142857142857,0.014285714285714285,0.0,0.0,0.0,0.0,0.014285714285714285,0.0,0.11428571428571428,0.0,0.02857142857142857
258,0.0,0.0,0.0,0.0,0.0,0.0,0.014925373134328358,0.0,0.014925373134328358,0.0,0.0,0.0,0.0,0.0,0.0,0.0,0.014925373134328358,0.1044776119402985,0.014925373134328358,0.0,0.014925373134328358,0.0,0.0,0.0,0.0,0.0,0.0,0.0,0.029850746268656716,0.014925373134328358,0.0,0.0,0.014925373134328358,0.582089552238806,0.14925373134328357,0.0,0.014925373134328358,0.0,0.0,0.0,0.0,0.014925373134328358,0.0,0.0,0.0,0.0
259,0.0,0.0,0.0,0.0,0.0,0.015384615384615385,0.015384615384615385,0.0,0.03076923076923077,0.0,0.015384615384615385,0.18461538461538463,0.03076923076923077,0.0,0.03076923076923077,0.03076923076923077,0.0,0.0,0.0,0.015384615384615385,0.0,0.0,0.0,0.2,0.0,0.0,0.0,0.0,0.015384615384615385,0.0,0.0,0.0,0.015384615384615385,0.0,0.015384615384615385,0.0,0.0,0.0,0.0,0.0,0.0,0.03076923076923077,0.015384615384615385,0.03076923076923077,0.3076923076923077,0.0
260,0.0,0.0,0.014705882352941176,0.0,0.04411764705882353,0.058823529411764705,0.0,0.014705882352941176,0.0,0.014705882352941176,0.0,0.0,0.0,0.0,0.0,0.22058823529411764,0.0,0.0,0.0,0.014705882352941176,0.0,0.014705882352941176,0.0,0.0,0.0,0.0,0.0,0.029411764705882353,0.014705882352941176,0.0,0.0,0.0,0.07352941176470588,0.0,0.47058823529411764,0.0,0.0,0.0,0.014705882352941176,0.0,0.0,0.0,0.0,0.0,0.0,0.0
261,0.0,0.0,0.0,0.009523809523809525,0.01904761904761905,0.0,0.009523809523809525,0.01904761904761905,0.0,0.0,0.01904761904761905,0.0,0.0,0.0,0.02857142857142857,0.0,0.0,0.02857142857142857,0.009523809523809525,0.009523809523809525,0.009523809523809525,0.0,0.0,0.0,0.0,0.009523809523809525,0.01904761904761905,0.0,0.7619047619047619,0.02857142857142857,0.0,0.009523809523809525,0.009523809523809525,0.0,0.0,0.0,0.0,0.0,0.0,0.0,0.0,0.0,0.0,0.0,0.0,0.0
262,0.0,0.0,0.0,0.06097560975609756,0.0,0.0,0.0,0.0,0.0,0.04878048780487805,0.0,0.0,0.0,0.012195121951219513,0.0,0.012195121951219513,0.0,0.0,0.0,0.024390243902439025,0.0,0.1951219512195122,0.18292682926829268,0.012195121951219513,0.0,0.036585365853658534,0.08536585365853659,0.0,0.0,0.0,0.15853658536585366,0.0,0.012195121951219513,0.04878048780487805,0.0,0.024390243902439025,0.0,0.0,0.0,0.0,0.0,0.012195121951219513,0.0,0.036585365853658534,0.024390243902439025,0.012195121951219513
263,0.0,0.02247191011235955,0.02247191011235955,0.0,0.0,0.0449438202247191,0.0,0.056179775280898875,0.033707865168539325,0.0,0.02247191011235955,0.02247191011235955,0.011235955056179775,0.02247191011235955,0.056179775280898875,0.0,0.02247191011235955,0.011235955056179775,0.02247191011235955,0.011235955056179775,0.0,0.011235955056179775,0.0,0.29213483146067415,0.0,0.02247191011235955,0.07865168539325842,0.02247191011235955,0.0,0.0,0.02247191011235955,0.0,0.0,0.0,0.011235955056179775,0.0,0.0,0.0,0.0,0.0,0.0,0.0,0.033707865168539325,0.011235955056179775,0.0,0.11235955056179775
264,0.01818181818181818,0.05454545454545454,0.06363636363636363,0.05454545454545454,0.00909090909090909,0.0,0.0,0.01818181818181818,0.0,0.00909090909090909,0.01818181818181818,0.00909090909090909,0.03636363636363636,0.01818181818181818,0.0,0.0,0.01818181818181818,0.01818181818181818,0.03636363636363636,0.00909090909090909,0.00909090909090909,0.02727272727272727,0.03636363636363636,0.15454545454545454,0.0,0.11818181818181818,0.06363636363636363,0.01818181818181818,0.045454545454545456,0.00909090909090909,0.01818181818181818,0.00909090909090909,0.0,0.02727272727272727,0.00909090909090909,0.0,0.0,0.0,0.0,0.0,0.00909090909090909,0.0,0.01818181818181818,0.00909090909090909,0.00909090909090909,0.01818181818181818
265,0.0,0.015384615384615385,0.0,0.0,0.0,0.0,0.03076923076923077,0.015384615384615385,0.015384615384615385,0.0,0.015384615384615385,0.0,0.0,0.0,0.0,0.7846153846153846,0.015384615384615385,0.0,0.0,0.0,0.015384615384615385,0.0,0.03076923076923077,0.0,0.0,0.015384615384615385,0.015384615384615385,0.0,0.0,0.0,0.0,0.0,0.0,0.0,0.0,0.0,0.0,0.0,0.0,0.0,0.0,0.015384615384615385,0.0,0.015384615384615385,0.0,0.0
266,0.0,0.0784313725490196,0.11764705882352941,0.0784313725490196,0.0784313725490196,0.0,0.0,0.058823529411764705,0.0392156862745098,0.11764705882352941,0.11764705882352941,0.0392156862745098,0.0196078431372549,0.1568627450980392,0.0392156862745098,0.058823529411764705,0.0,0.0,0.0,0.0,0.0,0.0,0.0,0.0,0.0,0.0,0.0,0.0,0.0,0.0,0.0,0.0,0.0,0.0,0.0,0.0,0.0,0.0,0.0,0.0,0.0,0.0,0.0,0.0,0.0,0.0
267,0.01639344262295082,0.0,0.0,0.0,0.0,0.0,0.0,0.01639344262295082,0.0,0.0,0.0,0.0,0.0,0.0,0.03278688524590164,0.0,0.0,0.11475409836065574,0.26229508196721313,0.0,0.11475409836065574,0.0,0.03278688524590164,0.14754098360655737,0.0,0.0,0.0,0.0,0.21311475409836064,0.0,0.01639344262295082,0.01639344262295082,0.0,0.0,0.0,0.0,0.0,0.0,0.0,0.0,0.0,0.0,0.0,0.01639344262295082,0.0,0.0
268,0.0392156862745098,0.0784313725490196,0.058823529411764705,0.058823529411764705,0.058823529411764705,0.0784313725490196,0.0392156862745098,0.0784313725490196,0.0,0.09803921568627451,0.0392156862745098,0.11764705882352941,0.11764705882352941,0.0392156862745098,0.058823529411764705,0.0392156862745098,0.0,0.0,0.0,0.0,0.0,0.0,0.0,0.0,0.0,0.0,0.0,0.0,0.0,0.0,0.0,0.0,0.0,0.0,0.0,0.0,0.0,0.0,0.0,0.0,0.0,0.0,0.0,0.0,0.0,0.0
269,0.0196078431372549,0.09803921568627451,0.0392156862745098,0.0392156862745098,0.0784313725490196,0.058823529411764705,0.0392156862745098,0.0784313725490196,0.0392156862745098,0.0392156862745098,0.11764705882352941,0.0784313725490196,0.0784313725490196,0.058823529411764705,0.13725490196078433,0.0,0.0,0.0,0.0,0.0,0.0,0.0,0.0,0.0,0.0,0.0,0.0,0.0,0.0,0.0,0.0,0.0,0.0,0.0,0.0,0.0,0.0,0.0,0.0,0.0,0.0,0.0,0.0,0.0,0.0,0.0
270,0.008928571428571428,0.044642857142857144,0.07142857142857142,0.017857142857142856,0.03571428571428571,0.0,0.008928571428571428,0.0,0.0,0.03571428571428571,0.026785714285714284,0.008928571428571428,0.0,0.008928571428571428,0.008928571428571428,0.0,0.0,0.05357142857142857,0.008928571428571428,0.017857142857142856,0.017857142857142856,0.008928571428571428,0.0,0.008928571428571428,0.48214285714285715,0.008928571428571428,0.0,0.008928571428571428,0.008928571428571428,0.008928571428571428,0.05357142857142857,0.008928571428571428,0.0,0.0,0.008928571428571428,0.017857142857142856,0.0,0.0,0.0,0.0,0.0,0.0,0.0,0.0,0.0,0.0
271,0.0,0.0,0.015873015873015872,0.23809523809523808,0.0,0.015873015873015872,0.0,0.3968253968253968,0.0,0.06349206349206349,0.0,0.0,0.0,0.0,0.0,0.015873015873015872,0.0,0.0,0.0,0.09523809523809523,0.0,0.015873015873015872,0.015873015873015872,0.0,0.0,0.0,0.015873015873015872,0.0,0.0,0.0,0.0,0.015873015873015872,0.0,0.0,0.0,0.07936507936507936,0.0,0.0,0.0,0.0,0.0,0.0,0.0,0.0,0.0,0.015873015873015872
272,0.02197802197802198,0.0,0.02197802197802198,0.04395604395604396,0.0,0.0,0.0,0.04395604395604396,0.01098901098901099,0.02197802197802198,0.04395604395604396,0.01098901098901099,0.01098901098901099,0.0,0.03296703296703297,0.07692307692307693,0.0,0.03296703296703297,0.01098901098901099,0.02197802197802198,0.02197802197802198,0.04395604395604396,0.02197802197802198,0.02197802197802198,0.02197802197802198,0.02197802197802198,0.01098901098901099,0.04395604395604396,0.01098901098901099,0.02197802197802198,0.01098901098901099,0.054945054945054944,0.06593406593406594,0.13186813186813187,0.04395604395604396,0.01098901098901099,0.0,0.0,0.0,0.0,0.0,0.0,0.01098901098901099,0.01098901098901099,0.01098901098901099,0.0
273,0.016666666666666666,0.016666666666666666,0.1,0.13333333333333333,0.16666666666666666,0.0,0.016666666666666666,0.0,0.0,0.0,0.06666666666666667,0.0,0.0,0.016666666666666666,0.0,0.0,0.0,0.0,0.05,0.0,0.0,0.0,0.23333333333333334,0.0,0.016666666666666666,0.0,0.0,0.0,0.0,0.0,0.0,0.03333333333333333,0.0,0.016666666666666666,0.0,0.0,0.0,0.0,0.0,0.0,0.0,0.0,0.0,0.0,0.11666666666666667,0.0
274,0.0,0.21686746987951808,0.060240963855421686,0.0,0.03614457831325301,0.0,0.0,0.012048192771084338,0.0,0.0,0.012048192771084338,0.0,0.0,0.024096385542168676,0.08433734939759036,0.0,0.024096385542168676,0.0,0.0,0.0,0.0,0.012048192771084338,0.0,0.04819277108433735,0.0,0.20481927710843373,0.024096385542168676,0.0,0.012048192771084338,0.012048192771084338,0.08433734939759036,0.04819277108433735,0.0,0.012048192771084338,0.0,0.0,0.0,0.0,0.0,0.0,0.0,0.0,0.0,0.060240963855421686,0.012048192771084338,0.0
275,0.015625,0.0,0.0,0.0,0.0,0.0,0.015625,0.03125,0.0,0.015625,0.0,0.0,0.046875,0.09375,0.078125,0.09375,0.109375,0.0625,0.03125,0.0,0.0,0.015625,0.015625,0.0,0.0,0.03125,0.125,0.015625,0.0625,0.015625,0.03125,0.015625,0.0,0.015625,0.046875,0.0,0.0,0.0,0.0,0.0,0.0,0.0,0.015625,0.0,0.0,0.0
276,0.0,0.0,0.20253164556962025,0.02531645569620253,0.11392405063291139,0.0759493670886076,0.02531645569620253,0.012658227848101266,0.0,0.0,0.0,0.012658227848101266,0.0,0.0,0.12658227848101267,0.02531645569620253,0.0,0.0,0.02531645569620253,0.0,0.0,0.0,0.02531645569620253,0.0759493670886076,0.0,0.0,0.12658227848101267,0.0,0.02531645569620253,0.0759493670886076,0.0,0.012658227848101266,0.0,0.012658227848101266,0.0,0.0,0.0,0.0,0.0,0.0,0.0,0.0,0.0,0.0,0.0,0.0
277,0.0,0.0,0.010638297872340425,0.0,0.0,0.0,0.0,0.010638297872340425,0.02127659574468085,0.031914893617021274,0.0,0.010638297872340425,0.0,0.05319148936170213,0.02127659574468085,0.031914893617021274,0.010638297872340425,0.0,0.010638297872340425,0.0,0.0,0.0,0.0,0.11702127659574468,0.05319148936170213,0.1276595744680851,0.031914893617021274,0.010638297872340425,0.06382978723404255,0.06382978723404255,0.010638297872340425,0.0,0.031914893617021274,0.0,0.031914893617021274,0.0,0.0,0.0,0.0,0.0,0.0,0.010638297872340425,0.0,0.2127659574468085,0.02127659574468085,0.0
278,0.021052631578947368,0.0,0.07368421052631578,0.021052631578947368,0.010526315789473684,0.17894736842105263,0.0,0.0,0.0,0.0,0.0,0.10526315789473684,0.06315789473684211,0.0,0.010526315789473684,0.042105263157894736,0.021052631578947368,0.0,0.010526315789473684,0.021052631578947368,0.0,0.031578947368421054,0.031578947368421054,0.12631578947368421,0.021052631578947368,0.031578947368421054,0.021052631578947368,0.042105263157894736,0.0,0.021052631578947368,0.021052631578947368,0.0,0.0,0.0,0.0,0.0,0.0,0.010526315789473684,0.010526315789473684,0.0,0.010526315789473684,0.0,0.010526315789473684,0.010526315789473684,0.021052631578947368,0.0
279,0.0,0.01639344262295082,0.0,0.0,0.0,0.0,0.01639344262295082,0.0,0.0,0.0,0.0,0.0,0.0,0.01639344262295082,0.04918032786885246,0.16393442622950818,0.01639344262295082,0.0,0.0,0.0,0.01639344262295082,0.0,0.0,0.0,0.0,0.32786885245901637,0.0,0.0,0.0,0.0,0.0,0.0,0.06557377049180328,0.03278688524590164,0.06557377049180328,0.0,0.0,0.0,0.0,0.0,0.0,0.0,0.18032786885245902,0.03278688524590164,0.0,0.0
280,0.0,0.0,0.0,0.014285714285714285,0.014285714285714285,0.0,0.0,0.0,0.0,0.02857142857142857,0.014285714285714285,0.014285714285714285,0.0,0.02857142857142857,0.0,0.0,0.014285714285714285,0.0,0.0,0.0,0.0,0.21428571428571427,0.014285714285714285,0.02857142857142857,0.014285714285714285,0.0,0.02857142857142857,0.0,0.0,0.04285714285714286,0.02857142857142857,0.0,0.014285714285714285,0.05714285714285714,0.22857142857142856,0.04285714285714286,0.0,0.0,0.0,0.0,0.0,0.0,0.014285714285714285,0.02857142857142857,0.0,0.11428571428571428
281,0.0,0.01694915254237288,0.0,0.01694915254237288,0.0,0.0,0.0,0.0,0.0,0.0,0.0,0.0,0.0,0.0,0.9322033898305084,0.01694915254237288,0.0,0.0,0.0,0.0,0.0,0.01694915254237288,0.0,0.0,0.0,0.0,0.0,0.0,0.0,0.0,0.0,0.0,0.0,0.0,0.0,0.0,0.0,0.0,0.0,0.0,0.0,0.0,0.0,0.0,0.0,0.0
282,0.0,0.02702702702702703,0.0,0.02702702702702703,0.013513513513513514,0.0,0.0,0.0,0.02702702702702703,0.0,0.02702702702702703,0.4864864864864865,0.0,0.05405405405405406,0.0,0.0,0.0,0.0,0.013513513513513514,0.0,0.0,0.02702702702702703,0.02702702702702703,0.0,0.0,0.0,0.013513513513513514,0.0,0.013513513513513514,0.013513513513513514,0.02702702702702703,0.013513513513513514,0.0,0.02702702702702703,0.0,0.0,0.0,0.0,0.0,0.0,0.0,0.013513513513513514,0.12162162162162163,0.0,0.02702702702702703,0.0
283,0.0,0.0,0.08620689655172414,0.017241379310344827,0.39655172413793105,0.0,0.0,0.0,0.0,0.1896551724137931,0.0,0.034482758620689655,0.0,0.0,0.017241379310344827,0.0,0.05172413793103448,0.0,0.0,0.05172413793103448,0.0,0.0,0.017241379310344827,0.017241379310344827,0.0,0.0,0.0,0.0,0.05172413793103448,0.0,0.0,0.0,0.0,0.034482758620689655,0.0,0.0,0.0,0.0,0.0,0.0,0.0,0.0,0.017241379310344827,0.017241379310344827,0.0,0.0
284,0.00980392156862745,0.0,0.0196078431372549,0.0784313725490196,0.00980392156862745,0.0,0.0,0.058823529411764705,0.00980392156862745,0.0196078431372549,0.0196078431372549,0.0196078431372549,0.0,0.00980392156862745,0.00980392156862745,0.00980392156862745,0.029411764705882353,0.0,0.00980392156862745,0.0196078431372549,0.0196078431372549,0.00980392156862745,0.0392156862745098,0.0196078431372549,0.0,0.0,0.00980392156862745,0.0,0.0,0.00980392156862745,0.00980392156862745,0.00980392156862745,0.00980392156862745,0.0,0.08823529411764706,0.0,0.0,0.0,0.0,0.0,0.0,0.0,0.049019607843137254,0.0,0.00980392156862745,0.38235294117647056
285,0.0,0.0,0.0,0.017543859649122806,0.07017543859649122,0.017543859649122806,0.03508771929824561,0.05263157894736842,0.0,0.03508771929824561,0.017543859649122806,0.0,0.0,0.0,0.0,0.017543859649122806,0.0,0.017543859649122806,0.05263157894736842,0.0,0.03508771929824561,0.0,0.10526315789473684,0.017543859649122806,0.05263157894736842,0.03508771929824561,0.07017543859649122,0.0,0.21052631578947367,0.0,0.08771929824561403,0.05263157894736842,0.0,0.0,0.0,0.0,0.0,0.0,0.0,0.0,0.0,0.0,0.0,0.0,0.0,0.0
286,0.0,0.06172839506172839,0.0,0.5679012345679012,0.037037037037037035,0.0,0.0,0.012345679012345678,0.0,0.012345679012345678,0.0,0.0,0.13580246913580246,0.0,0.0,0.012345679012345678,0.0,0.0,0.012345679012345678,0.012345679012345678,0.0,0.0,0.0,0.012345679012345678,0.0,0.012345679012345678,0.0,0.012345679012345678,0.0,0.0,0.037037037037037035,0.012345679012345678,0.0,0.012345679012345678,0.012345679012345678,0.0,0.0,0.0,0.0,0.0,0.012345679012345678,0.0,0.012345679012345678,0.0,0.0,0.0
287,0.016129032258064516,0.016129032258064516,0.0,0.0,0.0967741935483871,0.016129032258064516,0.0,0.11290322580645161,0.2903225806451613,0.03225806451612903,0.0,0.0,0.0,0.016129032258064516,0.0,0.06451612903225806,0.0,0.0,0.0,0.04838709677419355,0.1935483870967742,0.0,0.0,0.0,0.0,0.0,0.016129032258064516,0.0,0.0,0.0,0.0,0.0,0.016129032258064516,0.04838709677419355,0.0,0.0,0.0,0.0,0.0,0.0,0.0,0.0,0.0,0.0,0.016129032258064516,0.0
288,0.0,0.0,0.0,0.0,0.0,0.017241379310344827,0.0,0.0,0.017241379310344827,0.0,0.017241379310344827,0.0,0.0,0.0,0.0,0.0,0.0,0.0,0.017241379310344827,0.0,0.0,0.0,0.034482758620689655,0.8103448275862069,0.0,0.017241379310344827,0.034482758620689655,0.0,0.0,0.0,0.0,0.0,0.017241379310344827,0.0,0.0,0.0,0.0,0.0,0.0,0.0,0.0,0.0,0.0,0.017241379310344827,0.0,0.0
289,0.0,0.014084507042253521,0.0,0.0,0.0,0.014084507042253521,0.014084507042253521,0.0,0.014084507042253521,0.07042253521126761,0.014084507042253521,0.0,0.0,0.0,0.0,0.0,0.0,0.0,0.014084507042253521,0.14084507042253522,0.0,0.0,0.5492957746478874,0.028169014084507043,0.0,0.0,0.028169014084507043,0.014084507042253521,0.0,0.0,0.0,0.056338028169014086,0.014084507042253521,0.014084507042253521,0.0,0.0,0.0,0.0,0.0,0.0,0.0,0.0,0.0,0.0,0.0,0.0
290,0.0,0.0,0.08620689655172414,0.0,0.0,0.017241379310344827,0.0,0.0,0.0,0.20689655172413793,0.017241379310344827,0.0,0.0,0.0,0.0,0.0,0.0,0.0,0.0,0.0,0.0,0.0,0.13793103448275862,0.0,0.0,0.0,0.017241379310344827,0.0,0.0,0.0,0.0,0.0,0.5172413793103449,0.0,0.0,0.0,0.0,0.0,0.0,0.0,0.0,0.0,0.0,0.0,0.0,0.0
291,0.0,0.0,0.0,0.0,0.0,0.0,0.019230769230769232,0.0,0.0,0.0,0.0,0.0,0.0,0.0,0.0,0.8846153846153846,0.038461538461538464,0.0,0.0,0.0,0.0,0.0,0.0,0.0,0.0,0.0,0.0,0.0,0.0,0.019230769230769232,0.0,0.0,0.0,0.038461538461538464,0.0,0.0,0.0,0.0,0.0,0.0,0.0,0.0,0.0,0.0,0.0,0.0
292,0.0,0.0,0.02,0.0,0.0,0.0,0.0,0.26,0.0,0.06,0.0,0.0,0.0,0.0,0.1,0.04,0.04,0.0,0.0,0.02,0.0,0.0,0.04,0.0,0.0,0.0,0.0,0.0,0.0,0.0,0.02,0.0,0.02,0.02,0.08,0.0,0.0,0.0,0.0,0.0,0.0,0.0,0.0,0.26,0.02,0.0
293,0.0,0.0,0.0,0.0,0.0,0.0,0.0,0.0,0.7924528301886793,0.018867924528301886,0.018867924528301886,0.0,0.018867924528301886,0.0,0.0,0.0,0.03773584905660377,0.0,0.0,0.0,0.0,0.018867924528301886,0.018867924528301886,0.0,0.0,0.0,0.0,0.05660377358490566,0.0,0.0,0.0,0.0,0.0,0.0,0.0,0.018867924528301886,0.0,0.0,0.0,0.0,0.0,0.0,0.0,0.0,0.0,0.0
294,0.0,0.0,0.06741573033707865,0.0,0.0,0.0,0.011235955056179775,0.0,0.0,0.0,0.0,0.011235955056179775,0.0,0.02247191011235955,0.011235955056179775,0.011235955056179775,0.011235955056179775,0.0,0.0,0.0,0.033707865168539325,0.011235955056179775,0.011235955056179775,0.0,0.011235955056179775,0.011235955056179775,0.0,0.0,0.0,0.0,0.033707865168539325,0.0449438202247191,0.0,0.02247191011235955,0.011235955056179775,0.0,0.0,0.0,0.0,0.0,0.0,0.5056179775280899,0.0898876404494382,0.0,0.02247191011235955,0.0449438202247191
295,0.0,0.013157894736842105,0.039473684210526314,0.0,0.0,0.0,0.0,0.0,0.02631578947368421,0.02631578947368421,0.0,0.0,0.0,0.02631578947368421,0.013157894736842105,0.013157894736842105,0.039473684210526314,0.013157894736842105,0.0,0.02631578947368421,0.5526315789473685,0.0,0.013157894736842105,0.013157894736842105,0.013157894736842105,0.013157894736842105,0.0,0.039473684210526314,0.0,0.0,0.0,0.013157894736842105,0.013157894736842105,0.0,0.02631578947368421,0.0,0.0,0.0,0.0,0.0,0.0,0.02631578947368421,0.02631578947368421,0.013157894736842105,0.0,0.0
296,0.0,0.09210526315789473,0.02631578947368421,0.0,0.0,0.013157894736842105,0.013157894736842105,0.0,0.0,0.013157894736842105,0.0,0.013157894736842105,0.013157894736842105,0.0,0.0,0.013157894736842105,0.0,0.0,0.07894736842105263,0.0,0.0,0.0,0.0,0.40789473684210525,0.039473684210526314,0.0,0.013157894736842105,0.0,0.013157894736842105,0.0,0.013157894736842105,0.0,0.013157894736842105,0.0,0.0,0.0,0.0,0.0,0.0,0.0,0.0,0.0,0.21052631578947367,0.013157894736842105,0.0,0.0
297,0.0,0.0,0.0,0.0,0.0,0.0,0.0,0.0,0.0,0.017241379310344827,0.0,0.0,0.0,0.0,0.0,0.017241379310344827,0.0,0.7758620689655172,0.13793103448275862,0.0,0.0,0.0,0.0,0.017241379310344827,0.0,0.0,0.0,0.0,0.0,0.0,0.0,0.0,0.0,0.0,0.0,0.0,0.0,0.0,0.0,0.034482758620689655,0.0,0.0,0.0,0.0,0.0,0.0
298,0.02127659574468085,0.06382978723404255,0.0425531914893617,0.02127659574468085,0.0425531914893617,0.10638297872340426,0.02127659574468085,0.0425531914893617,0.0851063829787234,0.0851063829787234,0.10638297872340426,0.0851063829787234,0.06382978723404255,0.0851063829787234,0.0851063829787234,0.0425531914893617,0.0,0.0,0.0,0.0,0.0,0.0,0.0,0.0,0.0,0.0,0.0,0.0,0.0,0.0,0.0,0.0,0.0,0.0,0.0,0.0,0.0,0.0,0.0,0.0,0.0,0.0,0.0,0.0,0.0,0.0
299,0.0,0.0,0.0,0.0,0.0,0.0,0.0,0.07042253521126761,0.14084507042253522,0.014084507042253521,0.028169014084507043,0.0,0.0,0.0,0.04225352112676056,0.014084507042253521,0.0,0.0,0.014084507042253521,0.0,0.014084507042253521,0.0,0.07042253521126761,0.07042253521126761,0.014084507042253521,0.056338028169014086,0.323943661971831,0.014084507042253521,0.014084507042253521,0.028169014084507043,0.0,0.028169014084507043,0.014084507042253521,0.0,0.014084507042253521,0.0,0.0,0.0,0.0,0.0,0.0,0.0,0.0,0.0,0.014084507042253521,0.0
300,0.024096385542168676,0.060240963855421686,0.012048192771084338,0.024096385542168676,0.060240963855421686,0.0,0.03614457831325301,0.03614457831325301,0.0,0.03614457831325301,0.0,0.024096385542168676,0.024096385542168676,0.0,0.0963855421686747,0.0,0.04819277108433735,0.0,0.0,0.024096385542168676,0.0,0.024096385542168676,0.03614457831325301,0.060240963855421686,0.012048192771084338,0.0963855421686747,0.024096385542168676,0.012048192771084338,0.03614457831325301,0.0,0.0,0.0,0.0,0.024096385542168676,0.08433734939759036,0.012048192771084338,0.0,0.0,0.0,0.0,0.0,0.0,0.04819277108433735,0.012048192771084338,0.012048192771084338,0.0
301,0.0,0.011627906976744186,0.046511627906976744,0.12790697674418605,0.0,0.0,0.011627906976744186,0.0,0.08139534883720931,0.06976744186046512,0.023255813953488372,0.0,0.0,0.0,0.0,0.011627906976744186,0.0,0.0,0.011627906976744186,0.03488372093023256,0.0,0.023255813953488372,0.0,0.023255813953488372,0.36046511627906974,0.046511627906976744,0.0,0.0,0.011627906976744186,0.011627906976744186,0.0,0.03488372093023256,0.011627906976744186,0.03488372093023256,0.0,0.0,0.0,0.0,0.0,0.0,0.0,0.0,0.0,0.011627906976744186,0.0,0.0
302,0.0,0.0,0.0,0.0,0.017857142857142856,0.017857142857142856,0.0,0.017857142857142856,0.0,0.0,0.0,0.0,0.0,0.0,0.05357142857142857,0.0,0.0,0.017857142857142856,0.0,0.0,0.0,0.0,0.017857142857142856,0.0,0.0,0.017857142857142856,0.0,0.0,0.0,0.0,0.0,0.017857142857142856,0.0,0.0,0.0,0.0,0.0,0.0,0.0,0.0,0.0,0.0,0.0,0.8214285714285714,0.0,0.0
303,0.0,0.0,0.08571428571428572,0.02857142857142857,0.07142857142857142,0.0,0.0,0.014285714285714285,0.11428571428571428,0.02857142857142857,0.0,0.0,0.02857142857142857,0.07142857142857142,0.11428571428571428,0.0,0.02857142857142857,0.14285714285714285,0.0,0.0,0.0,0.0,0.08571428571428572,0.0,0.11428571428571428,0.0,0.0,0.02857142857142857,0.0,0.0,0.0,0.0,0.0,0.0,0.0,0.014285714285714285,0.0,0.0,0.0,0.0,0.0,0.0,0.02857142857142857,0.0,0.0,0.0
304,0.0,0.013157894736842105,0.0,0.013157894736842105,0.013157894736842105,0.21052631578947367,0.0,0.039473684210526314,0.0,0.10526315789473684,0.013157894736842105,0.0,0.0,0.0,0.013157894736842105,0.0,0.013157894736842105,0.05263157894736842,0.0,0.013157894736842105,0.0,0.013157894736842105,0.02631578947368421,0.0,0.02631578947368421,0.0,0.013157894736842105,0.06578947368421052,0.013157894736842105,0.013157894736842105,0.0,0.0,0.0,0.0,0.18421052631578946,0.0,0.0,0.0,0.0,0.0,0.013157894736842105,0.0,0.0,0.0,0.0,0.13157894736842105
305,0.0,0.0,0.019230769230769232,0.0,0.0,0.0,0.019230769230769232,0.0,0.0,0.038461538461538464,0.0,0.019230769230769232,0.0,0.0,0.09615384615384616,0.019230769230769232,0.0,0.6153846153846154,0.0,0.0,0.0,0.0,0.019230769230769232,0.0,0.0,0.0,0.0,0.0,0.0,0.0,0.0,0.038461538461538464,0.019230769230769232,0.057692307692307696,0.019230769230769232,0.0,0.0,0.0,0.0,0.0,0.0,0.0,0.0,0.0,0.0,0.019230769230769232
306,0.0,0.0,0.0,0.0,0.0,0.0,0.01282051282051282,0.01282051282051282,0.01282051282051282,0.01282051282051282,0.01282051282051282,0.10256410256410256,0.01282051282051282,0.0,0.01282051282051282,0.01282051282051282,0.01282051282051282,0.02564102564102564,0.01282051282051282,0.01282051282051282,0.0,0.01282051282051282,0.038461538461538464,0.5128205128205128,0.0,0.0,0.0,0.0,0.0,0.0,0.05128205128205128,0.01282051282051282,0.0,0.07692307692307693,0.0,0.0,0.0,0.0,0.0,0.0,0.0,0.0,0.0,0.02564102564102564,0.0,0.0
307,0.0,0.014285714285714285,0.014285714285714285,0.0,0.014285714285714285,0.014285714285714285,0.014285714285714285,0.014285714285714285,0.0,0.014285714285714285,0.014285714285714285,0.0,0.0,0.02857142857142857,0.014285714285714285,0.014285714285714285,0.014285714285714285,0.014285714285714285,0.0,0.02857142857142857,0.014285714285714285,0.2857142857142857,0.0,0.0,0.014285714285714285,0.11428571428571428,0.05714285714285714,0.014285714285714285,0.17142857142857143,0.02857142857142857,0.014285714285714285,0.0,0.014285714285714285,0.0,0.04285714285714286,0.0,0.0,0.0,0.0,0.0,0.0,0.0,0.0,0.0,0.0,0.0
308,0.0,0.0,0.017241379310344827,0.034482758620689655,0.0,0.5344827586206896,0.0,0.0,0.017241379310344827,0.0,0.034482758620689655,0.0,0.0,0.0,0.0,0.034482758620689655,0.034482758620689655,0.017241379310344827,0.0,0.0,0.017241379310344827,0.0,0.15517241379310345,0.034482758620689655,0.0,0.0,0.0,0.017241379310344827,0.0,0.0,0.0,0.0,0.0,0.017241379310344827,0.017241379310344827,0.0,0.0,0.0,0.0,0.0,0.017241379310344827,0.0,0.0,0.0,0.0,0.0
309,0.0,0.0,0.0,0.0,0.02631578947368421,0.02631578947368421,0.013157894736842105,0.02631578947368421,0.013157894736842105,0.0,0.23684210526315788,0.039473684210526314,0.02631578947368421,0.013157894736842105,0.039473684210526314,0.0,0.02631578947368421,0.013157894736842105,0.013157894736842105,0.0,0.02631578947368421,0.013157894736842105,0.06578947368421052,0.039473684210526314,0.07894736842105263,0.0,0.0,0.013157894736842105,0.039473684210526314,0.0,0.013157894736842105,0.013157894736842105,0.02631578947368421,0.02631578947368421,0.05263157894736842,0.06578947368421052,0.0,0.0,0.0,0.0,0.0,0.0,0.013157894736842105,0.0,0.0,0.0
310,0.0,0.016129032258064516,0.0,0.0,0.0,0.03225806451612903,0.0,0.016129032258064516,0.0,0.016129032258064516,0.016129032258064516,0.0,0.03225806451612903,0.0,0.0,0.016129032258064516,0.0,0.0,0.0,0.03225806451612903,0.0,0.03225806451612903,0.0,0.0,0.08064516129032258,0.0,0.0,0.016129032258064516,0.016129032258064516,0.0,0.016129032258064516,0.0,0.0,0.016129032258064516,0.0,0.0,0.0,0.0,0.0,0.0,0.0,0.6451612903225806,0.0,0.0,0.0,0.0
311,0.0,0.0,0.017241379310344827,0.0,0.0,0.0,0.0,0.0,0.0,0.0,0.0,0.0,0.0,0.0,0.0,0.7931034482758621,0.0,0.05172413793103448,0.017241379310344827,0.0,0.0,0.0,0.0,0.0,0.0,0.017241379310344827,0.0,0.0,0.0,0.0,0.0,0.0,0.0,0.0,0.017241379310344827,0.0,0.0,0.0,0.0,0.0,0.0,0.017241379310344827,0.06896551724137931,0.0,0.0,0.0
312,0.0,0.0,0.043478260869565216,0.014492753623188406,0.014492753623188406,0.0,0.0,0.0,0.0,0.0,0.0,0.0,0.0,0.0,0.028985507246376812,0.07246376811594203,0.014492753623188406,0.0,0.0,0.0,0.0,0.0,0.0,0.057971014492753624,0.043478260869565216,0.37681159420289856,0.2753623188405797,0.0,0.014492753623188406,0.0,0.0,0.0,0.0,0.014492753623188406,0.0,0.0,0.0,0.0,0.0,0.0,0.0,0.0,0.0,0.0,0.0,0.028985507246376812
313,0.0,0.0,0.0,0.012987012987012988,0.012987012987012988,0.0,0.012987012987012988,0.012987012987012988,0.0,0.0,0.0,0.0,0.0,0.0,0.025974025974025976,0.0,0.025974025974025976,0.0,0.03896103896103896,0.0,0.0,0.0,0.012987012987012988,0.0,0.0,0.7272727272727273,0.012987012987012988,0.0,0.0,0.012987012987012988,0.012987012987012988,0.025974025974025976,0.012987012987012988,0.0,0.012987012987012988,0.0,0.0,0.0,0.0,0.0,0.0,0.0,0.0,0.0,0.025974025974025976,0.0
314,0.0,0.014705882352941176,0.04411764705882353,0.014705882352941176,0.0,0.014705882352941176,0.014705882352941176,0.014705882352941176,0.0,0.0,0.058823529411764705,0.014705882352941176,0.0,0.0,0.0,0.0,0.0,0.014705882352941176,0.014705882352941176,0.0,0.014705882352941176,0.014705882352941176,0.014705882352941176,0.029411764705882353,0.0,0.0,0.0,0.45588235294117646,0.0,0.0,0.029411764705882353,0.10294117647058823,0.029411764705882353,0.014705882352941176,0.0,0.0,0.0,0.0,0.0,0.0,0.0,0.058823529411764705,0.0,0.0,0.0,0.014705882352941176
315,0.0,0.0,0.0,0.014084507042253521,0.014084507042253521,0.04225352112676056,0.0,0.0,0.014084507042253521,0.0,0.09859154929577464,0.0,0.0,0.0,0.014084507042253521,0.07042253521126761,0.0,0.014084507042253521,0.028169014084507043,0.014084507042253521,0.014084507042253521,0.04225352112676056,0.014084507042253521,0.0,0.2535211267605634,0.04225352112676056,0.0,0.056338028169014086,0.014084507042253521,0.0,0.0,0.1267605633802817,0.014084507042253521,0.0,0.014084507042253521,0.08450704225352113,0.0,0.0,0.0,0.0,0.0,0.0,0.0,0.0,0.0,0.0
316,0.0,0.0,0.0,0.0,0.0,0.0,0.0,0.0,0.08928571428571429,0.125,0.0,0.0,0.0,0.0,0.0,0.0,0.0,0.0,0.0,0.25,0.30357142857142855,0.0,0.0,0.0,0.0,0.0,0.0,0.0,0.0,0.0,0.03571428571428571,0.0,0.0,0.17857142857142858,0.0,0.0,0.0,0.0,0.0,0.0,0.0,0.0,0.0,0.0,0.017857142857142856,0.0
317,0.0,0.0,0.0,0.0,0.0,0.0,0.0,0.0,0.0,0.09803921568627451,0.0,0.0,0.0,0.0,0.0,0.0196078431372549,0.0,0.0,0.0,0.17647058823529413,0.17647058823529413,0.0196078431372549,0.0196078431372549,0.43137254901960786,0.0,0.0196078431372549,0.0,0.0,0.0,0.0,0.0,0.0,0.0,0.0196078431372549,0.0,0.0196078431372549,0.0,0.0,0.0,0.0,0.0,0.0,0.0,0.0,0.0,0.0
318,0.0,0.0,0.0,0.1016949152542373,0.1864406779661017,0.0,0.03389830508474576,0.0,0.0,0.01694915254237288,0.0,0.0,0.03389830508474576,0.0,0.0,0.03389830508474576,0.13559322033898305,0.01694915254237288,0.0,0.1016949152542373,0.03389830508474576,0.0,0.01694915254237288,0.13559322033898305,0.0,0.0,0.05084745762711865,0.03389830508474576,0.03389830508474576,0.01694915254237288,0.0,0.0,0.0,0.0,0.0,0.0,0.0,0.0,0.0,0.0,0.0,0.0,0.0,0.01694915254237288,0.0,0.0
319,0.0,0.0,0.0,0.0,0.04225352112676056,0.0,0.0,0.014084507042253521,0.014084507042253521,0.0,0.07042253521126761,0.0,0.0,0.0,0.0,0.0,0.0,0.0,0.0,0.0,0.0,0.028169014084507043,0.014084507042253521,0.028169014084507043,0.0,0.0,0.0,0.0,0.014084507042253521,0.0,0.0,0.056338028169014086,0.04225352112676056,0.09859154929577464,0.43661971830985913,0.0,0.0,0.0,0.0,0.0,0.0,0.0,0.014084507042253521,0.0,0.0,0.1267605633802817
320,0.0,0.0,0.0,0.55,0.13333333333333333,0.03333333333333333,0.0,0.016666666666666666,0.0,0.016666666666666666,0.016666666666666666,0.0,0.0,0.016666666666666666,0.0,0.0,0.0,0.1,0.0,0.0,0.0,0.0,0.0,0.016666666666666666,0.0,0.016666666666666666,0.0,0.08333333333333333,0.0,0.0,0.0,0.0,0.0,0.0,0.0,0.0,0.0,0.0,0.0,0.0,0.0,0.0,0.0,0.0,0.0,0.0
321,0.0,0.0,0.0,0.056818181818181816,0.011363636363636364,0.011363636363636364,0.056818181818181816,0.022727272727272728,0.0,0.056818181818181816,0.011363636363636364,0.0,0.0,0.03409090909090909,0.03409090909090909,0.17045454545454544,0.045454545454545456,0.0,0.0,0.056818181818181816,0.0,0.0,0.022727272727272728,0.011363636363636364,0.0,0.11363636363636363,0.03409090909090909,0.0,0.011363636363636364,0.0,0.0,0.056818181818181816,0.011363636363636364,0.0,0.011363636363636364,0.0,0.0,0.0,0.0,0.0,0.0,0.06818181818181818,0.06818181818181818,0.011363636363636364,0.011363636363636364,0.0
322,0.0,0.012987012987012988,0.0,0.0,0.0,0.0,0.03896103896103896,0.03896103896103896,0.012987012987012988,0.025974025974025976,0.012987012987012988,0.0,0.0,0.06493506493506493,0.0,0.025974025974025976,0.05194805194805195,0.07792207792207792,0.0,0.012987012987012988,0.0,0.025974025974025976,0.0,0.025974025974025976,0.07792207792207792,0.025974025974025976,0.0,0.012987012987012988,0.0,0.012987012987012988,0.05194805194805195,0.0,0.05194805194805195,0.05194805194805195,0.025974025974025976,0.012987012987012988,0.0,0.0,0.0,0.0,0.0,0.025974025974025976,0.025974025974025976,0.03896103896103896,0.11688311688311688,0.03896103896103896
323,0.07462686567164178,0.0,0.029850746268656716,0.014925373134328358,0.014925373134328358,0.0,0.05970149253731343,0.0,0.0,0.07462686567164178,0.0,0.029850746268656716,0.014925373134328358,0.014925373134328358,0.0,0.0,0.07462686567164178,0.0,0.014925373134328358,0.0,0.04477611940298507,0.014925373134328358,0.029850746268656716,0.16417910447761194,0.04477611940298507,0.014925373134328358,0.05970149253731343,0.0,0.08955223880597014,0.014925373134328358,0.0,0.014925373134328358,0.0,0.0,0.0,0.0,0.0,0.0,0.0,0.0,0.0,0.04477611940298507,0.029850746268656716,0.0,0.014925373134328358,0.0
324,0.0,0.0,0.09090909090909091,0.03636363636363636,0.2545454545454545,0.0,0.0,0.0,0.0,0.0,0.0,0.0,0.0,0.0,0.0,0.0,0.0,0.0,0.01818181818181818,0.0,0.0,0.0,0.0,0.0,0.0,0.16363636363636364,0.01818181818181818,0.01818181818181818,0.12727272727272726,0.05454545454545454,0.01818181818181818,0.01818181818181818,0.0,0.14545454545454545,0.01818181818181818,0.0,0.0,0.0,0.0,0.0,0.0,0.0,0.0,0.01818181818181818,0.0,0.0
325,0.0,0.0,0.0125,0.0125,0.0125,0.025,0.675,0.025,0.0,0.0,0.0125,0.0,0.0,0.0,0.0125,0.025,0.025,0.0,0.0,0.0,0.05,0.0,0.0125,0.0,0.0,0.0,0.0125,0.025,0.0,0.025,0.0,0.0,0.0125,0.0125,0.0,0.0,0.0,0.0,0.0,0.0,0.0,0.0,0.0,0.0,0.0,0.0125
326,0.0,0.02,0.0,0.02,0.0,0.42,0.02,0.02,0.04,0.0,0.04,0.02,0.0,0.0,0.0,0.02,0.0,0.0,0.0,0.0,0.0,0.02,0.02,0.0,0.0,0.02,0.0,0.0,0.0,0.0,0.02,0.18,0.04,0.0,0.02,0.0,0.0,0.0,0.0,0.0,0.0,0.0,0.06,0.0,0.0,0.0
327,0.017241379310344827,0.0,0.0,0.0,0.034482758620689655,0.0,0.017241379310344827,0.0,0.0,0.0,0.0,0.0,0.0,0.017241379310344827,0.0,0.017241379310344827,0.0,0.0,0.06896551724137931,0.0,0.0,0.0,0.0,0.0,0.0,0.0,0.0,0.0,0.017241379310344827,0.0,0.0,0.29310344827586204,0.3275862068965517,0.034482758620689655,0.0,0.017241379310344827,0.0,0.0,0.0,0.0,0.0,0.0,0.0,0.10344827586206896,0.034482758620689655,0.0
328,0.0,0.0,0.0,0.0,0.0,0.0,0.0,0.019230769230769232,0.0,0.0,0.0,0.0,0.0,0.0,0.0,0.0,0.0,0.038461538461538464,0.0,0.0,0.0,0.0,0.0,0.0,0.019230769230769232,0.0,0.0,0.0,0.0,0.019230769230769232,0.0,0.0,0.0,0.038461538461538464,0.8653846153846154,0.0,0.0,0.0,0.0,0.0,0.0,0.0,0.0,0.0,0.0,0.0
329,0.0,0.0,0.0,0.0,0.0,0.0,0.2553191489361702,0.0425531914893617,0.44680851063829785,0.02127659574468085,0.0,0.0,0.0,0.0,0.0,0.0,0.0,0.0,0.0,0.0,0.0,0.0,0.0,0.0425531914893617,0.0,0.0,0.0,0.0,0.02127659574468085,0.0425531914893617,0.0,0.0,0.06382978723404255,0.0,0.0425531914893617,0.0,0.0,0.0,0.0,0.0,0.0,0.0,0.0,0.0,0.0,0.02127659574468085
330,0.0,0.0,0.0,0.0,0.0,0.015625,0.0,0.0,0.0,0.0,0.03125,0.0,0.0,0.015625,0.0,0.0,0.0,0.0,0.0,0.0,0.0,0.015625,0.671875,0.078125,0.0,0.015625,0.0,0.0,0.0,0.03125,0.0,0.015625,0.0,0.046875,0.0,0.0,0.0,0.0,0.0,0.0,0.0,0.0,0.03125,0.0,0.03125,0.0
331,0.0,0.0,0.0,0.05454545454545454,0.2,0.01818181818181818,0.05454545454545454,0.10909090909090909,0.09090909090909091,0.01818181818181818,0.0,0.0,0.10909090909090909,0.05454545454545454,0.0,0.01818181818181818,0.0,0.01818181818181818,0.0,0.0,0.01818181818181818,0.0,0.0,0.01818181818181818,0.0,0.0,0.0,0.01818181818181818,0.03636363636363636,0.0,0.01818181818181818,0.0,0.0,0.0,0.01818181818181818,0.0,0.0,0.0,0.0,0.0,0.0,0.12727272727272726,0.0,0.0,0.0,0.0
332,0.015625,0.0,0.015625,0.015625,0.0,0.0,0.03125,0.0,0.015625,0.0,0.0,0.03125,0.0,0.015625,0.0,0.0,0.015625,0.671875,0.0,0.0,0.0,0.0,0.0625,0.0,0.0,0.015625,0.03125,0.015625,0.0,0.0,0.015625,0.0,0.015625,0.0,0.0,0.0,0.0,0.0,0.0,0.0,0.0,0.0,0.0,0.015625,0.0,0.0
333,0.0,0.0,0.32786885245901637,0.01639344262295082,0.0,0.29508196721311475,0.01639344262295082,0.01639344262295082,0.0,0.0,0.01639344262295082,0.0,0.0,0.0,0.0,0.0,0.0,0.01639344262295082,0.0,0.0,0.0,0.0,0.01639344262295082,0.0,0.01639344262295082,0.01639344262295082,0.03278688524590164,0.01639344262295082,0.0,0.01639344262295082,0.0,0.06557377049180328,0.01639344262295082,0.03278688524590164,0.01639344262295082,0.0,0.01639344262295082,0.0,0.01639344262295082,0.0,0.0,0.0,0.0,0.0,0.0,0.01639344262295082
334,0.0,0.0,0.0,0.0,0.0,0.0,0.02040816326530612,0.0,0.02040816326530612,0.0,0.0,0.0,0.0,0.0,0.0,0.0,0.0,0.0,0.0,0.0,0.02040816326530612,0.0,0.0,0.04081632653061224,0.0,0.0,0.0,0.0,0.8775510204081632,0.02040816326530612,0.0,0.0,0.0,0.0,0.0,0.0,0.0,0.0,0.0,0.0,0.0,0.0,0.0,0.0,0.0,0.0
335,0.014705882352941176,0.0,0.0,0.014705882352941176,0.014705882352941176,0.0,0.04411764705882353,0.0,0.0,0.0,0.0,0.36764705882352944,0.0,0.029411764705882353,0.014705882352941176,0.0,0.029411764705882353,0.07352941176470588,0.0,0.17647058823529413,0.058823529411764705,0.0,0.0,0.014705882352941176,0.014705882352941176,0.029411764705882353,0.0,0.0,0.014705882352941176,0.0,0.0,0.014705882352941176,0.04411764705882353,0.0,0.014705882352941176,0.0,0.0,0.0,0.0,0.0,0.0,0.0,0.0,0.014705882352941176,0.0,0.0
336,0.0,0.0,0.078125,0.0,0.0,0.0,0.0,0.0,0.0,0.046875,0.140625,0.0,0.0,0.0,0.0,0.5,0.015625,0.0,0.0,0.015625,0.0,0.0,0.015625,0.0,0.0,0.015625,0.0,0.0,0.015625,0.03125,0.0,0.03125,0.03125,0.015625,0.0,0.0,0.0,0.0,0.0,0.0,0.0,0.03125,0.015625,0.0,0.0,0.0
337,0.0,0.01639344262295082,0.01639344262295082,0.01639344262295082,0.39344262295081966,0.03278688524590164,0.08196721311475409,0.0,0.01639344262295082,0.06557377049180328,0.03278688524590164,0.0,0.0,0.04918032786885246,0.0,0.0,0.01639344262295082,0.0,0.0,0.01639344262295082,0.03278688524590164,0.0,0.0,0.0,0.03278688524590164,0.06557377049180328,0.0,0.0,0.0,0.0,0.01639344262295082,0.03278688524590164,0.03278688524590164,0.0,0.01639344262295082,0.0,0.0,0.0,0.0,0.0,0.0,0.0,0.0,0.0,0.0,0.01639344262295082
338,0.0,0.0,0.03636363636363636,0.0,0.0,0.0,0.0,0.01818181818181818,0.0,0.01818181818181818,0.03636363636363636,0.01818181818181818,0.0,0.0,0.0,0.01818181818181818,0.0,0.05454545454545454,0.0,0.34545454545454546,0.12727272727272726,0.0,0.0,0.0,0.0,0.0,0.0,0.01818181818181818,0.01818181818181818,0.01818181818181818,0.0,0.0,0.03636363636363636,0.01818181818181818,0.0,0.0,0.0,0.0,0.0,0.0,0.0,0.0,0.0,0.21818181818181817,0.0,0.0
339,0.0136986301369863,0.0410958904109589,0.0958904109589041,0.0136986301369863,0.0,0.0,0.0,0.2191780821917808,0.0,0.0,0.0136986301369863,0.0,0.0,0.1095890410958904,0.0,0.0136986301369863,0.0136986301369863,0.0,0.0,0.0,0.0684931506849315,0.0,0.0,0.0,0.0,0.0821917808219178,0.0136986301369863,0.0136986301369863,0.0410958904109589,0.0684931506849315,0.0,0.0136986301369863,0.0136986301369863,0.0,0.0,0.0410958904109589,0.0,0.0,0.0,0.0,0.0,0.0821917808219178,0.0,0.0136986301369863,0.0136986301369863,0.0
340,0.0,0.0,0.08333333333333333,0.0,0.0,0.0,0.0,0.0,0.0,0.0,0.05555555555555555,0.013888888888888888,0.013888888888888888,0.0,0.027777777777777776,0.0,0.0,0.013888888888888888,0.0,0.0,0.0,0.0,0.013888888888888888,0.0,0.0,0.041666666666666664,0.125,0.0,0.1527777777777778,0.027777777777777776,0.20833333333333334,0.05555555555555555,0.0,0.0,0.0,0.0,0.0,0.0,0.0,0.0,0.0,0.027777777777777776,0.125,0.013888888888888888,0.0,0.0
341,0.0,0.0,0.029411764705882353,0.0,0.0,0.058823529411764705,0.0,0.014705882352941176,0.0,0.014705882352941176,0.04411764705882353,0.014705882352941176,0.014705882352941176,0.029411764705882353,0.0,0.0,0.014705882352941176,0.014705882352941176,0.0,0.014705882352941176,0.014705882352941176,0.0,0.25,0.07352941176470588,0.04411764705882353,0.014705882352941176,0.1323529411764706,0.014705882352941176,0.0,0.0,0.0,0.0,0.04411764705882353,0.029411764705882353,0.07352941176470588,0.0,0.0,0.0,0.0,0.0,0.0,0.0,0.014705882352941176,0.0,0.029411764705882353,0.0
342,0.0,0.0,0.0,0.0,0.0,0.0,0.0,0.0,0.0,0.0,0.0,0.0,0.0,0.0,0.0,0.0,0.0,0.0,0.0,0.021739130434782608,0.0,0.9347826086956522,0.021739130434782608,0.0,0.0,0.0,0.0,0.0,0.0,0.0,0.021739130434782608,0.0,0.0,0.0,0.0,0.0,0.0,0.0,0.0,0.0,0.0,0.0,0.0,0.0,0.0,0.0
343,0.10714285714285714,0.03571428571428571,0.2857142857142857,0.0,0.07142857142857142,0.0,0.23214285714285715,0.03571428571428571,0.03571428571428571,0.017857142857142856,0.0,0.017857142857142856,0.07142857142857142,0.017857142857142856,0.017857142857142856,0.0,0.0,0.0,0.017857142857142856,0.0,0.0,0.0,0.0,0.0,0.0,0.017857142857142856,0.0,0.0,0.017857142857142856,0.0,0.0,0.0,0.0,0.0,0.0,0.0,0.0,0.0,0.0,0.0,0.0,0.0,0.0,0.0,0.0,0.0
344,0.0,0.3389830508474576,0.0847457627118644,0.01694915254237288,0.0,0.0,0.0,0.0,0.0,0.03389830508474576,0.06779661016949153,0.0,0.06779661016949153,0.15254237288135594,0.22033898305084745,0.0,0.0,0.0,0.0,0.0,0.0,0.01694915254237288,0.0,0.0,0.0,0.0,0.0,0.0,0.0,0.0,0.0,0.0,0.0,0.0,0.0,0.0,0.0,0.0,0.0,0.0,0.0,0.0,0.0,0.0,0.0,0.0
345,0.023255813953488372,0.06976744186046512,0.06976744186046512,0.09302325581395349,0.0,0.046511627906976744,0.023255813953488372,0.06976744186046512,0.06976744186046512,0.06976744186046512,0.13953488372093023,0.06976744186046512,0.046511627906976744,0.06976744186046512,0.09302325581395349,0.046511627906976744,0.0,0.0,0.0,0.0,0.0,0.0,0.0,0.0,0.0,0.0,0.0,0.0,0.0,0.0,0.0,0.0,0.0,0.0,0.0,0.0,0.0,0.0,0.0,0.0,0.0,0.0,0.0,0.0,0.0,0.0
346,0.0,0.0,0.019230769230769232,0.0,0.0,0.0,0.0,0.038461538461538464,0.0,0.36538461538461536,0.0,0.07692307692307693,0.0,0.0,0.07692307692307693,0.0,0.0,0.0,0.0,0.0,0.0,0.0,0.0,0.0,0.0,0.0,0.1346153846153846,0.0,0.0,0.019230769230769232,0.0,0.0,0.0,0.0,0.0,0.0,0.0,0.0,0.0,0.0,0.0,0.0,0.17307692307692307,0.0,0.09615384615384616,0.0
347,0.0,0.0,0.019230769230769232,0.0,0.0,0.038461538461538464,0.0,0.057692307692307696,0.09615384615384616,0.4807692307692308,0.019230769230769232,0.0,0.0,0.0,0.0,0.0,0.019230769230769232,0.0,0.0,0.038461538461538464,0.0,0.0,0.019230769230769232,0.038461538461538464,0.0,0.0,0.0,0.0,0.0,0.0,0.019230769230769232,0.0,0.019230769230769232,0.019230769230769232,0.057692307692307696,0.0,0.0,0.0,0.0,0.0,0.0,0.038461538461538464,0.0,0.0,0.019230769230769232,0.0
348,0.0,0.0,0.0,0.22,0.0,0.0,0.0,0.0,0.0,0.02,0.0,0.0,0.0,0.0,0.0,0.0,0.0,0.02,0.02,0.0,0.06,0.08,0.0,0.02,0.02,0.02,0.0,0.06,0.02,0.04,0.0,0.02,0.02,0.14,0.02,0.0,0.0,0.0,0.0,0.06,0.08,0.06,0.0,0.0,0.0,0.0
349,0.0,0.013888888888888888,0.013888888888888888,0.0,0.05555555555555555,0.0,0.0,0.013888888888888888,0.013888888888888888,0.0,0.0,0.027777777777777776,0.0,0.05555555555555555,0.0,0.0,0.013888888888888888,0.5555555555555556,0.013888888888888888,0.0,0.013888888888888888,0.0,0.0,0.013888888888888888,0.0,0.013888888888888888,0.0,0.0,0.013888888888888888,0.0,0.013888888888888888,0.0,0.0,0.09722222222222222,0.013888888888888888,0.0,0.0,0.013888888888888888,0.0,0.0,0.0,0.0,0.0,0.013888888888888888,0.013888888888888888,0.0
350,0.0,0.016666666666666666,0.03333333333333333,0.0,0.1,0.18333333333333332,0.36666666666666664,0.0,0.03333333333333333,0.0,0.0,0.0,0.0,0.2,0.0,0.0,0.0,0.0,0.0,0.0,0.0,0.0,0.0,0.0,0.016666666666666666,0.0,0.016666666666666666,0.0,0.0,0.0,0.0,0.0,0.0,0.0,0.0,0.0,0.0,0.0,0.0,0.0,0.0,0.0,0.0,0.0,0.03333333333333333,0.0
351,0.0,0.0,0.3888888888888889,0.3333333333333333,0.0,0.037037037037037035,0.0,0.0,0.0,0.0,0.0,0.0,0.0,0.0,0.0,0.018518518518518517,0.0,0.018518518518518517,0.0,0.0,0.037037037037037035,0.0,0.0,0.0,0.018518518518518517,0.0,0.0,0.0,0.037037037037037035,0.0,0.018518518518518517,0.0,0.0,0.05555555555555555,0.018518518518518517,0.0,0.0,0.0,0.0,0.0,0.0,0.0,0.0,0.0,0.0,0.018518518518518517
352,0.0,0.0,0.9142857142857143,0.0,0.0,0.0,0.0,0.0,0.0,0.0,0.0,0.0,0.0,0.0,0.02857142857142857,0.0,0.0,0.014285714285714285,0.0,0.0,0.0,0.014285714285714285,0.0,0.0,0.0,0.0,0.02857142857142857,0.0,0.0,0.0,0.0,0.0,0.0,0.0,0.0,0.0,0.0,0.0,0.0,0.0,0.0,0.0,0.0,0.0,0.0,0.0
353,0.0,0.06779661016949153,0.1016949152542373,0.0,0.0,0.288135593220339,0.0,0.03389830508474576,0.0,0.01694915254237288,0.01694915254237288,0.03389830508474576,0.0,0.01694915254237288,0.0,0.01694915254237288,0.01694915254237288,0.0,0.0,0.0,0.0,0.0,0.15254237288135594,0.01694915254237288,0.0,0.0,0.01694915254237288,0.0,0.1016949152542373,0.03389830508474576,0.0,0.0,0.0,0.0,0.0,0.0,0.0,0.0,0.0,0.0,0.0,0.0,0.0,0.01694915254237288,0.05084745762711865,0.0
354,0.0,0.0,0.0,0.0,0.0,0.019230769230769232,0.0,0.019230769230769232,0.019230769230769232,0.019230769230769232,0.0,0.0,0.0,0.0,0.0,0.019230769230769232,0.0,0.057692307692307696,0.0,0.038461538461538464,0.0,0.0,0.0,0.0,0.0,0.0,0.0,0.0,0.75,0.0,0.0,0.0,0.019230769230769232,0.0,0.0,0.0,0.0,0.0,0.0,0.0,0.0,0.019230769230769232,0.0,0.0,0.0,0.019230769230769232
355,0.009708737864077669,0.038834951456310676,0.02912621359223301,0.02912621359223301,0.038834951456310676,0.0,0.02912621359223301,0.02912621359223301,0.019417475728155338,0.019417475728155338,0.009708737864077669,0.009708737864077669,0.0,0.009708737864077669,0.038834951456310676,0.009708737864077669,0.038834951456310676,0.0,0.009708737864077669,0.04854368932038835,0.0,0.009708737864077669,0.038834951456310676,0.1941747572815534,0.019417475728155338,0.05825242718446602,0.009708737864077669,0.0,0.009708737864077669,0.019417475728155338,0.04854368932038835,0.04854368932038835,0.019417475728155338,0.019417475728155338,0.019417475728155338,0.009708737864077669,0.0,0.0,0.0,0.0,0.0,0.009708737864077669,0.019417475728155338,0.0,0.009708737864077669,0.019417475728155338
356,0.023809523809523808,0.09523809523809523,0.14285714285714285,0.047619047619047616,0.0,0.023809523809523808,0.047619047619047616,0.047619047619047616,0.11904761904761904,0.047619047619047616,0.11904761904761904,0.047619047619047616,0.19047619047619047,0.023809523809523808,0.023809523809523808,0.0,0.0,0.0,0.0,0.0,0.0,0.0,0.0,0.0,0.0,0.0,0.0,0.0,0.0,0.0,0.0,0.0,0.0,0.0,0.0,0.0,0.0,0.0,0.0,0.0,0.0,0.0,0.0,0.0,0.0,0.0
357,0.014705882352941176,0.14705882352941177,0.014705882352941176,0.0,0.014705882352941176,0.0,0.0,0.0,0.014705882352941176,0.014705882352941176,0.0,0.0,0.058823529411764705,0.1323529411764706,0.014705882352941176,0.0,0.014705882352941176,0.0,0.014705882352941176,0.0,0.0,0.0,0.0,0.11764705882352941,0.0,0.014705882352941176,0.3235294117647059,0.014705882352941176,0.029411764705882353,0.0,0.0,0.014705882352941176,0.0,0.0,0.029411764705882353,0.0,0.0,0.0,0.0,0.0,0.0,0.0,0.0,0.0,0.0,0.0
358,0.0,0.0,0.0,0.02666666666666667,0.013333333333333334,0.02666666666666667,0.0,0.013333333333333334,0.0,0.04,0.013333333333333334,0.0,0.0,0.013333333333333334,0.013333333333333334,0.0,0.02666666666666667,0.0,0.0,0.08,0.08,0.013333333333333334,0.0,0.013333333333333334,0.013333333333333334,0.0,0.013333333333333334,0.04,0.02666666666666667,0.05333333333333334,0.0,0.02666666666666667,0.0,0.0,0.41333333333333333,0.013333333333333334,0.0,0.02666666666666667,0.0,0.0,0.0,0.0,0.0,0.0,0.0,0.0
359,0.0,0.0,0.0,0.06666666666666667,0.0,0.0,0.0,0.0,0.0,0.0,0.6222222222222222,0.0,0.0,0.0,0.0,0.0,0.0,0.0,0.0,0.0,0.044444444444444446,0.022222222222222223,0.08888888888888889,0.0,0.0,0.0,0.0,0.0,0.0,0.0,0.0,0.0,0.0,0.0,0.15555555555555556,0.0,0.0,0.0,0.0,0.0,0.0,0.0,0.0,0.0,0.0,0.0
360,0.0,0.12195121951219512,0.04878048780487805,0.04878048780487805,0.07317073170731707,0.17073170731707318,0.0975609756097561,0.024390243902439025,0.04878048780487805,0.04878048780487805,0.024390243902439025,0.0975609756097561,0.07317073170731707,0.024390243902439025,0.0975609756097561,0.0,0.0,0.0,0.0,0.0,0.0,0.0,0.0,0.0,0.0,0.0,0.0,0.0,0.0,0.0,0.0,0.0,0.0,0.0,0.0,0.0,0.0,0.0,0.0,0.0,0.0,0.0,0.0,0.0,0.0,0.0
361,0.024390243902439025,0.024390243902439025,0.024390243902439025,0.024390243902439025,0.024390243902439025,0.07317073170731707,0.04878048780487805,0.0975609756097561,0.0975609756097561,0.12195121951219512,0.0975609756097561,0.04878048780487805,0.04878048780487805,0.0975609756097561,0.04878048780487805,0.0975609756097561,0.0,0.0,0.0,0.0,0.0,0.0,0.0,0.0,0.0,0.0,0.0,0.0,0.0,0.0,0.0,0.0,0.0,0.0,0.0,0.0,0.0,0.0,0.0,0.0,0.0,0.0,0.0,0.0,0.0,0.0
362,0.0,0.09433962264150944,0.0,0.0,0.0,0.0,0.0,0.0,0.0,0.0,0.0,0.24528301886792453,0.0,0.0,0.0,0.0,0.0,0.0,0.018867924528301886,0.03773584905660377,0.018867924528301886,0.16981132075471697,0.018867924528301886,0.0,0.37735849056603776,0.0,0.0,0.0,0.0,0.018867924528301886,0.0,0.0,0.0,0.0,0.0,0.0,0.0,0.0,0.0,0.0,0.0,0.0,0.0,0.0,0.0,0.0
363,0.0,0.0,0.04081632653061224,0.0,0.5510204081632653,0.0,0.0,0.0,0.0,0.0,0.0,0.0,0.04081632653061224,0.0,0.0,0.0,0.02040816326530612,0.02040816326530612,0.0,0.0,0.0,0.061224489795918366,0.0,0.0,0.0,0.04081632653061224,0.0,0.0,0.0,0.0,0.0,0.04081632653061224,0.0,0.0,0.0,0.0,0.0,0.0,0.0,0.0,0.0,0.10204081632653061,0.0,0.0,0.0,0.08163265306122448
364,0.0,0.0,0.05555555555555555,0.018518518518518517,0.0,0.0,0.018518518518518517,0.037037037037037035,0.0,0.018518518518518517,0.018518518518518517,0.2037037037037037,0.0,0.0,0.0,0.0,0.0,0.018518518518518517,0.0,0.0,0.0,0.0,0.0,0.0,0.0,0.018518518518518517,0.0,0.0,0.0,0.37037037037037035,0.037037037037037035,0.018518518518518517,0.0,0.12962962962962962,0.037037037037037035,0.0,0.0,0.0,0.0,0.0,0.0,0.0,0.0,0.0,0.0,0.0
365,0.0,0.0,0.0,0.03333333333333333,0.016666666666666666,0.03333333333333333,0.016666666666666666,0.0,0.0,0.0,0.016666666666666666,0.0,0.0,0.0,0.0,0.016666666666666666,0.016666666666666666,0.016666666666666666,0.016666666666666666,0.016666666666666666,0.0,0.0,0.05,0.016666666666666666,0.0,0.0,0.0,0.0,0.016666666666666666,0.0,0.0,0.0,0.0,0.03333333333333333,0.0,0.0,0.0,0.0,0.0,0.0,0.0,0.0,0.6833333333333333,0.0,0.0,0.0
366,0.0,0.020833333333333332,0.0,0.0,0.020833333333333332,0.020833333333333332,0.0,0.3333333333333333,0.3333333333333333,0.041666666666666664,0.020833333333333332,0.0,0.0,0.0,0.020833333333333332,0.0,0.0,0.0,0.0,0.0,0.0,0.0,0.0,0.0,0.0,0.0,0.0,0.020833333333333332,0.020833333333333332,0.0,0.0,0.0,0.0,0.041666666666666664,0.08333333333333333,0.0,0.0,0.0,0.0,0.020833333333333332,0.0,0.0,0.0,0.0,0.0,0.0
367,0.02,0.0,0.02,0.0,0.04,0.04,0.0,0.0,0.26,0.1,0.0,0.0,0.0,0.0,0.0,0.1,0.04,0.02,0.0,0.02,0.0,0.0,0.0,0.0,0.0,0.0,0.0,0.0,0.0,0.0,0.0,0.0,0.16,0.18,0.0,0.0,0.0,0.0,0.0,0.0,0.0,0.0,0.0,0.0,0.0,0.0
368,0.0,0.0,0.0,0.0,0.0,0.0,0.0,0.0,0.0,0.0,0.0,0.0,0.0,0.0,0.04081632653061224,0.0,0.0,0.0,0.0,0.0,0.0,0.0,0.46938775510204084,0.4897959183673469,0.0,0.0,0.0,0.0,0.0,0.0,0.0,0.0,0.0,0.0,0.0,0.0,0.0,0.0,0.0,0.0,0.0,0.0,0.0,0.0,0.0,0.0
369,0.0,0.014705882352941176,0.10294117647058823,0.014705882352941176,0.0,0.0,0.0,0.19117647058823528,0.014705882352941176,0.04411764705882353,0.0,0.0,0.014705882352941176,0.0,0.08823529411764706,0.04411764705882353,0.0,0.0,0.22058823529411764,0.029411764705882353,0.029411764705882353,0.014705882352941176,0.04411764705882353,0.029411764705882353,0.0,0.0,0.014705882352941176,0.0,0.0,0.0,0.0,0.0,0.04411764705882353,0.0,0.0,0.04411764705882353,0.0,0.0,0.0,0.0,0.0,0.0,0.0,0.0,0.0,0.0
370,0.0,0.0,0.0,0.0,0.0,0.0,0.0,0.0,0.0,0.0,0.0,0.0,0.0,0.0,0.0,0.022222222222222223,0.0,0.0,0.0,0.0,0.0,0.022222222222222223,0.0,0.0,0.0,0.0,0.0,0.0,0.0,0.0,0.0,0.0,0.0,0.0,0.9555555555555556,0.0,0.0,0.0,0.0,0.0,0.0,0.0,0.0,0.0,0.0,0.0
371,0.0,0.0,0.0,0.0,0.0,0.0,0.0,0.17073170731707318,0.0,0.0,0.0,0.024390243902439025,0.0,0.024390243902439025,0.0,0.0,0.6585365853658537,0.0,0.0,0.04878048780487805,0.0,0.04878048780487805,0.0,0.0,0.0,0.0,0.0,0.024390243902439025,0.0,0.0,0.0,0.0,0.0,0.0,0.0,0.0,0.0,0.0,0.0,0.0,0.0,0.0,0.0,0.0,0.0,0.0
372,0.0,0.018867924528301886,0.018867924528301886,0.0,0.0,0.018867924528301886,0.0,0.0,0.0,0.0,0.0,0.0,0.0,0.0,0.0,0.0,0.0,0.0,0.018867924528301886,0.0,0.0,0.0,0.0,0.0,0.0,0.03773584905660377,0.0,0.0,0.018867924528301886,0.0,0.018867924528301886,0.018867924528301886,0.018867924528301886,0.018867924528301886,0.018867924528301886,0.7547169811320755,0.0,0.0,0.0,0.0,0.0,0.018867924528301886,0.0,0.0,0.0,0.0
373,0.0,0.0,0.0125,0.0125,0.0,0.0,0.0125,0.0125,0.025,0.0125,0.0125,0.025,0.0125,0.0,0.0,0.0125,0.0,0.0125,0.0125,0.0125,0.0,0.0,0.375,0.0,0.0375,0.0,0.0,0.05,0.05,0.1125,0.0,0.0375,0.025,0.05,0.0125,0.0,0.0,0.0,0.0,0.0,0.0,0.0125,0.05,0.0,0.0,0.0
374,0.0,0.075,0.05,0.05,0.125,0.125,0.05,0.05,0.05,0.075,0.075,0.075,0.025,0.0,0.1,0.075,0.0,0.0,0.0,0.0,0.0,0.0,0.0,0.0,0.0,0.0,0.0,0.0,0.0,0.0,0.0,0.0,0.0,0.0,0.0,0.0,0.0,0.0,0.0,0.0,0.0,0.0,0.0,0.0,0.0,0.0
375,0.0,0.1,0.025,0.075,0.05,0.125,0.05,0.15,0.05,0.05,0.1,0.05,0.075,0.025,0.025,0.05,0.0,0.0,0.0,0.0,0.0,0.0,0.0,0.0,0.0,0.0,0.0,0.0,0.0,0.0,0.0,0.0,0.0,0.0,0.0,0.0,0.0,0.0,0.0,0.0,0.0,0.0,0.0,0.0,0.0,0.0
376,0.0,0.0,0.0,0.038461538461538464,0.01282051282051282,0.19230769230769232,0.02564102564102564,0.05128205128205128,0.19230769230769232,0.01282051282051282,0.01282051282051282,0.01282051282051282,0.0,0.0,0.038461538461538464,0.10256410256410256,0.038461538461538464,0.038461538461538464,0.02564102564102564,0.01282051282051282,0.038461538461538464,0.01282051282051282,0.0,0.0,0.02564102564102564,0.01282051282051282,0.01282051282051282,0.0,0.0,0.0,0.0,0.0,0.038461538461538464,0.0,0.0,0.0,0.0,0.0,0.0,0.0,0.0,0.05128205128205128,0.0,0.0,0.0,0.0
377,0.0,0.0196078431372549,0.0,0.0,0.0196078431372549,0.0,0.7450980392156863,0.0196078431372549,0.0196078431372549,0.0,0.0,0.0,0.0,0.0,0.0196078431372549,0.0,0.0196078431372549,0.0,0.0,0.0,0.0,0.0196078431372549,0.0,0.0196078431372549,0.0196078431372549,0.0,0.0196078431372549,0.0,0.0196078431372549,0.0196078431372549,0.0,0.0,0.0,0.0196078431372549,0.0,0.0,0.0,0.0,0.0,0.0,0.0,0.0,0.0,0.0,0.0,0.0
378,0.0,0.028985507246376812,0.0,0.014492753623188406,0.014492753623188406,0.043478260869565216,0.0,0.028985507246376812,0.0,0.014492753623188406,0.014492753623188406,0.043478260869565216,0.0,0.0,0.0,0.0,0.0,0.014492753623188406,0.014492753623188406,0.014492753623188406,0.014492753623188406,0.028985507246376812,0.014492753623188406,0.0,0.028985507246376812,0.0,0.014492753623188406,0.0,0.0,0.0,0.0,0.5217391304347826,0.0,0.0,0.0,0.028985507246376812,0.014492753623188406,0.0,0.028985507246376812,0.0,0.0,0.014492753623188406,0.014492753623188406,0.014492753623188406,0.014492753623188406,0.0
379,0.0,0.0,0.08333333333333333,0.05952380952380952,0.023809523809523808,0.023809523809523808,0.023809523809523808,0.011904761904761904,0.0,0.10714285714285714,0.011904761904761904,0.0,0.0,0.03571428571428571,0.023809523809523808,0.0,0.047619047619047616,0.03571428571428571,0.0,0.011904761904761904,0.011904761904761904,0.10714285714285714,0.0,0.03571428571428571,0.03571428571428571,0.023809523809523808,0.011904761904761904,0.023809523809523808,0.07142857142857142,0.0,0.023809523809523808,0.03571428571428571,0.011904761904761904,0.03571428571428571,0.03571428571428571,0.023809523809523808,0.0,0.0,0.0,0.0,0.0,0.0,0.011904761904761904,0.0,0.0,0.0
380,0.0,0.0,0.0,0.04081632653061224,0.02040816326530612,0.02040816326530612,0.0,0.0,0.0,0.0,0.0,0.0,0.0,0.0,0.04081632653061224,0.02040816326530612,0.0,0.0,0.0,0.0,0.0,0.0,0.02040816326530612,0.0,0.0,0.02040816326530612,0.0,0.0,0.0,0.0,0.0,0.02040816326530612,0.04081632653061224,0.061224489795918366,0.0,0.0,0.0,0.0,0.0,0.0,0.0,0.0,0.04081632653061224,0.02040816326530612,0.6326530612244898,0.0
381,0.0,0.008130081300813009,0.016260162601626018,0.008130081300813009,0.032520325203252036,0.024390243902439025,0.0,0.008130081300813009,0.024390243902439025,0.016260162601626018,0.016260162601626018,0.0,0.0,0.008130081300813009,0.0,0.4065040650406504,0.008130081300813009,0.024390243902439025,0.016260162601626018,0.016260162601626018,0.016260162601626018,0.024390243902439025,0.04065040650406504,0.024390243902439025,0.08130081300813008,0.024390243902439025,0.0,0.0,0.008130081300813009,0.008130081300813009,0.016260162601626018,0.024390243902439025,0.008130081300813009,0.056910569105691054,0.008130081300813009,0.008130081300813009,0.0,0.0,0.0,0.0,0.0,0.008130081300813009,0.0,0.0,0.008130081300813009,0.0
382,0.05172413793103448,0.06896551724137931,0.017241379310344827,0.017241379310344827,0.0,0.0,0.0,0.017241379310344827,0.017241379310344827,0.017241379310344827,0.0,0.06896551724137931,0.034482758620689655,0.0,0.0,0.034482758620689655,0.0,0.017241379310344827,0.0,0.0,0.034482758620689655,0.034482758620689655,0.0,0.017241379310344827,0.20689655172413793,0.3103448275862069,0.0,0.0,0.0,0.0,0.0,0.0,0.0,0.0,0.0,0.0,0.0,0.017241379310344827,0.0,0.0,0.0,0.0,0.0,0.0,0.017241379310344827,0.0
383,0.0,0.0,0.018867924528301886,0.0,0.0,0.0,0.018867924528301886,0.018867924528301886,0.0,0.0,0.0,0.0,0.0,0.018867924528301886,0.0,0.0,0.018867924528301886,0.0,0.0,0.0,0.0,0.0,0.018867924528301886,0.03773584905660377,0.0,0.03773584905660377,0.018867924528301886,0.0,0.0,0.0,0.0,0.018867924528301886,0.0,0.018867924528301886,0.5094339622641509,0.22641509433962265,0.0,0.0,0.0,0.0,0.0,0.0,0.018867924528301886,0.0,0.0,0.0
384,0.0,0.0,0.018518518518518517,0.0,0.0,0.018518518518518517,0.0,0.0,0.0,0.07407407407407407,0.0,0.0,0.0,0.018518518518518517,0.0,0.0,0.0,0.0,0.0,0.0,0.0,0.0,0.037037037037037035,0.6851851851851852,0.05555555555555555,0.0,0.018518518518518517,0.0,0.0,0.0,0.0,0.037037037037037035,0.018518518518518517,0.0,0.018518518518518517,0.0,0.0,0.0,0.0,0.0,0.0,0.0,0.0,0.0,0.0,0.0
385,0.0,0.2542372881355932,0.1694915254237288,0.0,0.03389830508474576,0.1016949152542373,0.0847457627118644,0.01694915254237288,0.0,0.03389830508474576,0.03389830508474576,0.0,0.0,0.0,0.0,0.0,0.0,0.0,0.01694915254237288,0.03389830508474576,0.0,0.0,0.0847457627118644,0.0,0.1016949152542373,0.0,0.0,0.0,0.01694915254237288,0.0,0.0,0.0,0.0,0.01694915254237288,0.0,0.0,0.0,0.0,0.0,0.0,0.0,0.0,0.0,0.0,0.0,0.0
386,0.0,0.0,0.0784313725490196,0.0196078431372549,0.0,0.09803921568627451,0.0196078431372549,0.0,0.0,0.0196078431372549,0.0,0.0,0.0196078431372549,0.0,0.27450980392156865,0.0784313725490196,0.0392156862745098,0.0196078431372549,0.0392156862745098,0.0,0.0392156862745098,0.0196078431372549,0.0,0.0,0.0,0.0196078431372549,0.058823529411764705,0.0,0.0196078431372549,0.0,0.0392156862745098,0.0,0.0196078431372549,0.0,0.0196078431372549,0.0,0.0,0.0,0.0,0.0,0.0,0.0196078431372549,0.0392156862745098,0.0,0.0,0.0
387,0.0,0.05128205128205128,0.05128205128205128,0.10256410256410256,0.02564102564102564,0.15384615384615385,0.0,0.10256410256410256,0.10256410256410256,0.05128205128205128,0.0,0.05128205128205128,0.07692307692307693,0.1282051282051282,0.10256410256410256,0.0,0.0,0.0,0.0,0.0,0.0,0.0,0.0,0.0,0.0,0.0,0.0,0.0,0.0,0.0,0.0,0.0,0.0,0.0,0.0,0.0,0.0,0.0,0.0,0.0,0.0,0.0,0.0,0.0,0.0,0.0
388,0.0,0.0,0.08928571428571429,0.0,0.0,0.0,0.07142857142857142,0.0,0.0,0.05357142857142857,0.16071428571428573,0.0,0.0,0.0,0.0,0.0,0.0,0.0,0.017857142857142856,0.0,0.017857142857142856,0.0,0.14285714285714285,0.0,0.0,0.017857142857142856,0.0,0.017857142857142856,0.05357142857142857,0.03571428571428571,0.017857142857142856,0.03571428571428571,0.10714285714285714,0.125,0.0,0.0,0.0,0.0,0.0,0.0,0.017857142857142856,0.0,0.0,0.0,0.017857142857142856,0.0
389,0.0,0.02,0.1,0.0,0.0,0.0,0.02,0.0,0.0,0.1,0.02,0.0,0.0,0.0,0.0,0.02,0.0,0.0,0.0,0.0,0.0,0.0,0.0,0.02,0.02,0.02,0.38,0.0,0.04,0.12,0.02,0.02,0.02,0.0,0.02,0.02,0.0,0.0,0.0,0.0,0.0,0.0,0.0,0.02,0.0,0.0
390,0.0,0.0,0.6938775510204082,0.0,0.0,0.0,0.02040816326530612,0.04081632653061224,0.0,0.0,0.04081632653061224,0.0,0.0,0.0,0.0,0.0,0.0,0.0,0.0,0.0,0.02040816326530612,0.0,0.02040816326530612,0.0,0.0,0.04081632653061224,0.02040816326530612,0.0,0.0,0.0,0.0,0.0,0.0,0.0,0.0,0.0,0.0,0.0,0.0,0.0,0.0,0.08163265306122448,0.0,0.02040816326530612,0.0,0.0
391,0.0,0.058823529411764705,0.0196078431372549,0.0196078431372549,0.0,0.0,0.0,0.0,0.0,0.0392156862745098,0.0,0.0,0.0,0.0,0.0196078431372549,0.058823529411764705,0.0,0.0196078431372549,0.21568627450980393,0.0,0.058823529411764705,0.058823529411764705,0.0,0.0,0.1568627450980392,0.0784313725490196,0.0,0.0,0.0,0.0,0.0,0.0196078431372549,0.0196078431372549,0.0196078431372549,0.0196078431372549,0.0196078431372549,0.0,0.0392156862745098,0.0,0.0,0.0,0.0,0.0196078431372549,0.0,0.0392156862745098,0.0
392,0.011904761904761904,0.0,0.0,0.011904761904761904,0.07142857142857142,0.011904761904761904,0.10714285714285714,0.0,0.011904761904761904,0.023809523809523808,0.023809523809523808,0.011904761904761904,0.011904761904761904,0.0,0.11904761904761904,0.05952380952380952,0.0,0.0,0.0,0.011904761904761904,0.0,0.011904761904761904,0.11904761904761904,0.023809523809523808,0.011904761904761904,0.011904761904761904,0.011904761904761904,0.0,0.10714285714285714,0.023809523809523808,0.023809523809523808,0.0,0.03571428571428571,0.0,0.03571428571428571,0.0,0.0,0.0,0.0,0.0,0.0,0.011904761904761904,0.0,0.05952380952380952,0.023809523809523808,0.0
393,0.0,0.0,0.0,0.023809523809523808,0.0,0.023809523809523808,0.0,0.0,0.0,0.0,0.0,0.0,0.0,0.0,0.0,0.023809523809523808,0.0,0.0,0.0,0.0,0.0,0.0,0.0,0.0,0.0,0.0,0.0,0.0,0.0,0.0,0.0,0.0,0.023809523809523808,0.8571428571428571,0.023809523809523808,0.0,0.0,0.0,0.0,0.0,0.0,0.0,0.0,0.0,0.023809523809523808,0.0
394,0.0,0.07462686567164178,0.07462686567164178,0.0,0.014925373134328358,0.014925373134328358,0.029850746268656716,0.0,0.0,0.014925373134328358,0.0,0.0,0.0,0.0,0.11940298507462686,0.014925373134328358,0.014925373134328358,0.0,0.0,0.029850746268656716,0.014925373134328358,0.0,0.0,0.029850746268656716,0.0,0.0,0.014925373134328358,0.0,0.0,0.0,0.0,0.014925373134328358,0.014925373134328358,0.07462686567164178,0.26865671641791045,0.029850746268656716,0.0,0.0,0.0,0.0,0.0,0.05970149253731343,0.014925373134328358,0.029850746268656716,0.029850746268656716,0.0
395,0.0,0.43859649122807015,0.10526315789473684,0.0,0.0,0.03508771929824561,0.0,0.03508771929824561,0.0,0.07017543859649122,0.05263157894736842,0.0,0.017543859649122806,0.08771929824561403,0.15789473684210525,0.0,0.0,0.0,0.0,0.0,0.0,0.0,0.0,0.0,0.0,0.0,0.0,0.0,0.0,0.0,0.0,0.0,0.0,0.0,0.0,0.0,0.0,0.0,0.0,0.0,0.0,0.0,0.0,0.0,0.0,0.0
396,0.0,0.0136986301369863,0.0136986301369863,0.3972602739726027,0.0,0.0273972602739726,0.0,0.0136986301369863,0.0,0.0273972602739726,0.0,0.0,0.0,0.0,0.0821917808219178,0.0547945205479452,0.1643835616438356,0.0,0.0,0.0,0.0273972602739726,0.0,0.0,0.0,0.0,0.0136986301369863,0.0273972602739726,0.0,0.0,0.0,0.0136986301369863,0.0,0.0273972602739726,0.0136986301369863,0.0136986301369863,0.0,0.0136986301369863,0.0,0.0,0.0,0.0,0.0136986301369863,0.0136986301369863,0.0136986301369863,0.0136986301369863,0.0
397,0.0,0.04,0.0,0.0,0.0,0.0,0.0,0.0,0.02,0.0,0.0,0.0,0.0,0.0,0.0,0.0,0.0,0.04,0.74,0.12,0.0,0.02,0.0,0.0,0.0,0.0,0.0,0.0,0.02,0.0,0.0,0.0,0.0,0.0,0.0,0.0,0.0,0.0,0.0,0.0,0.0,0.0,0.0,0.0,0.0,0.0
398,0.0,0.04878048780487805,0.0,0.024390243902439025,0.07317073170731707,0.0,0.0,0.24390243902439024,0.024390243902439025,0.0975609756097561,0.24390243902439024,0.12195121951219512,0.0,0.0975609756097561,0.0,0.024390243902439025,0.0,0.0,0.0,0.0,0.0,0.0,0.0,0.0,0.0,0.0,0.0,0.0,0.0,0.0,0.0,0.0,0.0,0.0,0.0,0.0,0.0,0.0,0.0,0.0,0.0,0.0,0.0,0.0,0.0,0.0
399,0.0,0.016666666666666666,0.03333333333333333,0.0,0.016666666666666666,0.0,0.0,0.016666666666666666,0.016666666666666666,0.0,0.0,0.016666666666666666,0.016666666666666666,0.0,0.016666666666666666,0.0,0.0,0.0,0.016666666666666666,0.016666666666666666,0.31666666666666665,0.016666666666666666,0.0,0.0,0.016666666666666666,0.0,0.016666666666666666,0.0,0.0,0.016666666666666666,0.0,0.0,0.0,0.016666666666666666,0.0,0.0,0.0,0.0,0.0,0.0,0.0,0.0,0.0,0.4,0.016666666666666666,0.0
400,0.0,0.056338028169014086,0.0,0.39436619718309857,0.028169014084507043,0.04225352112676056,0.014084507042253521,0.014084507042253521,0.014084507042253521,0.014084507042253521,0.0,0.014084507042253521,0.0,0.0,0.0,0.014084507042253521,0.0,0.0,0.0,0.028169014084507043,0.056338028169014086,0.0,0.0,0.028169014084507043,0.028169014084507043,0.0,0.014084507042253521,0.0,0.0,0.0,0.0,0.056338028169014086,0.08450704225352113,0.0,0.04225352112676056,0.0,0.0,0.0,0.0,0.0,0.0,0.0,0.0,0.056338028169014086,0.0,0.0
401,0.0,0.03076923076923077,0.0,0.03076923076923077,0.015384615384615385,0.015384615384615385,0.0,0.015384615384615385,0.0,0.0,0.015384615384615385,0.0,0.0,0.015384615384615385,0.015384615384615385,0.0,0.0,0.03076923076923077,0.015384615384615385,0.0,0.0,0.0,0.5230769230769231,0.06153846153846154,0.03076923076923077,0.0,0.015384615384615385,0.015384615384615385,0.015384615384615385,0.0,0.03076923076923077,0.015384615384615385,0.03076923076923077,0.0,0.046153846153846156,0.0,0.0,0.015384615384615385,0.0,0.0,0.0,0.0,0.0,0.0,0.0,0.0
402,0.0,0.0,0.024390243902439025,0.0,0.0,0.0,0.0,0.0,0.0,0.0,0.0,0.0,0.0,0.0,0.0,0.0,0.0,0.024390243902439025,0.0,0.0,0.0,0.0,0.0,0.0,0.024390243902439025,0.0,0.024390243902439025,0.0,0.0,0.0,0.0,0.0,0.0,0.0,0.0,0.0,0.0,0.0,0.0,0.0,0.0,0.0,0.36585365853658536,0.0,0.5365853658536586,0.0
403,0.0,0.04,0.02666666666666667,0.0,0.013333333333333334,0.013333333333333334,0.013333333333333334,0.02666666666666667,0.02666666666666667,0.10666666666666667,0.08,0.013333333333333334,0.0,0.013333333333333334,0.013333333333333334,0.10666666666666667,0.013333333333333334,0.013333333333333334,0.0,0.08,0.02666666666666667,0.013333333333333334,0.02666666666666667,0.02666666666666667,0.013333333333333334,0.02666666666666667,0.10666666666666667,0.013333333333333334,0.013333333333333334,0.0,0.02666666666666667,0.0,0.02666666666666667,0.04,0.0,0.0,0.0,0.0,0.0,0.0,0.0,0.013333333333333334,0.0,0.013333333333333334,0.013333333333333334,0.0
404,0.012048192771084338,0.024096385542168676,0.0963855421686747,0.012048192771084338,0.3132530120481928,0.0,0.012048192771084338,0.0,0.03614457831325301,0.012048192771084338,0.012048192771084338,0.0,0.24096385542168675,0.0,0.0,0.0,0.012048192771084338,0.0,0.0,0.012048192771084338,0.0,0.012048192771084338,0.04819277108433735,0.012048192771084338,0.012048192771084338,0.012048192771084338,0.0,0.0,0.0,0.0,0.0,0.012048192771084338,0.012048192771084338,0.0,0.0,0.0,0.0,0.0,0.0,0.0,0.0,0.0,0.0,0.0,0.060240963855421686,0.024096385542168676
405,0.0,0.0,0.0,0.0,0.0,0.030303030303030304,0.0,0.18181818181818182,0.015151515151515152,0.0,0.0,0.06060606060606061,0.0,0.015151515151515152,0.015151515151515152,0.015151515151515152,0.015151515151515152,0.015151515151515152,0.0,0.0,0.0,0.015151515151515152,0.030303030303030304,0.0,0.015151515151515152,0.0,0.015151515151515152,0.0,0.0,0.30303030303030304,0.0,0.045454545454545456,0.13636363636363635,0.015151515151515152,0.015151515151515152,0.015151515151515152,0.0,0.0,0.0,0.0,0.0,0.015151515151515152,0.015151515151515152,0.0,0.0,0.0
406,0.0,0.0,0.022727272727272728,0.022727272727272728,0.0,0.0,0.022727272727272728,0.0,0.0,0.0,0.0,0.0,0.022727272727272728,0.0,0.0,0.022727272727272728,0.022727272727272728,0.0,0.0,0.0,0.06818181818181818,0.0,0.022727272727272728,0.022727272727272728,0.0,0.0,0.0,0.0,0.0,0.0,0.0,0.0,0.0,0.75,0.0,0.0,0.0,0.0,0.0,0.0,0.0,0.0,0.0,0.0,0.0,0.0
407,0.009900990099009901,0.0594059405940594,0.0297029702970297,0.0297029702970297,0.04950495049504951,0.009900990099009901,0.039603960396039604,0.0,0.009900990099009901,0.0,0.0,0.13861386138613863,0.0,0.0594059405940594,0.009900990099009901,0.0,0.009900990099009901,0.019801980198019802,0.009900990099009901,0.009900990099009901,0.0,0.009900990099009901,0.0297029702970297,0.039603960396039604,0.2079207920792079,0.1188118811881188,0.019801980198019802,0.0,0.009900990099009901,0.019801980198019802,0.009900990099009901,0.0,0.0,0.009900990099009901,0.0,0.0,0.0,0.0,0.0,0.0,0.009900990099009901,0.0,0.0,0.019801980198019802,0.0,0.0
408,0.0,0.017241379310344827,0.0,0.0,0.034482758620689655,0.0,0.0,0.017241379310344827,0.017241379310344827,0.0,0.0,0.06896551724137931,0.0,0.20689655172413793,0.0,0.0,0.13793103448275862,0.0,0.0,0.0,0.017241379310344827,0.0,0.06896551724137931,0.0,0.017241379310344827,0.29310344827586204,0.017241379310344827,0.034482758620689655,0.0,0.0,0.0,0.017241379310344827,0.017241379310344827,0.0,0.0,0.0,0.0,0.0,0.0,0.0,0.017241379310344827,0.0,0.0,0.0,0.0,0.0
409,0.0,0.0,0.05172413793103448,0.0,0.017241379310344827,0.0,0.017241379310344827,0.017241379310344827,0.034482758620689655,0.017241379310344827,0.0,0.0,0.0,0.0,0.0,0.034482758620689655,0.017241379310344827,0.0,0.0,0.0,0.034482758620689655,0.017241379310344827,0.017241379310344827,0.017241379310344827,0.0,0.0,0.034482758620689655,0.017241379310344827,0.017241379310344827,0.0,0.5862068965517241,0.017241379310344827,0.017241379310344827,0.0,0.017241379310344827,0.0,0.0,0.0,0.0,0.0,0.0,0.0,0.0,0.0,0.0,0.0
410,0.0,0.0196078431372549,0.0,0.23529411764705882,0.0,0.0,0.13725490196078433,0.0,0.0,0.0,0.0,0.0,0.0196078431372549,0.0,0.0196078431372549,0.0,0.2549019607843137,0.0,0.0,0.058823529411764705,0.0,0.0,0.0,0.0,0.0196078431372549,0.0196078431372549,0.0196078431372549,0.0,0.1568627450980392,0.0,0.0196078431372549,0.0,0.0,0.0,0.0196078431372549,0.0,0.0,0.0,0.0,0.0,0.0,0.0,0.0,0.0,0.0,0.0
411,0.0,0.0,0.03508771929824561,0.05263157894736842,0.21052631578947367,0.17543859649122806,0.0,0.0,0.0,0.03508771929824561,0.017543859649122806,0.0,0.0,0.0,0.0,0.05263157894736842,0.03508771929824561,0.07017543859649122,0.0,0.0,0.0,0.05263157894736842,0.05263157894736842,0.017543859649122806,0.017543859649122806,0.017543859649122806,0.0,0.017543859649122806,0.0,0.0,0.0,0.0,0.03508771929824561,0.017543859649122806,0.07017543859649122,0.0,0.0,0.0,0.0,0.0,0.0,0.0,0.017543859649122806,0.0,0.0,0.0
412,0.0,0.0,0.0,0.0,0.03508771929824561,0.0,0.03508771929824561,0.017543859649122806,0.0,0.03508771929824561,0.0,0.017543859649122806,0.0,0.0,0.0,0.0,0.03508771929824561,0.0,0.0,0.017543859649122806,0.08771929824561403,0.0,0.43859649122807015,0.05263157894736842,0.017543859649122806,0.0,0.017543859649122806,0.0,0.017543859649122806,0.0,0.017543859649122806,0.0,0.017543859649122806,0.03508771929824561,0.07017543859649122,0.017543859649122806,0.0,0.0,0.0,0.0,0.0,0.0,0.0,0.0,0.0,0.017543859649122806
413,0.0,0.11475409836065574,0.01639344262295082,0.0,0.01639344262295082,0.01639344262295082,0.0,0.0,0.01639344262295082,0.04918032786885246,0.0,0.0,0.0,0.0,0.0,0.0,0.0,0.03278688524590164,0.0,0.01639344262295082,0.0,0.03278688524590164,0.01639344262295082,0.01639344262295082,0.5901639344262295,0.0,0.01639344262295082,0.01639344262295082,0.0,0.0,0.0,0.0,0.0,0.0,0.0,0.0,0.0,0.0,0.0,0.0,0.0,0.0,0.0,0.0,0.01639344262295082,0.01639344262295082
414,0.0,0.0,0.03333333333333333,0.03333333333333333,0.0,0.03333333333333333,0.016666666666666666,0.016666666666666666,0.0,0.0,0.0,0.0,0.0,0.0,0.0,0.016666666666666666,0.6333333333333333,0.03333333333333333,0.0,0.0,0.0,0.03333333333333333,0.03333333333333333,0.0,0.0,0.016666666666666666,0.016666666666666666,0.0,0.0,0.0,0.016666666666666666,0.016666666666666666,0.016666666666666666,0.016666666666666666,0.0,0.0,0.0,0.0,0.0,0.0,0.0,0.0,0.0,0.0,0.0,0.016666666666666666
415,0.0,0.0,0.0,0.0,0.0,0.0,0.0,0.0,0.0,0.0,0.023255813953488372,0.0,0.0,0.0,0.0,0.0,0.0,0.023255813953488372,0.0,0.0,0.0,0.0,0.0,0.16279069767441862,0.0,0.023255813953488372,0.023255813953488372,0.0,0.046511627906976744,0.0,0.0,0.0,0.023255813953488372,0.0,0.023255813953488372,0.0,0.0,0.0,0.0,0.0,0.0,0.0,0.0,0.0,0.6511627906976745,0.0
416,0.0,0.0,0.0,0.0,0.0,0.0,0.0,0.0,0.0,0.0,0.0,0.3783783783783784,0.0,0.0,0.0,0.0,0.0,0.02702702702702703,0.0,0.0,0.0,0.0,0.0,0.0,0.0,0.0,0.0,0.0,0.0,0.0,0.0,0.0,0.5135135135135135,0.08108108108108109,0.0,0.0,0.0,0.0,0.0,0.0,0.0,0.0,0.0,0.0,0.0,0.0
417,0.0,0.0,0.02,0.0,0.02,0.0,0.0,0.0,0.04,0.0,0.14,0.0,0.0,0.0,0.1,0.0,0.0,0.1,0.12,0.0,0.02,0.02,0.0,0.06,0.06,0.0,0.02,0.0,0.0,0.14,0.0,0.14,0.0,0.0,0.0,0.0,0.0,0.0,0.0,0.0,0.0,0.0,0.0,0.0,0.0,0.0
418,0.0,0.0,0.58,0.04,0.0,0.08,0.02,0.0,0.02,0.0,0.0,0.0,0.0,0.0,0.2,0.0,0.0,0.0,0.0,0.0,0.0,0.0,0.0,0.0,0.0,0.04,0.0,0.02,0.0,0.0,0.0,0.0,0.0,0.0,0.0,0.0,0.0,0.0,0.0,0.0,0.0,0.0,0.0,0.0,0.0,0.0
419,0.0,0.047619047619047616,0.0,0.06349206349206349,0.14285714285714285,0.031746031746031744,0.0,0.1111111111111111,0.015873015873015872,0.031746031746031744,0.047619047619047616,0.0,0.015873015873015872,0.015873015873015872,0.031746031746031744,0.0,0.015873015873015872,0.0,0.0,0.1746031746031746,0.0,0.0,0.0,0.0,0.0,0.0,0.047619047619047616,0.0,0.0,0.015873015873015872,0.015873015873015872,0.031746031746031744,0.0,0.015873015873015872,0.0,0.0,0.0,0.0,0.0,0.0,0.0,0.0,0.09523809523809523,0.0,0.0,0.031746031746031744
420,0.0,0.0,0.0,0.0,0.0,0.0,0.0,0.0,0.0,0.0,0.0,0.0,0.0,0.0,0.0,0.0,0.0,0.0,0.0,0.0,0.0,0.0,0.0,0.0,0.0,0.0,0.0,0.0,0.0,0.0,0.0,0.0,0.0,0.0,1.0,0.0,0.0,0.0,0.0,0.0,0.0,0.0,0.0,0.0,0.0,0.0
421,0.0,0.0,0.0,0.025,0.025,0.025,0.0,0.025,0.025,0.0,0.0,0.0,0.0,0.0,0.0,0.0,0.0,0.0,0.0,0.0,0.0,0.0,0.0,0.0,0.025,0.0,0.0,0.025,0.0,0.0,0.75,0.025,0.0,0.0,0.05,0.0,0.0,0.0,0.0,0.0,0.0,0.0,0.0,0.0,0.0,0.0
422,0.0,0.0,0.0,0.0,0.0,0.02127659574468085,0.0425531914893617,0.0,0.0,0.0,0.0,0.02127659574468085,0.0,0.0,0.0,0.0,0.0,0.0,0.0,0.0,0.0,0.0,0.0,0.0,0.0,0.0,0.0851063829787234,0.02127659574468085,0.0,0.0,0.0,0.0,0.0,0.02127659574468085,0.0851063829787234,0.0,0.0,0.0,0.0,0.0,0.0,0.0,0.0,0.0,0.7021276595744681,0.0
423,0.0,0.0,0.0,0.0,0.0,0.023255813953488372,0.0,0.0,0.0,0.0,0.0,0.046511627906976744,0.023255813953488372,0.0,0.0,0.046511627906976744,0.0,0.0,0.0,0.0,0.0,0.0,0.0,0.813953488372093,0.0,0.0,0.0,0.0,0.0,0.0,0.0,0.0,0.0,0.023255813953488372,0.023255813953488372,0.0,0.0,0.0,0.0,0.0,0.0,0.0,0.0,0.0,0.0,0.0
424,0.0,0.013333333333333334,0.0,0.013333333333333334,0.0,0.04,0.013333333333333334,0.013333333333333334,0.0,0.013333333333333334,0.02666666666666667,0.013333333333333334,0.22666666666666666,0.0,0.013333333333333334,0.013333333333333334,0.013333333333333334,0.013333333333333334,0.013333333333333334,0.12,0.0,0.04,0.05333333333333334,0.02666666666666667,0.013333333333333334,0.09333333333333334,0.013333333333333334,0.0,0.0,0.0,0.0,0.013333333333333334,0.013333333333333334,0.02666666666666667,0.12,0.013333333333333334,0.0,0.0,0.0,0.0,0.0,0.0,0.0,0.0,0.013333333333333334,0.0
425,0.0,0.0,0.0,0.0425531914893617,0.0,0.0,0.0,0.0,0.0,0.1702127659574468,0.0,0.0,0.0,0.0,0.0425531914893617,0.02127659574468085,0.0,0.0,0.0,0.0,0.02127659574468085,0.1702127659574468,0.10638297872340426,0.10638297872340426,0.06382978723404255,0.02127659574468085,0.0425531914893617,0.0,0.0,0.0,0.0,0.02127659574468085,0.02127659574468085,0.0,0.02127659574468085,0.0,0.0,0.0,0.0,0.0,0.02127659574468085,0.0,0.0,0.10638297872340426,0.0,0.0
426,0.0,0.0,0.0,0.23529411764705882,0.0,0.0,0.0,0.0196078431372549,0.0,0.09803921568627451,0.0196078431372549,0.0,0.0,0.0,0.13725490196078433,0.19607843137254902,0.0,0.0,0.0,0.0,0.0,0.0,0.11764705882352941,0.0392156862745098,0.0,0.0,0.0,0.0196078431372549,0.0,0.0,0.0,0.0392156862745098,0.0,0.0196078431372549,0.0,0.0196078431372549,0.0,0.0,0.0,0.0,0.0,0.0,0.0,0.0196078431372549,0.0,0.0196078431372549
427,0.0,0.0425531914893617,0.02127659574468085,0.0425531914893617,0.0,0.0,0.0,0.02127659574468085,0.0,0.06382978723404255,0.0,0.0,0.0,0.02127659574468085,0.0,0.0,0.0,0.02127659574468085,0.0,0.0,0.0,0.02127659574468085,0.0,0.0,0.0,0.0,0.0,0.0,0.0,0.0,0.0,0.0,0.0,0.02127659574468085,0.6808510638297872,0.02127659574468085,0.0,0.0,0.0,0.0,0.0,0.0,0.02127659574468085,0.0,0.0,0.0
428,0.0,0.0,0.0,0.02040816326530612,0.0,0.02040816326530612,0.0,0.0,0.0,0.6530612244897959,0.02040816326530612,0.02040816326530612,0.0,0.0,0.0,0.0,0.0,0.0,0.0,0.02040816326530612,0.02040816326530612,0.08163265306122448,0.0,0.0,0.02040816326530612,0.0,0.08163265306122448,0.0,0.0,0.0,0.0,0.0,0.0,0.0,0.0,0.0,0.02040816326530612,0.0,0.0,0.0,0.0,0.02040816326530612,0.0,0.0,0.0,0.0
429,0.0,0.0,0.0,0.02702702702702703,0.013513513513513514,0.0,0.0,0.0,0.0,0.013513513513513514,0.013513513513513514,0.7837837837837838,0.0,0.0,0.013513513513513514,0.013513513513513514,0.0,0.013513513513513514,0.0,0.013513513513513514,0.0,0.013513513513513514,0.0,0.013513513513513514,0.0,0.013513513513513514,0.0,0.0,0.0,0.0,0.02702702702702703,0.0,0.0,0.0,0.013513513513513514,0.0,0.0,0.0,0.0,0.0,0.0,0.0,0.0,0.013513513513513514,0.0,0.0
430,0.0,0.05454545454545454,0.6363636363636364,0.0,0.01818181818181818,0.0,0.0,0.01818181818181818,0.03636363636363636,0.0,0.0,0.0,0.0,0.01818181818181818,0.01818181818181818,0.0,0.0,0.01818181818181818,0.0,0.0,0.0,0.0,0.0,0.0,0.0,0.0,0.05454545454545454,0.0,0.0,0.0,0.01818181818181818,0.01818181818181818,0.0,0.01818181818181818,0.01818181818181818,0.0,0.0,0.0,0.0,0.0,0.0,0.03636363636363636,0.0,0.0,0.01818181818181818,0.0
431,0.02127659574468085,0.0851063829787234,0.0425531914893617,0.0,0.19148936170212766,0.06382978723404255,0.06382978723404255,0.0,0.0,0.0425531914893617,0.0,0.0,0.0,0.0,0.0,0.0,0.0851063829787234,0.02127659574468085,0.0,0.0,0.0,0.0,0.02127659574468085,0.0425531914893617,0.02127659574468085,0.0425531914893617,0.0,0.02127659574468085,0.0,0.0,0.0,0.0,0.0,0.0,0.02127659574468085,0.0,0.0,0.0,0.0,0.0,0.0,0.19148936170212766,0.02127659574468085,0.0,0.0,0.0
432,0.0,0.0,0.0,0.0,0.0,0.0,0.0,0.0,0.0,0.0,0.0,0.0,0.01818181818181818,0.0,0.0,0.9454545454545454,0.0,0.0,0.0,0.0,0.0,0.0,0.01818181818181818,0.0,0.0,0.0,0.0,0.0,0.0,0.0,0.0,0.01818181818181818,0.0,0.0,0.0,0.0,0.0,0.0,0.0,0.0,0.0,0.0,0.0,0.0,0.0,0.0
433,0.0,0.0,0.0,0.0,0.0,0.0,0.0,0.0,0.0,0.0,0.02702702702702703,0.0,0.0,0.0,0.35135135135135137,0.05405405405405406,0.0,0.0,0.0,0.0,0.0,0.0,0.0,0.0,0.02702702702702703,0.0,0.0,0.0,0.0,0.0,0.0,0.0,0.0,0.0,0.0,0.5135135135135135,0.0,0.0,0.0,0.0,0.0,0.0,0.0,0.02702702702702703,0.0,0.0
434,0.0,0.23255813953488372,0.0,0.023255813953488372,0.0,0.023255813953488372,0.09302325581395349,0.023255813953488372,0.09302325581395349,0.046511627906976744,0.0,0.0,0.0,0.023255813953488372,0.0,0.0,0.0,0.023255813953488372,0.0,0.0,0.0,0.0,0.0,0.0,0.0,0.0,0.0,0.11627906976744186,0.0,0.0,0.2558139534883721,0.0,0.0,0.046511627906976744,0.0,0.0,0.0,0.0,0.0,0.0,0.0,0.0,0.0,0.0,0.0,0.0
435,0.08163265306122448,0.0,0.02040816326530612,0.02040816326530612,0.0,0.061224489795918366,0.0,0.0,0.0,0.0,0.0,0.1836734693877551,0.0,0.22448979591836735,0.0,0.04081632653061224,0.02040816326530612,0.02040816326530612,0.0,0.0,0.061224489795918366,0.0,0.0,0.0,0.02040816326530612,0.04081632653061224,0.0,0.0,0.02040816326530612,0.0,0.0,0.0,0.0,0.02040816326530612,0.0,0.0,0.0,0.0,0.0,0.0,0.0,0.0,0.0,0.02040816326530612,0.0,0.14285714285714285
436,0.0,0.11538461538461539,0.09615384615384616,0.0,0.019230769230769232,0.0,0.0,0.0,0.0,0.07692307692307693,0.11538461538461539,0.0,0.0,0.038461538461538464,0.0,0.0,0.0,0.038461538461538464,0.0,0.07692307692307693,0.038461538461538464,0.0,0.0,0.0,0.0,0.019230769230769232,0.0,0.0,0.0,0.0,0.07692307692307693,0.21153846153846154,0.0,0.0,0.0,0.0,0.0,0.0,0.0,0.0,0.019230769230769232,0.038461538461538464,0.0,0.019230769230769232,0.0,0.0
437,0.0,0.0,0.25,0.175,0.075,0.0,0.0,0.1,0.0,0.0,0.0,0.0,0.0,0.025,0.05,0.05,0.0,0.0,0.0,0.025,0.15,0.0,0.0,0.025,0.025,0.0,0.025,0.0,0.0,0.025,0.0,0.0,0.0,0.0,0.0,0.0,0.0,0.0,0.0,0.0,0.0,0.0,0.0,0.0,0.0,0.0
438,0.0,0.0,0.03125,0.03125,0.0,0.5,0.015625,0.0625,0.015625,0.015625,0.015625,0.0,0.015625,0.0,0.015625,0.0,0.015625,0.0,0.015625,0.0,0.046875,0.0,0.0,0.015625,0.015625,0.0,0.0,0.046875,0.03125,0.0,0.0,0.015625,0.03125,0.0,0.03125,0.0,0.0,0.0,0.0,0.0,0.0,0.0,0.015625,0.0,0.0,0.0
439,0.009345794392523364,0.009345794392523364,0.19626168224299065,0.0,0.009345794392523364,0.018691588785046728,0.0,0.0,0.009345794392523364,0.028037383177570093,0.018691588785046728,0.0,0.028037383177570093,0.14953271028037382,0.04672897196261682,0.0,0.018691588785046728,0.028037383177570093,0.0,0.018691588785046728,0.0,0.028037383177570093,0.018691588785046728,0.028037383177570093,0.009345794392523364,0.07476635514018691,0.16822429906542055,0.0,0.009345794392523364,0.009345794392523364,0.018691588785046728,0.0,0.009345794392523364,0.0,0.009345794392523364,0.009345794392523364,0.0,0.0,0.0,0.0,0.0,0.0,0.009345794392523364,0.0,0.0,0.009345794392523364
440,0.0,0.023255813953488372,0.0,0.0,0.0,0.16279069767441862,0.06976744186046512,0.06976744186046512,0.0,0.23255813953488372,0.0,0.0,0.0,0.0,0.0,0.0,0.0,0.18604651162790697,0.0,0.023255813953488372,0.0,0.023255813953488372,0.0,0.0,0.0,0.0,0.11627906976744186,0.0,0.0,0.0,0.0,0.0,0.06976744186046512,0.023255813953488372,0.0,0.0,0.0,0.0,0.0,0.0,0.0,0.0,0.0,0.0,0.0,0.0
441,0.0,0.0,0.7105263157894737,0.18421052631578946,0.0,0.02631578947368421,0.0,0.0,0.0,0.0,0.0,0.0,0.0,0.0,0.02631578947368421,0.0,0.0,0.0,0.0,0.0,0.0,0.0,0.02631578947368421,0.0,0.0,0.0,0.0,0.0,0.0,0.0,0.0,0.0,0.0,0.0,0.0,0.0,0.0,0.0,0.0,0.0,0.0,0.0,0.0,0.0,0.02631578947368421,0.0
442,0.0,0.0,0.4166666666666667,0.0,0.0,0.125,0.0,0.0,0.020833333333333332,0.0,0.08333333333333333,0.0,0.0,0.0625,0.0,0.0,0.0,0.0,0.0,0.041666666666666664,0.020833333333333332,0.0,0.0,0.020833333333333332,0.0,0.0625,0.0,0.0,0.0,0.0,0.0,0.0,0.0,0.0625,0.020833333333333332,0.020833333333333332,0.0,0.0,0.0,0.0,0.0,0.0,0.0,0.0,0.0,0.041666666666666664
443,0.0,0.0,0.058823529411764705,0.0,0.0,0.029411764705882353,0.0,0.0,0.058823529411764705,0.0,0.0,0.0,0.029411764705882353,0.0,0.0,0.0,0.0,0.0,0.0,0.0,0.0,0.5588235294117647,0.08823529411764706,0.0,0.0,0.0,0.0,0.0,0.0,0.0,0.0,0.11764705882352941,0.0,0.0,0.029411764705882353,0.0,0.0,0.0,0.0,0.0,0.0,0.0,0.0,0.0,0.029411764705882353,0.0
444,0.0,0.0,0.0,0.0,0.02564102564102564,0.0,0.0,0.0,0.02564102564102564,0.0,0.0,0.0,0.0,0.0,0.0,0.0,0.0,0.0,0.0,0.02564102564102564,0.0,0.0,0.02564102564102564,0.0,0.02564102564102564,0.02564102564102564,0.0,0.0,0.0,0.0,0.0,0.02564102564102564,0.0,0.7948717948717948,0.0,0.0,0.0,0.0,0.0,0.0,0.0,0.0,0.0,0.0,0.02564102564102564,0.0
445,0.0,0.0,0.0,0.0,0.0,0.024390243902439025,0.0,0.0,0.0,0.024390243902439025,0.0,0.024390243902439025,0.0,0.0,0.5121951219512195,0.1951219512195122,0.0,0.0,0.024390243902439025,0.024390243902439025,0.0,0.024390243902439025,0.0,0.024390243902439025,0.024390243902439025,0.0,0.0,0.0,0.024390243902439025,0.0,0.0,0.0,0.0,0.024390243902439025,0.024390243902439025,0.0,0.0,0.0,0.0,0.0,0.0,0.0,0.024390243902439025,0.0,0.0,0.0
446,0.0,0.0,0.018518518518518517,0.0,0.018518518518518517,0.0,0.0,0.018518518518518517,0.0,0.48148148148148145,0.0,0.0,0.0,0.0,0.037037037037037035,0.0,0.037037037037037035,0.07407407407407407,0.0,0.0,0.0,0.018518518518518517,0.018518518518518517,0.0,0.0,0.0,0.0,0.037037037037037035,0.05555555555555555,0.0,0.0,0.0,0.0,0.0,0.0,0.018518518518518517,0.0,0.0,0.0,0.0,0.0,0.0,0.018518518518518517,0.018518518518518517,0.0,0.12962962962962962
447,0.0,0.0,0.0,0.01694915254237288,0.0,0.0,0.0,0.03389830508474576,0.0,0.3389830508474576,0.03389830508474576,0.03389830508474576,0.0,0.0,0.0,0.0,0.0,0.03389830508474576,0.0,0.01694915254237288,0.06779661016949153,0.0,0.0847457627118644,0.0,0.0,0.06779661016949153,0.0,0.0,0.0,0.0,0.0,0.01694915254237288,0.0,0.0,0.03389830508474576,0.22033898305084745,0.0,0.0,0.0,0.0,0.0,0.0,0.0,0.0,0.0,0.0
448,0.06,0.06,0.0,0.06,0.0,0.04,0.08,0.0,0.14,0.0,0.0,0.12,0.06,0.02,0.02,0.0,0.0,0.0,0.02,0.0,0.16,0.0,0.0,0.04,0.02,0.02,0.02,0.0,0.0,0.0,0.0,0.02,0.0,0.02,0.0,0.0,0.0,0.0,0.0,0.0,0.0,0.0,0.02,0.0,0.0,0.0
449,0.08181818181818182,0.03636363636363636,0.045454545454545456,0.0,0.045454545454545456,0.01818181818181818,0.00909090909090909,0.03636363636363636,0.0,0.01818181818181818,0.00909090909090909,0.07272727272727272,0.05454545454545454,0.01818181818181818,0.01818181818181818,0.01818181818181818,0.0,0.0,0.0,0.0,0.0,0.01818181818181818,0.045454545454545456,0.09090909090909091,0.05454545454545454,0.03636363636363636,0.045454545454545456,0.0,0.00909090909090909,0.00909090909090909,0.00909090909090909,0.0,0.00909090909090909,0.12727272727272726,0.00909090909090909,0.02727272727272727,0.0,0.0,0.0,0.0,0.00909090909090909,0.0,0.00909090909090909,0.0,0.0,0.00909090909090909
450,0.0,0.013888888888888888,0.08333333333333333,0.0,0.0,0.0,0.013888888888888888,0.05555555555555555,0.0,0.027777777777777776,0.027777777777777776,0.013888888888888888,0.0,0.0,0.05555555555555555,0.013888888888888888,0.0,0.027777777777777776,0.0,0.027777777777777776,0.013888888888888888,0.041666666666666664,0.0,0.0,0.08333333333333333,0.013888888888888888,0.013888888888888888,0.027777777777777776,0.027777777777777776,0.0,0.027777777777777776,0.041666666666666664,0.05555555555555555,0.05555555555555555,0.041666666666666664,0.013888888888888888,0.0,0.0,0.027777777777777776,0.0,0.05555555555555555,0.013888888888888888,0.027777777777777776,0.013888888888888888,0.0,0.041666666666666664
451,0.0,0.0,0.0,0.0,0.0,0.0,0.0,0.0,0.0,0.0,0.05405405405405406,0.0,0.0,0.0,0.0,0.0,0.0,0.0,0.0,0.0,0.02702702702702703,0.0,0.0,0.0,0.0,0.0,0.0,0.0,0.0,0.0,0.0,0.0,0.0,0.32432432432432434,0.5675675675675675,0.02702702702702703,0.0,0.0,0.0,0.0,0.0,0.0,0.0,0.0,0.0,0.0
452,0.0,0.0,0.0,0.0,0.030303030303030304,0.0,0.0,0.0,0.09090909090909091,0.8787878787878788,0.0,0.0,0.0,0.0,0.0,0.0,0.0,0.0,0.0,0.0,0.0,0.0,0.0,0.0,0.0,0.0,0.0,0.0,0.0,0.0,0.0,0.0,0.0,0.0,0.0,0.0,0.0,0.0,0.0,0.0,0.0,0.0,0.0,0.0,0.0,0.0
453,0.0,0.0,0.0,0.045454545454545456,0.022727272727272728,0.0,0.0,0.0,0.0,0.022727272727272728,0.022727272727272728,0.0,0.0,0.0,0.045454545454545456,0.0,0.022727272727272728,0.0,0.0,0.0,0.0,0.0,0.0,0.0,0.0,0.0,0.0,0.0,0.0,0.0,0.0,0.0,0.7727272727272727,0.0,0.045454545454545456,0.0,0.0,0.0,0.0,0.0,0.0,0.0,0.0,0.0,0.0,0.0
454,0.0,0.023255813953488372,0.011627906976744186,0.011627906976744186,0.011627906976744186,0.023255813953488372,0.011627906976744186,0.05813953488372093,0.023255813953488372,0.03488372093023256,0.03488372093023256,0.011627906976744186,0.011627906976744186,0.046511627906976744,0.0,0.05813953488372093,0.09302325581395349,0.0,0.023255813953488372,0.03488372093023256,0.023255813953488372,0.023255813953488372,0.046511627906976744,0.05813953488372093,0.011627906976744186,0.011627906976744186,0.06976744186046512,0.0,0.10465116279069768,0.023255813953488372,0.011627906976744186,0.023255813953488372,0.023255813953488372,0.0,0.023255813953488372,0.0,0.0,0.0,0.0,0.0,0.0,0.0,0.0,0.0,0.0,0.023255813953488372
455,0.0,0.023255813953488372,0.0,0.32558139534883723,0.0,0.20930232558139536,0.0,0.0,0.0,0.0,0.0,0.0,0.0,0.023255813953488372,0.0,0.046511627906976744,0.046511627906976744,0.0,0.0,0.0,0.0,0.0,0.0,0.0,0.0,0.0,0.0,0.27906976744186046,0.0,0.0,0.0,0.0,0.0,0.0,0.0,0.023255813953488372,0.0,0.0,0.0,0.0,0.023255813953488372,0.0,0.0,0.0,0.0,0.0
456,0.09090909090909091,0.0,0.0,0.12121212121212122,0.15151515151515152,0.0,0.06060606060606061,0.030303030303030304,0.030303030303030304,0.09090909090909091,0.030303030303030304,0.030303030303030304,0.0,0.030303030303030304,0.21212121212121213,0.12121212121212122,0.0,0.0,0.0,0.0,0.0,0.0,0.0,0.0,0.0,0.0,0.0,0.0,0.0,0.0,0.0,0.0,0.0,0.0,0.0,0.0,0.0,0.0,0.0,0.0,0.0,0.0,0.0,0.0,0.0,0.0
457,0.0,0.0,0.02857142857142857,0.0,0.0,0.0,0.0,0.0,0.0,0.02857142857142857,0.0,0.0,0.0,0.0,0.0,0.0,0.0,0.0,0.0,0.0,0.6285714285714286,0.05714285714285714,0.08571428571428572,0.02857142857142857,0.0,0.0,0.0,0.0,0.0,0.08571428571428572,0.02857142857142857,0.0,0.0,0.0,0.0,0.0,0.02857142857142857,0.0,0.0,0.0,0.0,0.0,0.0,0.0,0.0,0.0
458,0.0,0.045454545454545456,0.0,0.0,0.0,0.022727272727272728,0.0,0.0,0.0,0.06818181818181818,0.0,0.0,0.0,0.0,0.0,0.022727272727272728,0.022727272727272728,0.0,0.0,0.0,0.022727272727272728,0.022727272727272728,0.022727272727272728,0.6818181818181818,0.0,0.0,0.0,0.0,0.0,0.0,0.0,0.0,0.0,0.022727272727272728,0.0,0.0,0.0,0.0,0.0,0.0,0.0,0.0,0.0,0.045454545454545456,0.0,0.0
459,0.05172413793103448,0.0,0.0,0.0,0.06896551724137931,0.08620689655172414,0.0,0.0,0.0,0.0,0.08620689655172414,0.0,0.0,0.0,0.0,0.0,0.39655172413793105,0.0,0.017241379310344827,0.0,0.0,0.034482758620689655,0.017241379310344827,0.0,0.017241379310344827,0.034482758620689655,0.0,0.0,0.017241379310344827,0.0,0.017241379310344827,0.017241379310344827,0.017241379310344827,0.034482758620689655,0.017241379310344827,0.06896551724137931,0.0,0.0,0.0,0.0,0.0,0.0,0.0,0.0,0.0,0.0
460,0.0,0.011111111111111112,0.07777777777777778,0.022222222222222223,0.011111111111111112,0.011111111111111112,0.0,0.044444444444444446,0.0,0.0,0.0,0.011111111111111112,0.0,0.011111111111111112,0.022222222222222223,0.011111111111111112,0.03333333333333333,0.0,0.0,0.08888888888888889,0.1,0.0,0.03333333333333333,0.03333333333333333,0.0,0.26666666666666666,0.044444444444444446,0.0,0.044444444444444446,0.0,0.011111111111111112,0.03333333333333333,0.011111111111111112,0.0,0.05555555555555555,0.0,0.0,0.0,0.0,0.0,0.0,0.0,0.0,0.011111111111111112,0.0,0.0
461,0.0,0.08333333333333333,0.3541666666666667,0.0625,0.0,0.020833333333333332,0.0,0.0,0.08333333333333333,0.0,0.0,0.0625,0.0,0.0625,0.0,0.0,0.0,0.0,0.0,0.020833333333333332,0.0,0.0,0.0,0.0625,0.0,0.041666666666666664,0.041666666666666664,0.020833333333333332,0.0,0.0,0.0,0.0,0.041666666666666664,0.020833333333333332,0.0,0.0,0.0,0.0,0.0,0.0,0.0,0.0,0.0,0.020833333333333332,0.0,0.0
462,0.0,0.01639344262295082,0.0,0.01639344262295082,0.01639344262295082,0.03278688524590164,0.0,0.01639344262295082,0.0,0.01639344262295082,0.0,0.0,0.0,0.0,0.04918032786885246,0.11475409836065574,0.01639344262295082,0.03278688524590164,0.0,0.01639344262295082,0.01639344262295082,0.2459016393442623,0.04918032786885246,0.0,0.14754098360655737,0.04918032786885246,0.0,0.0,0.0,0.0,0.01639344262295082,0.01639344262295082,0.0,0.01639344262295082,0.0,0.0,0.0,0.0,0.0,0.0,0.09836065573770492,0.0,0.0,0.0,0.0,0.0
463,0.0,0.0,0.07894736842105263,0.0,0.02631578947368421,0.0,0.0,0.0,0.0,0.0,0.0,0.0,0.0,0.0,0.0,0.0,0.0,0.0,0.0,0.0,0.0,0.0,0.05263157894736842,0.02631578947368421,0.02631578947368421,0.02631578947368421,0.0,0.0,0.0,0.0,0.0,0.0,0.0,0.02631578947368421,0.15789473684210525,0.0,0.0,0.0,0.0,0.0,0.0,0.0,0.0,0.5789473684210527,0.0,0.0
464,0.0,0.0,0.0,0.0,0.0,0.0,0.0,0.0,0.0,0.024390243902439025,0.0,0.0,0.024390243902439025,0.0,0.024390243902439025,0.0,0.0,0.0,0.0,0.0,0.0,0.0,0.0,0.04878048780487805,0.0,0.0,0.0,0.0,0.0,0.0,0.0975609756097561,0.0,0.024390243902439025,0.0,0.0,0.0,0.0,0.0,0.0,0.0,0.0,0.7073170731707317,0.024390243902439025,0.0,0.024390243902439025,0.0
465,0.0,0.0,0.0,0.029411764705882353,0.0,0.0,0.0,0.0,0.0,0.0,0.0,0.0,0.0,0.0,0.0,0.0,0.0,0.0,0.0,0.0,0.0,0.0,0.0,0.0,0.0,0.0,0.0,0.9411764705882353,0.0,0.0,0.0,0.0,0.029411764705882353,0.0,0.0,0.0,0.0,0.0,0.0,0.0,0.0,0.0,0.0,0.0,0.0,0.0
466,0.0,0.0,0.0,0.0,0.0,0.0,0.0,0.0,0.0,0.0,0.3076923076923077,0.05128205128205128,0.0,0.0,0.0,0.0,0.0,0.0,0.0,0.0,0.15384615384615385,0.02564102564102564,0.38461538461538464,0.0,0.0,0.0,0.0,0.0,0.0,0.0,0.0,0.02564102564102564,0.0,0.02564102564102564,0.02564102564102564,0.0,0.0,0.0,0.0,0.0,0.0,0.0,0.0,0.0,0.0,0.0
467,0.0,0.014285714285714285,0.0,0.0,0.0,0.014285714285714285,0.014285714285714285,0.05714285714285714,0.0,0.0,0.0,0.014285714285714285,0.0,0.0,0.0,0.0,0.0,0.0,0.0,0.0,0.0,0.014285714285714285,0.6857142857142857,0.04285714285714286,0.0,0.0,0.014285714285714285,0.0,0.0,0.02857142857142857,0.0,0.0,0.014285714285714285,0.07142857142857142,0.014285714285714285,0.0,0.0,0.0,0.0,0.0,0.0,0.0,0.0,0.0,0.0,0.0
468,0.0,0.0,0.0,0.05263157894736842,0.02631578947368421,0.05263157894736842,0.02631578947368421,0.0,0.02631578947368421,0.02631578947368421,0.0,0.0,0.0,0.0,0.0,0.0,0.0,0.0,0.02631578947368421,0.0,0.0,0.0,0.0,0.0,0.0,0.05263157894736842,0.0,0.0,0.0,0.0,0.0,0.0,0.02631578947368421,0.6842105263157895,0.0,0.0,0.0,0.0,0.0,0.0,0.0,0.0,0.0,0.0,0.0,0.0
469,0.0,0.027777777777777776,0.0,0.0,0.19444444444444445,0.0,0.0,0.027777777777777776,0.2222222222222222,0.05555555555555555,0.16666666666666666,0.08333333333333333,0.0,0.0,0.0,0.0,0.05555555555555555,0.0,0.0,0.0,0.0,0.0,0.0,0.0,0.027777777777777776,0.0,0.0,0.0,0.0,0.0,0.08333333333333333,0.05555555555555555,0.0,0.0,0.0,0.0,0.0,0.0,0.0,0.0,0.0,0.0,0.0,0.0,0.0,0.0
470,0.0,0.0,0.0,0.0,0.0,0.0,0.0,0.027777777777777776,0.0,0.0,0.0,0.0,0.0,0.0,0.0,0.0,0.0,0.0,0.0,0.0,0.0,0.0,0.0,0.0,0.0,0.0,0.0,0.0,0.0,0.0,0.0,0.05555555555555555,0.0,0.0,0.0,0.0,0.0,0.0,0.0,0.0,0.0,0.05555555555555555,0.027777777777777776,0.0,0.8055555555555556,0.027777777777777776
471,0.0,0.0,0.0,0.0,0.0,0.0,0.0,0.0,0.0,0.0,0.027777777777777776,0.0,0.0,0.0,0.0,0.0,0.0,0.0,0.0,0.027777777777777776,0.0,0.027777777777777776,0.0,0.0,0.0,0.0,0.0,0.0,0.0,0.0,0.027777777777777776,0.0,0.8888888888888888,0.0,0.0,0.0,0.0,0.0,0.0,0.0,0.0,0.0,0.0,0.0,0.0,0.0
472,0.0,0.0,0.0,0.6037735849056604,0.0,0.0,0.0,0.0,0.0,0.0,0.0,0.0,0.0,0.0,0.0,0.018867924528301886,0.0,0.0,0.0,0.0,0.0,0.0,0.0,0.018867924528301886,0.0,0.0,0.018867924528301886,0.0,0.018867924528301886,0.0,0.0,0.03773584905660377,0.0,0.0,0.0,0.0,0.0,0.0,0.0,0.0,0.0,0.0,0.0,0.24528301886792453,0.018867924528301886,0.018867924528301886
473,0.0,0.0,0.0,0.0,0.0,0.0,0.0,0.0,0.0,0.0,0.0,0.0,0.0,0.0,0.045454545454545456,0.022727272727272728,0.0,0.022727272727272728,0.0,0.7272727272727273,0.0,0.0,0.022727272727272728,0.0,0.0,0.0,0.022727272727272728,0.0,0.0,0.0,0.0,0.0,0.045454545454545456,0.09090909090909091,0.0,0.0,0.0,0.0,0.0,0.0,0.0,0.0,0.0,0.0,0.0,0.0
474,0.0,0.0,0.0,0.0,0.0,0.0,0.0,0.0,0.0,0.022222222222222223,0.0,0.0,0.0,0.0,0.8,0.044444444444444446,0.0,0.0,0.0,0.0,0.0,0.0,0.0,0.0,0.0,0.022222222222222223,0.044444444444444446,0.022222222222222223,0.0,0.0,0.022222222222222223,0.0,0.022222222222222223,0.0,0.0,0.0,0.0,0.0,0.0,0.0,0.0,0.0,0.0,0.0,0.0,0.0
475,0.0,0.0,0.0,0.044444444444444446,0.0,0.022222222222222223,0.0,0.0,0.0,0.022222222222222223,0.022222222222222223,0.022222222222222223,0.0,0.0,0.0,0.0,0.0,0.0,0.0,0.0,0.0,0.044444444444444446,0.08888888888888889,0.0,0.0,0.022222222222222223,0.0,0.0,0.0,0.0,0.022222222222222223,0.0,0.044444444444444446,0.0,0.08888888888888889,0.5111111111111111,0.0,0.0,0.0,0.0,0.0,0.0,0.022222222222222223,0.022222222222222223,0.0,0.0
476,0.0,0.0,0.06666666666666667,0.0,0.0,0.0,0.0,0.0,0.0,0.03333333333333333,0.0,0.016666666666666666,0.0,0.016666666666666666,0.5166666666666667,0.0,0.016666666666666666,0.03333333333333333,0.0,0.0,0.0,0.0,0.016666666666666666,0.05,0.0,0.06666666666666667,0.03333333333333333,0.0,0.0,0.016666666666666666,0.0,0.03333333333333333,0.016666666666666666,0.016666666666666666,0.016666666666666666,0.0,0.0,0.0,0.0,0.0,0.016666666666666666,0.0,0.0,0.0,0.016666666666666666,0.0
477,0.01282051282051282,0.0,0.01282051282051282,0.01282051282051282,0.0,0.038461538461538464,0.02564102564102564,0.01282051282051282,0.0,0.01282051282051282,0.038461538461538464,0.08974358974358974,0.0,0.0,0.01282051282051282,0.0,0.0,0.01282051282051282,0.08974358974358974,0.02564102564102564,0.0,0.0,0.01282051282051282,0.2692307692307692,0.01282051282051282,0.0,0.02564102564102564,0.01282051282051282,0.01282051282051282,0.038461538461538464,0.0641025641025641,0.01282051282051282,0.01282051282051282,0.02564102564102564,0.01282051282051282,0.07692307692307693,0.0,0.0,0.0,0.0,0.0,0.0,0.01282051282051282,0.0,0.0,0.0
478,0.0,0.0,0.04878048780487805,0.0,0.0,0.0,0.0,0.0,0.0,0.5121951219512195,0.0,0.024390243902439025,0.0,0.024390243902439025,0.024390243902439025,0.0,0.0,0.024390243902439025,0.0,0.0,0.0,0.04878048780487805,0.04878048780487805,0.0,0.0,0.024390243902439025,0.024390243902439025,0.024390243902439025,0.07317073170731707,0.0,0.0,0.0,0.0,0.0,0.0,0.07317073170731707,0.0,0.0,0.0,0.0,0.0,0.0,0.0,0.024390243902439025,0.0,0.0
479,0.0,0.0,0.0,0.0,0.0,0.0,0.0,0.0,0.0,0.0,0.0,0.0,0.0,0.0,0.0,0.0,0.07317073170731707,0.7560975609756098,0.14634146341463414,0.0,0.0,0.024390243902439025,0.0,0.0,0.0,0.0,0.0,0.0,0.0,0.0,0.0,0.0,0.0,0.0,0.0,0.0,0.0,0.0,0.0,0.0,0.0,0.0,0.0,0.0,0.0,0.0
480,0.0,0.0,0.0,0.0,0.0,0.0,0.0,0.0,0.0,0.0,0.0,0.0,0.0,0.0,0.0,0.0,0.0,0.0,0.03125,0.0,0.0,0.0,0.875,0.0,0.0,0.0,0.0,0.0,0.0,0.0,0.0,0.0,0.0625,0.0,0.03125,0.0,0.0,0.0,0.0,0.0,0.0,0.0,0.0,0.0,0.0,0.0
481,0.029411764705882353,0.0,0.0,0.0,0.0,0.0,0.0,0.0,0.058823529411764705,0.0,0.0,0.0,0.0,0.0,0.6176470588235294,0.0,0.0,0.0,0.0,0.0,0.0,0.0,0.0,0.0,0.0,0.029411764705882353,0.2647058823529412,0.0,0.0,0.0,0.0,0.0,0.0,0.0,0.0,0.0,0.0,0.0,0.0,0.0,0.0,0.0,0.0,0.0,0.0,0.0
482,0.0,0.0,0.0,0.0,0.0,0.0,0.016129032258064516,0.0,0.04838709677419355,0.016129032258064516,0.0,0.03225806451612903,0.0,0.0,0.0,0.0,0.016129032258064516,0.016129032258064516,0.0,0.0,0.016129032258064516,0.0967741935483871,0.03225806451612903,0.016129032258064516,0.0,0.0,0.0,0.016129032258064516,0.0,0.0,0.0,0.08064516129032258,0.1935483870967742,0.04838709677419355,0.03225806451612903,0.0,0.0,0.0,0.0,0.0,0.08064516129032258,0.0,0.22580645161290322,0.0,0.016129032258064516,0.0
483,0.013157894736842105,0.0,0.0,0.02631578947368421,0.10526315789473684,0.0,0.0,0.0,0.0,0.013157894736842105,0.013157894736842105,0.0,0.0,0.02631578947368421,0.0,0.013157894736842105,0.0,0.0,0.0,0.0,0.0,0.02631578947368421,0.039473684210526314,0.02631578947368421,0.02631578947368421,0.0,0.0,0.2631578947368421,0.06578947368421052,0.0,0.013157894736842105,0.23684210526315788,0.013157894736842105,0.0,0.0,0.0,0.0,0.0,0.0,0.0,0.0,0.0,0.013157894736842105,0.05263157894736842,0.013157894736842105,0.0
484,0.0,0.0,0.0,0.0,0.0,0.0,0.0,0.027777777777777776,0.0,0.0,0.0,0.0,0.0,0.0,0.027777777777777776,0.0,0.0,0.0,0.0,0.0,0.0,0.0,0.0,0.027777777777777776,0.0,0.0,0.0,0.0,0.0,0.0,0.0,0.027777777777777776,0.0,0.0,0.0,0.0,0.0,0.0,0.0,0.0,0.0,0.8888888888888888,0.0,0.0,0.0,0.0
485,0.0,0.009523809523809525,0.009523809523809525,0.09523809523809523,0.0,0.01904761904761905,0.02857142857142857,0.02857142857142857,0.047619047619047616,0.047619047619047616,0.047619047619047616,0.0,0.0,0.009523809523809525,0.01904761904761905,0.01904761904761905,0.0380952380952381,0.0,0.0,0.09523809523809523,0.0,0.009523809523809525,0.05714285714285714,0.0380952380952381,0.047619047619047616,0.047619047619047616,0.01904761904761905,0.0,0.0380952380952381,0.047619047619047616,0.009523809523809525,0.0761904761904762,0.01904761904761905,0.02857142857142857,0.0380952380952381,0.009523809523809525,0.0,0.0,0.0,0.0,0.0,0.0,0.0,0.0,0.0,0.0
486,0.0,0.0,0.0,0.017241379310344827,0.0,0.0,0.0,0.0,0.3103448275862069,0.0,0.06896551724137931,0.0,0.0,0.017241379310344827,0.0,0.0,0.0,0.0,0.0,0.0,0.017241379310344827,0.0,0.017241379310344827,0.0,0.0,0.05172413793103448,0.0,0.0,0.017241379310344827,0.017241379310344827,0.017241379310344827,0.0,0.0,0.1896551724137931,0.20689655172413793,0.0,0.0,0.0,0.0,0.0,0.0,0.0,0.0,0.034482758620689655,0.017241379310344827,0.0
487,0.0,0.013888888888888888,0.013888888888888888,0.0,0.0,0.0,0.0,0.027777777777777776,0.1527777777777778,0.027777777777777776,0.1111111111111111,0.05555555555555555,0.0,0.0,0.08333333333333333,0.0,0.013888888888888888,0.0,0.0,0.013888888888888888,0.027777777777777776,0.0,0.125,0.08333333333333333,0.013888888888888888,0.0,0.027777777777777776,0.0,0.0,0.0,0.013888888888888888,0.0,0.027777777777777776,0.027777777777777776,0.06944444444444445,0.013888888888888888,0.0,0.0,0.0,0.0,0.0,0.041666666666666664,0.0,0.0,0.013888888888888888,0.0
488,0.0,0.02702702702702703,0.0,0.0,0.8378378378378378,0.0,0.0,0.0,0.02702702702702703,0.0,0.0,0.0,0.0,0.0,0.0,0.0,0.0,0.0,0.0,0.0,0.0,0.02702702702702703,0.02702702702702703,0.0,0.0,0.0,0.0,0.0,0.0,0.0,0.0,0.0,0.0,0.02702702702702703,0.02702702702702703,0.0,0.0,0.0,0.0,0.0,0.0,0.0,0.0,0.0,0.0,0.0
489,0.0,0.0,0.0,0.03333333333333333,0.0,0.05,0.016666666666666666,0.016666666666666666,0.016666666666666666,0.0,0.016666666666666666,0.03333333333333333,0.0,0.0,0.0,0.0,0.06666666666666667,0.016666666666666666,0.06666666666666667,0.0,0.05,0.23333333333333334,0.016666666666666666,0.0,0.05,0.0,0.06666666666666667,0.0,0.0,0.0,0.0,0.05,0.016666666666666666,0.016666666666666666,0.16666666666666666,0.0,0.0,0.0,0.0,0.0,0.0,0.0,0.0,0.0,0.0,0.0
490,0.0,0.02631578947368421,0.0,0.0,0.0,0.0,0.0,0.0,0.0,0.0,0.02631578947368421,0.0,0.7368421052631579,0.02631578947368421,0.02631578947368421,0.0,0.0,0.0,0.0,0.0,0.0,0.02631578947368421,0.0,0.02631578947368421,0.02631578947368421,0.0,0.02631578947368421,0.0,0.02631578947368421,0.0,0.0,0.02631578947368421,0.0,0.0,0.0,0.0,0.0,0.0,0.0,0.0,0.0,0.0,0.0,0.0,0.0,0.0
491,0.0,0.014925373134328358,0.0,0.0,0.029850746268656716,0.014925373134328358,0.0,0.0,0.0,0.014925373134328358,0.11940298507462686,0.0,0.0,0.029850746268656716,0.0,0.3880597014925373,0.014925373134328358,0.014925373134328358,0.014925373134328358,0.014925373134328358,0.0,0.05970149253731343,0.0,0.014925373134328358,0.014925373134328358,0.04477611940298507,0.05970149253731343,0.014925373134328358,0.014925373134328358,0.0,0.0,0.014925373134328358,0.0,0.0,0.0,0.014925373134328358,0.0,0.0,0.0,0.0,0.0,0.0,0.014925373134328358,0.0,0.04477611940298507,0.014925373134328358
492,0.0,0.0,0.09090909090909091,0.022727272727272728,0.0,0.022727272727272728,0.36363636363636365,0.0,0.0,0.11363636363636363,0.0,0.0,0.0,0.22727272727272727,0.0,0.0,0.022727272727272728,0.0,0.022727272727272728,0.0,0.022727272727272728,0.022727272727272728,0.0,0.022727272727272728,0.0,0.0,0.022727272727272728,0.0,0.0,0.0,0.0,0.0,0.0,0.0,0.022727272727272728,0.0,0.0,0.0,0.0,0.0,0.0,0.0,0.0,0.0,0.0,0.0
493,0.0,0.0,0.02857142857142857,0.02857142857142857,0.0,0.02857142857142857,0.0,0.02857142857142857,0.0,0.02857142857142857,0.02857142857142857,0.0,0.0,0.0,0.0,0.02857142857142857,0.0,0.02857142857142857,0.02857142857142857,0.0,0.0,0.0,0.05714285714285714,0.02857142857142857,0.0,0.0,0.0,0.0,0.02857142857142857,0.0,0.0,0.0,0.0,0.0,0.0,0.0,0.0,0.0,0.0,0.0,0.0,0.6285714285714286,0.0,0.0,0.0,0.0
494,0.0,0.0,0.0,0.0,0.0,0.0,0.04,0.0,0.0,0.02,0.02,0.0,0.02,0.0,0.0,0.52,0.0,0.0,0.0,0.0,0.0,0.02,0.0,0.1,0.0,0.02,0.0,0.0,0.0,0.0,0.02,0.02,0.02,0.0,0.04,0.0,0.0,0.0,0.0,0.0,0.0,0.0,0.02,0.08,0.02,0.02
495,0.0,0.15151515151515152,0.06060606060606061,0.15151515151515152,0.09090909090909091,0.030303030303030304,0.06060606060606061,0.0,0.030303030303030304,0.09090909090909091,0.12121212121212122,0.030303030303030304,0.030303030303030304,0.09090909090909091,0.030303030303030304,0.0,0.0,0.0,0.0,0.0,0.0,0.0,0.0,0.0,0.0,0.0,0.0,0.0,0.0,0.0,0.030303030303030304,0.0,0.0,0.0,0.0,0.0,0.0,0.0,0.0,0.0,0.0,0.0,0.0,0.0,0.0,0.0
496,0.0,0.02564102564102564,0.0,0.0,0.0,0.0,0.0,0.05128205128205128,0.05128205128205128,0.10256410256410256,0.0,0.0,0.0,0.0,0.0,0.0,0.10256410256410256,0.0,0.0,0.0,0.20512820512820512,0.02564102564102564,0.0,0.02564102564102564,0.0,0.0,0.0,0.0,0.0,0.0,0.0,0.1282051282051282,0.0,0.1794871794871795,0.05128205128205128,0.0,0.0,0.0,0.0,0.0,0.0,0.0,0.02564102564102564,0.0,0.02564102564102564,0.0
497,0.0,0.0,0.022727272727272728,0.022727272727272728,0.0,0.0,0.0,0.0,0.0,0.0,0.022727272727272728,0.022727272727272728,0.0,0.0,0.0,0.0,0.0,0.0,0.0,0.5227272727272727,0.0,0.06818181818181818,0.0,0.022727272727272728,0.0,0.022727272727272728,0.0,0.0,0.0,0.09090909090909091,0.0,0.0,0.022727272727272728,0.0,0.045454545454545456,0.0,0.0,0.0,0.022727272727272728,0.0,0.0,0.0,0.0,0.09090909090909091,0.0,0.0
498,0.0,0.016129032258064516,0.0,0.03225806451612903,0.0,0.016129032258064516,0.0,0.016129032258064516,0.03225806451612903,0.0,0.016129032258064516,0.016129032258064516,0.0,0.0,0.016129032258064516,0.03225806451612903,0.0,0.016129032258064516,0.5,0.016129032258064516,0.016129032258064516,0.0,0.03225806451612903,0.016129032258064516,0.0,0.03225806451612903,0.016129032258064516,0.0,0.03225806451612903,0.016129032258064516,0.016129032258064516,0.016129032258064516,0.03225806451612903,0.0,0.0,0.0,0.0,0.0,0.0,0.0,0.0,0.0,0.016129032258064516,0.0,0.03225806451612903,0.0
499,0.0,0.0,0.0,0.022222222222222223,0.044444444444444446,0.0,0.0,0.0,0.0,0.06666666666666667,0.022222222222222223,0.0,0.044444444444444446,0.0,0.022222222222222223,0.13333333333333333,0.044444444444444446,0.0,0.022222222222222223,0.022222222222222223,0.0,0.0,0.044444444444444446,0.022222222222222223,0.0,0.0,0.0,0.0,0.0,0.022222222222222223,0.26666666666666666,0.044444444444444446,0.1111111111111111,0.0,0.0,0.0,0.0,0.0,0.0,0.0,0.0,0.0,0.0,0.044444444444444446,0.0,0.0
500,0.0,0.0,0.0,0.06976744186046512,0.0,0.0,0.0,0.023255813953488372,0.046511627906976744,0.0,0.32558139534883723,0.0,0.0,0.0,0.023255813953488372,0.0,0.0,0.0,0.023255813953488372,0.0,0.3488372093023256,0.023255813953488372,0.0,0.023255813953488372,0.06976744186046512,0.0,0.0,0.0,0.0,0.0,0.0,0.0,0.0,0.023255813953488372,0.0,0.0,0.0,0.0,0.0,0.0,0.0,0.0,0.0,0.0,0.0,0.0
501,0.02,0.02,0.0,0.12,0.02,0.02,0.04,0.06,0.0,0.0,0.06,0.02,0.02,0.02,0.04,0.0,0.0,0.06,0.0,0.0,0.0,0.0,0.0,0.08,0.0,0.08,0.04,0.0,0.0,0.0,0.08,0.14,0.0,0.0,0.04,0.02,0.0,0.0,0.0,0.0,0.0,0.0,0.0,0.0,0.0,0.0
502,0.0,0.0,0.0,0.0,0.0,0.0,0.0,0.0,0.0,0.02564102564102564,0.05128205128205128,0.05128205128205128,0.0,0.0,0.0,0.0,0.0,0.0,0.0,0.0,0.0,0.02564102564102564,0.05128205128205128,0.0,0.0,0.0,0.0,0.02564102564102564,0.0,0.02564102564102564,0.0,0.0,0.0,0.0,0.7435897435897436,0.0,0.0,0.0,0.0,0.0,0.0,0.0,0.0,0.0,0.0,0.0
503,0.0,0.0,0.020833333333333332,0.041666666666666664,0.0,0.041666666666666664,0.0,0.020833333333333332,0.0,0.020833333333333332,0.020833333333333332,0.0,0.0,0.020833333333333332,0.125,0.020833333333333332,0.041666666666666664,0.0,0.0,0.0,0.0,0.0,0.0,0.4166666666666667,0.0,0.10416666666666667,0.0,0.020833333333333332,0.020833333333333332,0.0,0.0,0.0,0.0,0.0,0.0,0.020833333333333332,0.0,0.0,0.0,0.0,0.0,0.0,0.020833333333333332,0.0,0.0,0.020833333333333332
504,0.0,0.0,0.037037037037037035,0.07407407407407407,0.09259259259259259,0.05555555555555555,0.037037037037037035,0.018518518518518517,0.18518518518518517,0.0,0.0,0.0,0.018518518518518517,0.0,0.018518518518518517,0.0,0.0,0.0,0.0,0.0,0.14814814814814814,0.05555555555555555,0.0,0.018518518518518517,0.037037037037037035,0.0,0.018518518518518517,0.05555555555555555,0.0,0.0,0.0,0.0,0.037037037037037035,0.018518518518518517,0.0,0.0,0.0,0.0,0.0,0.0,0.0,0.018518518518518517,0.0,0.0,0.018518518518518517,0.037037037037037035
505,0.0,0.01694915254237288,0.03389830508474576,0.0,0.01694915254237288,0.0,0.01694915254237288,0.01694915254237288,0.0,0.0,0.03389830508474576,0.05084745762711865,0.0,0.03389830508474576,0.0,0.01694915254237288,0.0,0.0,0.0,0.0,0.03389830508474576,0.0,0.5423728813559322,0.0,0.01694915254237288,0.01694915254237288,0.01694915254237288,0.01694915254237288,0.0,0.0,0.0,0.0,0.03389830508474576,0.01694915254237288,0.01694915254237288,0.0,0.03389830508474576,0.0,0.0,0.0,0.0,0.0,0.0,0.0,0.01694915254237288,0.0
506,0.0,0.0,0.0,0.8181818181818182,0.0,0.030303030303030304,0.0,0.0,0.0,0.0,0.0,0.0,0.0,0.0,0.030303030303030304,0.0,0.0,0.0,0.0,0.06060606060606061,0.0,0.0,0.0,0.0,0.0,0.0,0.0,0.0,0.0,0.030303030303030304,0.0,0.0,0.0,0.0,0.0,0.0,0.0,0.0,0.0,0.0,0.0,0.0,0.0,0.030303030303030304,0.0,0.0
507,0.0,0.0,0.0,0.022222222222222223,0.0,0.0,0.0,0.022222222222222223,0.0,0.06666666666666667,0.0,0.0,0.0,0.0,0.06666666666666667,0.022222222222222223,0.022222222222222223,0.022222222222222223,0.0,0.0,0.0,0.022222222222222223,0.0,0.0,0.022222222222222223,0.0,0.044444444444444446,0.0,0.0,0.022222222222222223,0.0,0.022222222222222223,0.022222222222222223,0.0,0.044444444444444446,0.0,0.0,0.0,0.0,0.0,0.0,0.0,0.0,0.5555555555555556,0.0,0.0
508,0.0,0.0,0.0,0.0,0.047619047619047616,0.023809523809523808,0.0,0.0,0.0,0.0,0.0,0.023809523809523808,0.023809523809523808,0.023809523809523808,0.023809523809523808,0.0,0.0,0.0,0.0,0.023809523809523808,0.023809523809523808,0.0,0.023809523809523808,0.0,0.0,0.0,0.023809523809523808,0.6190476190476191,0.023809523809523808,0.0,0.0,0.047619047619047616,0.0,0.0,0.023809523809523808,0.0,0.023809523809523808,0.0,0.0,0.0,0.0,0.0,0.0,0.0,0.0,0.0
509,0.0,0.0,0.021739130434782608,0.021739130434782608,0.0,0.0,0.0,0.06521739130434782,0.0,0.0,0.0,0.17391304347826086,0.0,0.06521739130434782,0.0,0.30434782608695654,0.021739130434782608,0.021739130434782608,0.021739130434782608,0.0,0.0,0.0,0.2391304347826087,0.0,0.0,0.0,0.0,0.0,0.0,0.0,0.0,0.0,0.0,0.0,0.043478260869565216,0.0,0.0,0.0,0.0,0.0,0.0,0.0,0.0,0.0,0.0,0.0
510,0.0,0.0,0.047619047619047616,0.09523809523809523,0.23809523809523808,0.0,0.023809523809523808,0.09523809523809523,0.0,0.0,0.023809523809523808,0.0,0.023809523809523808,0.023809523809523808,0.14285714285714285,0.0,0.0,0.023809523809523808,0.047619047619047616,0.023809523809523808,0.0,0.0,0.047619047619047616,0.0,0.023809523809523808,0.0,0.0,0.0,0.0,0.0,0.0,0.0,0.0,0.023809523809523808,0.0,0.0,0.0,0.0,0.0,0.0,0.0,0.023809523809523808,0.023809523809523808,0.023809523809523808,0.0,0.023809523809523808
511,0.0,0.0,0.0,0.0,0.0,0.024390243902439025,0.0,0.0,0.0,0.0,0.0,0.0,0.0,0.0,0.0,0.17073170731707318,0.0,0.0,0.12195121951219512,0.5853658536585366,0.0,0.0,0.0,0.024390243902439025,0.0,0.0,0.0,0.0,0.0,0.0,0.024390243902439025,0.0,0.0,0.0,0.024390243902439025,0.0,0.0,0.0,0.0,0.0,0.0,0.0,0.0,0.0,0.024390243902439025,0.0
512,0.2857142857142857,0.02040816326530612,0.0,0.0,0.02040816326530612,0.0,0.0,0.0,0.0,0.02040816326530612,0.02040816326530612,0.0,0.02040816326530612,0.02040816326530612,0.0,0.0,0.0,0.0,0.20408163265306123,0.0,0.0,0.02040816326530612,0.12244897959183673,0.0,0.02040816326530612,0.0,0.02040816326530612,0.0,0.02040816326530612,0.0,0.0,0.0,0.02040816326530612,0.04081632653061224,0.061224489795918366,0.04081632653061224,0.0,0.0,0.0,0.0,0.0,0.0,0.0,0.02040816326530612,0.0,0.0
513,0.0,0.0,0.0,0.0,0.0,0.0,0.0,0.0,0.0,0.0,0.0,0.0,0.0,0.0,0.0,0.0,0.0,0.0,0.034482758620689655,0.0,0.0,0.0,0.0,0.9655172413793104,0.0,0.0,0.0,0.0,0.0,0.0,0.0,0.0,0.0,0.0,0.0,0.0,0.0,0.0,0.0,0.0,0.0,0.0,0.0,0.0,0.0,0.0
514,0.0,0.0,0.0,0.0,0.0,0.14285714285714285,0.0,0.023809523809523808,0.0,0.0,0.0,0.0,0.0,0.023809523809523808,0.16666666666666666,0.023809523809523808,0.023809523809523808,0.023809523809523808,0.0,0.0,0.0,0.0,0.0,0.0,0.0,0.0,0.0,0.0,0.023809523809523808,0.0,0.0,0.0,0.5238095238095238,0.0,0.0,0.0,0.0,0.0,0.0,0.0,0.0,0.0,0.0,0.023809523809523808,0.0,0.0
515,0.0,0.034482758620689655,0.05172413793103448,0.0,0.0,0.0,0.10344827586206896,0.05172413793103448,0.034482758620689655,0.0,0.46551724137931033,0.0,0.0,0.0,0.10344827586206896,0.017241379310344827,0.0,0.0,0.0,0.0,0.017241379310344827,0.0,0.0,0.0,0.034482758620689655,0.0,0.017241379310344827,0.0,0.0,0.0,0.034482758620689655,0.0,0.0,0.017241379310344827,0.0,0.0,0.0,0.0,0.0,0.0,0.0,0.0,0.0,0.017241379310344827,0.0,0.0
516,0.0,0.0,0.0,0.0,0.0,0.0,0.0,0.0,0.0,0.0,0.0,0.0,0.0,0.0,0.3870967741935484,0.0,0.0,0.4838709677419355,0.0967741935483871,0.0,0.0,0.03225806451612903,0.0,0.0,0.0,0.0,0.0,0.0,0.0,0.0,0.0,0.0,0.0,0.0,0.0,0.0,0.0,0.0,0.0,0.0,0.0,0.0,0.0,0.0,0.0,0.0
517,0.0,0.0,0.0,0.0,0.0,0.0,0.0,0.0,0.0,0.0,0.0,0.5517241379310345,0.0,0.0,0.034482758620689655,0.0,0.0,0.0,0.0,0.0,0.0,0.0,0.0,0.0,0.0,0.0,0.0,0.0,0.0,0.10344827586206896,0.0,0.034482758620689655,0.0,0.0,0.034482758620689655,0.0,0.0,0.0,0.0,0.0,0.0,0.0,0.2413793103448276,0.0,0.0,0.0
518,0.0,0.0,0.027777777777777776,0.0,0.0,0.0,0.027777777777777776,0.0,0.0,0.0,0.027777777777777776,0.0,0.0,0.0,0.0,0.027777777777777776,0.0,0.0,0.6111111111111112,0.0,0.0,0.0,0.027777777777777776,0.0,0.027777777777777776,0.0,0.0,0.027777777777777776,0.027777777777777776,0.0,0.027777777777777776,0.0,0.0,0.0,0.0,0.0,0.0,0.0,0.0,0.0,0.0,0.1111111111111111,0.0,0.027777777777777776,0.0,0.0
519,0.0,0.0,0.0,0.0,0.0,0.0,0.0,0.0,0.0,0.0,0.0,0.0,0.0,0.0,0.0,1.0,0.0,0.0,0.0,0.0,0.0,0.0,0.0,0.0,0.0,0.0,0.0,0.0,0.0,0.0,0.0,0.0,0.0,0.0,0.0,0.0,0.0,0.0,0.0,0.0,0.0,0.0,0.0,0.0,0.0,0.0
520,0.0,0.0,0.0,0.0,0.0,0.0,0.0,0.025,0.0,0.0,0.0,0.05,0.0,0.0,0.0,0.0,0.075,0.125,0.0,0.05,0.0,0.0,0.025,0.0,0.025,0.0,0.025,0.0,0.0,0.0,0.0,0.025,0.075,0.0,0.0,0.45,0.0,0.0,0.0,0.0,0.0,0.0,0.0,0.0,0.0,0.05
521,0.0,0.16666666666666666,0.0,0.05,0.03333333333333333,0.016666666666666666,0.0,0.0,0.0,0.0,0.016666666666666666,0.016666666666666666,0.0,0.0,0.016666666666666666,0.03333333333333333,0.08333333333333333,0.016666666666666666,0.016666666666666666,0.016666666666666666,0.016666666666666666,0.016666666666666666,0.03333333333333333,0.016666666666666666,0.0,0.0,0.0,0.13333333333333333,0.03333333333333333,0.0,0.016666666666666666,0.0,0.06666666666666667,0.0,0.1,0.0,0.0,0.0,0.0,0.0,0.0,0.0,0.03333333333333333,0.03333333333333333,0.016666666666666666,0.0
522,0.0,0.0,0.0,0.0,0.0,0.022727272727272728,0.0,0.045454545454545456,0.06818181818181818,0.022727272727272728,0.0,0.0,0.0,0.0,0.0,0.0,0.0,0.0,0.0,0.18181818181818182,0.36363636363636365,0.022727272727272728,0.0,0.0,0.0,0.0,0.0,0.0,0.0,0.0,0.022727272727272728,0.0,0.0,0.13636363636363635,0.0,0.0,0.0,0.0,0.0,0.0,0.0,0.0,0.0,0.0,0.09090909090909091,0.022727272727272728
523,0.0,0.0,0.0,0.0975609756097561,0.024390243902439025,0.0,0.0,0.024390243902439025,0.0,0.1951219512195122,0.04878048780487805,0.0,0.0,0.0,0.024390243902439025,0.04878048780487805,0.024390243902439025,0.0,0.024390243902439025,0.0,0.0,0.0,0.34146341463414637,0.0,0.0,0.0,0.04878048780487805,0.0,0.0,0.0,0.0,0.0,0.0,0.0,0.07317073170731707,0.0,0.0,0.0,0.0,0.0,0.0,0.0,0.024390243902439025,0.0,0.0,0.0
524,0.0,0.0,0.0,0.0,0.025,0.025,0.025,0.0,0.0,0.0,0.0,0.0,0.0,0.0,0.0,0.0,0.0,0.0,0.125,0.0,0.0,0.0,0.025,0.0,0.0,0.0,0.0,0.0,0.0,0.0,0.7,0.025,0.0,0.0,0.0,0.0,0.0,0.0,0.0,0.0,0.0,0.0,0.025,0.0,0.025,0.0
525,0.0,0.0,0.022727272727272728,0.0,0.0,0.0,0.0,0.022727272727272728,0.0,0.0,0.022727272727272728,0.0,0.0,0.045454545454545456,0.0,0.0,0.0,0.022727272727272728,0.0,0.0,0.0,0.022727272727272728,0.0,0.0,0.0,0.0,0.0,0.045454545454545456,0.0,0.022727272727272728,0.0,0.022727272727272728,0.06818181818181818,0.022727272727272728,0.0,0.0,0.0,0.0,0.0,0.0,0.0,0.045454545454545456,0.0,0.0,0.5454545454545454,0.06818181818181818
526,0.018518518518518517,0.0,0.018518518518518517,0.037037037037037035,0.05555555555555555,0.0,0.0,0.018518518518518517,0.0,0.0,0.0,0.018518518518518517,0.018518518518518517,0.1111111111111111,0.037037037037037035,0.0,0.05555555555555555,0.018518518518518517,0.0,0.018518518518518517,0.0,0.0,0.37037037037037035,0.018518518518518517,0.018518518518518517,0.0,0.0,0.0,0.0,0.0,0.0,0.0,0.09259259259259259,0.0,0.05555555555555555,0.018518518518518517,0.0,0.0,0.0,0.0,0.0,0.0,0.0,0.0,0.0,0.0
527,0.0,0.0,0.0,0.0,0.0,0.034482758620689655,0.3103448275862069,0.0,0.034482758620689655,0.06896551724137931,0.10344827586206896,0.3448275862068966,0.0,0.034482758620689655,0.06896551724137931,0.0,0.0,0.0,0.0,0.0,0.0,0.0,0.0,0.0,0.0,0.0,0.0,0.0,0.0,0.0,0.0,0.0,0.0,0.0,0.0,0.0,0.0,0.0,0.0,0.0,0.0,0.0,0.0,0.0,0.0,0.0
528,0.0,0.0,0.0,0.0,0.26666666666666666,0.0,0.0,0.0,0.0,0.0,0.0,0.36666666666666664,0.0,0.0,0.0,0.0,0.0,0.0,0.0,0.0,0.0,0.0,0.03333333333333333,0.0,0.0,0.0,0.03333333333333333,0.0,0.0,0.0,0.16666666666666666,0.13333333333333333,0.0,0.0,0.0,0.0,0.0,0.0,0.0,0.0,0.0,0.0,0.0,0.0,0.0,0.0
529,0.0,0.03125,0.0,0.0,0.0,0.0,0.09375,0.59375,0.0,0.0,0.0,0.0,0.0,0.0,0.0,0.0,0.0625,0.0,0.0,0.0,0.0,0.0,0.0,0.0,0.0,0.0,0.0,0.0,0.0,0.0,0.0,0.0,0.0,0.0,0.21875,0.0,0.0,0.0,0.0,0.0,0.0,0.0,0.0,0.0,0.0,0.0
530,0.0,0.0392156862745098,0.0196078431372549,0.0,0.0196078431372549,0.0392156862745098,0.0,0.0,0.0196078431372549,0.0,0.0,0.0392156862745098,0.0,0.0,0.13725490196078433,0.0,0.0196078431372549,0.0,0.0,0.0,0.0,0.0196078431372549,0.0,0.0,0.0196078431372549,0.0,0.0196078431372549,0.0,0.058823529411764705,0.0,0.0,0.0,0.47058823529411764,0.0196078431372549,0.0392156862745098,0.0196078431372549,0.0,0.0,0.0,0.0,0.0,0.0,0.0,0.0,0.0,0.0
531,0.020202020202020204,0.04040404040404041,0.0,0.24242424242424243,0.030303030303030304,0.020202020202020204,0.10101010101010101,0.0,0.0,0.04040404040404041,0.030303030303030304,0.0,0.010101010101010102,0.0,0.010101010101010102,0.0,0.020202020202020204,0.020202020202020204,0.010101010101010102,0.030303030303030304,0.010101010101010102,0.030303030303030304,0.020202020202020204,0.0,0.04040404040404041,0.020202020202020204,0.06060606060606061,0.0,0.0,0.0,0.0,0.0,0.020202020202020204,0.020202020202020204,0.0,0.010101010101010102,0.010101010101010102,0.0,0.0,0.0,0.0,0.06060606060606061,0.020202020202020204,0.04040404040404041,0.0,0.010101010101010102
532,0.0,0.0,0.0,0.0,0.05357142857142857,0.0,0.0,0.0,0.0,0.0,0.0,0.0,0.0,0.0,0.0,0.0,0.08928571428571429,0.8035714285714286,0.0,0.017857142857142856,0.0,0.0,0.0,0.0,0.0,0.017857142857142856,0.0,0.0,0.0,0.0,0.0,0.0,0.0,0.017857142857142856,0.0,0.0,0.0,0.0,0.0,0.0,0.0,0.0,0.0,0.0,0.0,0.0
533,0.0,0.045454545454545456,0.09090909090909091,0.022727272727272728,0.0,0.0,0.022727272727272728,0.0,0.0,0.0,0.0,0.022727272727272728,0.0,0.0,0.4318181818181818,0.1590909090909091,0.0,0.045454545454545456,0.0,0.0,0.06818181818181818,0.0,0.0,0.0,0.0,0.0,0.0,0.0,0.022727272727272728,0.0,0.022727272727272728,0.0,0.022727272727272728,0.0,0.0,0.0,0.0,0.0,0.0,0.0,0.0,0.0,0.0,0.022727272727272728,0.0,0.0
534,0.0,0.0,0.0,0.0,0.0,0.0,0.0,0.0,0.0,0.0,0.0,0.03125,0.0,0.0,0.0,0.0,0.0,0.0,0.0,0.0,0.0,0.0,0.0,0.0,0.0,0.0,0.0,0.0,0.0,0.0,0.0,0.0,0.0,0.0,0.90625,0.0625,0.0,0.0,0.0,0.0,0.0,0.0,0.0,0.0,0.0,0.0
535,0.04938271604938271,0.024691358024691357,0.07407407407407407,0.012345679012345678,0.07407407407407407,0.0,0.024691358024691357,0.0,0.012345679012345678,0.08641975308641975,0.012345679012345678,0.024691358024691357,0.0,0.012345679012345678,0.037037037037037035,0.0,0.037037037037037035,0.012345679012345678,0.012345679012345678,0.037037037037037035,0.012345679012345678,0.012345679012345678,0.0,0.04938271604938271,0.0,0.08641975308641975,0.0,0.0,0.0,0.0,0.037037037037037035,0.012345679012345678,0.012345679012345678,0.1111111111111111,0.0,0.0,0.0,0.0,0.0,0.0,0.012345679012345678,0.08641975308641975,0.012345679012345678,0.012345679012345678,0.0,0.0
536,0.0,0.024390243902439025,0.0,0.0,0.0,0.0,0.0,0.0,0.0,0.0,0.5121951219512195,0.1951219512195122,0.04878048780487805,0.04878048780487805,0.07317073170731707,0.024390243902439025,0.0,0.0,0.0,0.0,0.0,0.0,0.0,0.0,0.0,0.0,0.04878048780487805,0.0,0.0,0.0,0.0,0.0,0.0,0.024390243902439025,0.0,0.0,0.0,0.0,0.0,0.0,0.0,0.0,0.0,0.0,0.0,0.0
537,0.0,0.0,0.23076923076923078,0.0,0.05128205128205128,0.0,0.0,0.02564102564102564,0.0,0.23076923076923078,0.05128205128205128,0.0,0.0,0.0,0.0,0.10256410256410256,0.0,0.0,0.0,0.0,0.0,0.0,0.0,0.0,0.02564102564102564,0.15384615384615385,0.0,0.02564102564102564,0.02564102564102564,0.0,0.0,0.0,0.0,0.0,0.0,0.0,0.0,0.0,0.0,0.0,0.0,0.0,0.05128205128205128,0.02564102564102564,0.0,0.0
538,0.017543859649122806,0.0,0.0,0.0,0.0,0.0,0.0,0.017543859649122806,0.017543859649122806,0.017543859649122806,0.0,0.0,0.0,0.017543859649122806,0.15789473684210525,0.017543859649122806,0.05263157894736842,0.017543859649122806,0.0,0.15789473684210525,0.017543859649122806,0.03508771929824561,0.017543859649122806,0.03508771929824561,0.017543859649122806,0.03508771929824561,0.0,0.05263157894736842,0.017543859649122806,0.0,0.0,0.017543859649122806,0.0,0.0,0.15789473684210525,0.0,0.0,0.017543859649122806,0.0,0.0,0.0,0.0,0.08771929824561403,0.0,0.0,0.0
539,0.0,0.0,0.03636363636363636,0.0,0.01818181818181818,0.0,0.01818181818181818,0.0,0.01818181818181818,0.0,0.0,0.0,0.0,0.0,0.0,0.0,0.01818181818181818,0.03636363636363636,0.03636363636363636,0.0,0.01818181818181818,0.01818181818181818,0.0,0.4909090909090909,0.01818181818181818,0.01818181818181818,0.0,0.0,0.14545454545454545,0.01818181818181818,0.01818181818181818,0.0,0.0,0.03636363636363636,0.0,0.01818181818181818,0.0,0.0,0.0,0.0,0.0,0.0,0.01818181818181818,0.0,0.0,0.0
540,0.0,0.09433962264150944,0.03773584905660377,0.0,0.03773584905660377,0.0,0.0,0.0,0.0,0.07547169811320754,0.0,0.11320754716981132,0.0,0.09433962264150944,0.09433962264150944,0.0,0.0,0.03773584905660377,0.0,0.0,0.0,0.0,0.05660377358490566,0.05660377358490566,0.09433962264150944,0.03773584905660377,0.0,0.03773584905660377,0.03773584905660377,0.018867924528301886,0.0,0.0,0.0,0.0,0.018867924528301886,0.018867924528301886,0.0,0.0,0.0,0.0,0.0,0.0,0.0,0.018867924528301886,0.0,0.018867924528301886
541,0.0,0.0,0.0,0.0,0.0,0.0,0.0,0.0,0.0,0.0,0.0,0.0,0.0,0.0,0.0,0.034482758620689655,0.0,0.0,0.0,0.0,0.0,0.0,0.0,0.896551724137931,0.0,0.0,0.034482758620689655,0.034482758620689655,0.0,0.0,0.0,0.0,0.0,0.0,0.0,0.0,0.0,0.0,0.0,0.0,0.0,0.0,0.0,0.0,0.0,0.0
542,0.0,0.02564102564102564,0.02564102564102564,0.0,0.02564102564102564,0.02564102564102564,0.0,0.0,0.02564102564102564,0.02564102564102564,0.02564102564102564,0.0,0.0,0.02564102564102564,0.0,0.0,0.0,0.0,0.0,0.0,0.0,0.0,0.02564102564102564,0.6666666666666666,0.0,0.0,0.0,0.0,0.0,0.0,0.0,0.0,0.02564102564102564,0.0,0.0,0.07692307692307693,0.0,0.0,0.0,0.0,0.0,0.0,0.0,0.0,0.0,0.0
543,0.015037593984962405,0.03759398496240601,0.045112781954887216,0.08270676691729323,0.05263157894736842,0.015037593984962405,0.015037593984962405,0.0,0.007518796992481203,0.007518796992481203,0.007518796992481203,0.015037593984962405,0.007518796992481203,0.007518796992481203,0.06766917293233082,0.007518796992481203,0.10526315789473684,0.022556390977443608,0.03007518796992481,0.022556390977443608,0.022556390977443608,0.0,0.06766917293233082,0.03007518796992481,0.022556390977443608,0.022556390977443608,0.06766917293233082,0.03759398496240601,0.015037593984962405,0.0,0.015037593984962405,0.007518796992481203,0.0,0.03007518796992481,0.007518796992481203,0.0,0.0,0.0,0.0,0.0,0.0,0.0,0.015037593984962405,0.022556390977443608,0.015037593984962405,0.03007518796992481
544,0.0,0.028985507246376812,0.014492753623188406,0.043478260869565216,0.057971014492753624,0.2898550724637681,0.17391304347826086,0.0,0.0,0.0,0.0,0.028985507246376812,0.0,0.014492753623188406,0.0,0.014492753623188406,0.014492753623188406,0.057971014492753624,0.11594202898550725,0.0,0.0,0.014492753623188406,0.0,0.0,0.0,0.0,0.014492753623188406,0.0,0.0,0.0,0.0,0.028985507246376812,0.0,0.0,0.0,0.0,0.0,0.0,0.0,0.0,0.0,0.0,0.07246376811594203,0.0,0.014492753623188406,0.0
545,0.0,0.0,0.0,0.0,0.0,0.019230769230769232,0.11538461538461539,0.11538461538461539,0.0,0.0,0.0,0.0,0.057692307692307696,0.0,0.0,0.07692307692307693,0.0,0.0,0.0,0.0,0.40384615384615385,0.0,0.0,0.0,0.0,0.0,0.0,0.019230769230769232,0.11538461538461539,0.0,0.0,0.0,0.019230769230769232,0.019230769230769232,0.019230769230769232,0.0,0.0,0.0,0.0,0.0,0.0,0.0,0.0,0.0,0.019230769230769232,0.0
546,0.03225806451612903,0.03225806451612903,0.0,0.0,0.0,0.0,0.0,0.0,0.0,0.0,0.0,0.0,0.0,0.9032258064516129,0.0,0.0,0.0,0.0,0.0,0.0,0.0,0.0,0.0,0.0,0.0,0.03225806451612903,0.0,0.0,0.0,0.0,0.0,0.0,0.0,0.0,0.0,0.0,0.0,0.0,0.0,0.0,0.0,0.0,0.0,0.0,0.0,0.0
547,0.0,0.0,0.0,0.015151515151515152,0.030303030303030304,0.030303030303030304,0.0,0.0,0.0,0.015151515151515152,0.0,0.030303030303030304,0.0,0.0,0.0,0.0,0.030303030303030304,0.0,0.045454545454545456,0.07575757575757576,0.015151515151515152,0.0,0.10606060606060606,0.030303030303030304,0.0,0.015151515151515152,0.3787878787878788,0.045454545454545456,0.0,0.0,0.0,0.015151515151515152,0.030303030303030304,0.015151515151515152,0.030303030303030304,0.015151515151515152,0.0,0.0,0.0,0.0,0.0,0.0,0.0,0.015151515151515152,0.0,0.015151515151515152
548,0.0,0.0,0.02702702702702703,0.24324324324324326,0.05405405405405406,0.05405405405405406,0.0,0.0,0.0,0.0,0.02702702702702703,0.05405405405405406,0.0,0.0,0.0,0.05405405405405406,0.02702702702702703,0.0,0.05405405405405406,0.0,0.02702702702702703,0.0,0.0,0.0,0.0,0.0,0.0,0.32432432432432434,0.0,0.0,0.0,0.0,0.0,0.0,0.0,0.0,0.0,0.0,0.0,0.0,0.0,0.0,0.0,0.0,0.05405405405405406,0.0
549,0.0,0.0,0.02564102564102564,0.02564102564102564,0.0,0.0,0.0,0.0,0.0,0.0,0.0,0.0,0.0,0.02564102564102564,0.0,0.02564102564102564,0.0,0.02564102564102564,0.0,0.0,0.0,0.0,0.0,0.0,0.02564102564102564,0.0,0.717948717948718,0.05128205128205128,0.02564102564102564,0.0,0.0,0.0,0.0,0.0,0.0,0.05128205128205128,0.0,0.0,0.0,0.0,0.0,0.0,0.0,0.0,0.0,0.0
550,0.0,0.0,0.0,0.027777777777777776,0.05555555555555555,0.0,0.0,0.0,0.0,0.0,0.0,0.0,0.0,0.0,0.0,0.027777777777777776,0.08333333333333333,0.0,0.0,0.0,0.027777777777777776,0.0,0.0,0.0,0.0,0.08333333333333333,0.0,0.0,0.0,0.0,0.0,0.027777777777777776,0.0,0.08333333333333333,0.0,0.0,0.0,0.0,0.0,0.0,0.0,0.0,0.5555555555555556,0.027777777777777776,0.0,0.0
551,0.0,0.0,0.0,0.0,0.024390243902439025,0.0,0.0,0.0,0.0,0.0,0.024390243902439025,0.0,0.0,0.0,0.024390243902439025,0.0,0.0,0.0,0.0,0.0,0.024390243902439025,0.024390243902439025,0.0,0.7073170731707317,0.0,0.0,0.0,0.07317073170731707,0.0,0.0,0.024390243902439025,0.0,0.0,0.024390243902439025,0.024390243902439025,0.0,0.0,0.0,0.0,0.0,0.0,0.0,0.024390243902439025,0.0,0.0,0.0
552,0.0,0.0,0.023255813953488372,0.023255813953488372,0.5116279069767442,0.023255813953488372,0.0,0.046511627906976744,0.023255813953488372,0.0,0.023255813953488372,0.0,0.023255813953488372,0.0,0.11627906976744186,0.0,0.0,0.023255813953488372,0.0,0.023255813953488372,0.0,0.0,0.0,0.023255813953488372,0.0,0.0,0.0,0.0,0.0,0.0,0.046511627906976744,0.023255813953488372,0.0,0.0,0.0,0.0,0.0,0.0,0.0,0.0,0.0,0.023255813953488372,0.0,0.023255813953488372,0.0,0.0
553,0.0,0.0,0.0,0.04878048780487805,0.0,0.0,0.0,0.0,0.0,0.3170731707317073,0.0,0.0,0.0,0.0,0.0,0.0,0.0,0.0,0.12195121951219512,0.024390243902439025,0.0,0.0,0.04878048780487805,0.0,0.0,0.0,0.024390243902439025,0.17073170731707318,0.0,0.0,0.21951219512195122,0.0,0.0,0.0,0.0,0.0,0.0,0.0,0.0,0.0,0.0,0.0,0.0,0.0,0.0,0.024390243902439025
554,0.0,0.0,0.05,0.05,0.0,0.15,0.0,0.0,0.0,0.0,0.0,0.05,0.0,0.0,0.0,0.025,0.0,0.0,0.0,0.075,0.0,0.0,0.0,0.0,0.0,0.0,0.0,0.0,0.025,0.0,0.0,0.025,0.15,0.0,0.0,0.0,0.0,0.0,0.0,0.0,0.0,0.0,0.175,0.2,0.025,0.0
555,0.0,0.0,0.021739130434782608,0.0,0.0,0.0,0.0,0.0,0.0,0.0,0.06521739130434782,0.0,0.0,0.043478260869565216,0.0,0.0,0.17391304347826086,0.043478260869565216,0.021739130434782608,0.0,0.2391304347826087,0.021739130434782608,0.0,0.043478260869565216,0.0,0.0,0.0,0.021739130434782608,0.0,0.13043478260869565,0.021739130434782608,0.021739130434782608,0.0,0.0,0.0,0.0,0.0,0.0,0.0,0.0,0.0,0.021739130434782608,0.021739130434782608,0.06521739130434782,0.0,0.021739130434782608
556,0.034482758620689655,0.0,0.10344827586206896,0.034482758620689655,0.20689655172413793,0.0,0.034482758620689655,0.06896551724137931,0.034482758620689655,0.13793103448275862,0.10344827586206896,0.034482758620689655,0.0,0.10344827586206896,0.034482758620689655,0.034482758620689655,0.0,0.0,0.0,0.0,0.0,0.0,0.0,0.0,0.0,0.0,0.034482758620689655,0.0,0.0,0.0,0.0,0.0,0.0,0.0,0.0,0.0,0.0,0.0,0.0,0.0,0.0,0.0,0.0,0.0,0.0,0.0
557,0.0,0.0,0.0,0.0,0.0,0.23333333333333334,0.0,0.0,0.0,0.0,0.13333333333333333,0.0,0.0,0.06666666666666667,0.03333333333333333,0.0,0.0,0.0,0.0,0.0,0.0,0.0,0.0,0.0,0.0,0.0,0.23333333333333334,0.0,0.0,0.0,0.0,0.1,0.03333333333333333,0.0,0.13333333333333333,0.0,0.0,0.0,0.0,0.0,0.0,0.0,0.0,0.0,0.03333333333333333,0.0
558,0.0,0.0,0.0,0.0,0.0,0.0,0.0,0.0,0.0,0.0,0.0,0.0,0.0,0.0,0.8214285714285714,0.17857142857142858,0.0,0.0,0.0,0.0,0.0,0.0,0.0,0.0,0.0,0.0,0.0,0.0,0.0,0.0,0.0,0.0,0.0,0.0,0.0,0.0,0.0,0.0,0.0,0.0,0.0,0.0,0.0,0.0,0.0,0.0
559,0.0,0.0,0.0,0.02702702702702703,0.0,0.0,0.02702702702702703,0.0,0.0,0.02702702702702703,0.0,0.0,0.0,0.0,0.0,0.7027027027027027,0.0,0.0,0.0,0.0,0.0,0.0,0.0,0.0,0.0,0.0,0.05405405405405406,0.0,0.0,0.0,0.0,0.08108108108108109,0.0,0.02702702702702703,0.02702702702702703,0.0,0.0,0.0,0.02702702702702703,0.0,0.0,0.0,0.0,0.0,0.0,0.0
560,0.014705882352941176,0.058823529411764705,0.029411764705882353,0.0,0.0,0.0,0.0,0.0,0.0,0.014705882352941176,0.029411764705882353,0.0,0.29411764705882354,0.058823529411764705,0.04411764705882353,0.014705882352941176,0.014705882352941176,0.0,0.0,0.014705882352941176,0.0,0.014705882352941176,0.058823529411764705,0.014705882352941176,0.07352941176470588,0.10294117647058823,0.014705882352941176,0.014705882352941176,0.029411764705882353,0.0,0.0,0.0,0.029411764705882353,0.029411764705882353,0.014705882352941176,0.0,0.0,0.0,0.0,0.0,0.0,0.0,0.014705882352941176,0.0,0.0,0.0
561,0.0,0.09803921568627451,0.0196078431372549,0.0,0.0196078431372549,0.058823529411764705,0.13725490196078433,0.13725490196078433,0.0,0.0,0.0,0.0196078431372549,0.0,0.21568627450980393,0.0196078431372549,0.0784313725490196,0.0392156862745098,0.0,0.0,0.0,0.0,0.0,0.0,0.0,0.0196078431372549,0.0,0.0,0.0,0.0,0.0,0.0,0.0196078431372549,0.0392156862745098,0.0,0.0,0.0,0.0,0.0,0.0,0.0,0.0,0.0196078431372549,0.0,0.0392156862745098,0.0196078431372549,0.0
562,0.0,0.018867924528301886,0.0,0.018867924528301886,0.018867924528301886,0.0,0.0,0.03773584905660377,0.0,0.0,0.03773584905660377,0.3584905660377358,0.018867924528301886,0.018867924528301886,0.018867924528301886,0.0,0.0,0.0,0.1320754716981132,0.03773584905660377,0.0,0.0,0.018867924528301886,0.018867924528301886,0.0,0.018867924528301886,0.0,0.0,0.018867924528301886,0.018867924528301886,0.0,0.0,0.0,0.018867924528301886,0.05660377358490566,0.07547169811320754,0.018867924528301886,0.0,0.0,0.0,0.0,0.0,0.018867924528301886,0.0,0.0,0.0
563,0.0,0.5434782608695652,0.0,0.0,0.021739130434782608,0.043478260869565216,0.0,0.0,0.15217391304347827,0.021739130434782608,0.0,0.0,0.021739130434782608,0.043478260869565216,0.021739130434782608,0.0,0.0,0.021739130434782608,0.0,0.0,0.0,0.0,0.021739130434782608,0.043478260869565216,0.0,0.0,0.021739130434782608,0.0,0.0,0.0,0.0,0.0,0.0,0.0,0.021739130434782608,0.0,0.0,0.0,0.0,0.0,0.0,0.0,0.0,0.0,0.0,0.0
564,0.0,0.0,0.0,0.0,0.0,0.0,0.6785714285714286,0.0,0.0,0.0,0.0,0.0,0.0,0.0,0.07142857142857142,0.25,0.0,0.0,0.0,0.0,0.0,0.0,0.0,0.0,0.0,0.0,0.0,0.0,0.0,0.0,0.0,0.0,0.0,0.0,0.0,0.0,0.0,0.0,0.0,0.0,0.0,0.0,0.0,0.0,0.0,0.0
565,0.0,0.0,0.0,0.0,0.0,0.027777777777777776,0.0,0.0,0.0,0.0,0.0,0.0,0.0,0.0,0.0,0.0,0.0,0.0,0.0,0.027777777777777776,0.0,0.027777777777777776,0.027777777777777776,0.0,0.027777777777777776,0.0,0.1111111111111111,0.0,0.16666666666666666,0.1111111111111111,0.16666666666666666,0.0,0.0,0.027777777777777776,0.027777777777777776,0.05555555555555555,0.0,0.08333333333333333,0.0,0.0,0.05555555555555555,0.027777777777777776,0.0,0.0,0.0,0.027777777777777776
566,0.01818181818181818,0.0,0.0,0.0,0.01818181818181818,0.01818181818181818,0.0,0.0,0.01818181818181818,0.0,0.0,0.0,0.0,0.0,0.0,0.0,0.03636363636363636,0.01818181818181818,0.0,0.0,0.0,0.0,0.0,0.01818181818181818,0.07272727272727272,0.01818181818181818,0.12727272727272726,0.0,0.0,0.0,0.0,0.3090909090909091,0.01818181818181818,0.0,0.09090909090909091,0.10909090909090909,0.0,0.0,0.0,0.0,0.0,0.0,0.03636363636363636,0.0,0.07272727272727272,0.0
567,0.0,0.0,0.025,0.0,0.0,0.575,0.0,0.025,0.0,0.0,0.0,0.0,0.0,0.0,0.025,0.025,0.025,0.025,0.0,0.0,0.15,0.0,0.025,0.05,0.0,0.0,0.0,0.0,0.0,0.0,0.0,0.0,0.0,0.025,0.025,0.0,0.0,0.0,0.0,0.0,0.0,0.0,0.0,0.0,0.0,0.0
568,0.0,0.021739130434782608,0.0,0.0,0.0,0.0,0.0,0.043478260869565216,0.021739130434782608,0.0,0.021739130434782608,0.021739130434782608,0.0,0.021739130434782608,0.021739130434782608,0.021739130434782608,0.0,0.021739130434782608,0.0,0.0,0.0,0.0,0.021739130434782608,0.0,0.0,0.021739130434782608,0.6304347826086957,0.0,0.021739130434782608,0.0,0.0,0.06521739130434782,0.0,0.021739130434782608,0.0,0.0,0.0,0.0,0.0,0.0,0.0,0.0,0.0,0.0,0.0,0.0
569,0.0,0.05405405405405406,0.05405405405405406,0.05405405405405406,0.02702702702702703,0.0,0.0,0.0,0.0,0.0,0.6216216216216216,0.0,0.0,0.0,0.0,0.0,0.0,0.0,0.02702702702702703,0.0,0.0,0.0,0.02702702702702703,0.02702702702702703,0.0,0.02702702702702703,0.02702702702702703,0.0,0.02702702702702703,0.0,0.0,0.02702702702702703,0.0,0.0,0.0,0.0,0.0,0.0,0.0,0.0,0.0,0.0,0.0,0.0,0.0,0.0
570,0.0,0.0,0.0,0.041666666666666664,0.0,0.0,0.2916666666666667,0.020833333333333332,0.0,0.020833333333333332,0.020833333333333332,0.0,0.0,0.0,0.14583333333333334,0.0,0.0625,0.0,0.0,0.08333333333333333,0.0,0.020833333333333332,0.0,0.041666666666666664,0.020833333333333332,0.0,0.041666666666666664,0.0,0.14583333333333334,0.0,0.0,0.020833333333333332,0.0,0.020833333333333332,0.0,0.0,0.0,0.0,0.0,0.0,0.0,0.0,0.0,0.0,0.0,0.0
571,0.0,0.0,0.02040816326530612,0.0,0.02040816326530612,0.02040816326530612,0.0,0.3877551020408163,0.0,0.0,0.04081632653061224,0.02040816326530612,0.0,0.04081632653061224,0.02040816326530612,0.0,0.0,0.04081632653061224,0.0,0.0,0.0,0.04081632653061224,0.08163265306122448,0.0,0.0,0.0,0.0,0.0,0.0,0.0,0.0,0.02040816326530612,0.02040816326530612,0.10204081632653061,0.04081632653061224,0.0,0.0,0.0,0.0,0.0,0.0,0.02040816326530612,0.02040816326530612,0.0,0.04081632653061224,0.0
572,0.0,0.0,0.0,0.0,0.0,0.0,0.0,0.0,0.0,0.0,0.0,0.0,0.0,0.0,0.03571428571428571,0.03571428571428571,0.0,0.0,0.0,0.0,0.0,0.0,0.0,0.0,0.0,0.0,0.0,0.9285714285714286,0.0,0.0,0.0,0.0,0.0,0.0,0.0,0.0,0.0,0.0,0.0,0.0,0.0,0.0,0.0,0.0,0.0,0.0
573,0.03333333333333333,0.0,0.0,0.0,0.0,0.0,0.0,0.0,0.0,0.0,0.5,0.0,0.0,0.0,0.4,0.0,0.03333333333333333,0.0,0.0,0.0,0.0,0.0,0.0,0.0,0.0,0.0,0.03333333333333333,0.0,0.0,0.0,0.0,0.0,0.0,0.0,0.0,0.0,0.0,0.0,0.0,0.0,0.0,0.0,0.0,0.0,0.0,0.0
574,0.0,0.0,0.0,0.0,0.0,0.0,0.03333333333333333,0.0,0.0,0.0,0.0,0.0,0.0,0.0,0.0,0.0,0.0,0.0,0.0,0.03333333333333333,0.0,0.03333333333333333,0.0,0.0,0.06666666666666667,0.0,0.0,0.0,0.0,0.03333333333333333,0.0,0.03333333333333333,0.06666666666666667,0.0,0.0,0.0,0.0,0.0,0.0,0.0,0.0,0.6333333333333333,0.0,0.03333333333333333,0.0,0.03333333333333333
575,0.016666666666666666,0.016666666666666666,0.016666666666666666,0.016666666666666666,0.0,0.03333333333333333,0.0,0.016666666666666666,0.03333333333333333,0.0,0.016666666666666666,0.0,0.0,0.26666666666666666,0.08333333333333333,0.0,0.0,0.03333333333333333,0.0,0.0,0.0,0.03333333333333333,0.05,0.0,0.0,0.03333333333333333,0.05,0.05,0.0,0.016666666666666666,0.016666666666666666,0.11666666666666667,0.0,0.06666666666666667,0.0,0.0,0.0,0.0,0.0,0.0,0.0,0.0,0.016666666666666666,0.0,0.0,0.0
576,0.0,0.0,0.02857142857142857,0.0,0.0,0.37142857142857144,0.0,0.0,0.3142857142857143,0.02857142857142857,0.02857142857142857,0.0,0.0,0.0,0.0,0.0,0.0,0.02857142857142857,0.0,0.0,0.0,0.05714285714285714,0.0,0.02857142857142857,0.02857142857142857,0.0,0.08571428571428572,0.0,0.0,0.0,0.0,0.0,0.0,0.0,0.0,0.0,0.0,0.0,0.0,0.0,0.0,0.0,0.0,0.0,0.0,0.0
577,0.0,0.022727272727272728,0.045454545454545456,0.022727272727272728,0.0,0.0,0.022727272727272728,0.0,0.022727272727272728,0.0,0.022727272727272728,0.022727272727272728,0.0,0.0,0.0,0.022727272727272728,0.0,0.5454545454545454,0.0,0.0,0.022727272727272728,0.022727272727272728,0.022727272727272728,0.0,0.022727272727272728,0.0,0.0,0.022727272727272728,0.0,0.0,0.0,0.0,0.0,0.045454545454545456,0.06818181818181818,0.022727272727272728,0.0,0.0,0.0,0.0,0.0,0.0,0.0,0.0,0.0,0.0
578,0.0,0.0,0.027777777777777776,0.0,0.0,0.05555555555555555,0.05555555555555555,0.0,0.0,0.0,0.0,0.0,0.0,0.027777777777777776,0.0,0.0,0.0,0.027777777777777776,0.027777777777777776,0.0,0.0,0.0,0.0,0.0,0.0,0.0,0.0,0.0,0.027777777777777776,0.0,0.0,0.0,0.027777777777777776,0.5555555555555556,0.027777777777777776,0.1111111111111111,0.0,0.0,0.0,0.0,0.027777777777777776,0.0,0.0,0.0,0.0,0.0
579,0.047619047619047616,0.015873015873015872,0.031746031746031744,0.0,0.0,0.0,0.0,0.0,0.015873015873015872,0.0,0.031746031746031744,0.031746031746031744,0.0,0.0,0.047619047619047616,0.0,0.031746031746031744,0.015873015873015872,0.015873015873015872,0.0,0.031746031746031744,0.0,0.015873015873015872,0.015873015873015872,0.0,0.015873015873015872,0.1111111111111111,0.0,0.031746031746031744,0.015873015873015872,0.2698412698412698,0.015873015873015872,0.0,0.015873015873015872,0.031746031746031744,0.015873015873015872,0.0,0.0,0.0,0.0,0.015873015873015872,0.09523809523809523,0.0,0.015873015873015872,0.0,0.0
580,0.0,0.0,0.03571428571428571,0.0,0.017857142857142856,0.0,0.0,0.017857142857142856,0.05357142857142857,0.0,0.03571428571428571,0.0,0.0,0.0,0.0,0.0,0.03571428571428571,0.017857142857142856,0.03571428571428571,0.42857142857142855,0.07142857142857142,0.017857142857142856,0.03571428571428571,0.0,0.0,0.0,0.0,0.017857142857142856,0.03571428571428571,0.0,0.0,0.017857142857142856,0.07142857142857142,0.0,0.0,0.017857142857142856,0.0,0.0,0.0,0.0,0.0,0.0,0.017857142857142856,0.0,0.0,0.017857142857142856
581,0.0,0.0,0.05128205128205128,0.02564102564102564,0.2564102564102564,0.0,0.0,0.0,0.0,0.1794871794871795,0.0,0.0,0.0,0.0,0.02564102564102564,0.07692307692307693,0.02564102564102564,0.02564102564102564,0.0,0.05128205128205128,0.0,0.0,0.0,0.0,0.0,0.0,0.0,0.0,0.1282051282051282,0.02564102564102564,0.0,0.0,0.1282051282051282,0.0,0.0,0.0,0.0,0.0,0.0,0.0,0.0,0.0,0.0,0.0,0.0,0.0
582,0.0,0.0,0.0,0.02040816326530612,0.04081632653061224,0.02040816326530612,0.0,0.02040816326530612,0.02040816326530612,0.02040816326530612,0.061224489795918366,0.0,0.0,0.02040816326530612,0.02040816326530612,0.0,0.04081632653061224,0.5510204081632653,0.02040816326530612,0.0,0.02040816326530612,0.02040816326530612,0.0,0.0,0.0,0.0,0.0,0.02040816326530612,0.04081632653061224,0.0,0.0,0.0,0.02040816326530612,0.0,0.0,0.0,0.0,0.0,0.0,0.0,0.0,0.0,0.02040816326530612,0.0,0.0,0.0
583,0.0,0.0,0.02127659574468085,0.0,0.0,0.0,0.48936170212765956,0.0,0.0,0.0,0.0,0.0,0.0,0.0425531914893617,0.0425531914893617,0.2553191489361702,0.0,0.02127659574468085,0.0,0.0,0.0,0.02127659574468085,0.0,0.0,0.0,0.0,0.02127659574468085,0.02127659574468085,0.0,0.0,0.02127659574468085,0.0,0.02127659574468085,0.0,0.02127659574468085,0.0,0.0,0.0,0.0,0.0,0.0,0.0,0.0,0.0,0.0,0.0
584,0.0,0.0,0.0,0.02857142857142857,0.0,0.0,0.0,0.0,0.0,0.0,0.0,0.0,0.14285714285714285,0.0,0.02857142857142857,0.02857142857142857,0.0,0.0,0.0,0.0,0.0,0.02857142857142857,0.5428571428571428,0.0,0.0,0.0,0.0,0.0,0.0,0.02857142857142857,0.0,0.08571428571428572,0.02857142857142857,0.0,0.02857142857142857,0.0,0.0,0.0,0.0,0.0,0.0,0.0,0.0,0.02857142857142857,0.0,0.0
585,0.014285714285714285,0.0,0.02857142857142857,0.0,0.02857142857142857,0.014285714285714285,0.0,0.02857142857142857,0.014285714285714285,0.0,0.0,0.0,0.0,0.014285714285714285,0.014285714285714285,0.0,0.04285714285714286,0.0,0.02857142857142857,0.014285714285714285,0.0,0.014285714285714285,0.08571428571428572,0.014285714285714285,0.0,0.0,0.5285714285714286,0.0,0.0,0.0,0.04285714285714286,0.0,0.014285714285714285,0.0,0.02857142857142857,0.0,0.0,0.0,0.0,0.0,0.0,0.014285714285714285,0.0,0.014285714285714285,0.0,0.0
586,0.0,0.0,0.0,0.015625,0.015625,0.03125,0.046875,0.015625,0.0,0.0,0.015625,0.0,0.0,0.046875,0.0,0.0,0.0,0.0,0.0,0.03125,0.015625,0.0,0.015625,0.0,0.015625,0.0,0.015625,0.0,0.15625,0.0,0.015625,0.390625,0.03125,0.09375,0.015625,0.0,0.0,0.0,0.0,0.0,0.0,0.0,0.015625,0.0,0.0,0.0
587,0.0,0.0,0.0,0.0,0.034482758620689655,0.0,0.0,0.0,0.0,0.0,0.0,0.0,0.0,0.0,0.0,0.0,0.0,0.0,0.0,0.0,0.034482758620689655,0.0,0.0,0.0,0.0,0.0,0.034482758620689655,0.0,0.0,0.0,0.0,0.0,0.896551724137931,0.0,0.0,0.0,0.0,0.0,0.0,0.0,0.0,0.0,0.0,0.0,0.0,0.0
588,0.0,0.0,0.0,0.0,0.03333333333333333,0.0,0.03333333333333333,0.0,0.0,0.0,0.03333333333333333,0.0,0.0,0.0,0.0,0.0,0.0,0.0,0.8333333333333334,0.0,0.0,0.0,0.0,0.0,0.0,0.0,0.03333333333333333,0.0,0.0,0.0,0.0,0.0,0.0,0.0,0.03333333333333333,0.0,0.0,0.0,0.0,0.0,0.0,0.0,0.0,0.0,0.0,0.0
589,0.0,0.0,0.0,0.0,0.0,0.8571428571428571,0.0,0.0,0.0,0.0,0.0,0.0,0.0,0.0,0.0,0.03571428571428571,0.03571428571428571,0.0,0.0,0.0,0.0,0.0,0.0,0.0,0.0,0.0,0.03571428571428571,0.03571428571428571,0.0,0.0,0.0,0.0,0.0,0.0,0.0,0.0,0.0,0.0,0.0,0.0,0.0,0.0,0.0,0.0,0.0,0.0
590,0.0,0.0,0.03333333333333333,0.0,0.0,0.0,0.0,0.0,0.0,0.0,0.0,0.03333333333333333,0.0,0.0,0.03333333333333333,0.0,0.0,0.0,0.0,0.0,0.0,0.0,0.0,0.8333333333333334,0.0,0.0,0.0,0.0,0.06666666666666667,0.0,0.0,0.0,0.0,0.0,0.0,0.0,0.0,0.0,0.0,0.0,0.0,0.0,0.0,0.0,0.0,0.0
591,0.0,0.017241379310344827,0.034482758620689655,0.017241379310344827,0.017241379310344827,0.017241379310344827,0.0,0.017241379310344827,0.0,0.5,0.0,0.0,0.0,0.05172413793103448,0.017241379310344827,0.05172413793103448,0.0,0.0,0.0,0.0,0.0,0.017241379310344827,0.0,0.0,0.034482758620689655,0.0,0.017241379310344827,0.017241379310344827,0.05172413793103448,0.0,0.017241379310344827,0.0,0.034482758620689655,0.0,0.05172413793103448,0.017241379310344827,0.0,0.0,0.0,0.0,0.0,0.0,0.0,0.0,0.0,0.0
592,0.0,0.0,0.04,0.0,0.0,0.0,0.02,0.02,0.0,0.0,0.02,0.02,0.02,0.0,0.56,0.04,0.0,0.08,0.0,0.0,0.0,0.0,0.02,0.02,0.0,0.0,0.0,0.02,0.0,0.0,0.0,0.02,0.0,0.02,0.0,0.0,0.0,0.0,0.0,0.0,0.0,0.0,0.0,0.02,0.0,0.06
593,0.0,0.38461538461538464,0.02564102564102564,0.0,0.0,0.0,0.02564102564102564,0.0,0.0,0.07692307692307693,0.0,0.0,0.0,0.0,0.1282051282051282,0.0,0.02564102564102564,0.10256410256410256,0.0,0.0,0.0,0.0,0.0,0.0,0.0,0.05128205128205128,0.07692307692307693,0.02564102564102564,0.0,0.0,0.0,0.0,0.0,0.05128205128205128,0.02564102564102564,0.0,0.0,0.0,0.0,0.0,0.0,0.0,0.0,0.0,0.0,0.0
594,0.024390243902439025,0.0,0.024390243902439025,0.024390243902439025,0.024390243902439025,0.0,0.0,0.0,0.0,0.04878048780487805,0.0,0.43902439024390244,0.0,0.0,0.0,0.024390243902439025,0.024390243902439025,0.0,0.0,0.04878048780487805,0.024390243902439025,0.0,0.024390243902439025,0.0,0.0,0.0,0.0,0.024390243902439025,0.0,0.17073170731707318,0.024390243902439025,0.024390243902439025,0.0,0.024390243902439025,0.0,0.0,0.0,0.0,0.0,0.0,0.0,0.0,0.0,0.0,0.0,0.0
595,0.0,0.0,0.027777777777777776,0.027777777777777776,0.0,0.0,0.1388888888888889,0.0,0.0,0.0,0.0,0.0,0.0,0.0,0.0,0.2222222222222222,0.0,0.0,0.0,0.0,0.0,0.3333333333333333,0.0,0.0,0.0,0.0,0.0,0.0,0.0,0.0,0.0,0.027777777777777776,0.0,0.0,0.2222222222222222,0.0,0.0,0.0,0.0,0.0,0.0,0.0,0.0,0.0,0.0,0.0
596,0.0,0.0,0.027777777777777776,0.0,0.05555555555555555,0.0,0.0,0.0,0.0,0.0,0.0,0.0,0.1111111111111111,0.0,0.0,0.0,0.0,0.027777777777777776,0.0,0.0,0.0,0.0,0.0,0.3055555555555556,0.19444444444444445,0.0,0.027777777777777776,0.0,0.027777777777777776,0.0,0.0,0.0,0.027777777777777776,0.0,0.027777777777777776,0.027777777777777776,0.0,0.0,0.0,0.0,0.0,0.0,0.027777777777777776,0.05555555555555555,0.05555555555555555,0.0
597,0.019230769230769232,0.038461538461538464,0.0,0.0,0.0,0.0,0.019230769230769232,0.0,0.0,0.038461538461538464,0.0,0.0,0.0,0.5,0.057692307692307696,0.0,0.019230769230769232,0.0,0.019230769230769232,0.038461538461538464,0.057692307692307696,0.038461538461538464,0.038461538461538464,0.0,0.019230769230769232,0.038461538461538464,0.0,0.0,0.0,0.0,0.0,0.019230769230769232,0.0,0.0,0.0,0.0,0.0,0.0,0.0,0.0,0.0,0.019230769230769232,0.0,0.0,0.019230769230769232,0.0
598,0.019867549668874173,0.09271523178807947,0.10596026490066225,0.0,0.013245033112582781,0.0,0.0,0.006622516556291391,0.0,0.0,0.006622516556291391,0.0,0.0,0.25165562913907286,0.10596026490066225,0.0,0.0,0.0,0.0,0.006622516556291391,0.006622516556291391,0.0,0.0,0.013245033112582781,0.013245033112582781,0.31788079470198677,0.013245033112582781,0.0,0.006622516556291391,0.0,0.0,0.0,0.0,0.0,0.019867549668874173,0.0,0.0,0.0,0.0,0.0,0.0,0.0,0.0,0.0,0.0,0.0
599,0.027777777777777776,0.027777777777777776,0.0,0.027777777777777776,0.027777777777777776,0.0,0.0,0.0,0.0,0.05555555555555555,0.0,0.027777777777777776,0.027777777777777776,0.0,0.0,0.0,0.0,0.0,0.0,0.0,0.027777777777777776,0.027777777777777776,0.0,0.0,0.08333333333333333,0.05555555555555555,0.0,0.0,0.0,0.0,0.0,0.5555555555555556,0.0,0.0,0.0,0.0,0.0,0.0,0.0,0.0,0.0,0.027777777777777776,0.0,0.0,0.0,0.0
600,0.018867924528301886,0.1509433962264151,0.22641509433962265,0.0,0.0,0.1509433962264151,0.0,0.0,0.0,0.0,0.0,0.0,0.018867924528301886,0.0,0.05660377358490566,0.0,0.0,0.0,0.0,0.07547169811320754,0.0,0.0,0.0,0.0,0.0,0.07547169811320754,0.03773584905660377,0.018867924528301886,0.03773584905660377,0.07547169811320754,0.0,0.03773584905660377,0.018867924528301886,0.0,0.0,0.0,0.0,0.0,0.0,0.0,0.0,0.0,0.0,0.0,0.0,0.0
601,0.0,0.0,0.0,0.0,0.8461538461538461,0.11538461538461539,0.0,0.0,0.0,0.0,0.0,0.0,0.0,0.0,0.0,0.0,0.0,0.0,0.0,0.0,0.0,0.0,0.0,0.0,0.0,0.0,0.0,0.0,0.0,0.0,0.0,0.0,0.038461538461538464,0.0,0.0,0.0,0.0,0.0,0.0,0.0,0.0,0.0,0.0,0.0,0.0,0.0
602,0.0,0.0,0.0,0.0,0.0,0.0,0.0,0.0,0.0,0.0,0.0,0.0,0.0,0.02631578947368421,0.02631578947368421,0.05263157894736842,0.0,0.0,0.0,0.0,0.7105263157894737,0.0,0.0,0.02631578947368421,0.0,0.02631578947368421,0.0,0.0,0.05263157894736842,0.0,0.0,0.02631578947368421,0.0,0.0,0.02631578947368421,0.0,0.0,0.0,0.0,0.0,0.0,0.02631578947368421,0.0,0.0,0.0,0.0
603,0.0,0.0,0.038461538461538464,0.0,0.0,0.0,0.0,0.0,0.0,0.0,0.0,0.0,0.0,0.038461538461538464,0.0,0.0,0.0,0.0,0.0,0.0,0.0,0.0,0.5384615384615384,0.15384615384615385,0.0,0.0,0.038461538461538464,0.0,0.0,0.0,0.0,0.0,0.0,0.038461538461538464,0.11538461538461539,0.038461538461538464,0.0,0.0,0.0,0.0,0.0,0.0,0.0,0.0,0.0,0.0
604,0.0,0.0,0.023809523809523808,0.0,0.023809523809523808,0.11904761904761904,0.0,0.0,0.0,0.0,0.0,0.2857142857142857,0.023809523809523808,0.0,0.023809523809523808,0.0,0.023809523809523808,0.0,0.047619047619047616,0.0,0.0,0.0,0.023809523809523808,0.0,0.2857142857142857,0.11904761904761904,0.0,0.0,0.0,0.0,0.0,0.0,0.0,0.0,0.0,0.0,0.0,0.0,0.0,0.0,0.0,0.0,0.0,0.0,0.0,0.0
605,0.0,0.09375,0.0,0.0,0.0,0.0,0.0,0.0,0.0,0.03125,0.03125,0.0,0.0,0.0,0.03125,0.0,0.5,0.0,0.0,0.0625,0.0,0.0,0.03125,0.0,0.0,0.0,0.03125,0.03125,0.125,0.0,0.0,0.03125,0.0,0.0,0.0,0.0,0.0,0.0,0.0,0.0,0.0,0.0,0.0,0.0,0.0,0.0
606,0.0,0.39285714285714285,0.0,0.0,0.0,0.0,0.0,0.0,0.0,0.0,0.0,0.0,0.0,0.0,0.0,0.0,0.0,0.0,0.0,0.0,0.0,0.0,0.0,0.0,0.0,0.0,0.0,0.0,0.0,0.0,0.0,0.0,0.0,0.6071428571428571,0.0,0.0,0.0,0.0,0.0,0.0,0.0,0.0,0.0,0.0,0.0,0.0
607,0.0,0.0,0.01818181818181818,0.01818181818181818,0.10909090909090909,0.0,0.01818181818181818,0.01818181818181818,0.0,0.05454545454545454,0.01818181818181818,0.0,0.01818181818181818,0.01818181818181818,0.0,0.0,0.05454545454545454,0.03636363636363636,0.0,0.01818181818181818,0.01818181818181818,0.0,0.0,0.01818181818181818,0.03636363636363636,0.01818181818181818,0.03636363636363636,0.0,0.0,0.03636363636363636,0.0,0.0,0.01818181818181818,0.05454545454545454,0.03636363636363636,0.01818181818181818,0.0,0.0,0.0,0.0,0.0,0.0,0.0,0.2545454545454545,0.01818181818181818,0.03636363636363636
608,0.0,0.1,0.06666666666666667,0.1,0.0,0.0,0.13333333333333333,0.2,0.0,0.0,0.0,0.0,0.0,0.0,0.16666666666666666,0.0,0.03333333333333333,0.0,0.0,0.0,0.0,0.0,0.03333333333333333,0.1,0.0,0.0,0.0,0.03333333333333333,0.0,0.0,0.0,0.0,0.03333333333333333,0.0,0.0,0.0,0.0,0.0,0.0,0.0,0.0,0.0,0.0,0.0,0.0,0.0
609,0.0,0.0,0.0,0.0,0.0,0.0,0.0,0.0,0.0,0.0,0.0,0.0,0.0,0.0,0.0,0.0,0.0,0.0,0.21212121212121213,0.0,0.0,0.0,0.0,0.030303030303030304,0.0,0.0,0.0,0.0,0.0,0.0,0.0,0.0,0.15151515151515152,0.09090909090909091,0.0,0.0,0.0,0.0,0.0,0.0,0.0,0.0,0.0,0.0,0.48484848484848486,0.030303030303030304
610,0.0,0.0,0.0,0.0,0.0,0.0,0.02631578947368421,0.0,0.0,0.0,0.02631578947368421,0.0,0.05263157894736842,0.02631578947368421,0.02631578947368421,0.0,0.0,0.0,0.02631578947368421,0.0,0.02631578947368421,0.0,0.0,0.02631578947368421,0.02631578947368421,0.0,0.0,0.6052631578947368,0.0,0.0,0.02631578947368421,0.0,0.0,0.05263157894736842,0.0,0.0,0.0,0.0,0.0,0.0,0.0,0.0,0.0,0.05263157894736842,0.0,0.0
611,0.0,0.03125,0.90625,0.0,0.0,0.0,0.0,0.0,0.0,0.0,0.0,0.0,0.0,0.0,0.0,0.0,0.0,0.0,0.0,0.0,0.0,0.03125,0.0,0.0,0.0,0.0,0.0,0.03125,0.0,0.0,0.0,0.0,0.0,0.0,0.0,0.0,0.0,0.0,0.0,0.0,0.0,0.0,0.0,0.0,0.0,0.0
612,0.0,0.0,0.0,0.0,0.0,0.023255813953488372,0.0,0.0,0.0,0.0,0.0,0.0,0.023255813953488372,0.0,0.023255813953488372,0.0,0.0,0.0,0.0,0.023255813953488372,0.0,0.0,0.0,0.813953488372093,0.0,0.0,0.023255813953488372,0.0,0.0,0.023255813953488372,0.0,0.0,0.0,0.0,0.023255813953488372,0.0,0.0,0.0,0.0,0.0,0.0,0.0,0.023255813953488372,0.0,0.0,0.0
613,0.0,0.0,0.0,0.0,0.0,0.0,0.0,0.0,0.0,0.0,0.0,1.0,0.0,0.0,0.0,0.0,0.0,0.0,0.0,0.0,0.0,0.0,0.0,0.0,0.0,0.0,0.0,0.0,0.0,0.0,0.0,0.0,0.0,0.0,0.0,0.0,0.0,0.0,0.0,0.0,0.0,0.0,0.0,0.0,0.0,0.0
614,0.0,0.0,0.03125,0.03125,0.0,0.0,0.0,0.03125,0.0,0.0,0.0,0.0,0.0,0.03125,0.0,0.0,0.0,0.0,0.0,0.0,0.0,0.0,0.0,0.0,0.0,0.0,0.0,0.0,0.8125,0.0,0.0,0.0,0.0,0.0,0.0,0.0,0.0,0.0,0.0,0.0,0.0,0.0,0.0,0.0,0.0625,0.0
615,0.0,0.0,0.05454545454545454,0.0,0.01818181818181818,0.0,0.0,0.0,0.05454545454545454,0.0,0.14545454545454545,0.0,0.0,0.0,0.0,0.09090909090909091,0.03636363636363636,0.0,0.01818181818181818,0.0,0.0,0.0,0.01818181818181818,0.01818181818181818,0.0,0.0,0.03636363636363636,0.23636363636363636,0.0,0.03636363636363636,0.0,0.0,0.0,0.03636363636363636,0.12727272727272726,0.05454545454545454,0.0,0.0,0.0,0.0,0.0,0.0,0.0,0.0,0.01818181818181818,0.0
616,0.0,0.0,0.0,0.0,0.0,0.0,0.0,0.0,0.0,0.0,0.0,0.0,0.0,0.0,0.0,0.0,0.025,0.05,0.025,0.025,0.0,0.0,0.05,0.575,0.15,0.0,0.0,0.0,0.0,0.0,0.0,0.0,0.0,0.025,0.025,0.05,0.0,0.0,0.0,0.0,0.0,0.0,0.0,0.0,0.0,0.0
617,0.0,0.0,0.0,0.02857142857142857,0.0,0.0,0.0,0.0,0.02857142857142857,0.0,0.0,0.02857142857142857,0.0,0.0,0.0,0.0,0.02857142857142857,0.0,0.0,0.0,0.11428571428571428,0.02857142857142857,0.0,0.0,0.0,0.02857142857142857,0.0,0.02857142857142857,0.0,0.0,0.0,0.6285714285714286,0.0,0.0,0.0,0.0,0.0,0.0,0.0,0.0,0.0,0.0,0.02857142857142857,0.0,0.02857142857142857,0.0
618,0.0,0.0,0.19444444444444445,0.05555555555555555,0.0,0.0,0.0,0.027777777777777776,0.0,0.027777777777777776,0.05555555555555555,0.0,0.0,0.0,0.0,0.0,0.0,0.027777777777777776,0.027777777777777776,0.0,0.0,0.16666666666666666,0.027777777777777776,0.027777777777777776,0.027777777777777776,0.027777777777777776,0.05555555555555555,0.0,0.027777777777777776,0.0,0.027777777777777776,0.0,0.027777777777777776,0.027777777777777776,0.0,0.027777777777777776,0.0,0.0,0.0,0.0,0.0,0.1111111111111111,0.0,0.0,0.0,0.0
619,0.010752688172043012,0.0,0.010752688172043012,0.0,0.0967741935483871,0.010752688172043012,0.0,0.0,0.0,0.06451612903225806,0.043010752688172046,0.0,0.010752688172043012,0.021505376344086023,0.4946236559139785,0.043010752688172046,0.010752688172043012,0.021505376344086023,0.021505376344086023,0.021505376344086023,0.021505376344086023,0.0,0.010752688172043012,0.021505376344086023,0.0,0.010752688172043012,0.0,0.0,0.0,0.0,0.010752688172043012,0.021505376344086023,0.0,0.0,0.010752688172043012,0.0,0.0,0.0,0.0,0.0,0.0,0.0,0.0,0.010752688172043012,0.0,0.0
620,0.0,0.0,0.0,0.0,0.0,0.0,0.0,0.0,0.0,0.0,0.125,0.03125,0.0,0.0,0.0,0.0,0.03125,0.0,0.0,0.0,0.0,0.0,0.0,0.0,0.0,0.0,0.0,0.0,0.0,0.0,0.0,0.0,0.03125,0.0,0.0,0.0,0.0,0.0,0.0,0.0,0.0,0.0,0.40625,0.375,0.0,0.0
621,0.0,0.0,0.029411764705882353,0.35294117647058826,0.0,0.0,0.11764705882352941,0.08823529411764706,0.0,0.0,0.0,0.0,0.029411764705882353,0.0,0.0,0.058823529411764705,0.029411764705882353,0.14705882352941177,0.0,0.0,0.0,0.0,0.0,0.0,0.0,0.029411764705882353,0.08823529411764706,0.0,0.0,0.0,0.0,0.0,0.029411764705882353,0.0,0.0,0.0,0.0,0.0,0.0,0.0,0.0,0.0,0.0,0.0,0.0,0.0
622,0.0,0.017543859649122806,0.0,0.017543859649122806,0.0,0.0,0.0,0.0,0.0,0.0,0.0,0.0,0.017543859649122806,0.0,0.0,0.0,0.0,0.0,0.0,0.0,0.0,0.0,0.0,0.017543859649122806,0.0,0.0,0.12280701754385964,0.0,0.0,0.017543859649122806,0.0,0.0,0.0,0.5263157894736842,0.0,0.0,0.0,0.0,0.0,0.0,0.12280701754385964,0.0,0.0,0.0,0.14035087719298245,0.0
623,0.0,0.0,0.21428571428571427,0.03571428571428571,0.0,0.0,0.0,0.07142857142857142,0.0,0.32142857142857145,0.0,0.0,0.0,0.03571428571428571,0.0,0.0,0.07142857142857142,0.0,0.0,0.0,0.0,0.0,0.03571428571428571,0.0,0.0,0.0,0.03571428571428571,0.0,0.03571428571428571,0.0,0.0,0.0,0.0,0.0,0.0,0.07142857142857142,0.03571428571428571,0.0,0.0,0.0,0.0,0.03571428571428571,0.0,0.0,0.0,0.0
624,0.0,0.0,0.0,0.0,0.0,0.0,0.05,0.0,0.05,0.025,0.025,0.0,0.05,0.0,0.0,0.05,0.025,0.0,0.025,0.525,0.0,0.0,0.025,0.025,0.0,0.05,0.025,0.0,0.05,0.0,0.0,0.0,0.0,0.0,0.0,0.0,0.0,0.0,0.0,0.0,0.0,0.0,0.0,0.0,0.0,0.0
625,0.02040816326530612,0.0,0.0,0.0,0.0,0.0,0.02040816326530612,0.02040816326530612,0.04081632653061224,0.0,0.04081632653061224,0.04081632653061224,0.0,0.02040816326530612,0.02040816326530612,0.0,0.0,0.0,0.0,0.02040816326530612,0.0,0.02040816326530612,0.04081632653061224,0.40816326530612246,0.02040816326530612,0.0,0.0,0.0,0.0,0.0,0.02040816326530612,0.08163265306122448,0.0,0.04081632653061224,0.0,0.02040816326530612,0.0,0.0,0.0,0.0,0.0,0.02040816326530612,0.02040816326530612,0.0,0.061224489795918366,0.0
626,0.0,0.025,0.0,0.0,0.05,0.0,0.05,0.0,0.0,0.0,0.0,0.0,0.0,0.025,0.025,0.05,0.025,0.05,0.0,0.0,0.3,0.025,0.0,0.1,0.025,0.025,0.0,0.0,0.0,0.025,0.025,0.0,0.0,0.025,0.05,0.025,0.0,0.0,0.0,0.0,0.0,0.0,0.0,0.0,0.0,0.075
627,0.0,0.0,0.02857142857142857,0.0,0.0,0.0,0.0,0.02857142857142857,0.0,0.02857142857142857,0.0,0.0,0.0,0.0,0.05714285714285714,0.0,0.0,0.4857142857142857,0.08571428571428572,0.0,0.0,0.0,0.0,0.02857142857142857,0.0,0.02857142857142857,0.0,0.02857142857142857,0.0,0.0,0.0,0.0,0.0,0.0,0.05714285714285714,0.0,0.0,0.0,0.0,0.0,0.08571428571428572,0.02857142857142857,0.0,0.02857142857142857,0.0,0.0
628,0.0,0.0,0.6388888888888888,0.027777777777777776,0.0,0.027777777777777776,0.0,0.0,0.0,0.0,0.027777777777777776,0.0,0.0,0.0,0.08333333333333333,0.0,0.05555555555555555,0.0,0.0,0.0,0.0,0.0,0.05555555555555555,0.027777777777777776,0.0,0.027777777777777776,0.0,0.0,0.0,0.0,0.0,0.0,0.027777777777777776,0.0,0.0,0.0,0.0,0.0,0.0,0.0,0.0,0.0,0.0,0.0,0.0,0.0
629,0.02857142857142857,0.11428571428571428,0.0,0.02857142857142857,0.0,0.0,0.0,0.0,0.0,0.0,0.0,0.0,0.0,0.02857142857142857,0.0,0.08571428571428572,0.02857142857142857,0.0,0.0,0.0,0.0,0.0,0.0,0.0,0.0,0.0,0.0,0.0,0.0,0.0,0.0,0.0,0.0,0.0,0.0,0.0,0.0,0.0,0.0,0.0,0.0,0.0,0.0,0.0,0.6857142857142857,0.0
630,0.4418604651162791,0.046511627906976744,0.023255813953488372,0.0,0.0,0.06976744186046512,0.0,0.0,0.046511627906976744,0.0,0.0,0.0,0.0,0.0,0.0,0.0,0.023255813953488372,0.0,0.0,0.0,0.0,0.0,0.0,0.23255813953488372,0.0,0.0,0.046511627906976744,0.023255813953488372,0.0,0.023255813953488372,0.0,0.023255813953488372,0.0,0.0,0.0,0.0,0.0,0.0,0.0,0.0,0.0,0.0,0.0,0.0,0.0,0.0
631,0.0,0.0,0.0,0.0,0.0,0.0,0.0,0.0,0.0,0.029411764705882353,0.029411764705882353,0.0,0.0,0.0,0.0,0.058823529411764705,0.0,0.0,0.0,0.0,0.0,0.058823529411764705,0.029411764705882353,0.0,0.0,0.029411764705882353,0.029411764705882353,0.0,0.0,0.0,0.0,0.0,0.029411764705882353,0.0,0.6764705882352942,0.0,0.0,0.0,0.0,0.0,0.0,0.029411764705882353,0.0,0.0,0.0,0.0
632,0.0,0.017857142857142856,0.0,0.0,0.0,0.0,0.0,0.0,0.0,0.017857142857142856,0.0,0.0,0.017857142857142856,0.017857142857142856,0.17857142857142858,0.125,0.017857142857142856,0.0,0.0,0.0,0.0,0.0,0.0,0.017857142857142856,0.0,0.03571428571428571,0.42857142857142855,0.0,0.017857142857142856,0.0,0.03571428571428571,0.0,0.0,0.017857142857142856,0.0,0.03571428571428571,0.0,0.0,0.0,0.0,0.0,0.0,0.017857142857142856,0.0,0.0,0.0
633,0.0,0.17777777777777778,0.0,0.0,0.022222222222222223,0.0,0.044444444444444446,0.0,0.0,0.0,0.4888888888888889,0.044444444444444446,0.0,0.0,0.0,0.022222222222222223,0.044444444444444446,0.022222222222222223,0.0,0.0,0.0,0.0,0.0,0.0,0.044444444444444446,0.0,0.044444444444444446,0.022222222222222223,0.022222222222222223,0.0,0.0,0.0,0.0,0.0,0.0,0.0,0.0,0.0,0.0,0.0,0.0,0.0,0.0,0.0,0.0,0.0
634,0.0,0.0,0.029411764705882353,0.0,0.0,0.17647058823529413,0.0,0.058823529411764705,0.0,0.0,0.0,0.058823529411764705,0.0,0.0,0.0,0.029411764705882353,0.0,0.058823529411764705,0.058823529411764705,0.0,0.0,0.11764705882352941,0.058823529411764705,0.058823529411764705,0.0,0.23529411764705882,0.0,0.0,0.0,0.0,0.0,0.0,0.0,0.0,0.0,0.029411764705882353,0.0,0.0,0.0,0.0,0.0,0.0,0.0,0.0,0.029411764705882353,0.0
635,0.0,0.08571428571428572,0.0,0.0,0.0,0.02857142857142857,0.02857142857142857,0.02857142857142857,0.0,0.02857142857142857,0.02857142857142857,0.0,0.0,0.02857142857142857,0.05714285714285714,0.02857142857142857,0.02857142857142857,0.02857142857142857,0.02857142857142857,0.02857142857142857,0.0,0.0,0.02857142857142857,0.0,0.11428571428571428,0.0,0.11428571428571428,0.05714285714285714,0.05714285714285714,0.0,0.02857142857142857,0.02857142857142857,0.0,0.08571428571428572,0.02857142857142857,0.0,0.0,0.0,0.0,0.0,0.0,0.0,0.0,0.0,0.0,0.0
636,0.0,0.0,0.12903225806451613,0.0967741935483871,0.0,0.0,0.12903225806451613,0.0,0.22580645161290322,0.0,0.0,0.0,0.0,0.0,0.0,0.0,0.0,0.03225806451612903,0.0,0.0,0.03225806451612903,0.0,0.0,0.03225806451612903,0.0,0.03225806451612903,0.12903225806451613,0.0,0.0,0.0,0.16129032258064516,0.0,0.0,0.0,0.0,0.0,0.0,0.0,0.0,0.0,0.0,0.0,0.0,0.0,0.0,0.0
637,0.0,0.02564102564102564,0.02564102564102564,0.0,0.02564102564102564,0.02564102564102564,0.0,0.1282051282051282,0.02564102564102564,0.05128205128205128,0.0,0.05128205128205128,0.02564102564102564,0.07692307692307693,0.07692307692307693,0.0,0.10256410256410256,0.05128205128205128,0.02564102564102564,0.10256410256410256,0.0,0.0,0.0,0.0,0.0,0.0,0.07692307692307693,0.0,0.02564102564102564,0.0,0.0,0.05128205128205128,0.0,0.0,0.0,0.0,0.0,0.0,0.0,0.0,0.0,0.0,0.0,0.02564102564102564,0.0,0.0
638,0.0,0.0,0.030303030303030304,0.30303030303030304,0.030303030303030304,0.0,0.030303030303030304,0.030303030303030304,0.0,0.0,0.0,0.0,0.0,0.0,0.0,0.0,0.0,0.0,0.0,0.06060606060606061,0.030303030303030304,0.0,0.0,0.030303030303030304,0.0,0.0,0.0,0.0,0.030303030303030304,0.030303030303030304,0.0,0.0,0.0,0.3333333333333333,0.0,0.0,0.0,0.0,0.0,0.0,0.0,0.0,0.06060606060606061,0.0,0.0,0.0
639,0.0,0.0,0.0,0.0,0.0,0.0,0.0,0.0,0.0,0.07317073170731707,0.0,0.0,0.04878048780487805,0.024390243902439025,0.024390243902439025,0.0,0.024390243902439025,0.0,0.0,0.024390243902439025,0.04878048780487805,0.0,0.024390243902439025,0.0,0.0,0.0,0.0,0.04878048780487805,0.0,0.0,0.0,0.024390243902439025,0.024390243902439025,0.5853658536585366,0.024390243902439025,0.0,0.0,0.0,0.0,0.0,0.0,0.0,0.0,0.0,0.0,0.0
640,0.0,0.0,0.044444444444444446,0.0,0.022222222222222223,0.0,0.044444444444444446,0.06666666666666667,0.022222222222222223,0.0,0.022222222222222223,0.0,0.0,0.0,0.0,0.022222222222222223,0.022222222222222223,0.0,0.0,0.0,0.0,0.0,0.0,0.5555555555555556,0.044444444444444446,0.022222222222222223,0.022222222222222223,0.0,0.0,0.022222222222222223,0.044444444444444446,0.022222222222222223,0.0,0.0,0.0,0.0,0.0,0.0,0.0,0.0,0.0,0.0,0.0,0.0,0.0,0.0
641,0.02631578947368421,0.0,0.0,0.02631578947368421,0.02631578947368421,0.0,0.0,0.0,0.0,0.0,0.0,0.0,0.0,0.0,0.0,0.0,0.02631578947368421,0.0,0.02631578947368421,0.0,0.0,0.0,0.02631578947368421,0.0,0.0,0.02631578947368421,0.0,0.0,0.0,0.0,0.0,0.0,0.0,0.02631578947368421,0.5263157894736842,0.10526315789473684,0.0,0.0,0.0,0.0,0.0,0.0,0.02631578947368421,0.05263157894736842,0.05263157894736842,0.02631578947368421
642,0.0,0.0,0.023809523809523808,0.0,0.23809523809523808,0.0,0.0,0.14285714285714285,0.0,0.023809523809523808,0.09523809523809523,0.023809523809523808,0.0,0.0,0.0,0.047619047619047616,0.16666666666666666,0.0,0.11904761904761904,0.023809523809523808,0.0,0.0,0.0,0.023809523809523808,0.0,0.023809523809523808,0.0,0.0,0.023809523809523808,0.023809523809523808,0.0,0.0,0.0,0.0,0.0,0.0,0.0,0.0,0.0,0.0,0.0,0.0,0.0,0.0,0.0,0.0
643,0.0,0.0,0.0,0.0,0.0,0.0,0.02857142857142857,0.08571428571428572,0.08571428571428572,0.02857142857142857,0.11428571428571428,0.0,0.02857142857142857,0.0,0.0,0.02857142857142857,0.0,0.2857142857142857,0.0,0.0,0.0,0.02857142857142857,0.02857142857142857,0.0,0.0,0.0,0.02857142857142857,0.02857142857142857,0.0,0.0,0.0,0.0,0.0,0.0,0.2,0.0,0.0,0.0,0.0,0.0,0.0,0.0,0.0,0.0,0.0,0.0
644,0.0,0.0,0.0,0.02040816326530612,0.0,0.0,0.02040816326530612,0.0,0.0,0.02040816326530612,0.5714285714285714,0.0,0.02040816326530612,0.02040816326530612,0.0,0.0,0.02040816326530612,0.0,0.02040816326530612,0.0,0.02040816326530612,0.02040816326530612,0.02040816326530612,0.0,0.0,0.12244897959183673,0.02040816326530612,0.02040816326530612,0.0,0.02040816326530612,0.02040816326530612,0.0,0.0,0.0,0.0,0.0,0.0,0.0,0.0,0.0,0.0,0.0,0.0,0.02040816326530612,0.0,0.0
645,0.09375,0.0,0.0,0.15625,0.0,0.0,0.0,0.0,0.125,0.0,0.0,0.0,0.03125,0.03125,0.09375,0.0,0.15625,0.0,0.0,0.0,0.0,0.0625,0.03125,0.0,0.0,0.0,0.0,0.0,0.03125,0.09375,0.0,0.0,0.0,0.0,0.0625,0.0,0.0,0.0,0.0,0.0,0.03125,0.0,0.0,0.0,0.0,0.0
646,0.03571428571428571,0.0,0.0,0.03571428571428571,0.0,0.0,0.4642857142857143,0.07142857142857142,0.0,0.0,0.0,0.07142857142857142,0.0,0.0,0.0,0.0,0.0,0.0,0.0,0.03571428571428571,0.03571428571428571,0.03571428571428571,0.0,0.0,0.03571428571428571,0.0,0.0,0.0,0.0,0.03571428571428571,0.0,0.0,0.0,0.14285714285714285,0.0,0.0,0.0,0.0,0.0,0.0,0.0,0.0,0.0,0.0,0.0,0.0
647,0.0,0.0,0.0,0.0,0.0,0.0,0.0,0.0,0.03333333333333333,0.0,0.0,0.03333333333333333,0.0,0.6666666666666666,0.03333333333333333,0.03333333333333333,0.0,0.0,0.0,0.0,0.0,0.0,0.0,0.1,0.0,0.0,0.0,0.0,0.0,0.0,0.0,0.0,0.0,0.0,0.03333333333333333,0.03333333333333333,0.0,0.0,0.0,0.0,0.0,0.0,0.0,0.0,0.03333333333333333,0.0
648,0.0,0.0,0.0,0.0,0.0,0.0,0.0,0.05405405405405406,0.0,0.0,0.0,0.02702702702702703,0.0,0.0,0.0,0.02702702702702703,0.8108108108108109,0.0,0.0,0.02702702702702703,0.0,0.0,0.0,0.0,0.0,0.0,0.0,0.0,0.02702702702702703,0.0,0.0,0.02702702702702703,0.0,0.0,0.0,0.0,0.0,0.0,0.0,0.0,0.0,0.0,0.0,0.0,0.0,0.0
649,0.0,0.0,0.0,0.0,0.024096385542168676,0.012048192771084338,0.04819277108433735,0.012048192771084338,0.024096385542168676,0.012048192771084338,0.0,0.0,0.03614457831325301,0.0,0.0,0.0,0.012048192771084338,0.012048192771084338,0.012048192771084338,0.08433734939759036,0.03614457831325301,0.03614457831325301,0.012048192771084338,0.0,0.012048192771084338,0.0,0.0,0.0,0.012048192771084338,0.0,0.0,0.1927710843373494,0.21686746987951808,0.024096385542168676,0.012048192771084338,0.03614457831325301,0.0,0.0,0.0,0.0,0.0,0.0,0.0,0.024096385542168676,0.060240963855421686,0.03614457831325301
650,0.0,0.0,0.0,0.0,0.0,0.0,0.024390243902439025,0.0,0.0,0.0,0.0,0.024390243902439025,0.0,0.0,0.024390243902439025,0.024390243902439025,0.0,0.0,0.0,0.024390243902439025,0.0,0.0,0.024390243902439025,0.0,0.04878048780487805,0.024390243902439025,0.0,0.0,0.0,0.0,0.0,0.0,0.024390243902439025,0.024390243902439025,0.024390243902439025,0.024390243902439025,0.0,0.0,0.0,0.0,0.0,0.0,0.6585365853658537,0.024390243902439025,0.0,0.0
651,0.0,0.0,0.05555555555555555,0.0,0.05555555555555555,0.0,0.0,0.0,0.0,0.0,0.027777777777777776,0.0,0.6666666666666666,0.0,0.027777777777777776,0.0,0.0,0.05555555555555555,0.0,0.0,0.0,0.0,0.0,0.0,0.0,0.0,0.0,0.0,0.027777777777777776,0.0,0.0,0.027777777777777776,0.0,0.027777777777777776,0.0,0.0,0.0,0.0,0.0,0.027777777777777776,0.0,0.0,0.0,0.0,0.0,0.0
652,0.0,0.038461538461538464,0.19230769230769232,0.038461538461538464,0.0,0.0,0.0,0.0,0.0,0.0,0.0,0.0,0.0,0.0,0.07692307692307693,0.038461538461538464,0.0,0.0,0.0,0.0,0.0,0.0,0.038461538461538464,0.038461538461538464,0.0,0.0,0.0,0.0,0.0,0.0,0.0,0.0,0.038461538461538464,0.3076923076923077,0.0,0.0,0.038461538461538464,0.0,0.0,0.0,0.0,0.0,0.0,0.0,0.15384615384615385,0.0
653,0.0,0.0,0.0,0.0,0.0,0.0,0.0,0.0,0.0,0.0,0.0,0.0,0.0,0.0,0.0,0.037037037037037035,0.0,0.0,0.0,0.037037037037037035,0.0,0.0,0.0,0.0,0.0,0.0,0.037037037037037035,0.0,0.0,0.0,0.0,0.0,0.0,0.037037037037037035,0.8518518518518519,0.0,0.0,0.0,0.0,0.0,0.0,0.0,0.0,0.0,0.0,0.0
654,0.0,0.0,0.03333333333333333,0.0,0.0,0.0,0.0,0.0,0.0,0.0,0.0,0.0,0.0,0.0,0.03333333333333333,0.03333333333333333,0.0,0.0,0.0,0.0,0.0,0.0,0.8333333333333334,0.0,0.0,0.0,0.0,0.0,0.0,0.03333333333333333,0.0,0.0,0.0,0.03333333333333333,0.0,0.0,0.0,0.0,0.0,0.0,0.0,0.0,0.0,0.0,0.0,0.0
655,0.0,0.0,0.0,0.0,0.0,0.0,0.0,0.0,0.0,0.0,0.0,0.0,0.0,0.0,0.0,0.0,0.0,0.038461538461538464,0.0,0.0,0.0,0.8846153846153846,0.038461538461538464,0.038461538461538464,0.0,0.0,0.0,0.0,0.0,0.0,0.0,0.0,0.0,0.0,0.0,0.0,0.0,0.0,0.0,0.0,0.0,0.0,0.0,0.0,0.0,0.0
656,0.0,0.0,0.0,0.02857142857142857,0.02857142857142857,0.0,0.0,0.0,0.0,0.0,0.0,0.0,0.0,0.0,0.0,0.0,0.0,0.0,0.0,0.02857142857142857,0.0,0.0,0.02857142857142857,0.0,0.05714285714285714,0.02857142857142857,0.0,0.0,0.02857142857142857,0.0,0.0,0.0,0.0,0.05714285714285714,0.0,0.6857142857142857,0.0,0.0,0.0,0.0,0.0,0.0,0.0,0.0,0.0,0.02857142857142857
657,0.02,0.0,0.06,0.04,0.0,0.0,0.02,0.32,0.0,0.02,0.0,0.06,0.0,0.0,0.02,0.0,0.02,0.04,0.12,0.02,0.06,0.0,0.02,0.02,0.0,0.0,0.0,0.0,0.0,0.0,0.0,0.0,0.04,0.08,0.0,0.0,0.0,0.0,0.0,0.0,0.0,0.0,0.0,0.0,0.02,0.0
658,0.0,0.0,0.0,0.03125,0.0,0.03125,0.0,0.0,0.0,0.0,0.0,0.0,0.0,0.0,0.65625,0.125,0.0,0.0,0.0,0.0,0.0,0.03125,0.0625,0.03125,0.0,0.03125,0.0,0.0,0.0,0.0,0.0,0.0,0.0,0.0,0.0,0.0,0.0,0.0,0.0,0.0,0.0,0.0,0.0,0.0,0.0,0.0
659,0.0,0.019230769230769232,0.0,0.057692307692307696,0.0,0.07692307692307693,0.11538461538461539,0.0,0.0,0.0,0.019230769230769232,0.0,0.0,0.0,0.019230769230769232,0.0,0.0,0.0,0.0,0.0,0.0,0.0,0.019230769230769232,0.15384615384615385,0.0,0.0,0.019230769230769232,0.0,0.019230769230769232,0.019230769230769232,0.0,0.0,0.0,0.0,0.46153846153846156,0.0,0.0,0.0,0.0,0.0,0.0,0.0,0.0,0.0,0.0,0.0
660,0.0,0.2727272727272727,0.0,0.030303030303030304,0.09090909090909091,0.0,0.0,0.06060606060606061,0.0,0.0,0.030303030303030304,0.0,0.0,0.0,0.0,0.030303030303030304,0.0,0.06060606060606061,0.030303030303030304,0.0,0.0,0.0,0.030303030303030304,0.2727272727272727,0.0,0.0,0.0,0.0,0.0,0.0,0.0,0.0,0.0,0.030303030303030304,0.030303030303030304,0.0,0.0,0.0,0.0,0.0,0.0,0.0,0.0,0.0,0.030303030303030304,0.0
661,0.0,0.0,0.0,0.0,0.0,0.023255813953488372,0.046511627906976744,0.0,0.0,0.06976744186046512,0.0,0.0,0.0,0.0,0.023255813953488372,0.0,0.023255813953488372,0.0,0.023255813953488372,0.0,0.0,0.5581395348837209,0.0,0.023255813953488372,0.0,0.0,0.0,0.023255813953488372,0.046511627906976744,0.0,0.0,0.0,0.023255813953488372,0.023255813953488372,0.0,0.0,0.0,0.0,0.0,0.023255813953488372,0.0,0.0,0.023255813953488372,0.023255813953488372,0.0,0.023255813953488372
662,0.0,0.0,0.0,0.06557377049180328,0.03278688524590164,0.0,0.01639344262295082,0.0,0.0,0.01639344262295082,0.0,0.0,0.0,0.0,0.0,0.0,0.04918032786885246,0.03278688524590164,0.03278688524590164,0.0,0.0,0.03278688524590164,0.0,0.01639344262295082,0.01639344262295082,0.0,0.04918032786885246,0.01639344262295082,0.03278688524590164,0.0,0.01639344262295082,0.0,0.04918032786885246,0.0,0.3114754098360656,0.04918032786885246,0.0,0.0,0.0,0.0,0.0,0.09836065573770492,0.0,0.03278688524590164,0.01639344262295082,0.01639344262295082
663,0.0,0.0,0.0,0.02702702702702703,0.0,0.0,0.0,0.02702702702702703,0.0,0.0,0.0,0.0,0.0,0.0,0.0,0.5405405405405406,0.13513513513513514,0.0,0.0,0.0,0.0,0.02702702702702703,0.0,0.0,0.02702702702702703,0.08108108108108109,0.0,0.0,0.05405405405405406,0.0,0.0,0.0,0.0,0.0,0.0,0.05405405405405406,0.0,0.0,0.0,0.0,0.0,0.02702702702702703,0.0,0.0,0.0,0.0
664,0.0,0.0,0.034482758620689655,0.0,0.0,0.0,0.1724137931034483,0.6206896551724138,0.0,0.0,0.0,0.034482758620689655,0.0,0.0,0.0,0.034482758620689655,0.0,0.0,0.034482758620689655,0.0,0.0,0.0,0.0,0.0,0.0,0.0,0.0,0.0,0.0,0.0,0.0,0.034482758620689655,0.0,0.0,0.034482758620689655,0.0,0.0,0.0,0.0,0.0,0.0,0.0,0.0,0.0,0.0,0.0
665,0.0,0.0,0.0,0.019230769230769232,0.0,0.0,0.15384615384615385,0.0,0.0,0.0,0.0,0.0,0.0,0.0,0.1346153846153846,0.0,0.019230769230769232,0.0,0.0,0.0,0.019230769230769232,0.038461538461538464,0.019230769230769232,0.36538461538461536,0.0,0.0,0.0,0.019230769230769232,0.0,0.019230769230769232,0.0,0.0,0.057692307692307696,0.019230769230769232,0.019230769230769232,0.0,0.0,0.0,0.0,0.0,0.0,0.07692307692307693,0.0,0.0,0.019230769230769232,0.0
666,0.0,0.0,0.0,0.0,0.0,0.0,0.0,0.06896551724137931,0.0,0.0,0.0,0.0,0.0,0.0,0.0,0.0,0.06896551724137931,0.0,0.0,0.13793103448275862,0.0,0.034482758620689655,0.0,0.0,0.0,0.034482758620689655,0.0,0.0,0.06896551724137931,0.20689655172413793,0.1724137931034483,0.0,0.06896551724137931,0.0,0.0,0.0,0.0,0.0,0.0,0.0,0.10344827586206896,0.0,0.034482758620689655,0.0,0.0,0.0
667,0.0,0.0,0.0,0.175,0.0,0.0,0.0,0.0,0.05,0.0,0.0,0.0,0.0,0.05,0.0,0.0,0.025,0.275,0.0,0.025,0.025,0.2,0.0,0.025,0.0,0.0,0.0,0.0,0.0,0.0,0.025,0.05,0.0,0.05,0.0,0.0,0.0,0.0,0.0,0.0,0.0,0.0,0.0,0.025,0.0,0.0
668,0.0,0.0,0.0,0.0,0.0,0.0,0.0,0.0,0.0,0.0,0.0,0.0,0.0,0.0,0.029411764705882353,0.029411764705882353,0.0,0.11764705882352941,0.0,0.029411764705882353,0.029411764705882353,0.11764705882352941,0.0,0.0,0.029411764705882353,0.0,0.0,0.0,0.029411764705882353,0.0,0.058823529411764705,0.0,0.17647058823529413,0.14705882352941177,0.058823529411764705,0.0,0.0,0.0,0.029411764705882353,0.0,0.0,0.0,0.0,0.029411764705882353,0.08823529411764706,0.0
669,0.0,0.0,0.0,0.0,0.0,0.0,0.0,0.0,0.0,0.0,0.0,0.0,0.0,0.0,0.0,0.034482758620689655,0.0,0.0,0.034482758620689655,0.0,0.0,0.034482758620689655,0.0,0.0,0.0,0.7586206896551724,0.0,0.034482758620689655,0.0,0.0,0.0,0.0,0.0,0.034482758620689655,0.0,0.0,0.0,0.0,0.0,0.0,0.034482758620689655,0.034482758620689655,0.0,0.0,0.0,0.0
670,0.0,0.0,0.0,0.0,0.0,0.0,0.0,0.0,0.0,0.0,0.0,0.0,0.0,0.0,0.0,0.0,0.0,0.0,0.0,0.0,0.0,0.0,0.0,0.0,0.0,0.0,0.0,0.0,0.0,0.0,0.0,0.0,0.0,0.0,0.0,0.0,0.0,0.0,0.0,0.0,0.0,0.0,0.0,0.0,0.0,1.0
671,0.0,0.0,0.02631578947368421,0.05263157894736842,0.02631578947368421,0.0,0.0,0.0,0.0,0.02631578947368421,0.0,0.0,0.0,0.0,0.0,0.0,0.07894736842105263,0.0,0.0,0.0,0.0,0.05263157894736842,0.0,0.0,0.0,0.0,0.6842105263157895,0.0,0.0,0.0,0.0,0.0,0.0,0.02631578947368421,0.02631578947368421,0.0,0.0,0.0,0.0,0.0,0.0,0.0,0.0,0.0,0.0,0.0
672,0.0,0.038461538461538464,0.0,0.019230769230769232,0.019230769230769232,0.038461538461538464,0.038461538461538464,0.019230769230769232,0.019230769230769232,0.0,0.4807692307692308,0.0,0.019230769230769232,0.0,0.0,0.019230769230769232,0.019230769230769232,0.0,0.0,0.038461538461538464,0.038461538461538464,0.0,0.0,0.0,0.0,0.019230769230769232,0.0,0.0,0.0,0.0,0.0,0.019230769230769232,0.038461538461538464,0.0,0.038461538461538464,0.019230769230769232,0.0,0.0,0.0,0.0,0.0,0.019230769230769232,0.0,0.0,0.019230769230769232,0.019230769230769232
673,0.0,0.4634146341463415,0.0,0.07317073170731707,0.024390243902439025,0.14634146341463414,0.0,0.04878048780487805,0.0,0.0,0.0,0.024390243902439025,0.0,0.0,0.024390243902439025,0.0,0.024390243902439025,0.0,0.024390243902439025,0.024390243902439025,0.0,0.0,0.024390243902439025,0.0,0.0,0.0,0.0,0.0,0.0,0.0,0.0,0.0,0.024390243902439025,0.04878048780487805,0.0,0.0,0.0,0.0,0.0,0.0,0.0,0.0,0.024390243902439025,0.0,0.0,0.0
674,0.0,0.0,0.0,0.037037037037037035,0.0,0.0,0.0,0.0,0.0,0.0,0.0,0.0,0.0,0.0,0.0,0.6296296296296297,0.0,0.0,0.0,0.0,0.0,0.0,0.037037037037037035,0.0,0.037037037037037035,0.0,0.0,0.0,0.0,0.0,0.0,0.0,0.037037037037037035,0.0,0.0,0.0,0.0,0.0,0.2222222222222222,0.0,0.0,0.0,0.0,0.0,0.0,0.0
675,0.0,0.0,0.02702702702702703,0.0,0.0,0.7027027027027027,0.0,0.0,0.0,0.05405405405405406,0.02702702702702703,0.02702702702702703,0.0,0.0,0.0,0.02702702702702703,0.0,0.02702702702702703,0.0,0.0,0.0,0.02702702702702703,0.02702702702702703,0.02702702702702703,0.0,0.0,0.0,0.0,0.0,0.0,0.02702702702702703,0.0,0.0,0.0,0.0,0.0,0.0,0.0,0.0,0.0,0.0,0.0,0.0,0.0,0.0,0.0
676,0.0,0.0,0.030303030303030304,0.0,0.0,0.0,0.030303030303030304,0.0,0.0,0.0,0.0,0.0,0.0,0.0,0.0,0.0,0.0,0.0,0.0,0.06060606060606061,0.030303030303030304,0.0,0.0,0.06060606060606061,0.0,0.030303030303030304,0.0,0.030303030303030304,0.030303030303030304,0.0,0.0,0.030303030303030304,0.06060606060606061,0.0,0.0,0.0,0.0,0.0,0.0,0.0,0.0,0.0,0.0,0.6060606060606061,0.0,0.0
677,0.0,0.0,0.0,0.0,0.0,0.0,0.0,0.0,0.0,0.0,0.0,0.0,0.0,0.0,0.0,0.0,0.0,0.0,0.0,0.0,0.0,0.0,0.0,0.038461538461538464,0.0,0.0,0.0,0.0,0.038461538461538464,0.0,0.5769230769230769,0.038461538461538464,0.038461538461538464,0.0,0.23076923076923078,0.038461538461538464,0.0,0.0,0.0,0.0,0.0,0.0,0.0,0.0,0.0,0.0
678,0.0,0.0,0.025,0.0125,0.025,0.0,0.0,0.025,0.025,0.0375,0.025,0.0,0.025,0.0125,0.0125,0.0125,0.075,0.025,0.0125,0.025,0.025,0.0,0.0,0.0375,0.0125,0.3875,0.0,0.0125,0.0,0.0,0.0125,0.0,0.0,0.0375,0.025,0.0125,0.0,0.0,0.0,0.0,0.0,0.0125,0.025,0.0,0.0125,0.0125
679,0.0,0.0,0.0,0.0,0.0,0.0,0.0,0.65625,0.0,0.03125,0.03125,0.0,0.0,0.0,0.0,0.0,0.03125,0.03125,0.0,0.0,0.03125,0.0,0.03125,0.0,0.0,0.0,0.0,0.0,0.09375,0.0,0.0,0.0,0.0,0.03125,0.03125,0.0,0.0,0.0,0.0,0.0,0.0,0.0,0.0,0.0,0.0,0.0
680,0.0,0.0,0.0,0.019230769230769232,0.038461538461538464,0.019230769230769232,0.0,0.0,0.0,0.0,0.0,0.0,0.038461538461538464,0.0,0.019230769230769232,0.0,0.0,0.019230769230769232,0.0,0.019230769230769232,0.0,0.057692307692307696,0.0,0.019230769230769232,0.019230769230769232,0.19230769230769232,0.07692307692307693,0.0,0.25,0.057692307692307696,0.019230769230769232,0.057692307692307696,0.019230769230769232,0.019230769230769232,0.0,0.0,0.0,0.0,0.0,0.0,0.0,0.0,0.0,0.0,0.0,0.038461538461538464
681,0.0,0.0,0.0,0.0,0.0,0.0,0.0,0.0,0.0,0.25,0.0,0.0,0.0,0.0,0.0,0.0,0.0,0.0,0.0,0.7083333333333334,0.0,0.0,0.0,0.0,0.0,0.0,0.0,0.0,0.0,0.0,0.0,0.0,0.0,0.041666666666666664,0.0,0.0,0.0,0.0,0.0,0.0,0.0,0.0,0.0,0.0,0.0,0.0
682,0.0,0.0,0.0,0.0,0.0,0.0,0.0,0.0,0.0,0.0,0.0,0.0,0.0,0.0,0.0,0.030303030303030304,0.0,0.0,0.0,0.0,0.0,0.09090909090909091,0.0,0.0,0.0,0.0,0.0,0.0,0.0,0.030303030303030304,0.0,0.6363636363636364,0.030303030303030304,0.12121212121212122,0.030303030303030304,0.0,0.0,0.0,0.0,0.0,0.0,0.0,0.030303030303030304,0.0,0.0,0.0
683,0.0,0.03125,0.0,0.0,0.0,0.0,0.03125,0.0,0.0,0.03125,0.0,0.0,0.0,0.03125,0.0,0.40625,0.0625,0.0,0.0,0.0,0.03125,0.0,0.0,0.03125,0.0,0.0,0.21875,0.09375,0.0,0.0,0.0,0.03125,0.0,0.0,0.0,0.0,0.0,0.0,0.0,0.0,0.0,0.0,0.0,0.0,0.0,0.0
684,0.0,0.0,0.0,0.8260869565217391,0.0,0.043478260869565216,0.0,0.0,0.0,0.0,0.0,0.0,0.0,0.0,0.043478260869565216,0.0,0.0,0.0,0.0,0.0,0.0,0.0,0.0,0.0,0.0,0.043478260869565216,0.0,0.0,0.0,0.043478260869565216,0.0,0.0,0.0,0.0,0.0,0.0,0.0,0.0,0.0,0.0,0.0,0.0,0.0,0.0,0.0,0.0
685,0.0,0.02564102564102564,0.02564102564102564,0.0,0.0,0.0,0.41025641025641024,0.05128205128205128,0.0,0.02564102564102564,0.0,0.0,0.05128205128205128,0.20512820512820512,0.0,0.0,0.02564102564102564,0.0,0.0,0.02564102564102564,0.02564102564102564,0.02564102564102564,0.0,0.05128205128205128,0.0,0.02564102564102564,0.0,0.0,0.0,0.0,0.0,0.0,0.0,0.02564102564102564,0.0,0.0,0.0,0.0,0.0,0.0,0.0,0.0,0.0,0.0,0.0,0.0
686,0.0,0.0,0.0,0.0,0.0,0.041666666666666664,0.0,0.0,0.0,0.0,0.0,0.0,0.0,0.0,0.0,0.0,0.0,0.0,0.041666666666666664,0.0,0.0,0.0,0.0,0.0,0.0,0.0,0.0,0.0,0.0,0.0,0.0,0.08333333333333333,0.7916666666666666,0.0,0.041666666666666664,0.0,0.0,0.0,0.0,0.0,0.0,0.0,0.0,0.0,0.0,0.0
687,0.0,0.0,0.0,0.0,0.029411764705882353,0.0,0.0,0.0,0.0,0.029411764705882353,0.0,0.0,0.029411764705882353,0.0,0.0,0.0,0.0,0.0,0.0,0.0,0.0,0.0,0.029411764705882353,0.029411764705882353,0.029411764705882353,0.0,0.0,0.08823529411764706,0.0,0.0,0.029411764705882353,0.0,0.0,0.0,0.14705882352941177,0.5,0.0,0.0,0.0,0.0,0.0,0.0,0.029411764705882353,0.0,0.029411764705882353,0.0
688,0.0,0.0,0.04,0.02,0.0,0.0,0.0,0.0,0.0,0.02,0.02,0.02,0.02,0.02,0.02,0.0,0.02,0.02,0.0,0.0,0.04,0.0,0.02,0.24,0.0,0.24,0.0,0.08,0.04,0.02,0.0,0.0,0.02,0.04,0.02,0.02,0.0,0.0,0.0,0.0,0.0,0.0,0.0,0.0,0.0,0.0
689,0.0,0.0,0.0,0.029411764705882353,0.0,0.0,0.0,0.0,0.0,0.0,0.6764705882352942,0.0,0.0,0.029411764705882353,0.0,0.0,0.0,0.0,0.0,0.0,0.0,0.0,0.08823529411764706,0.0,0.0,0.0,0.0,0.0,0.0,0.0,0.0,0.0,0.0,0.08823529411764706,0.058823529411764705,0.0,0.0,0.0,0.0,0.0,0.0,0.0,0.0,0.0,0.0,0.029411764705882353
690,0.0,0.0,0.0,0.0,0.0,0.0,0.0,0.0,0.0,0.0,0.0,0.0,0.0,0.0,0.0,0.024390243902439025,0.0,0.0,0.4878048780487805,0.34146341463414637,0.0,0.0,0.0,0.0,0.0,0.0,0.07317073170731707,0.0,0.0,0.0,0.07317073170731707,0.0,0.0,0.0,0.0,0.0,0.0,0.0,0.0,0.0,0.0,0.0,0.0,0.0,0.0,0.0
691,0.0,0.038461538461538464,0.038461538461538464,0.0,0.11538461538461539,0.0,0.3076923076923077,0.0,0.038461538461538464,0.07692307692307693,0.23076923076923078,0.0,0.038461538461538464,0.038461538461538464,0.07692307692307693,0.0,0.0,0.0,0.0,0.0,0.0,0.0,0.0,0.0,0.0,0.0,0.0,0.0,0.0,0.0,0.0,0.0,0.0,0.0,0.0,0.0,0.0,0.0,0.0,0.0,0.0,0.0,0.0,0.0,0.0,0.0
692,0.0,0.020833333333333332,0.0,0.020833333333333332,0.0,0.020833333333333332,0.0,0.0,0.020833333333333332,0.020833333333333332,0.5208333333333334,0.041666666666666664,0.0,0.020833333333333332,0.020833333333333332,0.0,0.0,0.0,0.0,0.0,0.0,0.020833333333333332,0.020833333333333332,0.020833333333333332,0.0,0.041666666666666664,0.020833333333333332,0.0,0.0,0.0,0.0,0.0,0.0,0.041666666666666664,0.0,0.020833333333333332,0.0,0.0,0.0,0.0,0.0,0.020833333333333332,0.041666666666666664,0.020833333333333332,0.0,0.020833333333333332
693,0.0,0.0,0.075,0.025,0.0,0.0,0.0,0.0,0.05,0.0,0.0,0.025,0.0,0.0,0.0,0.0,0.0,0.0,0.0,0.0,0.0,0.1,0.1,0.0,0.0,0.0,0.0,0.0,0.05,0.0,0.05,0.0,0.025,0.15,0.05,0.175,0.0,0.0,0.0,0.0,0.0,0.0,0.1,0.0,0.025,0.0
694,0.0,0.0,0.0,0.0,0.4482758620689655,0.1724137931034483,0.0,0.0,0.0,0.0,0.0,0.0,0.0,0.0,0.034482758620689655,0.10344827586206896,0.034482758620689655,0.0,0.0,0.034482758620689655,0.0,0.0,0.0,0.034482758620689655,0.0,0.0,0.034482758620689655,0.0,0.034482758620689655,0.0,0.0,0.0,0.034482758620689655,0.0,0.0,0.034482758620689655,0.0,0.0,0.0,0.0,0.0,0.0,0.0,0.0,0.0,0.0
695,0.0,0.0,0.0,0.0,0.0,0.12,0.0,0.0,0.0,0.0,0.0,0.0,0.0,0.0,0.0,0.0,0.0,0.2,0.0,0.0,0.0,0.0,0.04,0.0,0.0,0.0,0.36,0.0,0.0,0.0,0.0,0.0,0.0,0.04,0.16,0.08,0.0,0.0,0.0,0.0,0.0,0.0,0.0,0.0,0.0,0.0
696,0.0,0.02564102564102564,0.0,0.0,0.02564102564102564,0.0,0.0,0.02564102564102564,0.0,0.0,0.0,0.10256410256410256,0.0,0.02564102564102564,0.0,0.0,0.02564102564102564,0.0,0.02564102564102564,0.0,0.02564102564102564,0.0,0.0,0.0,0.0,0.0,0.0,0.0,0.0,0.02564102564102564,0.02564102564102564,0.0,0.0,0.05128205128205128,0.05128205128205128,0.02564102564102564,0.0,0.0,0.0,0.0,0.0,0.0,0.5128205128205128,0.02564102564102564,0.0,0.0
697,0.0,0.0,0.0,0.0,0.0,0.0,0.0,0.1346153846153846,0.019230769230769232,0.019230769230769232,0.019230769230769232,0.15384615384615385,0.0,0.0,0.0,0.0,0.0,0.0,0.019230769230769232,0.019230769230769232,0.057692307692307696,0.0,0.15384615384615385,0.0,0.09615384615384616,0.019230769230769232,0.019230769230769232,0.0,0.038461538461538464,0.019230769230769232,0.019230769230769232,0.0,0.019230769230769232,0.0,0.0,0.0,0.0,0.019230769230769232,0.0,0.0,0.0,0.0,0.0,0.07692307692307693,0.057692307692307696,0.019230769230769232
698,0.0,0.19148936170212766,0.40425531914893614,0.06382978723404255,0.0851063829787234,0.0,0.0,0.0,0.06382978723404255,0.0,0.06382978723404255,0.0,0.0,0.02127659574468085,0.02127659574468085,0.0,0.0,0.0,0.0,0.0,0.0,0.0,0.0,0.0,0.0,0.02127659574468085,0.0,0.0,0.02127659574468085,0.0,0.0,0.0,0.0,0.0425531914893617,0.0,0.0,0.0,0.0,0.0,0.0,0.0,0.0,0.0,0.0,0.0,0.0
699,0.0,0.0,0.0,0.03225806451612903,0.0,0.0,0.0,0.0,0.0967741935483871,0.0,0.0,0.0,0.0,0.03225806451612903,0.0,0.0,0.0,0.0,0.06451612903225806,0.03225806451612903,0.0,0.0,0.06451612903225806,0.41935483870967744,0.0,0.0,0.0,0.16129032258064516,0.06451612903225806,0.0,0.0,0.0,0.0,0.03225806451612903,0.0,0.0,0.0,0.0,0.0,0.0,0.0,0.0,0.0,0.0,0.0,0.0
700,0.0,0.0,0.023255813953488372,0.0,0.0,0.046511627906976744,0.023255813953488372,0.023255813953488372,0.023255813953488372,0.23255813953488372,0.046511627906976744,0.09302325581395349,0.0,0.0,0.0,0.023255813953488372,0.0,0.023255813953488372,0.11627906976744186,0.0,0.023255813953488372,0.0,0.023255813953488372,0.0,0.023255813953488372,0.09302325581395349,0.023255813953488372,0.09302325581395349,0.0,0.0,0.0,0.0,0.0,0.0,0.0,0.0,0.0,0.0,0.0,0.0,0.0,0.0,0.0,0.0,0.046511627906976744,0.0
701,0.0,0.16666666666666666,0.06666666666666667,0.0,0.0,0.0,0.0,0.0,0.03333333333333333,0.0,0.0,0.0,0.0,0.0,0.0,0.0,0.0,0.0,0.0,0.0,0.0,0.0,0.0,0.0,0.0,0.0,0.0,0.0,0.03333333333333333,0.0,0.0,0.0,0.06666666666666667,0.03333333333333333,0.0,0.0,0.0,0.0,0.0,0.0,0.0,0.03333333333333333,0.0,0.43333333333333335,0.13333333333333333,0.0
702,0.0,0.0,0.0,0.0,0.0,0.0,0.0,0.0,0.0,0.0,0.0,0.0,0.0,0.043478260869565216,0.0,0.0,0.0,0.0,0.0,0.021739130434782608,0.0,0.0,0.021739130434782608,0.0,0.021739130434782608,0.0,0.4782608695652174,0.0,0.021739130434782608,0.0,0.08695652173913043,0.08695652173913043,0.021739130434782608,0.0,0.0,0.043478260869565216,0.0,0.0,0.0,0.0,0.0,0.0,0.0,0.15217391304347827,0.0,0.0
703,0.0,0.4074074074074074,0.0,0.037037037037037035,0.037037037037037035,0.07407407407407407,0.0,0.037037037037037035,0.07407407407407407,0.1111111111111111,0.037037037037037035,0.14814814814814814,0.0,0.0,0.037037037037037035,0.0,0.0,0.0,0.0,0.0,0.0,0.0,0.0,0.0,0.0,0.0,0.0,0.0,0.0,0.0,0.0,0.0,0.0,0.0,0.0,0.0,0.0,0.0,0.0,0.0,0.0,0.0,0.0,0.0,0.0,0.0
704,0.0,0.0,0.021739130434782608,0.06521739130434782,0.043478260869565216,0.0,0.34782608695652173,0.043478260869565216,0.0,0.0,0.08695652173913043,0.0,0.0,0.0,0.0,0.0,0.0,0.0,0.021739130434782608,0.043478260869565216,0.0,0.08695652173913043,0.043478260869565216,0.021739130434782608,0.0,0.08695652173913043,0.043478260869565216,0.021739130434782608,0.0,0.0,0.0,0.0,0.0,0.0,0.0,0.0,0.0,0.0,0.0,0.0,0.0,0.0,0.0,0.021739130434782608,0.0,0.0
705,0.12121212121212122,0.0,0.0,0.0,0.0,0.030303030303030304,0.06060606060606061,0.030303030303030304,0.0,0.030303030303030304,0.12121212121212122,0.030303030303030304,0.0,0.0,0.030303030303030304,0.0,0.030303030303030304,0.0,0.0,0.0,0.0,0.030303030303030304,0.0,0.0,0.0,0.0,0.0,0.0,0.0,0.0,0.0,0.0,0.0,0.030303030303030304,0.0,0.030303030303030304,0.0,0.0,0.0,0.0,0.0,0.0,0.06060606060606061,0.15151515151515152,0.0,0.21212121212121213
706,0.0,0.0,0.0,0.038461538461538464,0.0,0.0,0.0,0.0,0.038461538461538464,0.2692307692307692,0.0,0.0,0.0,0.0,0.0,0.0,0.038461538461538464,0.0,0.07692307692307693,0.0,0.0,0.0,0.0,0.0,0.0,0.0,0.038461538461538464,0.0,0.0,0.0,0.38461538461538464,0.0,0.0,0.0,0.0,0.0,0.0,0.0,0.0,0.0,0.0,0.0,0.07692307692307693,0.038461538461538464,0.0,0.0
707,0.0,0.0,0.0,0.0,0.02631578947368421,0.05263157894736842,0.05263157894736842,0.0,0.02631578947368421,0.13157894736842105,0.02631578947368421,0.0,0.0,0.0,0.0,0.0,0.3684210526315789,0.02631578947368421,0.0,0.0,0.0,0.0,0.02631578947368421,0.0,0.0,0.0,0.05263157894736842,0.0,0.02631578947368421,0.0,0.07894736842105263,0.10526315789473684,0.0,0.0,0.0,0.0,0.0,0.0,0.0,0.0,0.0,0.0,0.0,0.0,0.0,0.0
708,0.0,0.06896551724137931,0.0,0.0,0.0,0.0,0.034482758620689655,0.0,0.0,0.0,0.034482758620689655,0.0,0.0,0.0,0.0,0.0,0.034482758620689655,0.0,0.0,0.0,0.0,0.0,0.034482758620689655,0.034482758620689655,0.0,0.0,0.0,0.0,0.034482758620689655,0.0,0.5862068965517241,0.0,0.0,0.0,0.10344827586206896,0.0,0.0,0.0,0.0,0.0,0.0,0.0,0.0,0.0,0.0,0.034482758620689655
709,0.0,0.0,0.0,0.0,0.03225806451612903,0.0967741935483871,0.0,0.5483870967741935,0.03225806451612903,0.06451612903225806,0.0967741935483871,0.03225806451612903,0.0,0.0,0.03225806451612903,0.0,0.0,0.0,0.0,0.0,0.0,0.0,0.03225806451612903,0.0,0.0,0.03225806451612903,0.0,0.0,0.0,0.0,0.0,0.0,0.0,0.0,0.0,0.0,0.0,0.0,0.0,0.0,0.0,0.0,0.0,0.0,0.0,0.0
710,0.0,0.0,0.0,0.08333333333333333,0.0,0.0,0.041666666666666664,0.0,0.0,0.0,0.0,0.0,0.0,0.0,0.0,0.0,0.0,0.0,0.0,0.0,0.0,0.0,0.041666666666666664,0.7083333333333334,0.0,0.0,0.0,0.041666666666666664,0.0,0.0,0.0,0.041666666666666664,0.0,0.0,0.0,0.041666666666666664,0.0,0.0,0.0,0.0,0.0,0.0,0.0,0.0,0.0,0.0
711,0.0,0.03225806451612903,0.03225806451612903,0.12903225806451613,0.0,0.0,0.0,0.0,0.0,0.6129032258064516,0.0,0.0,0.0,0.0,0.03225806451612903,0.03225806451612903,0.0,0.03225806451612903,0.0,0.0,0.0,0.0,0.0,0.0,0.0,0.0,0.0,0.0,0.0,0.06451612903225806,0.0,0.0,0.0,0.0,0.0,0.0,0.0,0.0,0.0,0.0,0.0,0.0,0.0,0.03225806451612903,0.0,0.0
712,0.0,0.0,0.0,0.0,0.0,0.05263157894736842,0.0,0.0,0.0,0.0,0.0,0.02631578947368421,0.0,0.02631578947368421,0.05263157894736842,0.0,0.05263157894736842,0.0,0.0,0.0,0.02631578947368421,0.0,0.02631578947368421,0.02631578947368421,0.0,0.0,0.0,0.0,0.13157894736842105,0.0,0.0,0.05263157894736842,0.02631578947368421,0.02631578947368421,0.0,0.02631578947368421,0.0,0.0,0.0,0.0,0.0,0.02631578947368421,0.10526315789473684,0.02631578947368421,0.2894736842105263,0.0
713,0.0,0.044444444444444446,0.0,0.022222222222222223,0.6,0.0,0.0,0.0,0.0,0.044444444444444446,0.15555555555555556,0.0,0.0,0.044444444444444446,0.0,0.0,0.0,0.0,0.0,0.022222222222222223,0.022222222222222223,0.0,0.022222222222222223,0.0,0.0,0.0,0.0,0.0,0.0,0.022222222222222223,0.0,0.0,0.0,0.0,0.0,0.0,0.0,0.0,0.0,0.0,0.0,0.0,0.0,0.0,0.0,0.0
714,0.0,0.0,0.0,0.0,0.0,0.0,0.0,0.0,0.0,0.6875,0.125,0.0,0.0,0.0,0.0,0.0,0.0,0.0,0.0,0.0625,0.0,0.03125,0.03125,0.0,0.0,0.0,0.0,0.0,0.0,0.0,0.0,0.0,0.0,0.03125,0.03125,0.0,0.0,0.0,0.0,0.0,0.0,0.0,0.0,0.0,0.0,0.0
715,0.0,0.0,0.15384615384615385,0.0,0.0,0.02564102564102564,0.0,0.02564102564102564,0.0,0.02564102564102564,0.02564102564102564,0.0,0.02564102564102564,0.0,0.05128205128205128,0.0,0.0,0.0,0.0,0.05128205128205128,0.02564102564102564,0.02564102564102564,0.10256410256410256,0.0,0.0,0.0,0.02564102564102564,0.02564102564102564,0.23076923076923078,0.0,0.0,0.0,0.07692307692307693,0.0,0.07692307692307693,0.0,0.0,0.0,0.0,0.0,0.0,0.0,0.02564102564102564,0.0,0.0,0.0
716,0.023809523809523808,0.0,0.0,0.0,0.023809523809523808,0.023809523809523808,0.047619047619047616,0.0,0.0,0.0,0.0,0.0,0.047619047619047616,0.0,0.023809523809523808,0.0,0.023809523809523808,0.0,0.47619047619047616,0.07142857142857142,0.0,0.023809523809523808,0.023809523809523808,0.0,0.0,0.047619047619047616,0.023809523809523808,0.047619047619047616,0.0,0.023809523809523808,0.0,0.0,0.0,0.0,0.023809523809523808,0.0,0.0,0.0,0.0,0.0,0.0,0.0,0.0,0.0,0.023809523809523808,0.0
717,0.0,0.0,0.3076923076923077,0.0,0.0,0.0,0.0,0.0,0.0,0.0,0.5384615384615384,0.0,0.0,0.0,0.0,0.0,0.038461538461538464,0.038461538461538464,0.0,0.0,0.0,0.0,0.0,0.0,0.0,0.0,0.038461538461538464,0.0,0.0,0.0,0.0,0.0,0.0,0.0,0.0,0.0,0.0,0.0,0.0,0.0,0.0,0.0,0.038461538461538464,0.0,0.0,0.0
718,0.0,0.03125,0.0,0.0,0.0,0.0625,0.0,0.0,0.0,0.0,0.0,0.0,0.0,0.0,0.0,0.0,0.03125,0.03125,0.0,0.0,0.25,0.4375,0.03125,0.03125,0.03125,0.03125,0.0,0.0,0.0,0.0,0.0,0.03125,0.0,0.0,0.0,0.0,0.0,0.0,0.0,0.0,0.0,0.0,0.0,0.0,0.0,0.0
719,0.02857142857142857,0.05714285714285714,0.0,0.02857142857142857,0.0,0.0,0.02857142857142857,0.0,0.0,0.0,0.0,0.02857142857142857,0.0,0.0,0.02857142857142857,0.0,0.02857142857142857,0.02857142857142857,0.0,0.0,0.0,0.0,0.0,0.02857142857142857,0.0,0.0,0.0,0.02857142857142857,0.0,0.05714285714285714,0.0,0.0,0.02857142857142857,0.02857142857142857,0.0,0.0,0.0,0.0,0.0,0.0,0.0,0.0,0.5428571428571428,0.02857142857142857,0.0,0.0
720,0.0,0.0,0.0967741935483871,0.03225806451612903,0.0,0.0,0.03225806451612903,0.0,0.0,0.03225806451612903,0.0,0.0,0.0,0.0,0.0,0.6774193548387096,0.0,0.0,0.03225806451612903,0.0,0.0,0.0,0.0,0.0,0.0,0.0,0.0,0.0,0.03225806451612903,0.0,0.0,0.03225806451612903,0.0,0.0,0.03225806451612903,0.0,0.0,0.0,0.0,0.0,0.0,0.0,0.0,0.0,0.0,0.0
721,0.0,0.03225806451612903,0.0,0.0,0.03225806451612903,0.0,0.0,0.03225806451612903,0.0,0.0,0.0,0.03225806451612903,0.0,0.06451612903225806,0.16129032258064516,0.03225806451612903,0.03225806451612903,0.0,0.06451612903225806,0.06451612903225806,0.0,0.0,0.03225806451612903,0.0,0.0,0.03225806451612903,0.0,0.0,0.0,0.1935483870967742,0.0,0.0,0.0,0.0,0.03225806451612903,0.0,0.0,0.0,0.0,0.0,0.0,0.16129032258064516,0.0,0.0,0.0,0.0
722,0.0,0.0,0.0,0.0,0.0,0.02127659574468085,0.0,0.02127659574468085,0.0,0.0,0.0,0.0,0.0,0.0,0.6808510638297872,0.02127659574468085,0.0,0.02127659574468085,0.02127659574468085,0.0425531914893617,0.0,0.0,0.0,0.0,0.0,0.0,0.02127659574468085,0.0,0.0,0.0425531914893617,0.02127659574468085,0.0425531914893617,0.02127659574468085,0.0,0.02127659574468085,0.0,0.0,0.0,0.0,0.0,0.0,0.0,0.0,0.0,0.0,0.0
723,0.0,0.0,0.01694915254237288,0.01694915254237288,0.0,0.11864406779661017,0.0,0.0,0.01694915254237288,0.03389830508474576,0.05084745762711865,0.0,0.0,0.0,0.0,0.01694915254237288,0.0,0.0,0.01694915254237288,0.01694915254237288,0.03389830508474576,0.01694915254237288,0.05084745762711865,0.0,0.0847457627118644,0.01694915254237288,0.05084745762711865,0.0,0.01694915254237288,0.0,0.0,0.01694915254237288,0.01694915254237288,0.0,0.01694915254237288,0.0,0.0,0.0,0.0,0.0,0.0,0.0,0.3050847457627119,0.05084745762711865,0.0,0.01694915254237288
724,0.0,0.0,0.023255813953488372,0.0,0.0,0.023255813953488372,0.0,0.0,0.0,0.023255813953488372,0.0,0.023255813953488372,0.023255813953488372,0.18604651162790697,0.27906976744186046,0.046511627906976744,0.0,0.046511627906976744,0.023255813953488372,0.0,0.0,0.023255813953488372,0.023255813953488372,0.023255813953488372,0.06976744186046512,0.0,0.023255813953488372,0.0,0.046511627906976744,0.0,0.023255813953488372,0.0,0.0,0.046511627906976744,0.0,0.0,0.0,0.0,0.0,0.0,0.0,0.0,0.0,0.023255813953488372,0.0,0.0
725,0.02564102564102564,0.0,0.0,0.0,0.0,0.0,0.0,0.0,0.02564102564102564,0.0,0.02564102564102564,0.0,0.0,0.0,0.0,0.02564102564102564,0.0,0.02564102564102564,0.0,0.0,0.02564102564102564,0.0,0.02564102564102564,0.1282051282051282,0.0,0.0,0.0,0.0,0.0,0.0,0.0,0.02564102564102564,0.5897435897435898,0.05128205128205128,0.0,0.0,0.0,0.0,0.0,0.0,0.0,0.0,0.02564102564102564,0.0,0.0,0.0
726,0.045454545454545456,0.0,0.0,0.0,0.09090909090909091,0.09090909090909091,0.18181818181818182,0.0,0.0,0.0,0.22727272727272727,0.09090909090909091,0.0,0.0,0.0,0.2727272727272727,0.0,0.0,0.0,0.0,0.0,0.0,0.0,0.0,0.0,0.0,0.0,0.0,0.0,0.0,0.0,0.0,0.0,0.0,0.0,0.0,0.0,0.0,0.0,0.0,0.0,0.0,0.0,0.0,0.0,0.0
727,0.0,0.017857142857142856,0.0,0.0,0.0,0.0,0.0,0.0,0.0,0.0,0.0,0.017857142857142856,0.0,0.0,0.0,0.0,0.0,0.0,0.0,0.0,0.0,0.0,0.017857142857142856,0.0,0.0,0.0,0.017857142857142856,0.017857142857142856,0.0,0.0,0.0,0.0,0.017857142857142856,0.05357142857142857,0.8214285714285714,0.017857142857142856,0.0,0.0,0.0,0.0,0.0,0.0,0.0,0.0,0.0,0.0
728,0.0,0.0,0.0,0.030303030303030304,0.0,0.0,0.0,0.030303030303030304,0.0,0.0,0.0,0.030303030303030304,0.0,0.0,0.0,0.0,0.030303030303030304,0.0,0.030303030303030304,0.06060606060606061,0.030303030303030304,0.030303030303030304,0.21212121212121213,0.0,0.0,0.0,0.0,0.0,0.0,0.0,0.0,0.030303030303030304,0.0,0.0,0.42424242424242425,0.0,0.0,0.0,0.0,0.0,0.0,0.0,0.0,0.0,0.030303030303030304,0.030303030303030304
729,0.15254237288135594,0.01694915254237288,0.0847457627118644,0.0,0.0,0.0,0.0,0.01694915254237288,0.01694915254237288,0.01694915254237288,0.0,0.0,0.0,0.03389830508474576,0.05084745762711865,0.03389830508474576,0.01694915254237288,0.0,0.01694915254237288,0.0,0.0,0.0,0.0,0.01694915254237288,0.0,0.3728813559322034,0.01694915254237288,0.01694915254237288,0.0,0.01694915254237288,0.0,0.03389830508474576,0.01694915254237288,0.0,0.0,0.01694915254237288,0.0,0.0,0.0,0.0,0.0,0.0,0.0,0.01694915254237288,0.0,0.01694915254237288
730,0.0,0.0,0.0,0.038461538461538464,0.0,0.0,0.0,0.0,0.0,0.0,0.0,0.0,0.0,0.0,0.0,0.6923076923076923,0.07692307692307693,0.038461538461538464,0.07692307692307693,0.0,0.0,0.0,0.0,0.0,0.0,0.0,0.0,0.0,0.0,0.0,0.038461538461538464,0.0,0.0,0.038461538461538464,0.0,0.0,0.0,0.0,0.0,0.0,0.0,0.0,0.0,0.0,0.0,0.0
731,0.0,0.08333333333333333,0.0,0.0,0.0,0.0,0.0,0.027777777777777776,0.0,0.0,0.027777777777777776,0.0,0.0,0.027777777777777776,0.0,0.08333333333333333,0.05555555555555555,0.05555555555555555,0.0,0.0,0.027777777777777776,0.0,0.05555555555555555,0.19444444444444445,0.027777777777777776,0.027777777777777776,0.027777777777777776,0.0,0.08333333333333333,0.05555555555555555,0.0,0.0,0.1111111111111111,0.0,0.0,0.0,0.0,0.0,0.0,0.0,0.0,0.0,0.027777777777777776,0.0,0.0,0.0
732,0.0,0.05,0.0,0.05,0.0,0.0,0.0,0.0,0.05,0.0,0.0,0.025,0.0,0.0,0.0,0.0,0.025,0.025,0.0,0.0,0.0,0.0,0.0,0.025,0.0,0.075,0.475,0.0,0.0,0.0,0.025,0.025,0.1,0.0,0.025,0.025,0.0,0.0,0.0,0.0,0.0,0.0,0.0,0.0,0.0,0.0
733,0.0,0.03333333333333333,0.0,0.0,0.03333333333333333,0.0,0.0,0.0,0.0,0.0,0.0,0.0,0.0,0.0,0.03333333333333333,0.03333333333333333,0.16666666666666666,0.0,0.0,0.0,0.0,0.0,0.0,0.03333333333333333,0.0,0.0,0.03333333333333333,0.0,0.0,0.6,0.03333333333333333,0.0,0.0,0.0,0.0,0.0,0.0,0.0,0.0,0.0,0.0,0.0,0.0,0.0,0.0,0.0
734,0.0,0.0,0.0,0.9047619047619048,0.0,0.0,0.0,0.047619047619047616,0.0,0.0,0.0,0.0,0.0,0.0,0.0,0.0,0.0,0.0,0.0,0.0,0.0,0.0,0.0,0.0,0.0,0.0,0.047619047619047616,0.0,0.0,0.0,0.0,0.0,0.0,0.0,0.0,0.0,0.0,0.0,0.0,0.0,0.0,0.0,0.0,0.0,0.0,0.0
735,0.0,0.03225806451612903,0.03225806451612903,0.0,0.22580645161290322,0.06451612903225806,0.0,0.0,0.0,0.16129032258064516,0.06451612903225806,0.0,0.0,0.0,0.0967741935483871,0.0,0.03225806451612903,0.0,0.0,0.03225806451612903,0.0,0.0,0.0,0.06451612903225806,0.0,0.03225806451612903,0.06451612903225806,0.0,0.0,0.0,0.06451612903225806,0.03225806451612903,0.0,0.0,0.0,0.0,0.0,0.0,0.0,0.0,0.0,0.0,0.0,0.0,0.0,0.0
736,0.0,0.0,0.0,0.0,0.0,0.0,0.0,0.0,0.0,0.0,0.0,0.0,0.0,0.0,0.0,0.0,0.0,0.0,0.0,0.0,0.0,0.9545454545454546,0.0,0.0,0.0,0.0,0.0,0.0,0.0,0.0,0.0,0.045454545454545456,0.0,0.0,0.0,0.0,0.0,0.0,0.0,0.0,0.0,0.0,0.0,0.0,0.0,0.0
737,0.0,0.0,0.0,0.03125,0.125,0.15625,0.0,0.0,0.0,0.0,0.0,0.0,0.0,0.03125,0.1875,0.0,0.0,0.0,0.0,0.0,0.0,0.0,0.0,0.0,0.0,0.0,0.03125,0.0,0.03125,0.3125,0.0,0.0,0.0,0.03125,0.0,0.0,0.0,0.0,0.0,0.0,0.0,0.0,0.0,0.03125,0.03125,0.0
738,0.0,0.029411764705882353,0.029411764705882353,0.058823529411764705,0.0,0.0,0.0,0.5882352941176471,0.0,0.0,0.0,0.0,0.0,0.0,0.0,0.029411764705882353,0.0,0.029411764705882353,0.0,0.029411764705882353,0.0,0.0,0.029411764705882353,0.0,0.0,0.0,0.0,0.0,0.058823529411764705,0.0,0.0,0.029411764705882353,0.0,0.029411764705882353,0.0,0.0,0.0,0.0,0.0,0.0,0.0,0.0,0.058823529411764705,0.0,0.0,0.0
739,0.06896551724137931,0.0,0.034482758620689655,0.0,0.0,0.034482758620689655,0.0,0.0,0.0,0.13793103448275862,0.034482758620689655,0.034482758620689655,0.0,0.0,0.10344827586206896,0.034482758620689655,0.0,0.10344827586206896,0.06896551724137931,0.0,0.034482758620689655,0.034482758620689655,0.0,0.0,0.034482758620689655,0.0,0.06896551724137931,0.0,0.0,0.0,0.0,0.06896551724137931,0.0,0.0,0.06896551724137931,0.0,0.0,0.0,0.0,0.0,0.0,0.0,0.0,0.0,0.0,0.034482758620689655
740,0.0,0.0,0.0,0.0,0.0,0.02857142857142857,0.02857142857142857,0.0,0.0,0.0,0.02857142857142857,0.0,0.0,0.02857142857142857,0.02857142857142857,0.02857142857142857,0.0,0.0,0.05714285714285714,0.0,0.0,0.05714285714285714,0.02857142857142857,0.6,0.0,0.02857142857142857,0.02857142857142857,0.0,0.02857142857142857,0.0,0.0,0.0,0.0,0.0,0.0,0.0,0.0,0.0,0.0,0.0,0.0,0.0,0.0,0.0,0.0,0.0
741,0.08333333333333333,0.125,0.125,0.0,0.0,0.0,0.0,0.08333333333333333,0.0,0.0,0.0,0.2916666666666667,0.08333333333333333,0.125,0.08333333333333333,0.0,0.0,0.0,0.0,0.0,0.0,0.0,0.0,0.0,0.0,0.0,0.0,0.0,0.0,0.0,0.0,0.0,0.0,0.0,0.0,0.0,0.0,0.0,0.0,0.0,0.0,0.0,0.0,0.0,0.0,0.0
742,0.0,0.02857142857142857,0.14285714285714285,0.0,0.0,0.0,0.0,0.0,0.0,0.0,0.0,0.0,0.0,0.0,0.02857142857142857,0.0,0.0,0.02857142857142857,0.0,0.0,0.02857142857142857,0.0,0.02857142857142857,0.11428571428571428,0.05714285714285714,0.0,0.08571428571428572,0.02857142857142857,0.05714285714285714,0.02857142857142857,0.17142857142857143,0.02857142857142857,0.0,0.0,0.0,0.0,0.0,0.0,0.0,0.0,0.0,0.0,0.02857142857142857,0.11428571428571428,0.0,0.0
743,0.0,0.26785714285714285,0.017857142857142856,0.08928571428571429,0.0,0.0,0.0,0.14285714285714285,0.017857142857142856,0.03571428571428571,0.0,0.0,0.0,0.07142857142857142,0.05357142857142857,0.05357142857142857,0.0,0.0,0.03571428571428571,0.03571428571428571,0.017857142857142856,0.0,0.0,0.03571428571428571,0.05357142857142857,0.017857142857142856,0.0,0.0,0.0,0.0,0.0,0.0,0.0,0.05357142857142857,0.0,0.0,0.0,0.0,0.0,0.0,0.0,0.0,0.0,0.0,0.0,0.0
744,0.0,0.0,0.0,0.20833333333333334,0.08333333333333333,0.0,0.16666666666666666,0.20833333333333334,0.08333333333333333,0.041666666666666664,0.0,0.041666666666666664,0.041666666666666664,0.041666666666666664,0.08333333333333333,0.0,0.0,0.0,0.0,0.0,0.0,0.0,0.0,0.0,0.0,0.0,0.0,0.0,0.0,0.0,0.0,0.0,0.0,0.0,0.0,0.0,0.0,0.0,0.0,0.0,0.0,0.0,0.0,0.0,0.0,0.0
745,0.0,0.0,0.0,0.0,0.010416666666666666,0.010416666666666666,0.010416666666666666,0.020833333333333332,0.0,0.041666666666666664,0.010416666666666666,0.010416666666666666,0.0,0.0,0.010416666666666666,0.0,0.010416666666666666,0.0,0.0,0.0,0.010416666666666666,0.0,0.0,0.0,0.0,0.0,0.0,0.75,0.03125,0.03125,0.0,0.0,0.0,0.0,0.010416666666666666,0.0,0.010416666666666666,0.010416666666666666,0.0,0.0,0.0,0.0,0.0,0.0,0.010416666666666666,0.0
746,0.0,0.0,0.0,0.0,0.0,0.0,0.0,0.02040816326530612,0.0,0.0,0.02040816326530612,0.02040816326530612,0.0,0.0,0.02040816326530612,0.0,0.0,0.02040816326530612,0.0,0.0,0.0,0.02040816326530612,0.3877551020408163,0.0,0.0,0.0,0.0,0.04081632653061224,0.0,0.0,0.04081632653061224,0.0,0.0,0.02040816326530612,0.02040816326530612,0.0,0.0,0.0,0.0,0.0,0.0,0.0,0.3673469387755102,0.0,0.0,0.0
747,0.0,0.0,0.023255813953488372,0.046511627906976744,0.023255813953488372,0.0,0.0,0.023255813953488372,0.0,0.13953488372093023,0.023255813953488372,0.023255813953488372,0.0,0.046511627906976744,0.0,0.0,0.3488372093023256,0.0,0.023255813953488372,0.0,0.046511627906976744,0.0,0.0,0.0,0.023255813953488372,0.06976744186046512,0.0,0.023255813953488372,0.046511627906976744,0.0,0.0,0.0,0.0,0.06976744186046512,0.0,0.0,0.0,0.0,0.0,0.0,0.0,0.0,0.0,0.0,0.0,0.0
748,0.0,0.0,0.02857142857142857,0.0,0.0,0.0,0.0,0.0,0.02857142857142857,0.02857142857142857,0.0,0.0,0.0,0.0,0.02857142857142857,0.02857142857142857,0.14285714285714285,0.0,0.0,0.05714285714285714,0.0,0.0,0.0,0.0,0.0,0.05714285714285714,0.0,0.0,0.42857142857142855,0.0,0.0,0.05714285714285714,0.02857142857142857,0.02857142857142857,0.0,0.0,0.0,0.02857142857142857,0.02857142857142857,0.0,0.0,0.0,0.0,0.0,0.0,0.0
749,0.0,0.0,0.20689655172413793,0.0,0.0,0.0,0.0,0.0,0.034482758620689655,0.0,0.0,0.0,0.0,0.0,0.0,0.034482758620689655,0.0,0.0,0.0,0.0,0.0,0.0,0.13793103448275862,0.0,0.0,0.034482758620689655,0.0,0.0,0.06896551724137931,0.06896551724137931,0.0,0.0,0.034482758620689655,0.034482758620689655,0.3448275862068966,0.0,0.0,0.0,0.0,0.0,0.0,0.0,0.0,0.0,0.0,0.0
750,0.0,0.0,0.0,0.041666666666666664,0.0,0.0,0.0,0.0,0.0,0.0,0.0,0.7083333333333334,0.0,0.0,0.0,0.0,0.0,0.0,0.0,0.125,0.041666666666666664,0.0,0.0,0.0,0.0,0.0,0.08333333333333333,0.0,0.0,0.0,0.0,0.0,0.0,0.0,0.0,0.0,0.0,0.0,0.0,0.0,0.0,0.0,0.0,0.0,0.0,0.0
751,0.0,0.020833333333333332,0.020833333333333332,0.041666666666666664,0.0,0.0,0.0,0.041666666666666664,0.0,0.0,0.041666666666666664,0.0,0.041666666666666664,0.0,0.020833333333333332,0.0,0.020833333333333332,0.020833333333333332,0.0,0.0,0.0,0.0,0.0,0.0,0.0,0.0,0.16666666666666666,0.0,0.020833333333333332,0.0,0.0,0.5,0.0,0.0,0.0,0.0,0.0,0.0,0.0,0.0,0.0,0.0,0.0,0.041666666666666664,0.0,0.0
752,0.0,0.0,0.0,0.0,0.0,0.0,0.03571428571428571,0.0,0.0,0.0,0.0,0.0,0.03571428571428571,0.0,0.0,0.0,0.03571428571428571,0.0,0.03571428571428571,0.07142857142857142,0.03571428571428571,0.0,0.0,0.0,0.03571428571428571,0.0,0.0,0.5,0.0,0.0,0.0,0.17857142857142858,0.0,0.0,0.0,0.0,0.0,0.0,0.0,0.0,0.0,0.0,0.0,0.0,0.03571428571428571,0.0
753,0.030927835051546393,0.010309278350515464,0.020618556701030927,0.010309278350515464,0.010309278350515464,0.020618556701030927,0.0,0.020618556701030927,0.041237113402061855,0.07216494845360824,0.061855670103092786,0.09278350515463918,0.061855670103092786,0.010309278350515464,0.010309278350515464,0.0,0.041237113402061855,0.0,0.0,0.0,0.0,0.020618556701030927,0.061855670103092786,0.030927835051546393,0.041237113402061855,0.0,0.020618556701030927,0.010309278350515464,0.010309278350515464,0.020618556701030927,0.0,0.020618556701030927,0.0,0.08247422680412371,0.07216494845360824,0.0,0.0,0.0,0.0,0.0,0.0,0.041237113402061855,0.0,0.05154639175257732,0.0,0.0
754,0.0,0.0,0.0,0.0,0.0,0.0,0.0,0.0,0.0,0.0,0.0,0.0,0.0,0.0,0.0,0.0,0.0,0.034482758620689655,0.0,0.06896551724137931,0.0,0.0,0.0,0.0,0.0,0.5517241379310345,0.06896551724137931,0.0,0.0,0.0,0.1724137931034483,0.06896551724137931,0.0,0.0,0.034482758620689655,0.0,0.0,0.0,0.0,0.0,0.0,0.0,0.0,0.0,0.0,0.0
755,0.0,0.0,0.0,0.0,0.0,0.05,0.15,0.0,0.0,0.0,0.0,0.0,0.0,0.0,0.0,0.0,0.0,0.0,0.7,0.0,0.0,0.0,0.0,0.0,0.0,0.0,0.0,0.0,0.0,0.0,0.1,0.0,0.0,0.0,0.0,0.0,0.0,0.0,0.0,0.0,0.0,0.0,0.0,0.0,0.0,0.0
756,0.0,0.0,0.034482758620689655,0.0,0.0,0.0,0.0,0.0,0.0,0.0,0.0,0.0,0.0,0.0,0.0,0.0,0.0,0.0,0.0,0.0,0.06896551724137931,0.0,0.0,0.034482758620689655,0.0,0.0,0.0,0.0,0.0,0.0,0.6206896551724138,0.0,0.0,0.20689655172413793,0.0,0.0,0.0,0.0,0.0,0.0,0.0,0.0,0.0,0.034482758620689655,0.0,0.0
757,0.0,0.025,0.025,0.0,0.025,0.475,0.0,0.0,0.0,0.0,0.0,0.0,0.0,0.0,0.0,0.0,0.2,0.025,0.025,0.0,0.0,0.1,0.025,0.025,0.0,0.0,0.0,0.0,0.025,0.0,0.0,0.025,0.0,0.0,0.0,0.0,0.0,0.0,0.0,0.0,0.0,0.0,0.0,0.0,0.0,0.0
758,0.03125,0.0,0.03125,0.0,0.5,0.03125,0.0,0.125,0.03125,0.0,0.0,0.0,0.0,0.0,0.03125,0.03125,0.0,0.0,0.0625,0.0,0.0,0.0,0.0625,0.0,0.0,0.03125,0.0,0.0,0.03125,0.0,0.0,0.0,0.0,0.0,0.0,0.0,0.0,0.0,0.0,0.0,0.0,0.0,0.0,0.0,0.0,0.0
759,0.0,0.0,0.0,0.0,0.0,0.0,0.0,1.0,0.0,0.0,0.0,0.0,0.0,0.0,0.0,0.0,0.0,0.0,0.0,0.0,0.0,0.0,0.0,0.0,0.0,0.0,0.0,0.0,0.0,0.0,0.0,0.0,0.0,0.0,0.0,0.0,0.0,0.0,0.0,0.0,0.0,0.0,0.0,0.0,0.0,0.0
760,0.0,0.0,0.0,0.0,0.0,0.0,0.0,0.2727272727272727,0.0,0.0,0.0,0.0,0.0,0.0,0.0,0.0,0.0,0.0,0.0,0.0,0.030303030303030304,0.030303030303030304,0.2727272727272727,0.030303030303030304,0.0,0.0,0.09090909090909091,0.0,0.0,0.0,0.0,0.0,0.06060606060606061,0.0,0.21212121212121213,0.0,0.0,0.0,0.0,0.0,0.0,0.0,0.0,0.0,0.0,0.0
761,0.0,0.0,0.0,0.04,0.0,0.0,0.0,0.0,0.0,0.0,0.0,0.0,0.0,0.0,0.02,0.04,0.02,0.0,0.0,0.0,0.04,0.14,0.04,0.0,0.02,0.0,0.02,0.02,0.0,0.0,0.0,0.12,0.02,0.06,0.04,0.34,0.0,0.0,0.0,0.0,0.0,0.0,0.02,0.0,0.0,0.0
762,0.0,0.0,0.04081632653061224,0.20408163265306123,0.0,0.02040816326530612,0.0,0.0,0.04081632653061224,0.0,0.0,0.0,0.0,0.0,0.0,0.04081632653061224,0.0,0.0,0.0,0.08163265306122448,0.061224489795918366,0.02040816326530612,0.02040816326530612,0.02040816326530612,0.02040816326530612,0.0,0.0,0.08163265306122448,0.0,0.0,0.04081632653061224,0.0,0.0,0.1836734693877551,0.0,0.02040816326530612,0.0,0.0,0.0,0.0,0.0,0.02040816326530612,0.0,0.02040816326530612,0.061224489795918366,0.0
763,0.043478260869565216,0.0,0.021739130434782608,0.0,0.021739130434782608,0.021739130434782608,0.0,0.15217391304347827,0.0,0.15217391304347827,0.06521739130434782,0.06521739130434782,0.0,0.0,0.08695652173913043,0.0,0.043478260869565216,0.13043478260869565,0.0,0.0,0.0,0.021739130434782608,0.021739130434782608,0.0,0.0,0.0,0.043478260869565216,0.0,0.021739130434782608,0.0,0.043478260869565216,0.0,0.0,0.0,0.021739130434782608,0.0,0.0,0.0,0.021739130434782608,0.0,0.0,0.0,0.0,0.0,0.0,0.0
764,0.0,0.0,0.022727272727272728,0.045454545454545456,0.0,0.0,0.022727272727272728,0.0,0.0,0.045454545454545456,0.0,0.0,0.0,0.0,0.0,0.0,0.7727272727272727,0.022727272727272728,0.0,0.0,0.0,0.0,0.0,0.0,0.0,0.0,0.022727272727272728,0.0,0.0,0.0,0.022727272727272728,0.0,0.0,0.022727272727272728,0.0,0.0,0.0,0.0,0.0,0.0,0.0,0.0,0.0,0.0,0.0,0.0
765,0.0,0.0,0.18867924528301888,0.018867924528301886,0.0,0.03773584905660377,0.0,0.0,0.0,0.0,0.0,0.0,0.16981132075471697,0.018867924528301886,0.0,0.03773584905660377,0.018867924528301886,0.0,0.0,0.0,0.03773584905660377,0.0,0.05660377358490566,0.0,0.0,0.018867924528301886,0.37735849056603776,0.0,0.0,0.0,0.0,0.0,0.0,0.0,0.0,0.0,0.0,0.0,0.0,0.0,0.0,0.0,0.0,0.018867924528301886,0.0,0.0
766,0.0,0.016129032258064516,0.016129032258064516,0.016129032258064516,0.0,0.03225806451612903,0.04838709677419355,0.03225806451612903,0.03225806451612903,0.016129032258064516,0.03225806451612903,0.04838709677419355,0.0,0.016129032258064516,0.0,0.016129032258064516,0.0,0.0,0.0,0.11290322580645161,0.14516129032258066,0.12903225806451613,0.03225806451612903,0.016129032258064516,0.0,0.0,0.016129032258064516,0.03225806451612903,0.03225806451612903,0.0,0.0,0.06451612903225806,0.016129032258064516,0.016129032258064516,0.03225806451612903,0.0,0.0,0.0,0.0,0.0,0.0,0.0,0.016129032258064516,0.0,0.016129032258064516,0.0
767,0.0,0.024390243902439025,0.04878048780487805,0.0,0.0,0.024390243902439025,0.024390243902439025,0.0,0.0,0.0,0.024390243902439025,0.0,0.024390243902439025,0.0,0.0,0.0,0.0,0.0,0.0,0.024390243902439025,0.0,0.0,0.024390243902439025,0.0,0.0,0.04878048780487805,0.5853658536585366,0.024390243902439025,0.0,0.0,0.04878048780487805,0.0,0.0,0.024390243902439025,0.024390243902439025,0.0,0.0,0.024390243902439025,0.0,0.0,0.0,0.0,0.0,0.0,0.0,0.0
768,0.0,0.0,0.04,0.0,0.0,0.0,0.0,0.0,0.04,0.04,0.0,0.0,0.0,0.0,0.08,0.0,0.0,0.0,0.0,0.0,0.0,0.64,0.0,0.08,0.0,0.0,0.04,0.0,0.0,0.0,0.04,0.0,0.0,0.0,0.0,0.0,0.0,0.0,0.0,0.0,0.0,0.0,0.0,0.0,0.0,0.0
769,0.0,0.03508771929824561,0.017543859649122806,0.0,0.0,0.03508771929824561,0.24561403508771928,0.0,0.017543859649122806,0.05263157894736842,0.15789473684210525,0.05263157894736842,0.05263157894736842,0.05263157894736842,0.03508771929824561,0.0,0.0,0.0,0.0,0.03508771929824561,0.0,0.017543859649122806,0.0,0.03508771929824561,0.05263157894736842,0.0,0.0,0.0,0.0,0.0,0.0,0.0,0.0,0.07017543859649122,0.0,0.0,0.0,0.0,0.0,0.0,0.0,0.0,0.017543859649122806,0.017543859649122806,0.0,0.0
770,0.0,0.0,0.0,0.0,0.0,0.0,0.0,0.0,0.0,0.0,0.0,0.0,0.0,0.0,0.041666666666666664,0.0,0.0,0.041666666666666664,0.041666666666666664,0.0,0.0,0.0,0.0,0.0,0.0,0.0,0.0,0.0,0.0,0.041666666666666664,0.0,0.0,0.0,0.0,0.0,0.0,0.0,0.0,0.0,0.0,0.0,0.0,0.0,0.8333333333333334,0.0,0.0
771,0.0,0.02702702702702703,0.02702702702702703,0.0,0.05405405405405406,0.02702702702702703,0.0,0.0,0.0,0.0,0.0,0.0,0.0,0.02702702702702703,0.02702702702702703,0.0,0.0,0.0,0.0,0.0,0.0,0.0,0.02702702702702703,0.0,0.02702702702702703,0.5135135135135135,0.10810810810810811,0.0,0.0,0.0,0.0,0.02702702702702703,0.05405405405405406,0.0,0.0,0.0,0.0,0.0,0.0,0.0,0.0,0.0,0.02702702702702703,0.0,0.02702702702702703,0.0
772,0.0,0.0,0.14285714285714285,0.047619047619047616,0.0,0.0,0.23809523809523808,0.0,0.09523809523809523,0.0,0.0,0.0,0.0,0.09523809523809523,0.0,0.0,0.0,0.0,0.0,0.0,0.0,0.0,0.0,0.0,0.0,0.2857142857142857,0.0,0.0,0.0,0.0,0.0,0.09523809523809523,0.0,0.0,0.0,0.0,0.0,0.0,0.0,0.0,0.0,0.0,0.0,0.0,0.0,0.0
773,0.0,0.0,0.03773584905660377,0.0,0.018867924528301886,0.03773584905660377,0.0,0.0,0.018867924528301886,0.0,0.018867924528301886,0.0,0.37735849056603776,0.0,0.0,0.0,0.018867924528301886,0.0,0.018867924528301886,0.018867924528301886,0.0,0.0,0.0,0.018867924528301886,0.05660377358490566,0.018867924528301886,0.0,0.0,0.03773584905660377,0.0,0.05660377358490566,0.11320754716981132,0.03773584905660377,0.018867924528301886,0.018867924528301886,0.0,0.0,0.0,0.0,0.018867924528301886,0.0,0.0,0.0,0.0,0.03773584905660377,0.0
774,0.03125,0.0,0.0,0.0,0.0,0.0,0.0,0.0,0.0,0.0,0.0,0.0,0.0,0.0,0.0,0.0,0.0,0.0,0.0,0.0,0.21875,0.03125,0.0,0.0,0.0,0.0,0.0,0.0,0.0,0.0,0.0,0.0,0.0,0.0,0.0,0.0,0.0,0.0,0.0,0.0,0.0,0.0,0.03125,0.5,0.0625,0.125
775,0.0,0.022222222222222223,0.022222222222222223,0.044444444444444446,0.0,0.022222222222222223,0.022222222222222223,0.022222222222222223,0.022222222222222223,0.0,0.0,0.0,0.0,0.0,0.0,0.0,0.0,0.0,0.0,0.022222222222222223,0.022222222222222223,0.0,0.044444444444444446,0.0,0.0,0.022222222222222223,0.0,0.022222222222222223,0.13333333333333333,0.0,0.0,0.0,0.0,0.022222222222222223,0.022222222222222223,0.022222222222222223,0.0,0.0,0.0,0.0,0.0,0.4666666666666667,0.0,0.0,0.022222222222222223,0.0
776,0.0,0.0,0.03225806451612903,0.0,0.03225806451612903,0.0,0.0,0.0,0.0,0.06451612903225806,0.22580645161290322,0.0,0.0,0.03225806451612903,0.0,0.5483870967741935,0.0,0.0,0.0,0.0,0.0,0.0,0.0,0.0,0.0,0.0,0.0,0.0,0.06451612903225806,0.0,0.0,0.0,0.0,0.0,0.0,0.0,0.0,0.0,0.0,0.0,0.0,0.0,0.0,0.0,0.0,0.0
777,0.0,0.06451612903225806,0.0,0.03225806451612903,0.0,0.0,0.0,0.03225806451612903,0.03225806451612903,0.0,0.03225806451612903,0.0,0.0,0.03225806451612903,0.03225806451612903,0.0,0.0,0.03225806451612903,0.0,0.0,0.0,0.0,0.0,0.0,0.0,0.0,0.6129032258064516,0.0,0.03225806451612903,0.0,0.0,0.0,0.0,0.0,0.03225806451612903,0.0,0.0,0.0,0.0,0.0,0.0,0.0,0.0,0.0,0.03225806451612903,0.0
778,0.0,0.0,0.1,0.25,0.05,0.0,0.1,0.0,0.0,0.15,0.05,0.1,0.15,0.0,0.05,0.0,0.0,0.0,0.0,0.0,0.0,0.0,0.0,0.0,0.0,0.0,0.0,0.0,0.0,0.0,0.0,0.0,0.0,0.0,0.0,0.0,0.0,0.0,0.0,0.0,0.0,0.0,0.0,0.0,0.0,0.0
779,0.0,0.0,0.0,0.027777777777777776,0.027777777777777776,0.0,0.0,0.0,0.05555555555555555,0.0,0.027777777777777776,0.0,0.25,0.0,0.08333333333333333,0.4722222222222222,0.0,0.0,0.0,0.0,0.0,0.0,0.0,0.0,0.0,0.0,0.0,0.0,0.0,0.0,0.0,0.0,0.0,0.0,0.05555555555555555,0.0,0.0,0.0,0.0,0.0,0.0,0.0,0.0,0.0,0.0,0.0
780,0.0,0.0,0.0,0.0,0.0,0.0,0.0,0.0,0.023809523809523808,0.023809523809523808,0.0,0.0,0.0,0.047619047619047616,0.023809523809523808,0.0,0.0,0.0,0.0,0.023809523809523808,0.023809523809523808,0.0,0.0,0.0,0.023809523809523808,0.09523809523809523,0.4523809523809524,0.0,0.07142857142857142,0.023809523809523808,0.023809523809523808,0.0,0.0,0.047619047619047616,0.0,0.023809523809523808,0.0,0.0,0.0,0.0,0.0,0.0,0.023809523809523808,0.0,0.023809523809523808,0.023809523809523808
781,0.0,0.0,0.0,0.0,0.0,0.0,0.0,0.037037037037037035,0.0,0.0,0.7777777777777778,0.0,0.0,0.0,0.07407407407407407,0.0,0.0,0.0,0.0,0.037037037037037035,0.0,0.037037037037037035,0.0,0.0,0.0,0.0,0.0,0.0,0.0,0.0,0.0,0.0,0.0,0.0,0.0,0.0,0.0,0.0,0.0,0.0,0.0,0.037037037037037035,0.0,0.0,0.0,0.0
782,0.0,0.0,0.30434782608695654,0.0,0.0,0.0,0.0,0.0,0.0,0.0,0.17391304347826086,0.0,0.0,0.043478260869565216,0.0,0.0,0.043478260869565216,0.0,0.0,0.0,0.0,0.17391304347826086,0.0,0.0,0.0,0.043478260869565216,0.0,0.0,0.0,0.0,0.043478260869565216,0.13043478260869565,0.0,0.043478260869565216,0.0,0.0,0.0,0.0,0.0,0.0,0.0,0.0,0.0,0.0,0.0,0.0
783,0.0,0.0,0.0,0.0,0.0,0.0,0.0,0.0,0.0,0.0,0.0,0.0,0.0,0.0,1.0,0.0,0.0,0.0,0.0,0.0,0.0,0.0,0.0,0.0,0.0,0.0,0.0,0.0,0.0,0.0,0.0,0.0,0.0,0.0,0.0,0.0,0.0,0.0,0.0,0.0,0.0,0.0,0.0,0.0,0.0,0.0
784,0.045454545454545456,0.045454545454545456,0.18181818181818182,0.045454545454545456,0.09090909090909091,0.0,0.045454545454545456,0.0,0.0,0.0,0.0,0.0,0.0,0.0,0.045454545454545456,0.13636363636363635,0.0,0.09090909090909091,0.0,0.045454545454545456,0.0,0.045454545454545456,0.0,0.0,0.0,0.045454545454545456,0.045454545454545456,0.0,0.0,0.0,0.0,0.0,0.09090909090909091,0.0,0.0,0.0,0.0,0.0,0.0,0.0,0.0,0.0,0.0,0.0,0.0,0.0
785,0.02702702702702703,0.0,0.02702702702702703,0.0,0.0,0.0,0.0,0.05405405405405406,0.0,0.0,0.0,0.0,0.0,0.0,0.0,0.0,0.0,0.0,0.0,0.0,0.02702702702702703,0.35135135135135137,0.0,0.16216216216216217,0.0,0.0,0.35135135135135137,0.0,0.0,0.0,0.0,0.0,0.0,0.0,0.0,0.0,0.0,0.0,0.0,0.0,0.0,0.0,0.0,0.0,0.0,0.0
786,0.0,0.0,0.0,0.0,0.0,0.0,0.0,0.0,0.0,0.05263157894736842,0.13157894736842105,0.02631578947368421,0.0,0.02631578947368421,0.0,0.0,0.02631578947368421,0.05263157894736842,0.0,0.39473684210526316,0.02631578947368421,0.07894736842105263,0.0,0.02631578947368421,0.0,0.0,0.0,0.0,0.0,0.0,0.0,0.10526315789473684,0.0,0.0,0.02631578947368421,0.0,0.0,0.0,0.0,0.0,0.0,0.0,0.02631578947368421,0.0,0.0,0.0
787,0.0,0.034482758620689655,0.034482758620689655,0.0,0.0,0.034482758620689655,0.0,0.0,0.0,0.034482758620689655,0.0,0.0,0.0,0.0,0.0,0.034482758620689655,0.0,0.0,0.0,0.034482758620689655,0.034482758620689655,0.0,0.0,0.3793103448275862,0.0,0.0,0.27586206896551724,0.034482758620689655,0.034482758620689655,0.0,0.0,0.0,0.0,0.0,0.0,0.0,0.0,0.0,0.0,0.0,0.0,0.0,0.0,0.0,0.0,0.034482758620689655
788,0.0,0.075,0.0,0.0,0.0,0.125,0.0,0.0,0.025,0.0,0.0,0.0,0.075,0.0,0.0,0.0,0.0,0.0,0.025,0.025,0.0,0.0,0.025,0.025,0.025,0.075,0.0,0.0,0.0,0.0,0.0,0.0,0.025,0.025,0.0,0.0,0.0,0.0,0.0,0.0,0.0,0.375,0.0,0.05,0.0,0.025
789,0.0,0.0,0.0,0.0,0.0,0.0,0.0,0.0,0.0,0.0,0.0,0.03571428571428571,0.0,0.0,0.0,0.03571428571428571,0.0,0.0,0.0,0.03571428571428571,0.0,0.0,0.0,0.0,0.0,0.03571428571428571,0.0,0.03571428571428571,0.07142857142857142,0.03571428571428571,0.0,0.0,0.0,0.03571428571428571,0.0,0.0,0.0,0.0,0.0,0.0,0.0,0.0,0.0,0.6785714285714286,0.0,0.0
790,0.0,0.125,0.0,0.0,0.0,0.0,0.0,0.0,0.0,0.0,0.0,0.0,0.0,0.025,0.025,0.0,0.0,0.0,0.075,0.025,0.075,0.1,0.025,0.0,0.325,0.0,0.025,0.0,0.0,0.0,0.025,0.0,0.05,0.05,0.05,0.0,0.0,0.0,0.0,0.0,0.0,0.0,0.0,0.0,0.0,0.0
791,0.0,0.0,0.0,0.01818181818181818,0.0,0.0,0.0,0.0,0.0,0.01818181818181818,0.01818181818181818,0.0,0.0,0.0,0.01818181818181818,0.0,0.0,0.0,0.0,0.0,0.05454545454545454,0.0,0.0,0.01818181818181818,0.0,0.0,0.0,0.0,0.0,0.0,0.0,0.0,0.0,0.0,0.7454545454545455,0.01818181818181818,0.0,0.0,0.0,0.0,0.0,0.0,0.0,0.09090909090909091,0.0,0.0
792,0.0,0.125,0.0,0.03571428571428571,0.0,0.0,0.017857142857142856,0.0,0.0,0.017857142857142856,0.0,0.0,0.017857142857142856,0.07142857142857142,0.0,0.017857142857142856,0.03571428571428571,0.0,0.0,0.017857142857142856,0.017857142857142856,0.017857142857142856,0.017857142857142856,0.0,0.03571428571428571,0.017857142857142856,0.0,0.017857142857142856,0.0,0.017857142857142856,0.017857142857142856,0.017857142857142856,0.0,0.32142857142857145,0.08928571428571429,0.0,0.0,0.0,0.0,0.017857142857142856,0.0,0.0,0.0,0.0,0.017857142857142856,0.017857142857142856
793,0.0,0.8571428571428571,0.047619047619047616,0.0,0.0,0.0,0.0,0.0,0.0,0.0,0.0,0.0,0.0,0.0,0.0,0.0,0.047619047619047616,0.0,0.0,0.0,0.0,0.0,0.0,0.0,0.0,0.0,0.0,0.0,0.0,0.0,0.0,0.0,0.0,0.0,0.0,0.0,0.0,0.0,0.0,0.0,0.0,0.0,0.0,0.0,0.047619047619047616,0.0
794,0.0,0.0,0.0,0.0,0.0,0.0,0.0,0.0,0.0,0.0,0.0,0.0,0.047619047619047616,0.0,0.0,0.0,0.0,0.0,0.0,0.0,0.0,0.0,0.0,0.14285714285714285,0.0,0.0,0.0,0.0,0.0,0.0,0.42857142857142855,0.0,0.14285714285714285,0.14285714285714285,0.09523809523809523,0.0,0.0,0.0,0.0,0.0,0.0,0.0,0.0,0.0,0.0,0.0
795,0.0,0.0,0.0,0.043478260869565216,0.0,0.0,0.0,0.0,0.0,0.0,0.0,0.043478260869565216,0.0,0.0,0.0,0.0,0.0,0.0,0.0,0.043478260869565216,0.0,0.0,0.0,0.0,0.0,0.0,0.043478260869565216,0.0,0.043478260869565216,0.0,0.0,0.0,0.0,0.782608695652174,0.0,0.0,0.0,0.0,0.0,0.0,0.0,0.0,0.0,0.0,0.0,0.0
796,0.0,0.0,0.0,0.0,0.20689655172413793,0.0,0.0,0.034482758620689655,0.034482758620689655,0.034482758620689655,0.0,0.034482758620689655,0.0,0.06896551724137931,0.0,0.0,0.0,0.41379310344827586,0.0,0.034482758620689655,0.0,0.0,0.0,0.0,0.034482758620689655,0.0,0.034482758620689655,0.034482758620689655,0.0,0.0,0.0,0.0,0.0,0.0,0.0,0.0,0.0,0.0,0.0,0.0,0.0,0.0,0.0,0.034482758620689655,0.0,0.0
797,0.0,0.0,0.037037037037037035,0.0,0.0,0.0,0.037037037037037035,0.6666666666666666,0.037037037037037035,0.0,0.037037037037037035,0.0,0.0,0.0,0.0,0.0,0.037037037037037035,0.0,0.037037037037037035,0.0,0.0,0.0,0.0,0.0,0.0,0.0,0.037037037037037035,0.037037037037037035,0.0,0.0,0.0,0.0,0.0,0.037037037037037035,0.0,0.0,0.0,0.0,0.0,0.0,0.0,0.0,0.0,0.0,0.0,0.0
798,0.0,0.0,0.0,0.0,0.03571428571428571,0.0,0.0,0.03571428571428571,0.0,0.6428571428571429,0.0,0.0,0.0,0.0,0.0,0.0,0.0,0.03571428571428571,0.03571428571428571,0.0,0.0,0.03571428571428571,0.0,0.0,0.0,0.0,0.0,0.0,0.0,0.0,0.03571428571428571,0.03571428571428571,0.0,0.03571428571428571,0.07142857142857142,0.0,0.0,0.0,0.0,0.0,0.0,0.0,0.0,0.0,0.0,0.0
799,0.0,0.02702702702702703,0.0,0.16216216216216217,0.02702702702702703,0.08108108108108109,0.05405405405405406,0.0,0.05405405405405406,0.10810810810810811,0.0,0.0,0.0,0.02702702702702703,0.02702702702702703,0.10810810810810811,0.10810810810810811,0.0,0.0,0.0,0.0,0.0,0.0,0.0,0.02702702702702703,0.0,0.0,0.0,0.05405405405405406,0.0,0.02702702702702703,0.0,0.0,0.0,0.02702702702702703,0.0,0.0,0.0,0.0,0.0,0.0,0.05405405405405406,0.0,0.0,0.0,0.02702702702702703
800,0.0,0.043478260869565216,0.0,0.30434782608695654,0.043478260869565216,0.043478260869565216,0.0,0.0,0.0,0.0,0.0,0.043478260869565216,0.0,0.0,0.0,0.0,0.043478260869565216,0.0,0.0,0.043478260869565216,0.0,0.0,0.17391304347826086,0.0,0.0,0.17391304347826086,0.0,0.0,0.043478260869565216,0.0,0.0,0.0,0.043478260869565216,0.0,0.0,0.0,0.0,0.0,0.0,0.0,0.0,0.0,0.0,0.0,0.0,0.0
801,0.0,0.10256410256410256,0.1282051282051282,0.0,0.07692307692307693,0.0,0.0,0.02564102564102564,0.0,0.0,0.0,0.0,0.02564102564102564,0.0,0.0,0.0,0.02564102564102564,0.15384615384615385,0.0,0.0,0.0,0.0,0.0,0.0,0.0,0.0,0.10256410256410256,0.0,0.0,0.0,0.0,0.0,0.0,0.0,0.0,0.0,0.0,0.0,0.0,0.0,0.0,0.0,0.358974358974359,0.0,0.0,0.0
802,0.017241379310344827,0.017241379310344827,0.017241379310344827,0.0,0.034482758620689655,0.0,0.06896551724137931,0.017241379310344827,0.0,0.017241379310344827,0.017241379310344827,0.034482758620689655,0.06896551724137931,0.017241379310344827,0.0,0.0,0.0,0.0,0.034482758620689655,0.0,0.034482758620689655,0.0,0.0,0.034482758620689655,0.034482758620689655,0.06896551724137931,0.0,0.0,0.017241379310344827,0.0,0.15517241379310345,0.0,0.05172413793103448,0.017241379310344827,0.017241379310344827,0.0,0.0,0.0,0.0,0.0,0.0,0.017241379310344827,0.017241379310344827,0.13793103448275862,0.017241379310344827,0.017241379310344827
803,0.0,0.0,0.0,0.08108108108108109,0.0,0.0,0.0,0.0,0.05405405405405406,0.0,0.05405405405405406,0.13513513513513514,0.0,0.0,0.02702702702702703,0.0,0.02702702702702703,0.02702702702702703,0.0,0.05405405405405406,0.0,0.0,0.0,0.0,0.0,0.02702702702702703,0.02702702702702703,0.0,0.43243243243243246,0.0,0.02702702702702703,0.0,0.0,0.02702702702702703,0.0,0.0,0.0,0.0,0.0,0.0,0.0,0.0,0.0,0.0,0.0,0.0
804,0.0,0.0,0.03125,0.0,0.0625,0.09375,0.03125,0.03125,0.0,0.0,0.0625,0.03125,0.0,0.03125,0.0,0.0,0.03125,0.0,0.09375,0.0,0.0,0.0,0.0,0.125,0.0,0.03125,0.0,0.0,0.125,0.0,0.0,0.09375,0.0,0.03125,0.0625,0.03125,0.0,0.0,0.0,0.0,0.0,0.0,0.0,0.0,0.0,0.0
805,0.0,0.0,0.041666666666666664,0.0,0.4166666666666667,0.0,0.041666666666666664,0.125,0.0,0.0,0.041666666666666664,0.125,0.0,0.0,0.0,0.0,0.08333333333333333,0.0,0.0,0.041666666666666664,0.0,0.0,0.0,0.0,0.0,0.041666666666666664,0.0,0.0,0.0,0.0,0.0,0.041666666666666664,0.0,0.0,0.0,0.0,0.0,0.0,0.0,0.0,0.0,0.0,0.0,0.0,0.0,0.0
806,0.0,0.0,0.0,0.0,0.038461538461538464,0.0,0.0,0.0,0.0,0.0,0.0,0.038461538461538464,0.0,0.6923076923076923,0.0,0.0,0.0,0.0,0.0,0.0,0.038461538461538464,0.0,0.07692307692307693,0.0,0.038461538461538464,0.0,0.0,0.0,0.0,0.0,0.0,0.0,0.038461538461538464,0.038461538461538464,0.0,0.0,0.0,0.0,0.0,0.0,0.0,0.0,0.0,0.0,0.0,0.0
807,0.023809523809523808,0.023809523809523808,0.0,0.0,0.0,0.0,0.0,0.0,0.0,0.0,0.0,0.023809523809523808,0.0,0.0,0.0,0.0,0.047619047619047616,0.023809523809523808,0.0,0.0,0.0,0.023809523809523808,0.047619047619047616,0.0,0.0,0.0,0.0,0.0,0.0,0.0,0.0,0.4523809523809524,0.0,0.023809523809523808,0.047619047619047616,0.0,0.0,0.0,0.0,0.0,0.0,0.0,0.023809523809523808,0.0,0.23809523809523808,0.0
808,0.0,0.0,0.0,0.0,0.0,0.0,0.0,0.0,0.0,0.0,0.045454545454545456,0.0,0.0,0.0,0.0,0.0,0.0,0.0,0.0,0.0,0.0,0.0,0.09090909090909091,0.8181818181818182,0.0,0.0,0.0,0.0,0.0,0.0,0.0,0.0,0.045454545454545456,0.0,0.0,0.0,0.0,0.0,0.0,0.0,0.0,0.0,0.0,0.0,0.0,0.0
809,0.0,0.0,0.04,0.0,0.0,0.0,0.0,0.0,0.68,0.0,0.04,0.0,0.0,0.0,0.0,0.0,0.0,0.0,0.0,0.0,0.0,0.0,0.0,0.0,0.0,0.0,0.0,0.0,0.0,0.0,0.0,0.0,0.0,0.04,0.0,0.0,0.0,0.0,0.0,0.0,0.0,0.0,0.0,0.16,0.0,0.04
810,0.0,0.030303030303030304,0.0,0.0,0.09090909090909091,0.0,0.0,0.42424242424242425,0.0,0.0,0.030303030303030304,0.030303030303030304,0.0,0.0,0.0,0.0,0.030303030303030304,0.0,0.0,0.0,0.12121212121212122,0.0,0.06060606060606061,0.030303030303030304,0.0,0.0,0.030303030303030304,0.0,0.0,0.0,0.0,0.0,0.0,0.06060606060606061,0.0,0.0,0.0,0.0,0.0,0.0,0.0,0.030303030303030304,0.030303030303030304,0.0,0.0,0.0
811,0.0,0.0,0.0,0.0,0.0,0.0,0.0,0.0,0.0,0.021739130434782608,0.021739130434782608,0.0,0.0,0.0,0.6304347826086957,0.043478260869565216,0.0,0.0,0.0,0.0,0.0,0.021739130434782608,0.021739130434782608,0.0,0.0,0.0,0.021739130434782608,0.0,0.0,0.0,0.043478260869565216,0.0,0.021739130434782608,0.021739130434782608,0.0,0.0,0.0,0.0,0.0,0.0,0.0,0.0,0.0,0.0,0.13043478260869565,0.0
812,0.0,0.034482758620689655,0.0,0.0,0.0,0.0,0.0,0.06896551724137931,0.4827586206896552,0.0,0.0,0.034482758620689655,0.0,0.0,0.0,0.0,0.0,0.06896551724137931,0.0,0.0,0.0,0.0,0.034482758620689655,0.06896551724137931,0.0,0.034482758620689655,0.0,0.0,0.0,0.0,0.0,0.13793103448275862,0.0,0.0,0.034482758620689655,0.0,0.0,0.0,0.0,0.0,0.0,0.0,0.0,0.0,0.0,0.0
813,0.015151515151515152,0.045454545454545456,0.06060606060606061,0.030303030303030304,0.045454545454545456,0.015151515151515152,0.045454545454545456,0.0,0.0,0.0,0.09090909090909091,0.0,0.045454545454545456,0.015151515151515152,0.07575757575757576,0.0,0.07575757575757576,0.030303030303030304,0.015151515151515152,0.07575757575757576,0.0,0.0,0.015151515151515152,0.0,0.030303030303030304,0.030303030303030304,0.030303030303030304,0.0,0.0,0.045454545454545456,0.015151515151515152,0.015151515151515152,0.0,0.0,0.015151515151515152,0.0,0.0,0.0,0.0,0.0,0.0,0.0,0.09090909090909091,0.0,0.0,0.030303030303030304
814,0.0,0.10344827586206896,0.0,0.034482758620689655,0.0,0.034482758620689655,0.0,0.0,0.0,0.0,0.0,0.0,0.0,0.13793103448275862,0.0,0.0,0.0,0.0,0.6206896551724138,0.0,0.0,0.0,0.0,0.0,0.0,0.0,0.0,0.0,0.0,0.0,0.0,0.0,0.0,0.06896551724137931,0.0,0.0,0.0,0.0,0.0,0.0,0.0,0.0,0.0,0.0,0.0,0.0
815,0.0,0.0,0.0,0.0,0.09090909090909091,0.0,0.0,0.09090909090909091,0.0,0.0,0.0,0.0,0.0,0.0,0.18181818181818182,0.0,0.030303030303030304,0.0,0.0,0.0,0.0,0.030303030303030304,0.030303030303030304,0.0,0.030303030303030304,0.0,0.0,0.0,0.30303030303030304,0.09090909090909091,0.0,0.030303030303030304,0.0,0.06060606060606061,0.030303030303030304,0.0,0.0,0.0,0.0,0.0,0.0,0.0,0.0,0.0,0.0,0.0
816,0.0,0.0,0.0,0.0,0.0,0.0,0.0,0.0,0.0,0.0,0.0,0.0,0.0,0.0,0.0,0.0,0.0,1.0,0.0,0.0,0.0,0.0,0.0,0.0,0.0,0.0,0.0,0.0,0.0,0.0,0.0,0.0,0.0,0.0,0.0,0.0,0.0,0.0,0.0,0.0,0.0,0.0,0.0,0.0,0.0,0.0
817,0.0,0.0,0.125,0.0,0.0,0.0,0.0,0.0,0.125,0.5416666666666666,0.0,0.0,0.0,0.0,0.125,0.041666666666666664,0.0,0.0,0.0,0.0,0.041666666666666664,0.0,0.0,0.0,0.0,0.0,0.0,0.0,0.0,0.0,0.0,0.0,0.0,0.0,0.0,0.0,0.0,0.0,0.0,0.0,0.0,0.0,0.0,0.0,0.0,0.0
818,0.0,0.0,0.029411764705882353,0.0,0.029411764705882353,0.0,0.0,0.0,0.0,0.029411764705882353,0.0,0.11764705882352941,0.0,0.47058823529411764,0.029411764705882353,0.0,0.029411764705882353,0.0,0.029411764705882353,0.0,0.0,0.029411764705882353,0.0,0.0,0.0,0.058823529411764705,0.058823529411764705,0.0,0.058823529411764705,0.0,0.0,0.0,0.0,0.0,0.0,0.0,0.0,0.0,0.0,0.0,0.0,0.0,0.029411764705882353,0.0,0.0,0.0
819,0.0,0.0,0.0,0.0,0.0,0.0,0.0,0.0,0.0,0.02857142857142857,0.0,0.0,0.08571428571428572,0.0,0.0,0.0,0.0,0.0,0.0,0.02857142857142857,0.0,0.4,0.05714285714285714,0.0,0.0,0.0,0.0,0.02857142857142857,0.0,0.02857142857142857,0.0,0.02857142857142857,0.14285714285714285,0.02857142857142857,0.0,0.0,0.11428571428571428,0.0,0.02857142857142857,0.0,0.0,0.0,0.0,0.0,0.0,0.0
820,0.0,0.0,0.3448275862068966,0.3103448275862069,0.0,0.0,0.0,0.0,0.0,0.0,0.034482758620689655,0.0,0.0,0.0,0.034482758620689655,0.034482758620689655,0.0,0.0,0.0,0.0,0.0,0.0,0.0,0.0,0.0,0.034482758620689655,0.10344827586206896,0.06896551724137931,0.0,0.0,0.0,0.034482758620689655,0.0,0.0,0.0,0.0,0.0,0.0,0.0,0.0,0.0,0.0,0.0,0.0,0.0,0.0
821,0.0,0.0,0.0,0.0,0.041666666666666664,0.0,0.0,0.041666666666666664,0.0,0.0,0.0,0.0,0.0,0.0,0.0,0.041666666666666664,0.0,0.5833333333333334,0.041666666666666664,0.041666666666666664,0.0,0.0,0.041666666666666664,0.0,0.0,0.0,0.041666666666666664,0.0,0.0,0.0,0.0,0.0,0.041666666666666664,0.08333333333333333,0.0,0.0,0.0,0.0,0.0,0.0,0.0,0.0,0.0,0.0,0.0,0.0
822,0.0,0.0,0.02702702702702703,0.08108108108108109,0.05405405405405406,0.0,0.0,0.0,0.02702702702702703,0.0,0.02702702702702703,0.02702702702702703,0.05405405405405406,0.0,0.0,0.0,0.05405405405405406,0.0,0.0,0.0,0.0,0.02702702702702703,0.0,0.05405405405405406,0.0,0.0,0.0,0.02702702702702703,0.0,0.02702702702702703,0.0,0.0,0.0,0.4594594594594595,0.0,0.0,0.0,0.0,0.0,0.0,0.0,0.0,0.0,0.0,0.0,0.05405405405405406
823,0.0,0.04054054054054054,0.05405405405405406,0.05405405405405406,0.02702702702702703,0.04054054054054054,0.0,0.04054054054054054,0.013513513513513514,0.013513513513513514,0.013513513513513514,0.013513513513513514,0.013513513513513514,0.05405405405405406,0.10810810810810811,0.0,0.05405405405405406,0.013513513513513514,0.10810810810810811,0.04054054054054054,0.013513513513513514,0.013513513513513514,0.013513513513513514,0.04054054054054054,0.02702702702702703,0.02702702702702703,0.013513513513513514,0.02702702702702703,0.02702702702702703,0.013513513513513514,0.0,0.0,0.013513513513513514,0.0,0.013513513513513514,0.0,0.0,0.0,0.0,0.0,0.04054054054054054,0.0,0.013513513513513514,0.0,0.0,0.0
824,0.0,0.0,0.0,0.0,0.0,0.0,0.0,0.0,0.0,0.0,0.0,0.0,0.0,0.34782608695652173,0.13043478260869565,0.043478260869565216,0.0,0.13043478260869565,0.0,0.043478260869565216,0.043478260869565216,0.21739130434782608,0.0,0.0,0.0,0.0,0.0,0.0,0.0,0.043478260869565216,0.0,0.0,0.0,0.0,0.0,0.0,0.0,0.0,0.0,0.0,0.0,0.0,0.0,0.0,0.0,0.0
825,0.03571428571428571,0.14285714285714285,0.10714285714285714,0.0,0.0,0.0,0.0,0.07142857142857142,0.0,0.0,0.0,0.0,0.03571428571428571,0.2857142857142857,0.0,0.0,0.0,0.0,0.03571428571428571,0.0,0.0,0.0,0.0,0.0,0.07142857142857142,0.0,0.14285714285714285,0.03571428571428571,0.0,0.0,0.0,0.03571428571428571,0.0,0.0,0.0,0.0,0.0,0.0,0.0,0.0,0.0,0.0,0.0,0.0,0.0,0.0
826,0.0,0.030303030303030304,0.0,0.0,0.0,0.0,0.0,0.030303030303030304,0.0,0.0,0.0,0.0,0.0,0.030303030303030304,0.5151515151515151,0.09090909090909091,0.0,0.030303030303030304,0.0,0.06060606060606061,0.0,0.06060606060606061,0.0,0.030303030303030304,0.030303030303030304,0.0,0.06060606060606061,0.0,0.0,0.0,0.0,0.0,0.0,0.0,0.0,0.0,0.0,0.0,0.0,0.0,0.0,0.0,0.0,0.030303030303030304,0.0,0.0
827,0.0,0.0,0.0,0.0,0.0,0.0,0.0,0.0,0.0,0.0,0.0,0.0,0.0,0.0,0.0,0.05,0.0,0.0,0.0,0.0,0.0,0.0,0.1,0.05,0.0,0.0,0.0,0.0,0.3,0.0,0.0,0.0,0.0,0.15,0.05,0.0,0.0,0.0,0.0,0.0,0.0,0.0,0.0,0.15,0.15,0.0
828,0.0,0.0,0.0,0.0,0.043478260869565216,0.043478260869565216,0.0,0.0,0.0,0.0,0.0,0.0,0.0,0.0,0.0,0.0,0.0,0.0,0.0,0.2608695652173913,0.0,0.0,0.043478260869565216,0.0,0.0,0.0,0.0,0.0,0.5217391304347826,0.0,0.0,0.0,0.0,0.043478260869565216,0.0,0.043478260869565216,0.0,0.0,0.0,0.0,0.0,0.0,0.0,0.0,0.0,0.0
829,0.0,0.027777777777777776,0.4444444444444444,0.0,0.05555555555555555,0.0,0.027777777777777776,0.0,0.0,0.0,0.0,0.027777777777777776,0.0,0.027777777777777776,0.0,0.0,0.1111111111111111,0.0,0.0,0.05555555555555555,0.0,0.0,0.0,0.027777777777777776,0.0,0.05555555555555555,0.05555555555555555,0.0,0.0,0.05555555555555555,0.0,0.0,0.0,0.027777777777777776,0.0,0.0,0.0,0.0,0.0,0.0,0.0,0.0,0.0,0.0,0.0,0.0
830,0.0,0.0,0.02702702702702703,0.0,0.0,0.0,0.0,0.0,0.0,0.0,0.02702702702702703,0.0,0.0,0.0,0.02702702702702703,0.0,0.5405405405405406,0.02702702702702703,0.0,0.02702702702702703,0.0,0.02702702702702703,0.0,0.05405405405405406,0.05405405405405406,0.02702702702702703,0.02702702702702703,0.0,0.02702702702702703,0.0,0.02702702702702703,0.0,0.0,0.0,0.0,0.0,0.0,0.0,0.0,0.0,0.0,0.0,0.02702702702702703,0.0,0.02702702702702703,0.02702702702702703
831,0.0,0.0,0.038461538461538464,0.0,0.0,0.038461538461538464,0.0,0.0,0.0,0.0,0.0,0.0,0.0,0.038461538461538464,0.0,0.0,0.0,0.3076923076923077,0.0,0.0,0.0,0.23076923076923078,0.0,0.0,0.0,0.0,0.15384615384615385,0.038461538461538464,0.0,0.0,0.0,0.07692307692307693,0.0,0.0,0.07692307692307693,0.0,0.0,0.0,0.0,0.0,0.0,0.0,0.0,0.0,0.0,0.0
832,0.1111111111111111,0.0,0.037037037037037035,0.0,0.0,0.0,0.0,0.0,0.0,0.0,0.0,0.0,0.0,0.0,0.0,0.0,0.07407407407407407,0.1111111111111111,0.0,0.0,0.0,0.0,0.5185185185185185,0.0,0.0,0.0,0.037037037037037035,0.0,0.0,0.0,0.0,0.0,0.037037037037037035,0.0,0.0,0.0,0.0,0.0,0.0,0.0,0.0,0.0,0.0,0.037037037037037035,0.037037037037037035,0.0
833,0.0,0.07692307692307693,0.0,0.0,0.0,0.0,0.0,0.0,0.0,0.0,0.0,0.0,0.038461538461538464,0.15384615384615385,0.11538461538461539,0.0,0.0,0.0,0.07692307692307693,0.038461538461538464,0.0,0.0,0.0,0.0,0.0,0.038461538461538464,0.038461538461538464,0.0,0.0,0.038461538461538464,0.0,0.0,0.0,0.038461538461538464,0.23076923076923078,0.11538461538461539,0.0,0.0,0.0,0.0,0.0,0.0,0.0,0.0,0.0,0.0
834,0.0,0.0,0.022727272727272728,0.0,0.045454545454545456,0.0,0.0,0.5,0.0,0.022727272727272728,0.022727272727272728,0.022727272727272728,0.0,0.045454545454545456,0.022727272727272728,0.045454545454545456,0.022727272727272728,0.0,0.0,0.0,0.0,0.022727272727272728,0.022727272727272728,0.0,0.022727272727272728,0.0,0.0,0.045454545454545456,0.0,0.045454545454545456,0.0,0.0,0.022727272727272728,0.0,0.0,0.0,0.0,0.0,0.0,0.0,0.0,0.0,0.022727272727272728,0.0,0.022727272727272728,0.0
835,0.0,0.0,0.0,0.07407407407407407,0.0,0.0,0.0,0.0,0.0,0.0,0.0,0.0,0.0,0.0,0.037037037037037035,0.0,0.07407407407407407,0.7407407407407407,0.0,0.037037037037037035,0.0,0.0,0.0,0.0,0.0,0.0,0.0,0.0,0.0,0.0,0.0,0.0,0.0,0.037037037037037035,0.0,0.0,0.0,0.0,0.0,0.0,0.0,0.0,0.0,0.0,0.0,0.0
836,0.0,0.02702702702702703,0.0,0.0,0.21621621621621623,0.05405405405405406,0.43243243243243246,0.05405405405405406,0.0,0.0,0.02702702702702703,0.0,0.0,0.0,0.02702702702702703,0.0,0.0,0.0,0.0,0.02702702702702703,0.02702702702702703,0.0,0.02702702702702703,0.0,0.02702702702702703,0.0,0.0,0.0,0.0,0.0,0.02702702702702703,0.0,0.0,0.02702702702702703,0.0,0.0,0.0,0.0,0.0,0.0,0.0,0.0,0.0,0.0,0.0,0.0
837,0.15151515151515152,0.18181818181818182,0.12121212121212122,0.0,0.09090909090909091,0.0,0.0,0.0,0.0,0.0,0.3333333333333333,0.0,0.0,0.0,0.0,0.0,0.0,0.0,0.0,0.030303030303030304,0.0,0.0,0.0,0.0,0.0,0.0,0.0,0.0,0.0,0.0,0.030303030303030304,0.0,0.0,0.0,0.06060606060606061,0.0,0.0,0.0,0.0,0.0,0.0,0.0,0.0,0.0,0.0,0.0
838,0.02,0.5,0.0,0.02,0.0,0.0,0.02,0.0,0.06,0.0,0.0,0.0,0.0,0.0,0.04,0.0,0.02,0.02,0.02,0.0,0.0,0.06,0.0,0.0,0.0,0.04,0.08,0.0,0.0,0.0,0.0,0.0,0.04,0.02,0.0,0.02,0.0,0.0,0.0,0.0,0.02,0.0,0.0,0.0,0.0,0.0
839,0.0,0.14814814814814814,0.6666666666666666,0.0,0.0,0.0,0.0,0.0,0.0,0.037037037037037035,0.0,0.0,0.0,0.0,0.0,0.07407407407407407,0.0,0.0,0.0,0.0,0.0,0.037037037037037035,0.0,0.037037037037037035,0.0,0.0,0.0,0.0,0.0,0.0,0.0,0.0,0.0,0.0,0.0,0.0,0.0,0.0,0.0,0.0,0.0,0.0,0.0,0.0,0.0,0.0
840,0.02631578947368421,0.05263157894736842,0.0,0.0,0.0,0.0,0.02631578947368421,0.0,0.0,0.0,0.0,0.0,0.02631578947368421,0.0,0.0,0.02631578947368421,0.07894736842105263,0.0,0.0,0.05263157894736842,0.0,0.4473684210526316,0.02631578947368421,0.02631578947368421,0.02631578947368421,0.05263157894736842,0.0,0.0,0.0,0.0,0.0,0.0,0.0,0.0,0.02631578947368421,0.0,0.0,0.0,0.02631578947368421,0.0,0.0,0.02631578947368421,0.02631578947368421,0.0,0.02631578947368421,0.0
841,0.0,0.7222222222222222,0.1111111111111111,0.0,0.05555555555555555,0.05555555555555555,0.0,0.0,0.05555555555555555,0.0,0.0,0.0,0.0,0.0,0.0,0.0,0.0,0.0,0.0,0.0,0.0,0.0,0.0,0.0,0.0,0.0,0.0,0.0,0.0,0.0,0.0,0.0,0.0,0.0,0.0,0.0,0.0,0.0,0.0,0.0,0.0,0.0,0.0,0.0,0.0,0.0
842,0.07407407407407407,0.0,0.037037037037037035,0.0,0.0,0.0,0.07407407407407407,0.0,0.0,0.0,0.0,0.0,0.2222222222222222,0.0,0.0,0.0,0.0,0.0,0.0,0.0,0.0,0.0,0.0,0.0,0.0,0.0,0.0,0.0,0.5925925925925926,0.0,0.0,0.0,0.0,0.0,0.0,0.0,0.0,0.0,0.0,0.0,0.0,0.0,0.0,0.0,0.0,0.0
843,0.0,0.0,0.0,0.041666666666666664,0.0,0.25,0.0,0.0,0.0,0.0,0.0,0.0,0.0,0.0,0.0,0.0,0.0,0.041666666666666664,0.041666666666666664,0.041666666666666664,0.0,0.5,0.0,0.041666666666666664,0.041666666666666664,0.0,0.0,0.0,0.0,0.0,0.0,0.0,0.0,0.0,0.0,0.0,0.0,0.0,0.0,0.0,0.0,0.0,0.0,0.0,0.0,0.0
844,0.05263157894736842,0.042105263157894736,0.08421052631578947,0.010526315789473684,0.042105263157894736,0.010526315789473684,0.042105263157894736,0.010526315789473684,0.0,0.010526315789473684,0.021052631578947368,0.010526315789473684,0.021052631578947368,0.010526315789473684,0.031578947368421054,0.0,0.021052631578947368,0.031578947368421054,0.0,0.06315789473684211,0.05263157894736842,0.010526315789473684,0.010526315789473684,0.14736842105263157,0.0,0.031578947368421054,0.031578947368421054,0.0,0.05263157894736842,0.031578947368421054,0.010526315789473684,0.031578947368421054,0.0,0.031578947368421054,0.010526315789473684,0.0,0.0,0.0,0.0,0.0,0.0,0.010526315789473684,0.010526315789473684,0.010526315789473684,0.0,0.0
845,0.0,0.0,0.0,0.0,0.0,0.0,0.0,0.024390243902439025,0.04878048780487805,0.0,0.024390243902439025,0.0,0.0,0.0,0.0,0.0,0.0,0.04878048780487805,0.0,0.0,0.024390243902439025,0.0,0.0,0.0,0.0,0.0,0.0,0.0,0.0,0.0,0.0,0.0,0.024390243902439025,0.024390243902439025,0.04878048780487805,0.024390243902439025,0.0,0.0,0.0,0.0,0.0,0.0,0.7073170731707317,0.0,0.0,0.0
846,0.0,0.0,0.0,0.0,0.08695652173913043,0.0,0.0,0.0,0.0,0.0,0.0,0.043478260869565216,0.0,0.0,0.0,0.0,0.0,0.0,0.0,0.0,0.782608695652174,0.043478260869565216,0.0,0.0,0.0,0.0,0.0,0.0,0.0,0.0,0.0,0.0,0.0,0.0,0.043478260869565216,0.0,0.0,0.0,0.0,0.0,0.0,0.0,0.0,0.0,0.0,0.0
847,0.03571428571428571,0.0,0.0,0.0,0.0,0.03571428571428571,0.0,0.0,0.0,0.0,0.0,0.03571428571428571,0.0,0.0,0.0,0.03571428571428571,0.0,0.03571428571428571,0.0,0.07142857142857142,0.07142857142857142,0.0,0.0,0.5714285714285714,0.0,0.03571428571428571,0.0,0.0,0.0,0.0,0.0,0.0,0.0,0.0,0.0,0.03571428571428571,0.0,0.0,0.0,0.0,0.0,0.0,0.03571428571428571,0.0,0.0,0.0
848,0.0,0.03225806451612903,0.03225806451612903,0.6129032258064516,0.0,0.03225806451612903,0.0,0.12903225806451613,0.0,0.0,0.0,0.0,0.0,0.0,0.0,0.03225806451612903,0.0,0.0,0.0,0.0,0.03225806451612903,0.0,0.0,0.0,0.0,0.03225806451612903,0.0,0.0,0.0,0.0,0.0,0.0,0.0,0.0,0.03225806451612903,0.0,0.0,0.0,0.0,0.0,0.0,0.0,0.0,0.0,0.03225806451612903,0.0
849,0.0,0.0,0.0,0.0,0.0,0.0,0.0,0.0,0.0,0.0,0.0,0.8461538461538461,0.0,0.0,0.0,0.0,0.0,0.0,0.0,0.0,0.0,0.0,0.0,0.038461538461538464,0.0,0.0,0.0,0.0,0.0,0.0,0.0,0.0,0.0,0.0,0.11538461538461539,0.0,0.0,0.0,0.0,0.0,0.0,0.0,0.0,0.0,0.0,0.0
850,0.0,0.0,0.0,0.0,0.09523809523809523,0.047619047619047616,0.0,0.0,0.09523809523809523,0.0,0.047619047619047616,0.0,0.0,0.0,0.0,0.0,0.047619047619047616,0.38095238095238093,0.0,0.0,0.0,0.0,0.047619047619047616,0.0,0.0,0.0,0.047619047619047616,0.0,0.0,0.0,0.0,0.19047619047619047,0.0,0.0,0.0,0.0,0.0,0.0,0.0,0.0,0.0,0.0,0.0,0.0,0.0,0.0
851,0.0,0.0196078431372549,0.0,0.0392156862745098,0.0,0.0392156862745098,0.0196078431372549,0.0392156862745098,0.09803921568627451,0.058823529411764705,0.0196078431372549,0.0,0.1568627450980392,0.0196078431372549,0.0,0.0,0.0,0.0196078431372549,0.0392156862745098,0.0,0.0,0.0,0.0196078431372549,0.13725490196078433,0.0,0.0,0.09803921568627451,0.0,0.0196078431372549,0.0,0.0,0.0,0.0196078431372549,0.0196078431372549,0.0196078431372549,0.0,0.0,0.0,0.0,0.0,0.0,0.0,0.0196078431372549,0.0,0.0196078431372549,0.058823529411764705
852,0.0,0.0,0.0,0.0,0.0,0.0,0.2727272727272727,0.0,0.6363636363636364,0.0,0.0,0.0,0.0,0.0,0.0,0.0,0.0,0.0,0.0,0.0,0.0,0.0,0.0,0.045454545454545456,0.045454545454545456,0.0,0.0,0.0,0.0,0.0,0.0,0.0,0.0,0.0,0.0,0.0,0.0,0.0,0.0,0.0,0.0,0.0,0.0,0.0,0.0,0.0
853,0.0,0.0,0.0,0.0,0.0,0.0,0.0,0.3076923076923077,0.0,0.0,0.0,0.0,0.0,0.0,0.11538461538461539,0.038461538461538464,0.0,0.0,0.0,0.11538461538461539,0.0,0.34615384615384615,0.0,0.038461538461538464,0.0,0.038461538461538464,0.0,0.0,0.0,0.0,0.0,0.0,0.0,0.0,0.0,0.0,0.0,0.0,0.0,0.0,0.0,0.0,0.0,0.0,0.0,0.0
854,0.0,0.0,0.02631578947368421,0.0,0.02631578947368421,0.02631578947368421,0.3684210526315789,0.02631578947368421,0.0,0.0,0.0,0.0,0.02631578947368421,0.0,0.0,0.0,0.07894736842105263,0.0,0.0,0.0,0.0,0.0,0.10526315789473684,0.02631578947368421,0.02631578947368421,0.02631578947368421,0.05263157894736842,0.0,0.0,0.0,0.02631578947368421,0.0,0.02631578947368421,0.05263157894736842,0.05263157894736842,0.0,0.0,0.0,0.0,0.0,0.0,0.02631578947368421,0.0,0.0,0.0,0.0
855,0.0,0.0,0.024390243902439025,0.0,0.0975609756097561,0.0,0.0,0.0,0.0,0.024390243902439025,0.0,0.0,0.0,0.04878048780487805,0.024390243902439025,0.17073170731707318,0.1951219512195122,0.024390243902439025,0.0,0.0,0.04878048780487805,0.024390243902439025,0.0,0.0,0.0,0.0,0.17073170731707318,0.0,0.04878048780487805,0.0,0.0,0.0,0.0,0.024390243902439025,0.024390243902439025,0.024390243902439025,0.0,0.0,0.0,0.0,0.0,0.0,0.0,0.024390243902439025,0.0,0.0
856,0.0,0.0,0.0,0.0,0.0,0.0,0.0,0.029411764705882353,0.0,0.5,0.0,0.029411764705882353,0.0,0.0,0.029411764705882353,0.0,0.0,0.029411764705882353,0.029411764705882353,0.029411764705882353,0.0,0.058823529411764705,0.14705882352941177,0.0,0.029411764705882353,0.0,0.0,0.0,0.0,0.08823529411764706,0.0,0.0,0.0,0.0,0.0,0.0,0.0,0.0,0.0,0.0,0.0,0.0,0.0,0.0,0.0,0.0
857,0.0,0.0,0.0,0.0,0.0,0.03333333333333333,0.0,0.0,0.0,0.03333333333333333,0.0,0.03333333333333333,0.0,0.0,0.03333333333333333,0.0,0.0,0.0,0.0,0.0,0.0,0.0,0.0,0.0,0.03333333333333333,0.06666666666666667,0.06666666666666667,0.0,0.06666666666666667,0.0,0.0,0.0,0.0,0.0,0.0,0.6333333333333333,0.0,0.0,0.0,0.0,0.0,0.0,0.0,0.0,0.0,0.0
858,0.0,0.0,0.0,0.0,0.0,0.0,0.0,0.0,0.0,0.0,0.625,0.16666666666666666,0.0,0.0,0.0,0.0,0.0,0.041666666666666664,0.0,0.0,0.0,0.0,0.0,0.0,0.0,0.041666666666666664,0.0,0.0,0.0,0.0,0.041666666666666664,0.041666666666666664,0.0,0.0,0.0,0.041666666666666664,0.0,0.0,0.0,0.0,0.0,0.0,0.0,0.0,0.0,0.0
859,0.0,0.0,0.0,0.07407407407407407,0.0,0.0,0.0,0.0,0.0,0.0,0.0,0.0,0.0,0.5555555555555556,0.0,0.037037037037037035,0.0,0.037037037037037035,0.0,0.0,0.037037037037037035,0.037037037037037035,0.0,0.0,0.0,0.0,0.037037037037037035,0.0,0.0,0.0,0.0,0.037037037037037035,0.0,0.037037037037037035,0.037037037037037035,0.0,0.0,0.0,0.0,0.0,0.0,0.0,0.0,0.037037037037037035,0.0,0.037037037037037035
860,0.0,0.0,0.06666666666666667,0.0,0.03333333333333333,0.0,0.0,0.0,0.0,0.0,0.0,0.0,0.0,0.0,0.1,0.0,0.0,0.0,0.0,0.03333333333333333,0.0,0.0,0.0,0.03333333333333333,0.03333333333333333,0.0,0.0,0.0,0.0,0.0,0.0,0.5666666666666667,0.03333333333333333,0.03333333333333333,0.03333333333333333,0.0,0.0,0.0,0.0,0.0,0.0,0.0,0.0,0.03333333333333333,0.0,0.0
861,0.0,0.0,0.0,0.058823529411764705,0.058823529411764705,0.0,0.0,0.0,0.0,0.0,0.0,0.0,0.0,0.0,0.17647058823529413,0.7058823529411765,0.0,0.0,0.0,0.0,0.0,0.0,0.0,0.0,0.0,0.0,0.0,0.0,0.0,0.0,0.0,0.0,0.0,0.0,0.0,0.0,0.0,0.0,0.0,0.0,0.0,0.0,0.0,0.0,0.0,0.0
862,0.0,0.02127659574468085,0.0425531914893617,0.06382978723404255,0.0,0.0,0.0,0.06382978723404255,0.0,0.0,0.0,0.0,0.0,0.0,0.0851063829787234,0.02127659574468085,0.02127659574468085,0.0,0.02127659574468085,0.02127659574468085,0.0,0.0,0.0425531914893617,0.0,0.0,0.0425531914893617,0.3617021276595745,0.02127659574468085,0.0425531914893617,0.02127659574468085,0.02127659574468085,0.0425531914893617,0.0,0.0,0.0,0.02127659574468085,0.0,0.0,0.0,0.0,0.0,0.0,0.02127659574468085,0.0,0.0,0.0
863,0.0,0.0,0.0,0.0,0.0,0.0,0.0,0.0,0.1111111111111111,0.0,0.0,0.0,0.0,0.0,0.037037037037037035,0.037037037037037035,0.0,0.0,0.0,0.0,0.037037037037037035,0.0,0.07407407407407407,0.0,0.0,0.0,0.0,0.1111111111111111,0.0,0.0,0.037037037037037035,0.0,0.14814814814814814,0.1111111111111111,0.25925925925925924,0.0,0.0,0.0,0.0,0.0,0.0,0.0,0.0,0.0,0.037037037037037035,0.0
864,0.0,0.0,0.0,0.0625,0.0,0.0,0.0,0.0,0.0,0.0,0.0,0.0,0.0,0.0,0.0,0.0,0.03125,0.0,0.0,0.0,0.09375,0.0,0.0625,0.0,0.0,0.0,0.0,0.03125,0.03125,0.0,0.03125,0.46875,0.0625,0.0,0.03125,0.0,0.0,0.0,0.0,0.0,0.0,0.0,0.0,0.09375,0.0,0.0
865,0.0,0.0,0.0,0.0,0.0,0.0,0.0,0.0,0.0,0.0,0.0,0.0,0.0,0.0,0.0,0.0,0.0,0.0,0.0,0.0,0.0,0.0,0.0,0.9545454545454546,0.0,0.0,0.045454545454545456,0.0,0.0,0.0,0.0,0.0,0.0,0.0,0.0,0.0,0.0,0.0,0.0,0.0,0.0,0.0,0.0,0.0,0.0,0.0
866,0.0,0.02127659574468085,0.0,0.0,0.0,0.02127659574468085,0.02127659574468085,0.0,0.0,0.02127659574468085,0.02127659574468085,0.0,0.0,0.0,0.0,0.0425531914893617,0.06382978723404255,0.02127659574468085,0.0425531914893617,0.02127659574468085,0.0,0.02127659574468085,0.0425531914893617,0.06382978723404255,0.0,0.0,0.0,0.02127659574468085,0.06382978723404255,0.02127659574468085,0.02127659574468085,0.0,0.0,0.3617021276595745,0.02127659574468085,0.0425531914893617,0.0,0.0,0.0,0.0,0.0,0.0,0.02127659574468085,0.0,0.0,0.0
867,0.0,0.038461538461538464,0.0,0.038461538461538464,0.0,0.0,0.019230769230769232,0.019230769230769232,0.019230769230769232,0.019230769230769232,0.0,0.07692307692307693,0.0,0.038461538461538464,0.019230769230769232,0.0,0.019230769230769232,0.0,0.0,0.019230769230769232,0.07692307692307693,0.038461538461538464,0.038461538461538464,0.038461538461538464,0.0,0.038461538461538464,0.0,0.019230769230769232,0.0,0.0,0.0,0.038461538461538464,0.038461538461538464,0.19230769230769232,0.019230769230769232,0.1346153846153846,0.0,0.0,0.0,0.0,0.0,0.0,0.0,0.0,0.0,0.0
868,0.0,0.0,0.0,0.6818181818181818,0.0,0.0,0.0,0.0,0.0,0.0,0.0,0.0,0.0,0.0,0.13636363636363635,0.045454545454545456,0.045454545454545456,0.0,0.0,0.0,0.0,0.0,0.0,0.0,0.0,0.0,0.0,0.0,0.0,0.045454545454545456,0.0,0.0,0.0,0.045454545454545456,0.0,0.0,0.0,0.0,0.0,0.0,0.0,0.0,0.0,0.0,0.0,0.0
869,0.0,0.0,0.0,0.023809523809523808,0.0,0.047619047619047616,0.0,0.0,0.023809523809523808,0.023809523809523808,0.023809523809523808,0.023809523809523808,0.0,0.0,0.0,0.0,0.023809523809523808,0.0,0.0,0.047619047619047616,0.0,0.0,0.023809523809523808,0.0,0.047619047619047616,0.4523809523809524,0.07142857142857142,0.0,0.0,0.0,0.023809523809523808,0.0,0.023809523809523808,0.023809523809523808,0.0,0.047619047619047616,0.0,0.0,0.0,0.0,0.0,0.0,0.023809523809523808,0.023809523809523808,0.0,0.0
870,0.0,0.0,0.0,0.0,0.0,0.0,0.0,0.0,0.0,0.045454545454545456,0.045454545454545456,0.0,0.0,0.0,0.0,0.0,0.0,0.0,0.0,0.0,0.0,0.0,0.0,0.045454545454545456,0.0,0.0,0.0,0.0,0.0,0.0,0.0,0.0,0.0,0.0,0.7272727272727273,0.0,0.045454545454545456,0.0,0.0,0.0,0.09090909090909091,0.0,0.0,0.0,0.0,0.0
871,0.0,0.0,0.0,0.05,0.0,0.0,0.0,0.0,0.0,0.7,0.0,0.0,0.0,0.0,0.05,0.0,0.0,0.0,0.0,0.0,0.0,0.0,0.0,0.05,0.0,0.0,0.05,0.0,0.0,0.05,0.0,0.0,0.0,0.05,0.0,0.0,0.0,0.0,0.0,0.0,0.0,0.0,0.0,0.0,0.0,0.0
872,0.0,0.0,0.0,0.08333333333333333,0.0,0.0,0.041666666666666664,0.0,0.0,0.0,0.08333333333333333,0.3333333333333333,0.3333333333333333,0.0,0.0,0.0,0.0,0.0,0.0,0.0,0.0,0.0,0.0,0.0,0.0,0.0,0.0,0.041666666666666664,0.0,0.0,0.041666666666666664,0.0,0.0,0.041666666666666664,0.0,0.0,0.0,0.0,0.0,0.0,0.0,0.0,0.0,0.0,0.0,0.0
873,0.0,0.037037037037037035,0.037037037037037035,0.07407407407407407,0.0,0.0,0.037037037037037035,0.0,0.0,0.0,0.0,0.48148148148148145,0.037037037037037035,0.0,0.037037037037037035,0.0,0.0,0.0,0.037037037037037035,0.0,0.07407407407407407,0.0,0.0,0.0,0.0,0.0,0.0,0.0,0.037037037037037035,0.037037037037037035,0.0,0.0,0.0,0.0,0.0,0.037037037037037035,0.0,0.0,0.0,0.0,0.0,0.0,0.0,0.037037037037037035,0.0,0.0
874,0.0,0.3333333333333333,0.0,0.0,0.0,0.08333333333333333,0.0,0.041666666666666664,0.0,0.0,0.0,0.0,0.0,0.0,0.0,0.0,0.0,0.0,0.0,0.0,0.0,0.0,0.0,0.0,0.0,0.041666666666666664,0.08333333333333333,0.0,0.041666666666666664,0.0,0.0,0.0,0.0,0.0,0.0,0.0,0.0,0.0,0.0,0.0,0.0,0.0,0.0,0.375,0.0,0.0
875,0.0,0.0,0.02702702702702703,0.0,0.0,0.0,0.0,0.0,0.0,0.0,0.0,0.05405405405405406,0.02702702702702703,0.02702702702702703,0.02702702702702703,0.0,0.0,0.02702702702702703,0.08108108108108109,0.0,0.0,0.0,0.0,0.1891891891891892,0.0,0.02702702702702703,0.10810810810810811,0.02702702702702703,0.24324324324324326,0.0,0.02702702702702703,0.0,0.0,0.02702702702702703,0.0,0.02702702702702703,0.0,0.0,0.0,0.0,0.0,0.0,0.02702702702702703,0.0,0.02702702702702703,0.0
876,0.16666666666666666,0.0,0.16666666666666666,0.0,0.0,0.0,0.0,0.1111111111111111,0.0,0.05555555555555555,0.05555555555555555,0.3333333333333333,0.0,0.1111111111111111,0.0,0.0,0.0,0.0,0.0,0.0,0.0,0.0,0.0,0.0,0.0,0.0,0.0,0.0,0.0,0.0,0.0,0.0,0.0,0.0,0.0,0.0,0.0,0.0,0.0,0.0,0.0,0.0,0.0,0.0,0.0,0.0
877,0.02127659574468085,0.0,0.0425531914893617,0.02127659574468085,0.02127659574468085,0.0,0.02127659574468085,0.02127659574468085,0.0,0.06382978723404255,0.2553191489361702,0.0,0.0,0.0425531914893617,0.0,0.0,0.02127659574468085,0.0,0.02127659574468085,0.02127659574468085,0.0,0.0,0.0425531914893617,0.19148936170212766,0.0,0.02127659574468085,0.0425531914893617,0.0,0.0,0.02127659574468085,0.0,0.0,0.0425531914893617,0.0,0.0,0.0,0.0,0.0,0.0,0.0,0.0,0.0,0.02127659574468085,0.0425531914893617,0.0,0.0
878,0.0,0.6571428571428571,0.02857142857142857,0.0,0.02857142857142857,0.0,0.0,0.0,0.0,0.0,0.0,0.0,0.0,0.05714285714285714,0.0,0.02857142857142857,0.02857142857142857,0.0,0.02857142857142857,0.0,0.0,0.0,0.02857142857142857,0.02857142857142857,0.0,0.05714285714285714,0.0,0.0,0.02857142857142857,0.0,0.0,0.0,0.0,0.0,0.0,0.0,0.0,0.0,0.0,0.0,0.0,0.0,0.0,0.0,0.0,0.0
879,0.0,0.0,0.0,0.018867924528301886,0.0,0.0,0.0,0.018867924528301886,0.018867924528301886,0.03773584905660377,0.2641509433962264,0.018867924528301886,0.0,0.2641509433962264,0.0,0.0,0.0,0.1320754716981132,0.0,0.018867924528301886,0.0,0.0,0.0,0.0,0.0,0.0,0.03773584905660377,0.0,0.0,0.0,0.018867924528301886,0.018867924528301886,0.0,0.018867924528301886,0.0,0.05660377358490566,0.0,0.0,0.0,0.0,0.0,0.03773584905660377,0.0,0.0,0.018867924528301886,0.0
880,0.0,0.0,0.03333333333333333,0.03333333333333333,0.03333333333333333,0.0,0.23333333333333334,0.0,0.0,0.0,0.0,0.0,0.0,0.0,0.0,0.0,0.03333333333333333,0.0,0.0,0.0,0.0,0.0,0.0,0.0,0.0,0.0,0.5333333333333333,0.0,0.0,0.03333333333333333,0.0,0.0,0.0,0.0,0.0,0.0,0.0,0.0,0.0,0.0,0.0,0.0,0.0,0.0,0.06666666666666667,0.0
881,0.0,0.08695652173913043,0.13043478260869565,0.043478260869565216,0.08695652173913043,0.0,0.0,0.0,0.0,0.0,0.13043478260869565,0.0,0.0,0.0,0.0,0.0,0.0,0.0,0.0,0.0,0.0,0.0,0.0,0.0,0.0,0.0,0.0,0.13043478260869565,0.0,0.0,0.0,0.30434782608695654,0.0,0.0,0.0,0.0,0.0,0.0,0.0,0.0,0.0,0.08695652173913043,0.0,0.0,0.0,0.0
882,0.09375,0.0,0.0,0.0,0.0,0.0,0.0,0.0,0.0,0.03125,0.125,0.0,0.0,0.03125,0.0,0.0,0.0,0.0,0.0,0.0,0.0,0.0,0.0,0.0,0.03125,0.40625,0.15625,0.03125,0.0,0.0,0.0,0.0,0.0625,0.0,0.0,0.0,0.0,0.0,0.0,0.0,0.0,0.0,0.0,0.03125,0.0,0.0
883,0.02857142857142857,0.0,0.02857142857142857,0.0,0.0,0.02857142857142857,0.0,0.0,0.02857142857142857,0.0,0.0,0.0,0.0,0.02857142857142857,0.02857142857142857,0.0,0.05714285714285714,0.02857142857142857,0.14285714285714285,0.0,0.0,0.02857142857142857,0.02857142857142857,0.02857142857142857,0.02857142857142857,0.05714285714285714,0.0,0.0,0.0,0.0,0.0,0.0,0.02857142857142857,0.0,0.05714285714285714,0.0,0.0,0.0,0.0,0.0,0.02857142857142857,0.0,0.3142857142857143,0.0,0.0,0.0
884,0.09523809523809523,0.0,0.14285714285714285,0.0,0.047619047619047616,0.09523809523809523,0.0,0.047619047619047616,0.0,0.23809523809523808,0.047619047619047616,0.0,0.09523809523809523,0.047619047619047616,0.14285714285714285,0.0,0.0,0.0,0.0,0.0,0.0,0.0,0.0,0.0,0.0,0.0,0.0,0.0,0.0,0.0,0.0,0.0,0.0,0.0,0.0,0.0,0.0,0.0,0.0,0.0,0.0,0.0,0.0,0.0,0.0,0.0
885,0.0,0.0,0.0,0.03571428571428571,0.32142857142857145,0.0,0.03571428571428571,0.0,0.0,0.10714285714285714,0.0,0.0,0.14285714285714285,0.0,0.0,0.0,0.0,0.0,0.0,0.0,0.0,0.0,0.0,0.0,0.0,0.0,0.0,0.03571428571428571,0.0,0.0,0.0,0.0,0.0,0.0,0.0,0.0,0.0,0.0,0.0,0.0,0.0,0.0,0.0,0.0,0.0,0.32142857142857145
886,0.0,0.0,0.0,0.8823529411764706,0.0,0.0,0.0,0.0,0.058823529411764705,0.0,0.0,0.0,0.0,0.0,0.0,0.0,0.0,0.0,0.0,0.0,0.0,0.0,0.0,0.0,0.0,0.0,0.0,0.0,0.0,0.0,0.0,0.0,0.0,0.058823529411764705,0.0,0.0,0.0,0.0,0.0,0.0,0.0,0.0,0.0,0.0,0.0,0.0
887,0.0,0.0,0.0,0.0,0.0,0.03125,0.0,0.0,0.0,0.0,0.0,0.0,0.0,0.0,0.0,0.0,0.0,0.0,0.3125,0.0,0.0,0.0,0.0,0.0625,0.03125,0.09375,0.0,0.0,0.0625,0.0,0.40625,0.0,0.0,0.0,0.0,0.0,0.0,0.0,0.0,0.0,0.0,0.0,0.0,0.0,0.0,0.0
888,0.0,0.0,0.5454545454545454,0.0,0.0,0.0,0.0,0.0,0.0,0.0,0.045454545454545456,0.0,0.0,0.0,0.09090909090909091,0.045454545454545456,0.0,0.0,0.045454545454545456,0.0,0.0,0.0,0.0,0.0,0.0,0.0,0.22727272727272727,0.0,0.0,0.0,0.0,0.0,0.0,0.0,0.0,0.0,0.0,0.0,0.0,0.0,0.0,0.0,0.0,0.0,0.0,0.0
889,0.0,0.0,0.05,0.05,0.75,0.0,0.0,0.0,0.0,0.05,0.0,0.0,0.0,0.0,0.0,0.0,0.0,0.0,0.0,0.05,0.0,0.0,0.0,0.0,0.0,0.0,0.0,0.05,0.0,0.0,0.0,0.0,0.0,0.0,0.0,0.0,0.0,0.0,0.0,0.0,0.0,0.0,0.0,0.0,0.0,0.0
890,0.03225806451612903,0.03225806451612903,0.0,0.0,0.03225806451612903,0.03225806451612903,0.0,0.06451612903225806,0.0,0.0,0.03225806451612903,0.12903225806451613,0.25806451612903225,0.0,0.0,0.0,0.0,0.0,0.0,0.03225806451612903,0.0,0.0,0.0,0.0,0.03225806451612903,0.06451612903225806,0.0,0.03225806451612903,0.06451612903225806,0.0,0.0,0.03225806451612903,0.0,0.06451612903225806,0.0,0.0,0.0,0.0,0.0,0.0,0.0,0.03225806451612903,0.03225806451612903,0.0,0.0,0.0
891,0.0,0.0,0.0,0.0,0.0,0.0,0.0,0.05,0.05,0.0,0.0,0.0,0.0,0.0,0.0,0.0,0.0,0.05,0.0,0.05,0.15,0.0,0.0,0.0,0.0,0.0,0.0,0.0,0.0,0.0,0.0,0.6,0.05,0.0,0.0,0.0,0.0,0.0,0.0,0.0,0.0,0.0,0.0,0.0,0.0,0.0
892,0.03333333333333333,0.0,0.0,0.0,0.0,0.0,0.0,0.0,0.03333333333333333,0.0,0.0,0.0,0.0,0.03333333333333333,0.0,0.0,0.0,0.0,0.0,0.0,0.0,0.0,0.0,0.0,0.03333333333333333,0.0,0.03333333333333333,0.0,0.0,0.0,0.13333333333333333,0.03333333333333333,0.0,0.03333333333333333,0.0,0.0,0.0,0.0,0.0,0.0,0.0,0.0,0.6,0.0,0.03333333333333333,0.0
893,0.05714285714285714,0.0,0.0,0.0,0.0,0.0,0.0,0.0,0.0,0.0,0.2857142857142857,0.14285714285714285,0.02857142857142857,0.02857142857142857,0.0,0.0,0.0,0.02857142857142857,0.02857142857142857,0.0,0.0,0.0,0.08571428571428572,0.0,0.0,0.14285714285714285,0.0,0.0,0.0,0.02857142857142857,0.0,0.0,0.0,0.05714285714285714,0.0,0.0,0.0,0.0,0.0,0.0,0.0,0.0,0.05714285714285714,0.02857142857142857,0.0,0.0
894,0.0,0.0,0.0,0.023255813953488372,0.06976744186046512,0.0,0.023255813953488372,0.0,0.0,0.023255813953488372,0.0,0.13953488372093023,0.023255813953488372,0.0,0.0,0.0,0.023255813953488372,0.0,0.11627906976744186,0.0,0.06976744186046512,0.0,0.0,0.09302325581395349,0.0,0.0,0.046511627906976744,0.023255813953488372,0.0,0.0,0.32558139534883723,0.0,0.0,0.0,0.0,0.0,0.0,0.0,0.0,0.0,0.0,0.0,0.0,0.0,0.0,0.0
895,0.0,0.0,0.05,0.0,0.0,0.0,0.0,0.0,0.0,0.05,0.0,0.05,0.0,0.0,0.0,0.0,0.0,0.0,0.0,0.0,0.0,0.0,0.0,0.0,0.0,0.05,0.7,0.0,0.0,0.0,0.0,0.05,0.0,0.0,0.05,0.0,0.0,0.0,0.0,0.0,0.0,0.0,0.0,0.0,0.0,0.0
896,0.0,0.0,0.02631578947368421,0.02631578947368421,0.05263157894736842,0.05263157894736842,0.0,0.0,0.0,0.05263157894736842,0.0,0.0,0.02631578947368421,0.39473684210526316,0.05263157894736842,0.0,0.0,0.02631578947368421,0.02631578947368421,0.0,0.0,0.0,0.0,0.0,0.02631578947368421,0.0,0.02631578947368421,0.0,0.05263157894736842,0.0,0.0,0.0,0.0,0.05263157894736842,0.0,0.02631578947368421,0.0,0.0,0.0,0.0,0.0,0.0,0.0,0.0,0.05263157894736842,0.02631578947368421
897,0.0,0.0,0.0,0.0,0.0,0.0,0.0,0.0,0.0,0.0,0.0,0.03225806451612903,0.0,0.0,0.0,0.0,0.8387096774193549,0.0967741935483871,0.0,0.0,0.0,0.03225806451612903,0.0,0.0,0.0,0.0,0.0,0.0,0.0,0.0,0.0,0.0,0.0,0.0,0.0,0.0,0.0,0.0,0.0,0.0,0.0,0.0,0.0,0.0,0.0,0.0
898,0.0,0.07407407407407407,0.0,0.037037037037037035,0.0,0.0,0.0,0.0,0.0,0.0,0.07407407407407407,0.037037037037037035,0.0,0.0,0.0,0.0,0.0,0.0,0.0,0.0,0.0,0.0,0.0,0.0,0.0,0.0,0.5185185185185185,0.037037037037037035,0.037037037037037035,0.0,0.0,0.0,0.0,0.07407407407407407,0.07407407407407407,0.0,0.0,0.0,0.0,0.0,0.0,0.0,0.0,0.0,0.0,0.037037037037037035
899,0.0,0.0,0.0,0.23333333333333334,0.3,0.1,0.13333333333333333,0.0,0.0,0.0,0.0,0.0,0.0,0.0,0.0,0.0,0.0,0.0,0.0,0.0,0.0,0.0,0.0,0.03333333333333333,0.0,0.03333333333333333,0.0,0.03333333333333333,0.03333333333333333,0.03333333333333333,0.03333333333333333,0.0,0.0,0.03333333333333333,0.0,0.0,0.0,0.0,0.0,0.0,0.0,0.0,0.0,0.0,0.0,0.0
900,0.0,0.0,0.0,0.0,0.0,0.08,0.0,0.0,0.04,0.0,0.0,0.0,0.0,0.0,0.0,0.0,0.0,0.0,0.04,0.04,0.0,0.64,0.0,0.04,0.04,0.0,0.04,0.0,0.0,0.0,0.0,0.0,0.0,0.0,0.04,0.0,0.0,0.0,0.0,0.0,0.0,0.0,0.0,0.0,0.0,0.0
901,0.0,0.0,0.0,0.0,0.0,0.0,0.0,0.0,0.0,0.0,0.13636363636363635,0.0,0.045454545454545456,0.0,0.0,0.0,0.0,0.5454545454545454,0.0,0.0,0.0,0.0,0.09090909090909091,0.0,0.0,0.045454545454545456,0.0,0.0,0.0,0.0,0.0,0.045454545454545456,0.0,0.0,0.0,0.0,0.045454545454545456,0.0,0.0,0.0,0.0,0.0,0.045454545454545456,0.0,0.0,0.0
902,0.0,0.0,0.0,0.037037037037037035,0.0,0.0,0.0,0.0,0.0,0.0,0.037037037037037035,0.0,0.0,0.037037037037037035,0.037037037037037035,0.0,0.0,0.0,0.0,0.0,0.0,0.0,0.14814814814814814,0.0,0.0,0.1111111111111111,0.1111111111111111,0.0,0.25925925925925924,0.0,0.18518518518518517,0.0,0.0,0.0,0.037037037037037035,0.0,0.0,0.0,0.0,0.0,0.0,0.0,0.0,0.0,0.0,0.0
903,0.017241379310344827,0.06896551724137931,0.034482758620689655,0.0,0.017241379310344827,0.017241379310344827,0.05172413793103448,0.017241379310344827,0.034482758620689655,0.017241379310344827,0.034482758620689655,0.017241379310344827,0.0,0.0,0.034482758620689655,0.017241379310344827,0.034482758620689655,0.017241379310344827,0.05172413793103448,0.0,0.017241379310344827,0.017241379310344827,0.017241379310344827,0.06896551724137931,0.017241379310344827,0.0,0.08620689655172414,0.0,0.06896551724137931,0.0,0.034482758620689655,0.06896551724137931,0.017241379310344827,0.017241379310344827,0.0,0.0,0.017241379310344827,0.0,0.0,0.0,0.017241379310344827,0.0,0.0,0.034482758620689655,0.017241379310344827,0.0
904,0.0,0.0,0.043478260869565216,0.21739130434782608,0.043478260869565216,0.0,0.043478260869565216,0.043478260869565216,0.391304347826087,0.0,0.0,0.0,0.0,0.0,0.0,0.043478260869565216,0.043478260869565216,0.0,0.0,0.0,0.0,0.043478260869565216,0.0,0.0,0.0,0.0,0.043478260869565216,0.0,0.043478260869565216,0.0,0.0,0.0,0.0,0.0,0.0,0.0,0.0,0.0,0.0,0.0,0.0,0.0,0.0,0.0,0.0,0.0
905,0.0,0.03225806451612903,0.0,0.0,0.03225806451612903,0.0,0.0,0.0,0.0,0.0,0.06451612903225806,0.0,0.0,0.03225806451612903,0.06451612903225806,0.22580645161290322,0.0967741935483871,0.0,0.0,0.0,0.06451612903225806,0.0,0.06451612903225806,0.0,0.03225806451612903,0.03225806451612903,0.0,0.0,0.12903225806451613,0.0,0.0,0.0,0.03225806451612903,0.0,0.0967741935483871,0.0,0.0,0.0,0.0,0.0,0.0,0.0,0.0,0.0,0.0,0.0
906,0.0,0.03571428571428571,0.03571428571428571,0.25,0.03571428571428571,0.03571428571428571,0.0,0.0,0.2857142857142857,0.0,0.03571428571428571,0.0,0.0,0.0,0.03571428571428571,0.0,0.0,0.0,0.03571428571428571,0.0,0.0,0.0,0.0,0.0,0.0,0.0,0.0,0.0,0.07142857142857142,0.0,0.03571428571428571,0.0,0.03571428571428571,0.0,0.03571428571428571,0.0,0.0,0.0,0.0,0.0,0.0,0.0,0.0,0.03571428571428571,0.0,0.0
907,0.0,0.0,0.0,0.0,0.0,0.041666666666666664,0.0,0.041666666666666664,0.08333333333333333,0.0,0.0,0.0,0.0,0.0,0.0,0.0,0.0,0.0,0.041666666666666664,0.0,0.0,0.0,0.0,0.625,0.0,0.0,0.0,0.0,0.0,0.0,0.0,0.041666666666666664,0.041666666666666664,0.0,0.0,0.0,0.0,0.0,0.0,0.0,0.0,0.041666666666666664,0.0,0.0,0.041666666666666664,0.0
908,0.0,0.0,0.05,0.0,0.2,0.0,0.0,0.0,0.05,0.0,0.0,0.0,0.0,0.0,0.5,0.0,0.05,0.0,0.05,0.0,0.0,0.05,0.0,0.05,0.0,0.0,0.0,0.0,0.0,0.0,0.0,0.0,0.0,0.0,0.0,0.0,0.0,0.0,0.0,0.0,0.0,0.0,0.0,0.0,0.0,0.0
909,0.0,0.0,0.058823529411764705,0.0,0.0,0.0,0.0,0.0,0.0,0.0,0.058823529411764705,0.0,0.0,0.0,0.0,0.0,0.0,0.8235294117647058,0.0,0.0,0.0,0.0,0.0,0.0,0.0,0.0,0.0,0.0,0.0,0.058823529411764705,0.0,0.0,0.0,0.0,0.0,0.0,0.0,0.0,0.0,0.0,0.0,0.0,0.0,0.0,0.0,0.0
910,0.04878048780487805,0.024390243902439025,0.0,0.0,0.07317073170731707,0.0,0.0,0.04878048780487805,0.0,0.0,0.07317073170731707,0.0975609756097561,0.0,0.024390243902439025,0.0,0.04878048780487805,0.07317073170731707,0.0,0.0,0.0,0.0,0.0,0.2926829268292683,0.024390243902439025,0.024390243902439025,0.0,0.04878048780487805,0.0,0.0,0.0,0.0,0.0975609756097561,0.0,0.0,0.0,0.0,0.0,0.0,0.0,0.0,0.0,0.0,0.0,0.0,0.0,0.0
911,0.0,0.0,0.10714285714285714,0.0,0.0,0.0,0.0,0.03571428571428571,0.0,0.0,0.03571428571428571,0.0,0.0,0.03571428571428571,0.03571428571428571,0.0,0.03571428571428571,0.0,0.0,0.07142857142857142,0.0,0.0,0.07142857142857142,0.0,0.03571428571428571,0.0,0.07142857142857142,0.03571428571428571,0.0,0.21428571428571427,0.03571428571428571,0.0,0.0,0.07142857142857142,0.0,0.0,0.0,0.0,0.0,0.0,0.0,0.0,0.0,0.0,0.0,0.10714285714285714
912,0.0,0.047619047619047616,0.0,0.0,0.0,0.0,0.0,0.047619047619047616,0.0,0.047619047619047616,0.0,0.0,0.0,0.0,0.0,0.0,0.047619047619047616,0.0,0.7142857142857143,0.0,0.0,0.0,0.0,0.0,0.0,0.0,0.0,0.0,0.0,0.0,0.0,0.0,0.0,0.0,0.09523809523809523,0.0,0.0,0.0,0.0,0.0,0.0,0.0,0.0,0.0,0.0,0.0
913,0.0,0.0,0.0,0.043478260869565216,0.0,0.13043478260869565,0.4782608695652174,0.0,0.0,0.0,0.0,0.0,0.0,0.043478260869565216,0.0,0.0,0.08695652173913043,0.0,0.0,0.0,0.0,0.0,0.043478260869565216,0.0,0.043478260869565216,0.043478260869565216,0.043478260869565216,0.0,0.0,0.0,0.0,0.0,0.0,0.0,0.043478260869565216,0.0,0.0,0.0,0.0,0.0,0.0,0.0,0.0,0.0,0.0,0.0
914,0.0,0.2413793103448276,0.0,0.0,0.0,0.034482758620689655,0.034482758620689655,0.034482758620689655,0.0,0.0,0.13793103448275862,0.0,0.0,0.20689655172413793,0.034482758620689655,0.10344827586206896,0.0,0.0,0.0,0.0,0.034482758620689655,0.0,0.034482758620689655,0.0,0.0,0.0,0.034482758620689655,0.0,0.0,0.0,0.06896551724137931,0.0,0.0,0.0,0.0,0.0,0.0,0.0,0.0,0.0,0.0,0.0,0.0,0.0,0.0,0.0
915,0.04,0.0,0.0,0.04,0.0,0.08,0.0,0.0,0.0,0.04,0.0,0.0,0.0,0.0,0.0,0.44,0.04,0.04,0.0,0.0,0.0,0.0,0.0,0.0,0.0,0.0,0.0,0.0,0.0,0.0,0.0,0.0,0.0,0.0,0.08,0.16,0.0,0.0,0.0,0.0,0.0,0.04,0.0,0.0,0.0,0.0
916,0.0,0.0,0.041666666666666664,0.0,0.0,0.041666666666666664,0.0,0.041666666666666664,0.0,0.041666666666666664,0.0,0.0,0.0,0.0,0.0,0.0,0.0,0.0,0.0,0.0,0.0,0.0,0.0,0.0,0.0,0.0,0.041666666666666664,0.0,0.0,0.0,0.0,0.0,0.0,0.0,0.08333333333333333,0.0,0.0,0.0,0.0,0.0,0.041666666666666664,0.6666666666666666,0.0,0.0,0.0,0.0
917,0.0,0.0,0.0,0.037037037037037035,0.037037037037037035,0.0,0.037037037037037035,0.0,0.0,0.037037037037037035,0.037037037037037035,0.0,0.0,0.0,0.0,0.0,0.0,0.0,0.0,0.037037037037037035,0.037037037037037035,0.0,0.0,0.0,0.0,0.0,0.0,0.0,0.6296296296296297,0.037037037037037035,0.0,0.0,0.0,0.07407407407407407,0.0,0.0,0.0,0.0,0.0,0.0,0.0,0.0,0.0,0.0,0.0,0.0
918,0.0,0.0,0.21052631578947367,0.0,0.05263157894736842,0.10526315789473684,0.0,0.0,0.0,0.21052631578947367,0.10526315789473684,0.10526315789473684,0.0,0.15789473684210525,0.0,0.0,0.0,0.0,0.0,0.0,0.0,0.05263157894736842,0.0,0.0,0.0,0.0,0.0,0.0,0.0,0.0,0.0,0.0,0.0,0.0,0.0,0.0,0.0,0.0,0.0,0.0,0.0,0.0,0.0,0.0,0.0,0.0
919,0.023809523809523808,0.2619047619047619,0.05952380952380952,0.0,0.023809523809523808,0.011904761904761904,0.023809523809523808,0.0,0.0,0.023809523809523808,0.011904761904761904,0.0,0.03571428571428571,0.15476190476190477,0.011904761904761904,0.0,0.011904761904761904,0.0,0.0,0.047619047619047616,0.011904761904761904,0.011904761904761904,0.047619047619047616,0.023809523809523808,0.0,0.08333333333333333,0.03571428571428571,0.0,0.023809523809523808,0.0,0.011904761904761904,0.0,0.0,0.0,0.0,0.0,0.0,0.0,0.0,0.0,0.0,0.011904761904761904,0.0,0.0,0.023809523809523808,0.011904761904761904
920,0.0,0.0,0.0,0.6,0.0,0.0,0.0,0.0,0.0,0.04,0.04,0.0,0.0,0.08,0.0,0.04,0.0,0.12,0.0,0.0,0.04,0.0,0.0,0.0,0.0,0.0,0.0,0.0,0.0,0.0,0.0,0.0,0.0,0.0,0.04,0.0,0.0,0.0,0.0,0.0,0.0,0.0,0.0,0.0,0.0,0.0
921,0.0,0.0,0.05,0.05,0.1,0.0,0.0,0.0,0.0,0.0,0.05,0.05,0.0,0.15,0.0,0.0,0.0,0.0,0.0,0.0,0.0,0.35,0.0,0.0,0.05,0.0,0.1,0.0,0.0,0.0,0.0,0.0,0.0,0.0,0.0,0.0,0.0,0.0,0.0,0.0,0.0,0.0,0.0,0.0,0.05,0.0
922,0.0,0.0,0.0,0.18181818181818182,0.0,0.0,0.045454545454545456,0.0,0.0,0.0,0.0,0.0,0.0,0.045454545454545456,0.0,0.0,0.0,0.0,0.0,0.0,0.5909090909090909,0.045454545454545456,0.0,0.0,0.0,0.0,0.0,0.0,0.0,0.0,0.045454545454545456,0.0,0.045454545454545456,0.0,0.0,0.0,0.0,0.0,0.0,0.0,0.0,0.0,0.0,0.0,0.0,0.0
923,0.0,0.0,0.0,0.0,0.038461538461538464,0.38461538461538464,0.038461538461538464,0.0,0.038461538461538464,0.07692307692307693,0.0,0.0,0.0,0.0,0.11538461538461539,0.0,0.0,0.0,0.0,0.0,0.0,0.038461538461538464,0.15384615384615385,0.038461538461538464,0.0,0.0,0.0,0.0,0.038461538461538464,0.0,0.0,0.0,0.0,0.0,0.0,0.0,0.0,0.0,0.0,0.0,0.0,0.0,0.0,0.0,0.0,0.038461538461538464
924,0.13157894736842105,0.0,0.0,0.0,0.2631578947368421,0.0,0.0,0.0,0.02631578947368421,0.05263157894736842,0.02631578947368421,0.0,0.0,0.02631578947368421,0.0,0.0,0.0,0.0,0.0,0.0,0.21052631578947367,0.02631578947368421,0.02631578947368421,0.05263157894736842,0.0,0.0,0.02631578947368421,0.02631578947368421,0.0,0.02631578947368421,0.0,0.0,0.0,0.0,0.02631578947368421,0.0,0.0,0.0,0.0,0.0,0.0,0.0,0.02631578947368421,0.02631578947368421,0.0,0.0
925,0.0,0.0,0.23529411764705882,0.47058823529411764,0.0,0.0,0.0,0.058823529411764705,0.0,0.058823529411764705,0.0,0.0,0.0,0.0,0.0,0.0,0.0,0.0,0.0,0.0,0.0,0.0,0.058823529411764705,0.058823529411764705,0.0,0.0,0.0,0.058823529411764705,0.0,0.0,0.0,0.0,0.0,0.0,0.0,0.0,0.0,0.0,0.0,0.0,0.0,0.0,0.0,0.0,0.0,0.0
926,0.0,0.045454545454545456,0.0,0.0,0.0,0.0,0.09090909090909091,0.09090909090909091,0.0,0.045454545454545456,0.045454545454545456,0.045454545454545456,0.0,0.0,0.0,0.0,0.0,0.045454545454545456,0.0,0.09090909090909091,0.0,0.045454545454545456,0.0,0.045454545454545456,0.13636363636363635,0.045454545454545456,0.045454545454545456,0.0,0.0,0.0,0.0,0.045454545454545456,0.0,0.13636363636363635,0.0,0.0,0.0,0.0,0.0,0.0,0.0,0.0,0.0,0.0,0.0,0.0
927,0.041666666666666664,0.125,0.0,0.0,0.041666666666666664,0.0,0.0,0.0,0.0,0.0,0.0,0.0,0.041666666666666664,0.2916666666666667,0.041666666666666664,0.041666666666666664,0.0,0.0,0.0,0.0,0.0,0.0,0.0,0.0,0.0,0.0,0.0,0.0,0.0,0.375,0.0,0.0,0.0,0.0,0.0,0.0,0.0,0.0,0.0,0.0,0.0,0.0,0.0,0.0,0.0,0.0
928,0.0,0.0,0.029411764705882353,0.0,0.029411764705882353,0.0,0.38235294117647056,0.0,0.0,0.029411764705882353,0.0,0.0,0.0,0.0,0.0,0.029411764705882353,0.029411764705882353,0.0,0.0,0.20588235294117646,0.0,0.0,0.0,0.058823529411764705,0.029411764705882353,0.0,0.0,0.0,0.0,0.0,0.0,0.0,0.0,0.029411764705882353,0.08823529411764706,0.0,0.0,0.0,0.0,0.0,0.0,0.0,0.058823529411764705,0.0,0.0,0.0
929,0.0,0.0,0.03225806451612903,0.6451612903225806,0.0,0.06451612903225806,0.0,0.0,0.0,0.0,0.0,0.0,0.0,0.0,0.0,0.0,0.03225806451612903,0.0,0.0,0.0,0.0,0.0,0.0,0.0,0.0,0.03225806451612903,0.0,0.03225806451612903,0.0,0.0,0.03225806451612903,0.03225806451612903,0.03225806451612903,0.03225806451612903,0.0,0.0,0.0,0.0,0.0,0.0,0.0,0.03225806451612903,0.0,0.0,0.0,0.0
