Topic,Count,Name,Representation,Representative_Docs
-1,28797,-1_to_you_and_the,"['to', 'you', 'and', 'the', 'but', 'in', 'it', 'be', 'classes', 'for']","['thinking about transferring to nc state your comment has been automatically removed because you do not have user flair for r/unc. please [choose a user flair]( and then comment again. i am a bot, and this action was performed automatically. please [contact the moderators of this subreddit](/message/compose/?to=/r/unc) if you have any questions or concerns.', 'summer off-campus housing your comment has been automatically removed because you do not have user flair for r/unc. please [choose a user flair]( and then comment again. i am a bot, and this action was performed automatically. please [contact the moderators of this subreddit](/message/compose/?to=/r/unc) if you have any questions or concerns.', 'is anyone else ready to move on? your comment has been automatically removed because you do not have user flair for r/unc. please [choose a user flair]( and then comment again. i am a bot, and this action was performed automatically. please [contact the moderators of this subreddit](/message/compose/?to=/r/unc) if you have any questions or concerns.']"
0,1805,0_chem_biol_chem 101_schedule,"['chem', 'biol', 'chem 101', 'schedule', 'bio', '101', '102', '103', 'chem 102', '261']","[""chem question i'm a freshman who didn't do the best in chem 101. is it possible for me to take chem 102 next semester and retake chem 101 over the summer for a higher grade?"", 'taking chem 261, 241/l (with biol 252/l) in the fall and chem 262/l, 430 in the summer doable?', ""chem 101 vs chem 102 don't take biol 103 and chem 102 together. it's too stressful.""]"
1,1021,1_parking_lottery_parking lottery_park,"['parking', 'lottery', 'parking lottery', 'park', 'permit', 'spot', 'and ride', 'park and', 'rr', 's11']","[""parking lottery i also applied for a parking permit, but it doesn't show that i am on a waitlist. not sure if that helps"", 'when does parking lottery open for sophomore residents?', 'new to unc, which is the best park and ride lot to campus? [']"
2,1003,2_math_calc_347_381,"['math', 'calc', '347', '381', '383', '521', '233', 'math 347', 'class', 'easy']","[""is taking math 233 (calculus iii), comp 210 (data structures and analysis), comp 283 (discrete structures), and math 347 (linear algebra) a terrible idea or doable? doable. 4 stem/semester is relatively common among my junior and senior comp major friends. imo, you should only attempt it if the previous classes (calc 2, comp110 if you took it, etc.) you've taken felt easy. if you've been taking primarily gen eds, might be hard for you to judge whether taking these 4 simultaneously is gonna feel hard or not. 283 is difficult with snoeyink. but 381 (whichever class hasn't filled up yet at this point) is tough as well, and i still don't know which one is more difficult. personally, i think audience has something to do with it - comp283 doesn't include math majors since they have to take 381, and also 283 requires only calc 1, whereas 381 requires calc 2 (note comp ba doesn't require calc 2, but comp bs does). but many claim 283 is actually more difficult 🤷"", ""currently a math major here. can only speak about 347, 383, 381, and few upper level classes that i audited. 1. if your geneds does not include 300levels: linear's class size is pretty large (120-145 students per class), but 381 and 383 get smaller (30-60 students per class). some 500level math classes (535, 560, 528 etc) might still be intermediate size like math 383, because other majors can take these as electives or they are cross listed. 2. the only curve i encountered so far is when the exam average is 60ish for math 347. so most lower level classes like this don't curve unless the performance overall is super bad for intro class. but i do hear that upper level classes curve. 3. all profs i encountered so far are extremely nice! love them!!! 4. for calc3 and the 300levels, i got decent amount of resources before each exam (office hours by prof, ulas, and tas, old practice exams). however, it really depends on who your prof is so please check out rate my professor. 5. i guess it is more collaborative than pre-med communities and pretty social by nature (lots of discussion in problem solving). i know a decent amount of friends through math classes. i cannot speak for all, but you will definitely know some smart and interesting people here! 6. doable for taking 2 or more, especially for 300levels. maybe consider taking placement test for calc1 and calc 2 if you have some knowledge. you need to pay for summer classes and it's accelerated (5weeks each session). i would recommend it if you really wanna move faster and have some prior knowledge. 7. there will be occasions that you suddenly realize you are the few females and maybe the only woman of color, especially when taking upper level class with small class size. overall, 300level and upper level classes ain't that bad in terms of diversity, and you will definitely encounter plenty of math or math-heavy stem majors who are woman of color. feel free to dm me and welcome to the realm of math majors!"", 'math 347 with david rose or andrey smirnov / math 381 with emily burkhead didn’t take 381 with burkhead but took calc 3 with her and the class was great.']"
3,889,3_thank_thank you_urgent help_posts,"['thank', 'thank you', 'urgent help', 'posts', 'help needed', 'post', 'urgent', 'reddit', 'so much', 'needed']","['again, no sleep from frat court noise how is responding to 3 different mods writing antagonistic comments on my post verging on harassment? what you are doing is harassment. you keep repeatedly commenting writing antagonistic things on my posts. you need to stop. i am not sure why you keep commenting on my post over and over again bothering me and writing all of these antagonistic things. if you accuse me of things i am allowed to defend myself and take up for myself and you should expect that when you comment on my post repeatedly now writing antagonistic statements directed at me over and over and over and over. also, in response to your ""accusation"" towards me &gt;this means that you have gone onto his, mine, and/or all of the mods’ profiles and looked through months of post history… because we, and a lot of other commenters, disagree with you. again making assumptions about me and presenting them as facts does not make them facts it make them judgments and opinions you have of me regardless of whether or not in reality they are even true. and no, what you are saying about me is once again -- not true. as much as i would love to go through the post history of you people, i would rather bang my head into a wall until i pass out. i have no interest in going through your post history but that comment was directed at another accusation against me where he had compared me to some sort of pattern that he thinks i follow on my posts of a person that he thinks that i am based on the content on my posts or something about my writing style. believe it or not, when you write mean comments on here directed at me, i don\'t get to just forget about it. i have my own post history and it includes the posts that you might not want to remember or think about. doesn\'t mean i went through any of yours. as i said, would rather bang my head into a wall until i pass out. now that we have established that, for the millionth time, please just leave me alone and please just stop. thanks.', 'again, no sleep from frat court noise &gt;(which isn\'t really their fault, since you never specified and it\'s the only place that really makes sense and you\'re still not clarifying). again, making assumptions about me and stating ""it\'s the only place that really makes sense and you\'re still not clarifying."" oh i\'m sorry, would you feel even remotely comfortable telling people where you live if they comment on your posts antagonizing you over and over? i would rather not risk it but that\'s just me. i explained i live near frat court but did not specify where. not sure why there is this huge debate over it or whether or not ""it tracks"" or ""is believable"". &gt;the post isn\'t ""viral"" &gt; &gt;the post is viral because pretty much no one agrees with you. it is or it isn\'t? again nothing is or isn\'t unless you say it is so. the post was viral last night and people were being civil and in some cases agreeing with me until mods got on here and starting writing antagonistic comments, which started a chain reaction because they set the example and the precedent and weaponized that against me with people now making the same assumptions about me they did assuming them as facts. &gt;it follows the same profile as other posters who assume they they\'re going to get 100% agreement with wildly inconceivable claims that don\'t add up and you get to decide what is true and what isn\'t? just because you don\'t agree with people doesn\'t mean their claims are ""wildly inconceivable"" or ""don\'t add up"". your opinions of people on here are not facts they are assumptions that you and only you make in your judgements. when people see you and join in with you that does not make your assumptions facts, it means you are spreading your opinions as facts and spreading misinformation. that is not fact regardless of how much more credible you think that you are. you do not get to decide what is fact and what is not. &gt;they claim the world is out to get them, delete the posts, and then complain when the exact same thing happens the next time they post, while pointing to the history of these things happening even though they deleted all the evidence of that happening in the past. ""delete the posts, then complain when the exact same thing happens the next time they post"" because it is. you and the mods making antagonistic comments when a post goes viral, immediately disagreeing with me. this is not the first time this has happened this week. and yes, i deleted my posts because these little debates you like to start are not only exhausting, but frankly quite childish for someone who uses the word ""maturity"" to back up your opinions as having a higher level of credibility than others on here. &gt;while pointing to the history of these things happening even though they deleted all the evidence of that happening in the past. now that you mention it, that last part almost reminds me of the comment that you wrote to me (and deleted) on my experience with academic advising. since you got embarrassed and deleted it after it got about 15 downvotes, i\'ll include what it said: ""spoiler: there will always be assholes. part of maturity is learning how to ignore them and move on."" in the context it was used, super invalidating, but to be expected with your idea of what kindness looks like on here. interestingly, one of the mods actually ""disagreed"" with you right before you got embarrassed and deleted it your comment on my other post. link to post i am referencing: [ screenshot below for those wondering, in case it gets deleted: [ ""meh. ily squiggy but i’m gonna disagree with you here. asking for kind comments after a shitty experience is pretty harmless and very understandable. it’s an immensely valuable practice in life to learn how to reach out for help when you need it and i’m glad that op did."" did i read that right? ""asking for kind comments after a shitty experience is pretty harmless and very understandable."" &gt;if you want people to ""do their research"" maybe stop deleting posts because people disagree with you? tell you what, i will when you will.', 'again, no sleep from frat court noise &gt;it\'s not a conspiracy. you\'re asking for unreasonable things and people are trying to direct you to a place to improve your situation. i never called it a conspiracy. and asking for sleep at night is not an unreasonable thing. &gt;not every issue in life demands your feeling to be validated. i never said that it did. not every viral post demands a heated debate either. &gt;here, you\'re wrong. again, stating your opinions as the only truth and fact. your opinions are your own, and they are subjective, just as you are claiming mine are in saying that ""not every issue in life demands your feeling to be validated."" &gt;you can either post here, get a bunch of people to agree with you, and do fuck all for your situation. or, you can take the advice of pretty much everyone and move to a quieter place. i don\'t see a bunch of people agreeing with me. pretty sure people stopped being nice to me when they saw the mods coming on here antagonizing me and people immediately agreeing with them and taking their side because they are mods regardless of whether or not their attitude towards me is acceptable or not. just imagine if i commented on all of their posts and did the same. also, i commented on people\'s advice and pretty sure if you read the comments i said i have looked into moving to another place on campus. and that i\'ve tried some of the suggestions people gave me earlier this week such as the silicone earplugs which i was hoping would help but unfortunately didn\'t block out the noise. i am not posting to ""get a bunch of people to agree with me"" and ""do fuck all for my situation"". but disagreeing with me and telling me that part of maturity is making trade offs when i am trying to make the most of a bad situation until i can move is not helpful. i did think you made some other fair points but telling me i\'m wrong or that i\'m posting just to get a bunch of people to agree with me is not true. i have tried out people\'s suggestions and am unable to sleep for a week. i don\'t know why i have to keep saying that. also, if you are claiming i am doing ""fuck all for my situation"" and that ""pretty much everyone"" is telling me to move to a quieter place, then how could i also be getting a bunch of people to agree with me if you are also saying pretty much all of them are telling me to move, and i\'m doing ""fuck all"" about it? not everything that goes viral has to be a debate or a power struggle. i don\'t know why i keep having to explain myself to people who seem to have already made judgments about my assumptions or motives of posting. this is equally if not even more exhausting having to debate people over this. i agree with a lot of your advice but i don\'t agree with you judging me on here or the way that you present it.']"
4,829,4_waitlist_waitlisted_the waitlist_off the,"['waitlist', 'waitlisted', 'the waitlist', 'off the', 'got off', 'off', 'waitlist for', 'get off', 'getting off', 'on the']","['got off the waitlist! do you know if any in state students have gotten off of the waitlist? also congratulations!', 'waitlisted….. i just got off waitlist!', 'anyone off waitlist? just got off the waitlist oos!!']"
5,703,5_ticket_tickets_game_student ticket,"['ticket', 'tickets', 'game', 'student ticket', 'duke', 'ticket for', 'football', 'duke ticket', 'tickets for', 'phase']","['looking for a student ticket for the basketball game tomorrow', 'selling a phase 3 ticket for the duke game', 'graduate student, ticket for unc v duke game']"
6,651,6_econ_econ 101_410_101,"['econ', 'econ 101', '410', '101', '400', 'econ 410', 'econ 400', 'tutoring', 'econ classes', 'in econ']","[""taking econ 410 without 101? i'm planning to take microecon class but hesitating between econ 310 and a more intermediate version econ 410. i don't have econ 101 but the instructor allowed me in without it. however i'm wondering how hard is the class going to be? if you have taken 410 before, from your experience, is it recommended for someone who hasn't take econ 101 to take this class?"", ""econ 400 difficulty (without background) i'm gonna be a sophomore this fall and i'm an econ major. i'm currently taking econ 101 and faring pretty well but i can't decide what to take next semester. everyone's saying econ 400 is pretty easy and is just a repeat of stor 155. i haven't ever taken a stats class but i was planning to take econ 400 and 410. do we think this will be too hard if i don't have the stats background?"", 'is there any way to get out of econ 410?']"
7,612,7_aid_financial aid_scholarships_financial,"['aid', 'financial aid', 'scholarships', 'financial', 'scholarship', 'merit', 'merit scholarships', 'goodnight', 'full ride', '16k']","['goodnight scholarship (full ride) at nc state or unc chapel hill 16k a year unc', 'goodnight scholarship (full ride) at nc state or unc chapel hill 16k a year take the full ride', 'goodnight scholarship (full ride) at nc state or unc chapel hill 16k a year']"
8,583,8_apartment_housing_off campus_sublease,"['apartment', 'housing', 'off campus', 'sublease', 'campus housing', 'rent', 'apartments', 'bedroom', 'month', 'off']","['how much are you paying in rent for an off-campus apartment? wait i’m looking for some off campus housing, what apartments do you stay in😅', ""discounted summer sublease!! discounted fully furnished mid to late may 2023 - july 26, 2023 summer sublease $949 per month (negotiable) i'm subleasing my private bedroom and bathroom in a furnished 4 bedroom, 4 bathroom apartment at lark chapel hill (602 mlk blvd) for the summer. it is listed as $1,169/month plus utilities on their website, but i'm willing to discount it to $949/month with utilities included! the apartment features in-unit laundry, a balcony, and it comes fully furnished with: \\- oven/fridge/microwave \\- bed/dresser \\- table/chair \\- sofa/tv the apartment is at lark, a 10-minute walk to campus or a quick bus ride away. there’s a gym, pool, and basketball/volleyball courts in the neighborhood. feel free to message or comment if you are interested or have any questions!"", ""discounted fully furnished mid may 2023 - july 26, 2023 summer sublease $699 per month (negotiable) i'm subleasing my private bedroom and bathroom in a furnished 4 bedroom, 4 bathroom apartment at lark chapel hill (602 mlk blvd) for the summer. it is listed as $1,169/month plus utilities on their website, but i'm willing to discount it to $699/month with utilities included! the apartment features in-unit laundry, a balcony, and it comes fully furnished with: \\- oven/fridge/microwave \\- bed/dresser \\- table/chair \\- sofa/tv the apartment is at lark, a 10-minute walk to campus or a quick bus ride away. there’s a gym, pool, and basketball/volleyball courts in the neighborhood. feel free to message or comment if you are interested or have any questions!""]"
9,537,9_dorms_north campus_north_dorm,"['dorms', 'north campus', 'north', 'dorm', 'cobb', 'south campus', 'south', 'hojo', 'horton', 'koury']","['dorms dorms dorms i live in craige north rn as a freshman and i love it! it’s a bit closer compared to koury/horton imo and the rooms are really big and the lounge + kitchen is really nice! it’s also a jack and jill style bathroom with two suitemates which i personally love because the bathrooms are nicer than hojo/craige/ehaus and i can keep my things in there + don’t have to use a shower caddy, which you’ll have to do in other dorms because the unc staff cleans them. this only allows for four people total however, so if you have eight people i’d recommend avery. it’s brand new renovated this year and it’s so nice and it’s super close to main campus. both of these dorms are on the quieter side and not as social as hojo or ehaus, but for overall living i definitely recommend craige north/koury/horton or avery. :)', 'south campus freshmen dorms if you are an incoming freshmen and now want to choose a dorm in south campus for social life, here is my advice, especially if you\'re looking between the big three in south campus, its hojo, ehaus and craige. i currently reside in hinton james- hojo btw, which i choose from reading reddit posts. i want to tell everyone to not pick hojo if you can, for one reason- the bathrooms. the bathrooms are the same layout for all of them but a key difference is, ehaus and craige have additional communal bathrooms in the lobby. super useful especially when you\'re sharing between 8 people. even if you shower at different times, or effectively use the shower and bathroom at the same times, there are a lot of times you wished for another bathroom. it may not be a huge problem to most people, but this is one thing i found frustrating. another thing is when you get guests, especially if its a girls dorm with guys coming over, trust me, you want your guests to not use your bathroom. some rooms in hojo has also had some mold complaints which can be ""solved"" by getting maintenance. it is especially affected ehaus, where some of the mold has gotten so bad that in rare cases, they were asked to live in a different place for 2 days till they got it fixed. again. these aren\'t all rooms but it is still good to keep in mind. craige (no matter how much people call it crusty) has had the least complaints. it\'s almost like calling it iceland to keep people away, and i\'m not sure if this is true, but its the most newly renovated. now for walking up hill and buses. the buses are important to navigate from south campus. the ru and u are the main ones and you\'ll figure out what that means when you get on campus. there is a bus stop down one of the hills which is closer to hojo that takes both the ru and u. you could also more easily go there from craige, but hojo is the closest. right outside of ehaus is the ru stop with the most minimal walking. there\'s a u stop right near horton that\'s pratically the same amount of walking from all the dorms. i don\'t think the dorms have affected me much in that aspect but hojo is steeper so you do have to walk up regardless, though if you don\'t mind it\'s not a big deal. now, for the social life, its easier to visit your friends in south campus because most people are on south campus. it\'s not so social as to everyone is going to come out of their room and immediately start talking to you. the hojo vip party is nothing but one of the ra\'s djing, no one shows up to those. there are block parties in the beginning of the week though that are good times to be social but the dorm doesn\'t restrict you. if you live in ehaus, you can just go to the hojo block party and vice versa. hope this helps! peace.', 'honest dorm help hi! there are no suite style dorms on north campus unfortunately, but i’ve heard pretty good things about the vibes up there nonetheless. i lived in horton my freshman year and craige north my sophomore year and loved it! nice big rooms, pretty quiet environment. horton, koury, craige north, and hardin are all nearly identical and i believe all are freshman dorms now, though i’m not sure as the latter two weren’t when i lived in craige north sophomore year.']"
10,535,10_transfer_credit_transfer credit_transferring,"['transfer', 'credit', 'transfer credit', 'transferring', 'credits', 'evaluation', 'credit evaluation', 'to transfer', 'junior', 'transfer credits']","[""i'm trying to transfer a credit from a community college as a junior but i don't know how. does it have to be a official transcript?"", 'would i be a junior transfer to unc with an aa?', ""i'm trying to transfer a credit from a community college as a junior but i don't know how. yes!""]"
11,534,11_user flair_user_flair_automatically,"['user flair', 'user', 'flair', 'automatically', 'comment', 'please', 'removed', 'subreddit message', 'moderators of', 'then comment']","['question your comment has been automatically removed because you do not have user flair for r/unc. please [choose a user flair]( and then comment again. i am a bot, and this action was performed automatically. please [contact the moderators of this subreddit](/message/compose/?to=/r/unc) if you have any questions or concerns.', 'would i get in your comment has been automatically removed because you do not have user flair for r/unc. please [choose a user flair]( and then comment again. i am a bot, and this action was performed automatically. please [contact the moderators of this subreddit](/message/compose/?to=/r/unc) if you have any questions or concerns.', 'help! your comment has been automatically removed because you do not have user flair for r/unc. please [choose a user flair]( and then comment again. i am a bot, and this action was performed automatically. please [contact the moderators of this subreddit](/message/compose/?to=/r/unc) if you have any questions or concerns.']"
12,515,12_uconn_uf_usc_unc pls,"['uconn', 'uf', 'usc', 'unc pls', 'uconn vs', 'and uf', 'pls help', 'choosing between', 'vs unc', 'unc']","['dirt poor teenager needs advice on college decision hi all, i\'m curious and happy to hear anyone\'s thoughts on my situation. i was blessed to receive acceptances to unc-chapel hill and university of southern california (usc) but i\'m torn between the two schools. i will be majoring in economics (+ interested in entertainment industry) and considering law school, mba, or m.ed. some time after my undergrad. if you were in my position, leaving home for the first time (coming from nyc), which school would you pick and why? my top factors: price: usc\'s annual net-cost is $18k (including tuition, housing, estimated miscellaneous costs, etc.). unc-chapel hill\'s annual net-cost is $8k and they are also providing a complimentary laptop valued at $1k. i can comfortably afford this. my family and i are dirt-poor and i will be financing everything myself (planning to take out both un/subsidized loans). demographics: usc has a higher representation of asians at 21% of the student body compared to unc-chapel hill\'s 10%. in-state students make up 80% of unc-chapel hill. i know both schools are diverse and inclusive but being of asian descent and out-of-state makes me more inclined towards usc. academics: usc has several niche clubs and minors that perfectly aligns with my interests and career goals. in comparison, unc-chapel hill\'s offerings are not as dynamic but nonetheless satisfactory. though, both usc and unc-chapel hill\'s economics majors are virtually the same. location: unc-chapel hill is in a small college town in north carolina. my friend who goes to duke insists i will not like unc-chapel hill because i\'m a ""city person."" usc is in los angeles, california. the city\'s culture and proximity to various industries (particularly my interest in the entertainment industry) makes it a better location when looking for internships/job placement prospects, but living is definitely more expensive than in nc. alumni network: usc\'s alumni network is seemingly more well-established than unc-chapel hill. for instance, usc held ""accepted students"" and ""alumni events"" across the world this summer, while unc-chapel hill had nothing. microcelebrities attend usc. (marginal) on-boarding: this might be marginal too, but usc has been impressive with their on-boarding process, supporting students to seamlessly transition into their school. unc-chapel hill\'s on-boarding process has areas that could benefit from further organization. this is the consensus i got with my two friends who will be attending unc-chapel hill. tldr: unc-chapel hill ($8k) is undoubtedly the more financially responsible option but usc ($18k) aligns significantly more with my values and goals but is it really worth the 10k difference? which should i choose? edit: i will complete my bachelors in 3 years for both schools. i\'m an incoming sophomore with credits from my community college. i know this will read off as favorable to usc, but cost is a huge issue for me because i’m dirt poor. i’m genuinely equally torn between the two. update: i spoke to usc financial aid and they revised my aid! i will only have to pay $8k/semester, after grants and before loans. committed to usc.', 'uconn vs unc. pls help. this', 'uconn vs unc. pls help. go in state.']"
13,479,13_user flair_user_flair_automatically,"['user flair', 'user', 'flair', 'automatically', 'comment', 'please', 'automatically removed', 'subreddit message', 'flair for', 'message compose']","['off-campus housing your comment has been automatically removed because you do not have user flair for r/unc. please [choose a user flair]( and then comment again. i am a bot, and this action was performed automatically. please [contact the moderators of this subreddit](/message/compose/?to=/r/unc) if you have any questions or concerns.', 'off-campus housing your comment has been automatically removed because you do not have user flair for r/unc. please [choose a user flair]( and then comment again. i am a bot, and this action was performed automatically. please [contact the moderators of this subreddit](/message/compose/?to=/r/unc) if you have any questions or concerns.', 'transfer student your comment has been automatically removed because you do not have user flair for r/unc. please [choose a user flair]( and then comment again. i am a bot, and this action was performed automatically. please [contact the moderators of this subreddit](/message/compose/?to=/r/unc) if you have any questions or concerns.']"
14,417,14_abroad_study abroad_study_exchange,"['abroad', 'study abroad', 'study', 'exchange', 'london', 'exchange student', 'aussie', 'from london', 'to study', 'aussie wanting']","[""fall study abroad i'm planning on studying abroad in the fall. i have friends that have done study abroad for an entire semester and can ask them how it was."", 'potentially coming to unc for study abroad for a year from london', 'aussie wanting to study abroad! but am i wrong?']"
15,379,15_honors_honors carolina_carolina_thesis,"['honors', 'honors carolina', 'carolina', 'thesis', 'an honors', 'the honors', 'honors college', 'honors thesis', 'leave honors', 'might leave']","['applying to honors college as a freshman? the difference is graduating with honors vs from the honors college. not the same thing, i graduated with both, some graduate with honors (wrote a thesis) and some from the honors college (did the 27 credit hours for honors carolina).', 'honors carolina not in honors carolina but i’m in φβκ and i’m doing an honors thesis with my major', 'honors college help!! don’t stress at all. the “honors college” is a scam meant to attract out of state talent who would otherwise go to top private schools (e.g. ivy league). in fact, being an honors college student here has almost no benefits and quite a few possible detriments. normal students can sign up for honors classes - they are not exclusive to the honors college. the same cannot be said for the other way around - being in the honors college requires students to take a certain number of honors classes, and, especially for upperclassmen with smaller/less common majors, these frequently do not exist in their major, forcing them to take a bunch of random classes that don’t count for any of their requirements. i would even go so far as to say that only a small handful of majors are compatible with the honors college (only the largest ones like biology, political science). normal students don’t have to worry about that and can just take what they need for their degree requirements, giving them much more freedom to choose their classes. i’ll respond to your concerns. the “honors dorm” is just a regular dorm. there is literally nothing different about it. i think you can even get in there normally through the lottery because there’s not enough honors students to fill it. you also don’t have to live there even if you are in the honors college. it’s not special at all. if you’re hoping for something quieter where you can focus better, i suggest north campus dorms (connor, alexander) over south campus (hinton james, ehringhaus). smaller south campus dorms are also fine (such as craige north). lastly, not getting into the honors college does not mean you cannot “do honors” at unc. i am not an honors college student. i am, however, in phi beta kappa, the academic honor fraternity. i am also graduating “with honors” in my major by completing an honors thesis. this is much more highly valued than simply taking a few honors classes because it requires independent study and research. the best part is that anyone can do that! you just need a certain gpa, which varies by department but is usually 3.3-3.5. don’t think that because you didn’t get into the honors college that you are “not as good” as other students. carolina alone has enough prestige if that’s something that matters to you, and there are other ways to stand out once you get here. welcome!']"
16,369,16_laptop_cci_cci laptop_grant,"['laptop', 'cci', 'cci laptop', 'grant', 'cci grant', 'mac', 'macbook', 'loaner', 'computer', 'buy']","['is it suggested to buy cci?', 'is it suggested to buy cci?', 'is it suggested to buy cci?']"
17,364,17_graduation_merch_regalia_gown,"['graduation', 'merch', 'regalia', 'gown', 'for graduation', 'wear white', 'dresses', 'white dresses', 'cap', 'wear']","['why do most people wear white dresses for graduation? r/uncrejects', 'why do most people wear white dresses for graduation? wear carolina blue!', 'why do most people wear white dresses for graduation? 🤷']"
18,331,18_granville_in granville_south campus_south,"['granville', 'in granville', 'south campus', 'south', 'towers', 'granville towers', 'greek', 'at granville', 'greek life', 'granville or']","['should i live in granville or south campus?', 'should i live in granville or south campus?', 'should i live in granville or south campus?']"
19,326,19_israel_hamas_palestine_israel palestine,"['israel', 'hamas', 'palestine', 'israel palestine', 'palestine megathread', 'megathread', 'palestinians', 'gaza', 'against hamas', 'retaliation']","['for all the students that disavow israel’s retaliation against hamas. watch this:', 'for all the students that disavow israel’s retaliation against hamas. watch this:', 'for all the students that disavow israel’s retaliation against hamas. watch this:']"
20,324,20_spanish_language_placement_203,"['spanish', 'language', 'placement', '203', 'placement test', 'span', 'spanish placement', 'test', 'language placement', 'language course']","['can you take spanish 203 during your 3rd or 4th year?', 'one question off on spanish placement test', 'one question off on spanish placement test']"
21,314,21_stor_155_stor 155_435,"['stor', '155', 'stor 155', '435', '320', 'stor 120', 'stor 435', '120', 'stor 320', '455']","['need help choosing stor class (bio major) stor 120, stor 215, stor 151 or stor 155? i have not taken ap stat (i took ap calc) and i\'m not that good with coding/computer program stuff... are there ""easier"" stor classes?', 'stor 120 &amp; stor 155 why are you taking both?', 'stor 305, stor 320, math 383, stor 435']"
22,301,22_seats_registration_cart_closed,"['seats', 'registration', 'cart', 'closed', 'reserved', 'open', 'shopping cart', 'shopping', 'enrollment', 'open enrollment']","['i had this issue just a year ago. everything appeared full and i thought i’d have to take classes of no pertinence to my track. here is an example of how first-year registration works: class a has 75 seats. 28 of which are reserved specifically for first year students. the others are currently occupied by non-first year students. 7 seats are made open during registration period 1 for first year students. another 7 seats opened during period 2. and another 7 during period 3 and so on. if you are in period 3 and look at your shopping cart during period 1 or 2, it will appear as if the seats are entirely closed or open. the same is true if you are in period 1 and registration hasn’t began yet. those statuses are not applicable to what you will deal with during your allotted registration period. only until registration is open to all students and the withholding of seats halts completely will open &amp; closed statuses become universally applicable. not all classes reserve seats for first-year students during your registration period but most of the common, non-high level classes you will be taking do, including first-year seminars and 100 level courses. if you don’t get into a fys or other classes upon your registration period, monitor the course regularly from the beginning of open registration to the end of the first week of class. people drop and add during that range. the more people in the course, the more likely seats will become open. the less people in the course, the more important it is for you to check regularly.', ""how should i quickly register for classes that are closed but may open during my registration appointment? my registration period is august 1-2, and i cant find any open classes for anything i need. i've heard that some of the seats will open up for each registration period, so how would i use the shopping cart to enroll in those courses? i need to click enroll as soon as the clock gets to 10, so i dont think i can refresh the page to check which red squares turn green &amp;#x200b; and for all the courses that are open, it just says the lecture is closed but the recitation is open after i try to add it to my shopping cart"", 'part of the classes in my cart are completely full. &amp;#x200b; &gt;what should i do? 1) calm down and get off reddit 2) go outside and enjoy the summer 3) add classes that you are interested in taking to your shopping cart. it doesn\'t matter if it shows as closed/waitlisted/etc. if you are potentially interested in taking that class, add it to your shopping chart. for example, if you are interested in taking phys 118, add all available sections to your shopping cart. you need to have backups to backups in your shopping cart. with recitation/studio-based classes, sometimes your desired recitation/studio will be closed, but the lecture is still open. to switch to an open recitation session, you can go to the ""enroll"" tab and then ""edit"" in your shopping cart. if the lecture is closes, but the recitation/studio is open you cannot enroll in just the recitation/studio. the reason that specific recitation/studio section is open, is because some people are on the waitlist for another section. during first-year registration, many classes may appear as ""closed"" but that is because seats are being held. before my first semester, my shopping cart was filled with red squares until my enrollment appointment, when those reserved seats were opened up. 4) when enrollment time rolls around, log into connectcarolina. go to the ""enrollment"" square and click on ""shopping cart"". then click on the ""plan"" tab and click on ""shopping cart"" under that. from here, you can click the check boxes for the classes you want to enroll in. attempt to enroll and go from there. you will want to be ready and waiting to click ""enroll"" the second your enrollment appointment starts. 5) do not email any professors about joining their class before your registration appointment. this is only something that you do right before classes start. you can even try going to the first class and after class ends you ask the professor if you can be added to the class. this is probably more effective than email.']"
23,299,23_global launch_launch_global_launch program,"['global launch', 'launch', 'global', 'launch program', 'carolina global', 'cgl', 'program', 'korea', 'the global', 'in carolina']","['why do people hate on the global launch program?', 'carolina global launch as a pre-med?', 'how many students in carolina global launch?']"
24,294,24_concerns your_user flair_user_flair,"['concerns your', 'user flair', 'user', 'flair', 'automatically', 'comment', 'please', 'compose to', 'subreddit message', 'automatically removed']","['your comment has been automatically removed because you do not have user flair for r/unc. please [choose a user flair]( and then comment again. i am a bot, and this action was performed automatically. please [contact the moderators of this subreddit](/message/compose/?to=/r/unc) if you have any questions or concerns.', 'your comment has been automatically removed because you do not have user flair for r/unc. please [choose a user flair]( and then comment again. i am a bot, and this action was performed automatically. please [contact the moderators of this subreddit](/message/compose/?to=/r/unc) if you have any questions or concerns.', 'your comment has been automatically removed because you do not have user flair for r/unc. please [choose a user flair]( and then comment again. i am a bot, and this action was performed automatically. please [contact the moderators of this subreddit](/message/compose/?to=/r/unc) if you have any questions or concerns.']"
25,289,25_phys_118_114_physics,"['phys', '118', '114', 'physics', '115', 'phys 118', 'phys 114', '119', 'for phys', 'phys 115']","[""math 232 and phys 118 i initially had absolutely no intention of taking math 232 and phys 118 at the same time next semester even though it says that math 232 could be a coreq. however, after i might not get a different class that i want and am currently registered for 12 credits with my other stem courses being chem 102 and math 232. phys 118 is a class i need for my major so now i'm thinking about if i should suck it up and take them together. what are the topics in phys 118, should i take that route???"", ""tips for someone going into phys 118 next sem with no physics background at all? aren't you a bio major? if so, why phys 118 and why as a fy?"", ""phys 115 anyone have any advice on doing well in physics 115? i really struggled with phys 114 this semester and don't want to struggle that much again""]"
26,289,26_research_lab_labs_cold,"['research', 'lab', 'labs', 'cold', 'undergraduate research', 'professors', 'cold emailing', 'position', 'emailing', 'undergraduate']","['post bacc interview tips? i would expect questions about your research experience, tasks and responsibilities you’ve had in a lab, your career goals/research interests, and how you would handle certain types of lab situations. a lot of this will depend on the type of research, and the individual pi, but typically i don’t think they expect you to know exactly what you want to do in the future, or that your research interests are perfectly aligned with theirs. post-bacc positions are meant for gaining more experience and figuring these things out! they probably just want someone conscientious who will care about conducting high quality research. show that you have knowledge about good research practices, and that you are interested in the research going on in the lab. to prepare, i would read some of the pi’s papers to get a feel for the type of research and have some questions prepared. first and foremost you want to show that you care about furthering their research. but you can also ask questions about yourself aka will there be opportunities for you to do independent research or present posters? what about opportunities for co-authorship? what is the lab structure like(are there post-docs, grad students, and undergrads too?) use your own discretion for these questions because some labs will strongly encourage independent research, and others may be more about supporting the pi’s project. maybe it says more about this in the job description. what type of psychology lab is it for? my experience is from a social psychology post bacc so a little less about clinical research practices and more about social awareness, an interest in investigating social issues, qualitative research experience, etc. when i was hired, it was mostly important that i had some undergrad research experience, that i seemed organized/“on top of it”, and it was obvious that i was someone who would care about doing a good job. i’m sure you will do great. good luck!', 'research as a h4 unc sophomore here! this is such a good question, good for you for getting involved early! though i’m not pre-med, i am a pre-phd psychology major, and i have loved my experience with research at unc. i remember how intimidating finding research opportunities was my first semester, i was in your shoes last year and got a lot of information from upperclassmen and professors (highly recommend talking to professors in your department/who research what you are interested in!), but i’ll share my experience and insights! i’ve divided this into a few different topics, because there is a lot of info lol. is it competitive? honestly, the hard answer is yes. unc is an r1 university, and many students, especially who are interested in medicine and healthcare, also want to get involved. the fact that most students at unc are interested in these fields makes it extra hard. however, it’s not as bad as some people make it out to be. i’ve gotten both of my research position after one application, but i’ve heard some people have applied to 50+ labs with no response. it’s also about timing, you want to apply when people are recruiting (normally the end/beginning of the semester). even if people don’t reply, or it doesn’t work out right away, don’t be discouraged, just keep applying to new labs! i also find that newer faculty will be more likely to accept, as they are building their lab from scratch. i also have heard that emailing grad students can be helpful! types of positions most students start out as research assistants, and do things like data collection/entry, coding, and possibly presenting posters later on. unc also has 395 credit, which allows you to do an independent research project for class credit, which most do their junior year. seniors can do an honors thesis, which is a bigger year long research project. you don’t have to be an honors student to apply to do one! there are also summer opportunities too, but these vary a lot. how to get in to labs (and finding them) i’ve been in 2 labs (soon to be three) at unc, and got all through cold emailing professors whose research aligned with my interests! i found most of them on the department page, if you just search “(whatever department) faculty unc” it should show you a list of faculty and their labs/interests! check out their lab websites and read some papers, and make sure you reference specific things that interest you about working with them, and how this experience will help you. some professors may also have an application on their website, i would fill this out and also email. there are also some listings on the our, though it’s not updated as often. my tips remember that you are capable! the fact that you are already thinking about research shows you will take initiative in lab spaces, that will shine through! also, don’t be afraid if you start in a lab and it isn’t what you love, experimenting is part of the process! my research interests changed my second semester, and it ended up being great. my experiences from my first lab pushed me to pursue a more specific field that i would have never tried on my own, and now i love it! if you have any questions, feel free to message me!', 'research position as many people have noted, the easiest way to look for professors is look at the department websites. just google ""unc + -subject- + faculty"" and you should be able to get the link to the website in the first few results. for your convenience, here is a few departmental faculty listings you may want to look at (based on you being a bio major + premed): \\+/ school of medicine faculty: [ \\+/ biology faculty: [ \\+/ biomedical engineering faculty: [ once you visit their pages, just take time and read through the bio of all the professors listed. note that if a professor\'s title is something like ""teaching assistant professor"" then they are not likely to do research, but i think exceptions do exist so it\'s entirely depending on you. each professor\'s biography page should have a description of their research topic and some contact information. once you have established a list of professors that you want to work with, email them, or if you are daring enough, just walk straight into their office and ask (politely of course!). there are other ways that you can do to know more about research in the department. first, there are numerous outreach events that promote undergraduate research at unc, ranging from general events like the celebration of undergraduate research each spring, to departmental events where professors and/or graduate students present about their research. for example from my personal experience, the department of applied sciences has a research symposium in the fall (where i attended and actually met the graduate student with whom i am doing research with), and the department of chemistry has something called ""measurement lecture friday"" where one grad student presents their research in undergraduate-level language and makes opportunities for undergrads to connect with their lab. i don\'t know about the biology department or the school of medicine but i would be surprised if they don\'t have something similar to those i have described. so, just go there, listen to the presentations and see if anything interests you, and if you are brave enough, just directly talk to the grad student or the professor there about applying. it\'s much harder to ignore you if you are literally right in front of their face, obviously. the second way is via classes. this can be impractical if you are taking the 100-/200- level classes since they are more likely than not to be taught by teaching professors who do not do research, but if you are either very lucky that this is not the case, or you managed to get into a honors/fy launch section of the class, then this is certainly a good way to make connections. another reliable trick is that the large introductory classes usually have undergrad/grad students as ta/la\'s, most of them are doing research so you may email them and ask them about the lab they are working in.']"
27,289,27_friends_make friends_making friends_people,"['friends', 'make friends', 'making friends', 'people', 'high commitment', 'social', 'commitment', 'make', 'making', 'to make']","['how to make friends in college?', 'how to make friends in college? [', ""halloweekend fomo i graduate next semester and somehow, all of undergrad, i never had anything to do for halloween. i didn't exclude myself on purpose so, let me explain. i've always wanted a group of friends to dress up with and go out with but, i never found that group of friends. i wouldn't say that i spent my whole undergraduate career lonely and without friends either. i've met some amazing people on campus but unfortunately, we were never more than classmates. i've had friends but we all got distant so we no longer contact each other. with the friends that i have right now, its nothing more than a surface level friendship. they only reach out to rant about their personal circumstances and aren't really interested in having a genuine long term friendship. for example, whenever i'd try to initiate a hangout, i'd get ghosted. i don't know, i started to feel guilty for wanting a profound friendship. i started to feel really depressed about my social life, i was convinced that yearning for a deep friendship made me selfish. i was told that simple things such as hanging out every now and then, having conversations in text/in person, or even doing acts of kindness for each other were bothersome and that no one owed me anything. for a while, i struggled with this issue. eventually, i learned how to be alone and found comfort within myself. my day to day life on campus is honestly quiet. very often, i would go a full day without uttering a word since i have no one to talk to on campus (i'm super embarrassed by this). i tried really hard to make new friends on campus, i put myself out there a lot. i tried initiating conversations with my classmates in lecture, joining clubs, and going out around town but nothing came of that. i kept telling myself that i'd be okay because everyone finds their group eventually...right? so, like i said, i just learned how to find peace within myself but every now and then (like today), i get really down about it. these past two weeks, i've seen the people around me talk about their halloween plans and how excited they were to go out with their friends. at first, it didn't bother me since i didn't think about it that much...until this week. i witnessed my friends make plans in front of me and not include me. now, don't get me wrong, no one is required to invite someone to plans they don't want them to be a part of. i'm just really heartbroken about this. i've considered them a crucial part of my life the entire time i've known them, i really value our friendship. i'm always running to them when they need me and i'm almost always excited to see them. this also isn't the first time that they've done this to me, it's happened a handful of times. whats even more hurtful is that i let them know ahead of time that i really wanted to do something with them since i've never gone out for halloween before. i've been dealing with them talking to me about their plans and how excited they are to go out. i can't lie... it makes me feel excluded. i'm seeing people get together with their friends to have a great weekend while i sit at home typing this post. i admit, its really pathetic but i'm just so down about it and i have no one to talk to. i thought that this year i was finally going to feel like a normal and social college student but, i was wrong. i wish i was invited to someones party or plans. i never got to experience a college party or hangout and it makes me question if i've spent my last years as a student wasting away in the comfort of my own room. its making me question if true friends exist at all. i'm questioning myself as a person because surely, its my fault for not finding a group, or at least someone, that i can call my friend. i've yearned for someone that would be as excited to plan a weekend full of fun with me...someone that considers me as a best friend and never makes me feel like the second (and final) option. i'm just really down about having to stay in this year, thats all. i'm watching all of the fun unravel on social media and i have major fomo. i was excited to brainstorm costume ideas, go out with people, and dance. it was supposed to be a fun and memorable final halloween in college but instead, i'm planning to comfort myself by watching horror movies in bed all weekend. i wish college wasn't so lonely sometimes. i graduate next semester and i'm extremely emotional about my overall experience. i get that college is one of the hardest periods in our lives. we're all struggling with our stressful classes, ourselves, and our loneliness. yet, it feels as if no one wants to build a genuine friendship...no one wants to socialize. hopefully, once i graduate, i'm able to find a friend and experience all of the things that i've missed out on throughout college. if you've made it this far, thank you for reading this, really. if you ever suspect that someone is lonely or struggling, befriend them! you never know what the person who sits next to you in class, the dining hall, or in lab could be going through. spark a conversation with them, invite them out, or simply exchange numbers. you never know, you could be saving someone from giving up with life because of their mental health. with kindness, compassion, and friendship, we could all help each other throughout these tough times in college. i hope that i'll be okay soon. i hope that my current struggles with my mental health and loneliness subside.""]"
28,285,28_jobs_work study_campus job_job,"['jobs', 'work study', 'campus job', 'job', 'summer jobs', 'on campus', 'work', 'campus jobs', 'hiring', 'good recommendations']","[""any good recommendations for jobs? i think this depends a lot on if you're looking for a job more for money or experience. most work study jobs don't pay that well (at least starting off), but they can be an excellent way to gain experience by working in a position related to a major or even in those departments directly. as for well-paying jobs on-campus, i'd say working at the student stores is the most popular option. [here's a page with more information about jobs on unc campus.]( if you end up preferring to do a work study job, i honestly recommend just scrolling through all the listings on the jobx portal and applying to all the ones that interest you. if you're interested in jobs related to your major/other interests, you might want to share those so others can give you jobs more fit to your needs/interests!"", 'any good recommendations for jobs? where can i find work study options', 'on-campus job opportunities?? thanks while a lot of on-campus jobs are offered specifically to work-study students, you should be able to find one. you should just watch out for job postings on campus flyers and on handshake (access through unc). campus jobs will usually pay the same rates as the federal work-study students, so there are pay-bands depending on the level of skill required for each job. students often work in the student stores, libraries, coffee shops, dining halls, makerspaces, labs, etc., but i am not really sure which jobs are reserved for work study, though. you could also ask the international students office where f1 students usually find jobs.']"
29,279,29_queer_frat_lgbtq_frats,"['queer', 'frat', 'lgbtq', 'frats', 'gay', 'belong am', 'not worthy', 'don belong', 'worthy', 'frat party']","['why don’t i belong? am i really not worthy? thank you!', 'why don’t i belong? am i really not worthy?', 'why don’t i belong? am i really not worthy?']"
30,277,30_vote_voting_to vote_early voting,"['vote', 'voting', 'to vote', 'early voting', 'card', 'election', 'one card', 'voter', 'id', 'voter id']","[""not registered to vote in orange county? it's not too late! it's not too late to register to vote here, but the early voting period is the last chance to register to vote in orange county if you've lived here for at least 30 days! cannot be done after 3pm on saturday. here are some specifics that will hopefully help you if you're not sure where to start: the closest early voting site to campus is chapel of the cross on east franklin, across the lot from the planetarium. 304 e. franklin st -- [all early voting sites in chapel hill/orange county]( are open friday from 8am to 7:30pm and saturday from 8am to 3pm. bring proof of residence with you -- if you live on campus, unc has already provided the county with your address, so your physical (not mobile) onecard is proof enough! otherwise, a utility bill, bank statement, or [anything else listed here will work as proof of residence.]( also bring an id -- a physical onecard will also work for this! if you don't have a physical unc onecard, [these will also work.]( you can just show up at an early voting site (again, before saturday at 3pm) and tell the election worker at the check-in station that you'd like to same-day register and vote. you'll be guided to the help desk, and an election official will guide you through the process. after you're registered, you can immediately turn around and vote! consider going tomorrow; if something goes wrong, you can go back on saturday before 3pm and fix it! hope this helps -- happy halloween!"", ""students: please be sure to vote! hey! dropping some resources that can hopefully help :) it's not too late to register to vote here, but the early voting period is the last chance to register to vote in orange county! cannot be done after 3pm on saturday. bring proof of residence with you -- if you live on campus, unc has already provided the county with your address, so your physical (not mobile) onecard is proof enough! otherwise, a utility bill, bank statement, or [anything else listed here will work as proof of residence.]( also bring an id -- a physical onecard will also work for this! if you don't have a physical unc onecard, [these will also work.]( the closest early voting site to campus is chapel of the cross on east franklin, across from the planetarium. 304 e. franklin st -- [all early voting sites in chapel hill/orange county]( are open tomorrow from 8am to 7:30pm and saturday from 8am to 3pm! you can just show up at an early voting site and tell the election worker at the check-in station that you'd like to same-day register and vote, and the help desk will guide you through the process. after you're registered, you can immediately turn around and vote! consider going tomorrow; if something goes wrong, you can go back on saturday before 3pm and fix it! hope this helps!"", ""students: please be sure to vote! tagging on, here are some specifics! it's not too late to register to vote here, but the early voting period is the last chance to register to vote in orange county! cannot be done after 3pm on saturday. bring proof of residence with you -- if you live on campus, unc has already provided the county with your address, so your physical (not mobile) onecard is proof enough! otherwise, a utility bill, bank statement, or [anything else listed here will work as proof of residence.]( also bring an id -- a physical onecard will also work for this! if you don't have a physical unc onecard, [these will also work.]( the closest early voting site to campus is chapel of the cross on east franklin, across from the planetarium. 304 e. franklin st -- [all early voting sites in chapel hill/orange county]( are open tomorrow from 8am to 7:30pm and saturday from 8am to 3pm! you can just show up at an early voting site and tell the election worker at the check-in station that you'd like to same-day register and vote, and the help desk will guide you through the process. after you're registered, you can immediately turn around and vote! consider going tomorrow; if something goes wrong, you can go back on saturday before 3pm and fix it! see you out there!""]"
31,275,31_withdrawal_withdraw_rescinded_score,"['withdrawal', 'withdraw', 'rescinded', 'score', 'submit', 'sat', 'withdrawing', 'should submit', 'retroactive', 'over dropped']","['i think i’m going to medically withdraw, can someone who has done that give me some insight?', 'how likely is unc to take back my acceptance over a dropped course 🧍', 'how likely is unc to take back my acceptance over a dropped course']"
32,269,32_photos_photos from_campus today_from campus,"['photos', 'photos from', 'campus today', 'from campus', 'today', 'photographer', 'pictures', 'graduation', 'grad photos', 'photographers']","['photos from campus today so give your own?', 'photos from campus today they’re cowards', 'photos from campus today your point?']"
33,263,33_mental_mental health_health_life,"['mental', 'mental health', 'health', 'life', 'depression', 'feeling', 'yourself', 'feel', 'depressed', 'care']","[""miserable freshman looking for advice (and to vent) basically title. i'm an out-of-state student without any connection to unc other than getting in and i have just never hated my life more. i've had mental health issues (suicidal ideation, depression, dp/dr, anxiety) my entire life, but i just never imagined it getting this bad. i've lost 15 pounds from stress alone since moving in, i can't sleep at night (3-4 hours at best, no matter how early i go to bed), my depressive episodes and panic attacks are more frequent, and i just feel my life slipping through my fingers. i'm not doing poorly academically (a, a-, b+), but i just feel so completely lost. i don't know exactly what i want to do (which i know is normal), but i just have nothing motivating me to keep going and no passion driving me forward at all. my parents are starting to get worried about me and honestly who can blame them? i sit outside my dorm crying on the phone to them for hours at a time because i genuinely feel like i am losing my mind and have no place or value anymore. i have struggled to make a single friend here. no one has been mean to me or anything, but i just feel like such an outsider it hurts. i was so excited for my first unc basketball game this week, but i just sat in the stands the whole time praying to be anywhere else and feeling like i shouldn't be there—like i was somehow a different species entirely from everyone around me. i just don't understand what is wrong with me. why can't i just enjoy what everyone else is having fun doing? why can't i get out of my own head and misery? why do i break down in tears every single time i am alone? i feel so physically trapped here too. on my tour when they said freshmen couldn't have cars, i genuinely immediately ruled the school out in my head. now, i wish more than anything i hadn't convinced myself my car (and therefore independence) wasn't that important. as ridiculous as it sounds (and i really do recognize how dramatic/privileged i sound, it's a hellish feedback loop of being mad at myself for being upset and then feeling worse) i feel like a prisoner here. the same cinderblock dorm, the same mediocre food on repeat, and the same classrooms/libraries every single day are making me feel like i am losing my mind. i can only walk to my classes in so many different ways. i'm trying to get myself home for thanksgiving and christmas without spending a fortune on unnecessary flights since i will be here for only one week between the two holidays (blessed with early finals) and the drive really isn't that bad, but of course that is a nightmare too. i truly believe that even just having my car here would make things better enough to at least finish the year, but i already know that isn't even a possibility (parking made that very clear, and absolutely could not have been ruder about it as a side note). in the dorms, i can never have alone time and without that real privacy, i can't access the mental health care that i do truly need through telehealth (as suggested by caps). of course, every professional who seems like they could help me in person isn't accessible through the bus lines. i even looked into using uber for everything, but almost $30 each way on top of $150+/hr (joys of out-of-state insurance!) is just not a solution with my current finances. i would just do anything to have my car. i really feel like i could maybe make this whole unc thing work if i had it. maybe it is because i grew up in a rural area where having a car was simply a non-negotiable (i drove for probably around 2 hours a day at home), but i feel like a child without it. this is the least independent i have felt since i got my license. i have so little control over my life now (where i go, what i go do on the weekends, what and when i eat, how often i go home, what doctors i see, etc). i feel like all i have done since i got here was take steps backward. it just doesn't feel fair to me that 82% of people are in state (and i know there are places in nc that are far away too, i'm generalizing because i'm upset) and their families and friends can realistically drive roundtrip in a day while i am essentially stuck on an island of flightless birds all alone. i really, truly believe that you can't make a good decision on if a college is right for you or not until you have given it a full year. unfortunately, i just don't know if i am going to be able to (literally) survive here for that much longer. i don't even want to transfer, i am so gutted by this whole experience i just want to go home and never think of higher education again. i am so embarrassed and disgusted with myself that i genuinely have a hard time looking in the mirror these days. leaving after the semester feels like giving up and i truly hate myself for wasting the opportunity i was given, but i just can't tell if this is an intense rough patch or if my misery is actually just as unending as it feels like it is. i wish i could just end it all without upsetting anyone else (my family, friends at home, and roommates who would be completely traumatized). some days i feel like maybe everything will be okay and i'll even be able to graduate, but for the vast majority i feel like the world is caving in all around me and i'm stuck in the rubble all alone. if you read this all the way through, i am both thankful and sorry! i don't really know what i'm expecting out of posting this, but i guess any words of wisdom, advice, or encouragement would be really appreciated. at the very least, screaming into the void made me feel a little bit better &lt;3"", 'need advice on how to have strength to continue hold up- ""i feel like my life is falling apart as i speak and any redeeming qualities i had prior to coming to carolina are gone and i am now destined to be a failure, too stupid to pursue any of my passions."" you are not stupid. you are not destined to be a failure. you did not lose any qualities of yourself. you are a single human being who\'s having society and all these high expectations piled on top of you and that is not possible, no matter how much people look like they\'re being perfectly successful and 100% perfect. college is incredibly tough. school in general is touch especially when everyone has different backgrounds and circumstances that very much dictate their education experiences. you\'re trying to grow up, learn who you are, manage and navigate a world and all these experiences while consistently being under pressure about staying on top of things and making perfect grades. then so many students are pushed into this standard of ""congrats you graduated high school, now go to college right now, ok you graduated college, now go pick a job that\'s most likely going to be shitty and not what you expected."" you don\'t ever get a break and grinding yourself to an oblivion is considered ""normal."" you are giving all you can and that\'s ok. that doesn\'t make you stupid or a failure. you are obviously showing that mental health problems are arising and getting diagnosed. maybe this is a huge sign saying ""you need to stop for a moment."" i didn\'t go to unc but when i was in college i was really similar to you. i don\'t know your whole background but i had a really really abusive and traumatic life and even when i got to college, i still didn\'t get to escape it. i was doing fine for a little but my mental health was collapsing and i had all these expectations attacking me non-stop. i ended up just having a severely bad breakdown and i chose to drop out of college. my family absolutely wasn\'t happy with me but i didn\'t care. i knew if i kept going it was going to get incredibly bad and i probably wasn\'t going to be around much longer. it was pretty shitty after i dropped out, ngl. family pulled complete support and i was homeless till some friends took me in and helped me find some stability with them. it took a little time but probably about a year and a half later, i felt at a point i could go back. so i did. i went back to college and got my degree. i still had to heavily explore my mental health even after that and unfortunately did have two attempts that hospitalized me. but as bad as it went and my life literally falling apart, it got better. i learnt a lot about myself, i learned what my support network was and what i needed, i learned how to set boundaries and come to an understanding with myself. i also started to understand that i wasn\'t going to ever have the ""normal timeline path"" everyone else around my age was having. i had to take a whole different path but that\'s ok. you\'re not stupid. you\'re not destined to be a failure. everything is a nightmare right now, it really is. but you\'re one person. your body literally has the check engine light on for a hot minute now and you\'re still trying to push it. i know it\'s hard and scary. but i think you really really need to take a break. take a hiatus if you need to. but your mental health is super important and such a big communication with yourself and it\'s telling you to stop and pay deep attention to what\'s going on. but please don\'t think you\'re a failure and there\'s nothing good about you. please do not do that. i know it\'s easier said than done, trust me, i\'m still struggling with it every now and then. but this is not your fault. society and all these huge expectations are crushing you and that\'s not your fault. you are trying your damn best and i\'m really proud of how much you are trying. you don\'t have to make a decision tonight of what to do (like taking a hiatus). but just stop for a moment and listen to your body. the panic attacks, the depression, are your muscles tight, etc? it\'s all trying to tell you something and needs you to listen. everything is busy 24/7 and you\'re in a whirl wind right now. i hope this helps, op. i hope you can find some quiet time for a bit and figure out what you and your body needs and then you can achieve that. but please don\'t so harsh about yourself. you\'re doing your best.', 'i\'m almost done with college, and i\'m really sad about it title. i\'m a rising senior, and i just can\'t believe its almost over. i loved college. through all the tears and self-doubt, i still really loved it. i loved the friends i made, even if some of them fell through. i loved my experiences, despite feeling like i wanted to transfer back home more than half the time (i\'m oos). my parents and the adults around me always told me to enjoy high school because it would go by fast. and it did, and i was sad when it was over. i spent a good majority of my first two years at unc wishing i could go back, missing my friends, my workplace, the flow of my life, and everything about home. now, i feel like i\'m going to spend my entire senior year wishing i could go back to freshman year and do it all over again. i have a lot of regrets with how i went about college sometimes. i wish i pursued my actual passion and my current major a lot earlier. my ego and fear of failure got in the way of changing my major and taking classes i actually cared about. i wish i went about some friendships in a different way, and took more opportunities to make more memories, but i cant turn back time. unc was never my top choice. it was simply the cheapest. a full ride was something that could allow my parents to live their lives care-free, a small sacrifice for all the sacrifices they made as immigrant parents. i wanted desperately to go to school in california. growing up in a small town with not that many asians, the west coast seemed like that was where i belonged. i applied to 7 schools in cali, and got into 5. i wanted to live my college years in a big city, getting my big city dreams out before it was time to settle down with a job. but it was $80k, and a 6 hour flight back home compared to getting paid to come to unc, and a 3 hour flight back home. but again, unc was never near my top choices for college. i got into better schools, more prestigious schools with prettier campuses (its the buildings. most unc buildings on main campus remind me of my middle school), and small class sizes was something i knew i would thrive in, none of were unc. all of my friends were either going to our state school, or going to better schools than i was, something that was really emphasized in my high school community. everyone went to the best school they got into, no matter how the costs, and how much debt it would leave them, and i was really really jealous of those people my first two years of college. i kept regretting not staying with my friends at my state school, or not going to the most prestigious college i got into. i hated school spirit, because i thought it was cheesy and tacky to have pride for this school. i had an unfounded ego, and if i could go back, i would shake some sense into myself. but now i\'m crying some nights as i wait for my senior year to start because i know i\'m going to miss it so much. i\'ve grown to love unc. i recently went to my boyfriend\'s graduation party, and one person there told him, ""i know you\'re glad to be done now, but you\'re going to miss it. you\'re going to want to go back because you\'re going to miss college."" i guess i\'m just more of a sentimental person, but something the 2022 usc journalism and comm graduation speaker said really hit home. ""this was not meant to be your blessing, but if you keep looking backwards, you are going to miss yours."" i spent so so long, regretting, feeling like a failure, wishing i was somewhere else, that i forgot i was in college! i was at a damn good university, and i was getting paid to be here. its taken until now for me to realize it, and i feel so so so stupid. i want nothing more than to restart college with a whole new perspective, but i guess hindsight is 20/20. thoughts of applying to masters programs crossed my mind, but i knew if i went for one, i would regret it when i was actually in the middle of the program. plus, my intended field really doesn\'t require one. i switched to my new major, the one i\'m actually passionate about, my last semester junior year. now, as i\'m planning out my last two semester courses, i\'ve never felt more regret about how i went about my first couple years at unc. there are so many wonderful courses that i could\'ve taken, explored. i really could have made my time at unc special, but i was naive and young. now i\'m trying to figure out how to take the classes i want to take, while being able to experience my last year at unc as a 21 year old at the same time. taking every class i want to take means being at 18 credit hours both of my last semesters, but at the same time, i want to have time to experience the college life i feel like i missed out on. my mental and physical health took a plumet the end of my freshman year till first semester junior year. insomnia, depression, hormone imbalance, all of these really turned my days gray. all i see looking back on those 4 semesters is just gray. i lost 4 semesters. i didn\'t really take any meaningful classes, nothing i was super interested in, nothing that applies to my current major and passion. i started taking 12 credit hours of the most useless gen ed classes along with my required scholarship classes. looking back, there are so many classes i wish i had taken the time to look into. a class where i could learn traditional chinese qin music, something i had wanted to do since high school. a class on the process behind creativity, something that i so wish i knew about earlier, and a plethora of classes pertaining to my field of interest, that i just can\'t shove into my last two semesters at unc. i met my boyfriend, who really shaped the way i now view college and the people surrounding me. he helped me get help with my mental and physical health, and while its still not great, my days aren\'t gray anymore. the future seems so bright, but its also shedding light on what my last few years could\'ve been. i\'m just really disappointed i let my college days go to waste. i wish i went to more game days. i was just scared of being judged for not putting my academics first, because i totally judged people for getting excited over sports. now i know, and i just want to be able to go to as many sports games in my final year. i want to feel the electric energy on campus during game days, walk on franklin street in carolina blue. i wish i said yes to going out more. i thought it would be the responsible thing to stay in and study. i wish i lived on campus longer. i could\'ve met more people, new friends. i wish i spent less nights wallowing in self pity, crying myself to sleep because i missed what i had in high school. i could\'ve this, i wish that. i should\'ve put in more effort to enjoy life. i guess the tldr is for freshman or incoming students, don\'t waste your college years. don\'t let your fear of judgement and failure get in the way of living out life. college is about new experiences, meeting new people, trying new things, and making some of the best memories of your life. i wish i knew that, and took that advice seriously. i know it can be easy to get wrapped up in your academics, with your impending future dependent on your performance during these 4+ years, but it\'ll happen, it\'ll work out in the end. going to unc, such a great school, you\'ll be getting some of the best teaching in the nation. it can be brutally hard sometimes, but don\'t let that consume you like i did. don\'t let one bad professor get in your way of living and determining your life (because there are a couple notorious ones at unc). make connections, be a nice person, be understanding, and experience your life in college. i wish my 17-year old self could read this post, and take it in before moving into hojo. i\'m hoping it helps someone else, because i can\'t turn back time and change my past. well, i\'m off to my senior year, and ill do my best to make it the most memorable one of them all :)']"
34,263,34_data science_data_science_statistics,"['data science', 'data', 'science', 'statistics', 'minor', 'bs', 'science minor', 'stats', 'in data', 'the data']","['statistics minor or data science minor ""i like data science better because i don\'t have to learn about the foundations of data science"" ???', 'statistics minor or data science minor', 'information science and data science minor']"
35,258,35_dei_anti dei_dei pricetag_pricetag,"['dei', 'anti dei', 'dei pricetag', 'pricetag', 'the anti', 'anti', 'dei funding', 'rip dei', 'rip', 'funding']","['the anti-dei pricetag i’m embarrassed for you.', 'the anti-dei pricetag that’s not fascism.', 'the anti-dei pricetag he did lol']"
36,256,36_med_med school_pre med_medical school,"['med', 'med school', 'pre med', 'medical school', 'medical', 'pre', 'unc med', 'into med', 'premed', 'school']","['did terribly this passing semester, so now im wondering if ill ever get into med school. they cannot drop orgo.', 'did terribly this passing semester, so now im wondering if ill ever get into med school. may i dm you, please?', 'advice for soon-to-be alumni not wanting to give up chasing med school i went from you and see to med school back in 2008. i decided to pursue medical school during my senior year so i had to spend a full year as a non-degree seeking student to finish up the prerequisite courses. i had a similar gpa to you when i graduated, but in my favor i was very good at science so i aced all of the prereq courses that i needed to take after graduation. so, first things first: getting into medical school is very difficult, and not a sure thing at all. you probably need to ace orgo 1 and 2, biochem, and developmental biology. but that\'s just the beginning. medical schools are very leery of people who they think aren\'t totally committed, so you\'re going to need volunteer and shadowing experience to demonstrate your commitment and that you know what you\'re signing up for. unfortunately in this regard you\'ll be competing with people who have wanted to be doctors since high school, and people who are children of doctors. they will have years and years of a head start getting volunteer and shadowing experience. if you haven\'t already taken the mcat, you need to get on that asap. your score on the mcat is going to tell you a lot about your chances of getting into medical school. i can\'t remember the exact timetable, but i know you need your score before you can send out applications. take some practice tests and see how you\'re doing. you might need to take an mcat prep course and if that\'s the case you\'re probably going to need some time, maybe a full year, to get ready. that\'s going to be doubly difficult because you\'ll be taking some really difficult classes at the same time, and in this case ""c\'s do not make mds."" you\'ll also probably need a job because uncle sam is a lot stingier handing out loans and grants to non-degree seeking students (to that end, you might also need to look into private loans to pay for your last few classes). research/publications are not a must, but since you\'re lagging behind in other areas that would be a huge boost to your resume. if you have worked in a lab, even as a lab assistant put that front and center in your application. if you don\'t have that type of experience see if you can get it. bonus points if you can publish something. it doesn\'t have to be a nature publication, but even being middle author on something in a minor journal will show that you\'re serious about academics. having a humanities major will set you apart from most of their applicants who will primarily be biology and chemistry majors, but you\'re going to need to sell it. whatever your major is you need to think of a way to present it so that it logically connects to your desire to be a doctor. it\'s not good enough to say ""i was a sociology major but then i decided i wanted to be a doctor."" you\'ll need to connect the things that you learned in sociology to your future career as a physician. finally, when you\'re writing your essays and assuming you get invited on interviews, you need a story. as stupid as that sounds, the fact is every single medical school is going to have 10 well qualified applicants for every spot they have open. you need to set yourself apart from other similarly qualified students by telling a compelling story about yourself and why you would make a great physician and how that\'s different from every other bozo with a high gpa and a biology degree. the last thing to consider is how long you will continue applying. it looks like you will need at least one year as a non-degree seeking student and assuming you can take the mcat that year then you can probably apply the following year. that also gives you a year or two to also get some shadowing, volunteer, and research experience. i would decide ahead of time how many cycles you\'re willing to continue applying. are you willing to consider caribbean medical schools? doctor of osteopathics schools? those are very good options for people who don\'t matriculate to a traditional allopathic medical school, but you can bank on much higher student debt when you get out. finally, what\'s your exit strategy if you decide that you\'re just not a good candidate for medical school? will you go to nursing school? pa school? graduate school? do you have marketable skills that would allow you to move into a job? it looks like you\'ll be putting your life on hold for at least 2 years and that will be a huge opportunity cost of medical school doesn\'t work out. i know this sounds very daunting, but it is doable if you\'re willing to put in the work. best of luck!']"
37,252,37_gpa_good gpa_considered good_gpa comeback,"['gpa', 'good gpa', 'considered good', 'gpa comeback', 'gpa at', 'is considered', 'comeback', 'what is', 'average', 'the average']","['what is considered a good gpa at unc?', 'what is considered a good gpa at unc?', 'what is considered a good gpa at unc?']"
38,244,38_canceled_classes canceled_today classes_59pm today,"['canceled', 'classes canceled', 'today classes', '59pm today', 'condition 11', 'in condition', '11 59pm', '59pm', 'condition', '11']","['unc in condition 2; 3-11:59pm today. classes canceled.', 'unc in condition 2; 3-11:59pm today. classes canceled.', 'unc in condition 2; 3-11:59pm today. classes canceled.']"
39,240,39_state for_cs_nc state_state,"['state for', 'cs', 'nc state', 'state', 'for cs', 'nc', 'unc vs', 'for statistics', 'some perspectives', 'cs would']","['deciding between unc and state for cs; would love to hear some perspectives!', 'deciding between unc and state for cs; would love to hear some perspectives!', 'deciding between unc and state for cs; would love to hear some perspectives!']"
40,233,40_orientation_orientation dates_new student_student orientation,"['orientation', 'orientation dates', 'new student', 'student orientation', 'the orientation', 'dates', 'dates work', 'screwed none', 'am screwed', 'screwed']","[""am i screwed? none of the orientation dates work for me why don't you try to register?"", 'am i screwed? none of the orientation dates work for me', 'am i screwed? none of the orientation dates work for me']"
41,231,41_affair_affair with_professor question_with professor,"['affair', 'affair with', 'professor question', 'with professor', 'professor', 'question', 'passive aggressive', 'with passive', 'aggressive professor', 'passive']","['affair with professor - question he’s not!', 'affair with professor - question thank you 💕💕💕', 'affair with professor - question 1. that’s even worse 2. ?????']"
42,230,42_affirmative action_affirmative_asians_action ruling,"['affirmative action', 'affirmative', 'asians', 'action ruling', 'after controversial', 'diverse after', 'controversial affirmative', 'less diverse', 'ruling', 'year class']","['first year class is less diverse after controversial affirmative action ruling', 'first year class is less diverse after controversial affirmative action ruling', 'first year class is less diverse after controversial affirmative action ruling']"
43,227,43_nursing_nursing school_unc nursing_the nursing,"['nursing', 'nursing school', 'unc nursing', 'the nursing', 'nursing students', 'bsn', 'nursing program', 'nursing decision', 'for nursing', 'in nursing']","['unc nursing i’m currently a first year pre-nursing student at unc. i was wondering if anyone on here is in the nursing school or applied and can help answer a few questions because i feel like my advisor doesn’t know enough specifics about the nursing school and i want to make sure i understand the requirements correctly. the nursing school website lists some pre reqs (like high impact experience, research &amp; discovery for example) and says (fulfilled with nursing courses). i take this to mean they don’t have to be done before entering nursing school, but elsewhere it says all prereqs must be completed before entering. can anyone clear this up? also, i have been trying to find average gpa for accepted students and can’t find it anywhere. i’m also curious what other things people did to get involved work/volunteer/club wise because i’ve tried reaching out to clubs but am struggling to find ones that would allow me to have consistent involvement. if anyone can help i would really appreciate it!', 'unc nursing can anyone who is applying to the nursing school answer this? on the nursing website, some prereqs are listed and read (fulfilled with nursing courses). does this mean that these do not have to be fulfilled before entering nursing school?', 'how to get into the nursing program']"
44,226,44_tarheel_be tarheel_tar heel_tar,"['tarheel', 'be tarheel', 'tar heel', 'tar', 'heel', 'at 52', 'tarheel at', '52', 'tracker', 'heel tracker']","['going to be a tarheel at 52 thank you!!', 'going to be a tarheel at 52 thank you!!', 'going to be a tarheel at 52 \U0001fa75\U0001fa75']"
45,219,45_concerns your_user flair_user_flair,"['concerns your', 'user flair', 'user', 'flair', 'automatically', 'comment', 'please', 'compose to', 'subreddit message', 'automatically removed']","['your comment has been automatically removed because you do not have user flair for r/unc. please [choose a user flair]( and then comment again. i am a bot, and this action was performed automatically. please [contact the moderators of this subreddit](/message/compose/?to=/r/unc) if you have any questions or concerns.', 'your comment has been automatically removed because you do not have user flair for r/unc. please [choose a user flair]( and then comment again. i am a bot, and this action was performed automatically. please [contact the moderators of this subreddit](/message/compose/?to=/r/unc) if you have any questions or concerns.', 'your comment has been automatically removed because you do not have user flair for r/unc. please [choose a user flair]( and then comment again. i am a bot, and this action was performed automatically. please [contact the moderators of this subreddit](/message/compose/?to=/r/unc) if you have any questions or concerns.']"
46,217,46_orgo_orgo at_take orgo_orgo and,"['orgo', 'orgo at', 'take orgo', 'orgo and', 'at ncsu', 'for orgo', 'orgo is', 'the summer', 'to orgo', 'ncsu']","['take orgo at ncsu!!! did you take it in person?', 'take orgo at ncsu!!! this might be an unpopular opinion, but i took orgo i and ii this summer at unc and loved it! it was tough, and i can’t speak to the difficulty or quality of professors at ncsu, but i felt very well-prepared and managed to get grades i was happy with. like a few others have mentioned, orgo over the summer is generally easier (regardless of where you take it) because it’s the only thing you have to focus on. i had austell for orgo i and eskew for orgo ii. even though austell gets a bad rap, i felt like he did an incredible job of instilling the fundamentals of orgo, which made orgo ii feel much easier. as someone who also had him for analytical (chem 241), i felt that he was much better for orgo. he also provided a ton of practice problems and additional support through q&amp;a sessions. eskew was super nice and made orgo ii pretty stress-free. she teaches more in the style of a lot of 100–200-level bio classes (semi-flipped classroom, lots of practice problems worked in small groups during class, emphasis on concepts and general trends, etc.). this isn’t to dissuade anyone from taking orgo at ncsu, but i did want to reassure anyone reading this that it is possible to take orgo at unc over the summer and do well! plus, you don’t have to worry about getting credits to transfer. i came into this summer as someone who did not enjoy chemistry, and it’s now probably one of my favorite subjects after bio!', 'skipping to orgo 2? i am transferring in orgo 1 from a community college. should i retake orgo 1 at unc or jump right into orgo 2? is orgo 2 harder than orgo 1? any help is appreciated, thank you!']"
47,213,47_drinks from_taking drinks_kept open_open resulting,"['drinks from', 'taking drinks', 'kept open', 'open resulting', 'was kept', 'machine in', 'students taking', 'library was', 'vending machine', 'resulting in']","['a vending machine in the davis library was kept open, resulting in many students taking drinks from it without paying.', 'a vending machine in the davis library was kept open, resulting in many students taking drinks from it without paying.', 'a vending machine in the davis library was kept open, resulting in many students taking drinks from it without paying.']"
48,212,48_step_step program_the step_into step,"['step', 'step program', 'the step', 'into step', 'step and', 'for step', 'getting accepted', 'community', 'apply', 'community college']","['c-step hello, i was accepted to c-step and now enrolled in unc chapel hill. you cannot apply to any of the professional schools with your c-step application. you apply to the arts &amp; sciences and get accepted into c-step. although, you get accepted into c-step and guaranteed admission that guarantee is only for arts &amp; sciences. however, when you apply for unc-chapel hill (yes, you still have to apply for admission) you separately apply to the school of nursing and if accepted great. if not, you’re still admitted to the arts &amp; sciences. i would strongly meet with the c-step advisor because the nursing program has required classes to take while at an nc community college and it’ll be best for your transcript to show how you’re handling those courses in biology and chemistry. you can reach out to me: rahiem at unc dot edu, and i will help you.', 'c step hi there! i transferred through c-step and found that it was actually a great experience! i applied during my first semester at community college, i received my admission letter into the program in late october. c-step requires that you have at least one year left before you transfer with your associate\'s degree. you can apply for the fall semester deadline during your first year or the spring semester deadline. it doesn\'t matter as long as you have at least a year left at cc. feel free to pm me if you have anymore specific questions. i just transferred to unc this semester from my cc through c-step and i\'m pretty familiar with the process! p.s - after reading some comments on this post c-step seems to have mixed reviews. however, i found that it was helpful getting to know my c-step advisors. i am a first generation college student so everything related to college was a foreign concept to me and my family. my advisors made the transition smoother and c-step pays for outings to chapel hill, orientation, application fees, etc. the requirements for c-step are honestly pretty lax. you just need to maintain a good gpa ( i think it\'s literally like 3.2,) attend their meetings (held on the cc campus), attend some of their fun outings (these outings are designed to get you used to chapel hill and network with fellow students; they are fun and i maintained a job the entire time i was in c-step, i simply had to plan in advance for c-step events,) as well as occasionally meet with your advisor. my point is i wanted to give some encouraging words regarding c-step because it seems that some people think the time commitment wasn\'t ""worth it."" in my opinion, the meetings were fun and not difficult to manage as long as you plan ahead. we met maybe once per month if that honestly.', 'getting accepted into c-step i got into c-step and it totally depends on what cc you go to. wake tech i’ve heard is hard to get into for c-step but for my community the advisor said that they let in every one who applied. find out who is your school’s advisor is for c-step and shoot them an email about it.']"
49,205,49_textbook_textbooks_books_pdf,"['textbook', 'textbooks', 'books', 'pdf', 'digital', 'book', 'bookstore', 'digital delivery', 'the bookstore', 'delivery']","['can i download a pdf of the biol 101 textbook?', 'can i download a pdf of the biol 101 textbook?', 'can i download a pdf of the biol 101 textbook?']"
50,205,50_music_piano_lessons_practice,"['music', 'piano', 'lessons', 'practice', 'pianos', 'guitar', 'instrument', 'to practice', 'practice rooms', 'pianos in']","['offering piano lessons do you have a piano?', ""places to practice piano for free. you'll get access to the practice rooms if you're enrolled in any music class-- you don't necessarily need to be music major!"", 'anyone offering piano/sight reading lessons for a non-music major on campus? you can still get access to the practice rooms if you’re not a music major or taking a class if you’re willing to pay the 70$ fee for the semester.']"
51,203,51_flagler_kenan flagler_kenan_assured,"['flagler', 'kenan flagler', 'kenan', 'assured', 'into kenan', 'flagler assured', 'admission good', 'assured admission', 'is kenan', 'investment banking']","['unc assured admission to kenan flagler business school', 'how hard is it to get into kenan-flagler assured admit from high school?', 'is kenan-flagler (assured admission) good for investment banking?']"
52,198,52_morehead cain_semifinalist_cain_morehead,"['morehead cain', 'semifinalist', 'cain', 'morehead', 'semifinalist decisions', 'cain semifinalist', 'decisions date', 'date', 'decisions', 'finalists']","['morehead-cain semifinalist decisions date i am in state.', 'morehead-cain semifinalist decisions date no 🙃\U0001f979', 'morehead-cain semifinalist decisions date 6 7']"
53,195,53_flair_user flair_user_automatically,"['flair', 'user flair', 'user', 'automatically', 'comment', 'please', 'flair and', 'moderators of', 'subreddit message', 'automatically removed']","['football tickets? your comment has been automatically removed because you do not have user flair for r/unc. please [choose a user flair]( and then comment again. i am a bot, and this action was performed automatically. please [contact the moderators of this subreddit](/message/compose/?to=/r/unc) if you have any questions or concerns.', 'student tickets your comment has been automatically removed because you do not have user flair for r/unc. please [choose a user flair]( and then comment again. i am a bot, and this action was performed automatically. please [contact the moderators of this subreddit](/message/compose/?to=/r/unc) if you have any questions or concerns.', 'ticket? your comment has been automatically removed because you do not have user flair for r/unc. please [choose a user flair]( and then comment again. i am a bot, and this action was performed automatically. please [contact the moderators of this subreddit](/message/compose/?to=/r/unc) if you have any questions or concerns.']"
54,195,54_easiest major_major at_law_easiest,"['easiest major', 'major at', 'law', 'easiest', 'easy majors', 'law school', 'unc easy', 'major', 'majors', 'is majoring']","['easiest major at unc? hello, tar heel. i am going to respectfully challenge your logic: if you think that a high quality law school is going to value your 3.7-4.00 gpa in an easy major over somebody\'s 3.5-3.7 gpa in a more challenging major, you\'re mistaken. law schools are way more sophisticated than you think they are. they know that game and they see right through it. and just so we\'re clear, it\'s not that hard to get accepted into law school. what\'s hard is to get into a law school with status, a law school from which graduates get jobs, a law school from which graduates get good jobs. unfortunately, many people buy into the idea that a number such a gpa actually means something in itself. numbers only mean something in context. if you want to go to law school, you\'re likely to get into one, so long as you have a ""decent"" gpa in any major + a competitive lsat score; but if you want to go to a law school that will get you a good job upon graduation, then you need to adjust your approach--because this strategy--the easiest path to a high gpa--isn\'t likely to get you your goal.', 'unc easy majors are you planning on going to law school?', 'easiest major to get in to unc']"
55,192,55_ice_chancellor says_will comply_says unc,"['ice', 'chancellor says', 'will comply', 'says unc', 'comply', 'with ice', 'unc chancellor', 'comply with', 'unc will', 'chancellor']","['unc chancellor says unc will comply with ice', 'unc chancellor says unc will comply with ice', 'unc chancellor says unc will comply with ice']"
56,191,56_kappa phi_pi kappa_of yesterdays_phi made,"['kappa phi', 'pi kappa', 'of yesterdays', 'phi made', 'made 60k', 'yesterdays protests', 'yesterdays', '60k so', '60k', 'far off']","['pi kappa phi made $60k (so far) off of yesterdays protests', 'pi kappa phi made $60k (so far) off of yesterdays protests', 'pi kappa phi made $60k (so far) off of yesterdays protests']"
57,188,57_triple_idst_easiest triple_cosmos,"['triple', 'idst', 'easiest triple', 'cosmos', 'humans and', 'the cosmos', 'easiest', 'humans', 'triple for', 'which triple']","['opinion on idst humans and the cosmos (please🙏) don’t take. if they have idst art and science of expertise take that one, easiest a ever', ""which triple-i should i take? hey, y'all. i'm a unc freshman and have to take a triple-i next semester. i'm not too interested in any of the courses. i was wondering if yall had any info or recommendations for an interesting class or an easy a.( i heard humans and the cosmos were awful.) idst 118 - triple-i: fake news, real science idst 121 - triple-i: performing and imagining the american south idst 122 - triple-i: humans and the cosmos idst 124 - triple-i: pandemics: ethics, literatures, and cultures idst 125 - triple-i: the art and science of expertise idst 131 - triple-i: voting and elections idst 134 - triple-i: jerusalem: real and imagined idst 190 - triple-i: special topics"", 'easiest triple-i? idst 118 - triple-i: fake news, real science idst 121 - triple-i: performing and imagining the american south idst 122 - triple-i: humans and the cosmos idst 124 - triple-i: pandemics: ethics, literatures, and cultures idst 125 - triple-i: the art and science of expertise idst 131 - triple-i: voting and elections idst 134 - triple-i: jerusalem: real and imagined idst 190 - triple-i: special topics those are eight triple-i courses offered next semester. which one would you consider the easiest? i searched on rmp and got pretty bad results for all the courses...']"
58,188,58_calling out_an alum_out an_calling,"['calling out', 'an alum', 'out an', 'calling', 'alum', 'creepy', 'out', 'an', 'older', 'he']","['calling out an alum this made me lol', 'calling out an alum thank you', 'calling out an alum yep. 👍🏻']"
59,188,59_dump_take dump_dump here_how do,"['dump', 'take dump', 'dump here', 'how do', 'you take', 'do you', 'take shit', 'favorite place', 'your favorite', 'here']","['how do you take a dump here? in the toilet.', ""how do you take a dump here? you don't."", 'how do you take a dump here? just do it']"
60,187,60_gym_gyms_src_the gym,"['gym', 'gyms', 'src', 'the gym', 'the src', 'busy', 'membership', 'unc gyms', 'personal training', 'busy are']","['gyms? there’s 2 gyms on campus- src and rams head. cobb is about an 8-10 minute walk to the src, and 15 mins to rams head. it depends on what you’re looking for in a gym. the src has everything but can get crowded. rams head is newer and has a basketball court but it’s small.', ""how busy are unc gyms? if i'm going to be honest, the gym is always busy. your best bet of the gym being empty, is if you stay at unc over the summer or if you have free time between classes when students typically have lecture (9a-1p) definitely anytime after 5pm in rams or the src will be busy as heck. i'm sure the best time to go is in the morning. i try to go to the src as soon as it opens at 6a, but again like you mentioned, there's lots of students. i would expect it to be busy, but it shouldn't be that busy where you don't have a single machine open for you to use."", 'i saw my pi at the gym']"
61,184,61_dog_to attack_attack me_dog tried,"['dog', 'to attack', 'attack me', 'dog tried', 'at battle', 'battle park', 'attack', 'battle', 'me at', 'tried to']","['dog tried to attack me at battle park ok.', 'dog tried to attack me at battle park', 'dog tried to attack me at battle park']"
62,181,62_alert carolina_emergency armed_inside now_armed dangerous,"['alert carolina', 'emergency armed', 'inside now', 'armed dangerous', 'now avoid', 'avoid windows', 'carolina emergency', 'dangerous person', 'go inside', 'campus go']","['!alert carolina! emergency: armed, dangerous person on or near campus. go inside now; avoid windows.', '!alert carolina! emergency: armed, dangerous person on or near campus. go inside now; avoid windows.', '!alert carolina! emergency: armed, dangerous person on or near campus. go inside now; avoid windows.']"
63,178,63_bus_buses_the bus_maps,"['bus', 'buses', 'the bus', 'maps', 'transit', 'the buses', 'google maps', 'hill transit', 'off schedule', 'ns']","['are buses running later than last year?', ""anyone else having issues with their bus being extremely off schedule? worst bus service ever !!!! i am a senior citizen i have been through three states and i have never seen a suburb bus more not working late then on time daily weekly. even chicago, illinois suburbs are better than this !! they're on time , even wisconsin suburb buses they are on time. if the bus driver have a issue or don't show up a replacement is put in his place immediately! i have never seen bus service like this for the suburbs. i'm a senior citizen and i have to walk to work half the week because for some reason they have an excuse why the bus is cut in the morning and two to three of them cut every afternoon in the afternoon .waiting to 3 hours cuz the bus is cut or will be extremely late. when the company don't know how to manage their public service upper management needs to be fired , all drivers laid off until the new supervisor out of state head supervisor is the replacement. and then only higher back the drivers that show up daily on time, common damn sense."", 'anyone else having issues with their bus being extremely off schedule? i’m a junior and didn’t really have this problem at all my sophomore year with the fcx, s, and ns lines. i live out in carrboro and take the cm route and the bus has always been at least 10min late. on monday it was 15+ min off schedule. sometimes it just doesn’t even show up. it’s made me late to class one or two times bc this is the only one that comes to my place. is this a problem unique to the cm line or are all buses being this late? if only transloc worked for this line still']"
64,174,64_schedule_my schedule_this schedule_schedule feedback,"['schedule', 'my schedule', 'this schedule', 'schedule feedback', 'is this', 'doable', 'schedule doable', 'rate my', 'feedback', 'is my']","['is this schedule doable? thank you, that helps', 'rate my schedule rate my schedule', 'is this schedule doable? is it that bad?']"
65,171,65_rejected_school ever_best school_rejected from,"['rejected', 'school ever', 'best school', 'rejected from', 'rejection', 'ever', 'the best', 'with rejection', 'from the', 'dealing with']","['rejected from the best school ever \U0001fa75 this!', 'rejected from the best school ever \U0001fa75', 'rejected from the best school ever \U0001fa75']"
66,166,66_scam_this scam_scam or_or for,"['scam', 'this scam', 'scam or', 'or for', 'for real', 'is this', 'real', 'worth joining', 'email', 'kindly']","['is this a scam or for real?? it’s a scam', 'is this a scam or for real?? scam', 'is this a scam or for real?? scam']"
67,165,67_12 credits_12_under 12_credit hours,"['12 credits', '12', 'under 12', 'credit hours', 'credits help', 'credits', 'hours', 'credit', 'don enroll', 'four classes']","['under 12 credits- help!!! the issue is the scholarship', ""what happens if we don't enroll in at least 12 credits?"", ""what happens if we don't enroll in at least 12 credits?""]"
68,164,68_insurance_student blue_blue_campus health,"['insurance', 'student blue', 'blue', 'campus health', 'health', 'health insurance', 'dental', 'waiver', 'gship', 'covered']","[""is bloodwork at campus health covered with student blue? if not, is it expensive? is it that testing is not covered by student blue or that it's not covered by student fees? your student insurance is separate from your student fees, which are paid by all students regardless of whether or not they have student insurance. if it's just that testing isn't covered by student fees, i think it should then go through student blue. either way, i'd suggested calling campus health and they should be able to talk you through coverage! &amp;#x200b; if there does happen to be a medical bill you weren't prepared for, definitely apply for student emergency funds through the dean of students office! ["", 'gship vs student blue hello all! i recently received a ta position for the coming fall semester. as part of the plan, it says the ta appointment “offers health insurance through the graduate student insurance program (gship).” as an undergrad here at unc i was enrolled in the university student blue program. can anyone explain the difference between the gship and student blue options? should i enroll in the insurance plan through gship or elect to remain with student blue? thanks in advance!', 'was it covered by the student blue insurance!?']"
69,164,69_university approved_absences_flu_approved absences,"['university approved', 'absences', 'flu', 'approved absences', 'absence', 'approved', 'stomach', 'stomach flu', 'the stomach', 'absences are']","['university approved absences are a joke wdym i should go to class with the stomach flu i think so!', 'university approved absences are a joke wdym i should go to class with the stomach flu', 'university approved absences are a joke wdym i should go to class with the stomach flu']"
70,163,70_ap_ap scores_scores_ap credits,"['ap', 'ap scores', 'scores', 'ap credits', 'credit', 'my ap', 'aps', 'credits', 'ap credit', 'too few']","['how long does it take for ap scores to show up in connect carolina? hi! i am getting my ap scores back on july 8 and my free score report will make it so collegeboard will send them once they are in. my registration is on july 15th. will my ap scores be processed before registration, or should i send whatever scores i have now?', 'is there a deadline to send ap scores for credit? i forgot to designate unc in my ap free report', 'ap credits wait so i should send my ap scores?']"
71,163,71_gun_guns_saying today_stop saying,"['gun', 'guns', 'saying today', 'stop saying', 'was shooting', 'today was', 'please stop', 'shooting', 'stop', 'saying']","[""please stop saying today was a shooting. okay riddle me this.... let's not ban guns because people will find the guns anyway and hurt people. going off of that logic: let's not have nuclear weapon laws because people will find nuclear weapons and hurt people anyways? we clearly have not had nuclear war in a while because of the stricter laws. let me be clear, nobody is targeting the right to safety. it isn't about taking rights away. it's about increasing safety for everyone. if taking the guns out of the hands of these mentally unstable individuals can reduce the number of people who die everyday due to gun violence, then i'm for it, and so are the others arguing against gun laws. 100% let's work to fix mental health issues. 100% let's target the 8 other heads of the hydra, but your analogy is lacking in that it assumes the other 8 heads also kill people at the same rate as the head we're trying to cut off. in more simplistic but graphic terms, if someone threatened you with a weapon, would you be focusing on providing them with therapy in that moment while they have a weapon to your face or trying to get the weapon out of their hands and then get them to therapy? now multiply that by the number of gun violence incidents in the country and you'll understand why it's imperative we get the guns out of people's hands first, then address the other concerns. is stricter gun laws and gun control going to solve the problem completely? no! but will it help reduce the number of innocent children dying on a classroom floor? absolutely. gun control invariably means less children dying, and i am for it. the point i think most people miss is questioning why there even is a need to have guns in civilians' hands? how are there other countries that are getting by without this? why do they have less school shootings than us? aren't we supposed to be the greatest country in the world with the mightiest military? why do americans then not feel safe? we're clearly doing something wrong. and if the current standard of gun control is continuing to place guns in the hands of individuals who shouldn't have them, and if you agree with me that these individuals shouldn't have had a gun in their hands and shouldn't have been able to take the lives of innocent people, then i think something needs to change. and we do that by not continuing to support the status quo. hope that makes sense."", 'please stop saying today was a shooting. the cities in america with the strictest gun laws are also the cities with the most gun deaths… interesting. nearly every serial killer ever said they didn’t target victims if they thought they might be armed, and a study also found that serial killers would rather run into police than accidentally target an armed victim. good guys having guns, according to the fbi, prevents millions of violent crimes every year. increasing access to law abiding citizens actually does decrease gun violence. the issue is people who have illegal weapons or who have mental health issues that somehow bypassed checks and should have never been able to buy a gun. there are already laws and regulations in place that should have prevented many mass shooters from accessing guns, of the ones who “legally” had the guns. unfortunately, mental health issues prevents you from buying a gun, but these records are not accessible to many retailers, and then people who shouldn’t have guns get them because we care more about confidentiality of mental disorders than preventing potential public safety risks from buying guns. regardless, taking away guns from the good guys only leaves bad guys with guns. crime skyrockets when criminals are emboldened by the thought of nobody ever fighting back.', 'please stop saying today was a shooting. how come ""these kinds of people"" don\'t find guns and kill people in countries with real gun control laws?']"
72,159,72_housing_waitlist_housing waitlist_the waitlist,"['housing', 'waitlist', 'housing waitlist', 'the waitlist', 'transfer housing', 'transfers', 'get housing', 'waitlist for', 'campus housing', 'for on']","['does anyone know how quick the waitlist for housing moves? yeah', 'transfer housing stressors i just wanna hear other people\'s thoughts on this. hey everyone, i am sure most of the transfer students here got the email stating that there will likely be no on-campus housing for us. they really do need a better system, i don\'t see why they are less deserving of housing. i bet it will get to a point in the future where absolutely no transfer students get housing and then they wonder why they get no applicants. it sucks to know that no matter how quickly i apply there could be nothing available. i am planning to still apply on may 6th but depending how far down i am on the waitlist i will just go for an off-campus place. transfers don\'t know the campus, they don\'t have a community. they go to unc to get that community only to be told ""oops no housing for any transfers"". i would be surprised if even ten transfer students get off the waitlist (except for those in an rlp). of course maybe i am overestimating this and more transfers than that will get housing which would be awesome. i thought unc was a good place to be, now that i don\'t have any security there i\'m not so sure. update: i emailed housing and their current student waitlist is 60 students. while that is a way lower number than last week, they cannot confirm or even guess how many students will cancel and free up space. there is a chance no transfers will get housing and there is a chance many transfers get housing. edit: i think the best advice is don\'t withdraw from your current institution (if you have housing) for unc yet. wait until you get housing, please. that is what i am doing right now and i am so glad i waited to find out about housing. there is probably a small fee with late housing cancellation but it would be worth it to actually be housed.', 'why are all transfers on the waitlist for on-campus housing?']"
73,158,73_pass fail_fail_pass_retake,"['pass fail', 'fail', 'pass', 'retake', 'grade', 'still fufill', 'fufill the', 'psych', 'fufill', 'requirement']","['psych majors, can i have a d in my upper level psych or neuroscience courses and still fufill the requirement so at unc, a c and above is considered passing?', 'psych majors, can i have a d in my upper level psych or neuroscience courses and still fufill the requirement yes', 'pass/fail major elective computer science b.a. ""students may choose to use one course completed with a grade of ps (not lp) towards their major and/or minor “core requirements” (as outlined in the undergraduate catalog). courses needed to fulfill “gateway or prerequisite” or “additional requirements” for your required major or minor may not be declared as pass/fail. students may not elect to change their major or minor for purposes of declaring these courses pass/fail."" so if you choose to pass/fail the class, and you haven\'t done this before, and you receive a grade of c or higher (ps), then it will count. however, it would be a one time thing and you wouldn\'t be able to do it again. depending on your current grade in the course, i would weigh out which option would be better for you. for example, if you\'re close to failing the class but feel like you could get a d, not pass/failing it would mean you\'d still get credit for it towards your required ""upper level comp electives"" (although, your gpa would take a hit). if you pass/fail it and receive a d then you would get an lp, meaning you won\'t get credit towards the major, but your gpa would be unaffected. on the other hand, if you have a c or above, and choose to pass/fail it, it would still count towards your major without affecting your gpa. this would use up your one time p/f towards core requirements though, so you wouldn\'t be able to do this again. i think it\'s also worth mentioning that failing a class, even if it\'s pass/fail, would be treated the same as a regular f.']"
74,153,74_good date_date spots_spots around_to eat,"['good date', 'date spots', 'spots around', 'to eat', 'foods hacks', 'hall foods', 'best dining', 'spots', 'around chapel', 'eat']","['good date spots around chapel hill/carrboro? davis❤️', 'what are some good unc/chapelhill spot to visits for travelers? coker arboretum', 'good date spots around chapel hill/carrboro?']"
75,151,75_result date_action admission_admission result_early action,"['result date', 'action admission', 'admission result', 'early action', 'result', 'date', 'admission', 'application', 'decisions', 'should hear']","['early action admission result date? same :(', 'early action admission result date? just got accepted!', 'early action admission result date? just got accepted']"
76,151,76_hair_haircut_salons_good hair,"['hair', 'haircut', 'salons', 'good hair', 'hair cut', 'hair salons', 'reasonable price', 'cut for', 'for reasonable', 'cut']","['hair salons in chapel hill/near unc?', 'hair salons in chapel hill/near unc?', 'best place to get a good hair cut for reasonable price? rly']"
77,148,77_up struggling_struggling socially_socially at_did mess,"['up struggling', 'struggling socially', 'socially at', 'did mess', 'mess up', 'socially', 'where did', 'mess', 'struggling', 'where']","['where did i mess up? (struggling socially at unc)', 'where did i mess up? (struggling socially at unc)', 'where did i mess up? (struggling socially at unc)']"
78,146,78_kf_to kf_into kf_business,"['kf', 'to kf', 'into kf', 'business', 'kf transfer', 'cas', 'step to', 'transfer', 'kf is', 'cas to']","['cas to kf transfer sorry just to clarify - is this 33 external transfer students who were admitted directly to kf? or is this students who transferred into the cas and then were admitted into kf during a later semester?', 'how hard is getting into kf for canadian admits hey dude i am also an international applicant and i also didn’t got an assured admit to kf cuz it is said that direct admit to kf is only provided to in state students. but yaa, they accept roughly 50% of the applicants in kf? would you like to chat in dms?', 'cas to kf transfer not yet']"
79,146,79_transfer_transfer decisions_decisions out_transfer advice,"['transfer', 'transfer decisions', 'decisions out', 'transfer advice', 'decisions', 'transferring', 'about transfer', 'of transferring', 'as transfer', 'transfer odds']","['transfer decisions out were you a cc?', 'transfer decisions out were you cc?', 'transfer decisions out were you in a cc?']"
80,145,80_business_econ_the business_business school,"['business', 'econ', 'the business', 'business school', 'business major', 'finance', 'ba', 'in business', 'major', 'economics']","['interested in business but hate the business major. would i be fine majoring in something else or should i just suck it up? if you have the aptitude to excel in the statistics/math/econ majors and that is something you are interested in there is no reason for you to do a business major. another interesting major option to consider is the quantitative finance concentration in the physics major.', ""interested in business but hate the business major. would i be fine majoring in something else or should i just suck it up? basically the title. i'm interested in business industry professions—particularly consulting, business analytics, and quantitative finance/economics—but i really hate the business major here at unc. there are a lot of required classes that seem useless and/or that i'm just not interested in, and speaking to some current business majors here who are taking or have taken those courses has only further supported my beliefs that i will not enjoy them at all. i'm more interested in the quantitative side of business, and i'd much rather major in cs + econ or stor + econ. would i be fine getting into industry completing one of those double majors instead of business, or are the benefits of kf really so helpful that i should just go for the bsba anyway?"", 'interested in business but hate the business major. would i be fine majoring in something else or should i just suck it up?']"
81,144,81_clubs_club_clubs for_good clubs,"['clubs', 'club', 'clubs for', 'good clubs', 'for making', 'making friends', 'join', 'the club', 'of club', 'start club']","['good clubs for making friends? international business club', 'good clubs for making friends? thank you, you too!', 'good clubs for making friends? yes']"
82,142,82_streaking_naked_night streaking_naked run,"['streaking', 'naked', 'night streaking', 'naked run', 'run happening', 'night', 'thursday night', 'wednesday night', 'happening', 'see links']","[""wednesday night's streaking wednesday night is the twice annual streaking tradition! let's make it the biggest one yet! meet at the flagpole at 11:30, strip and begin at the top of davis at 12 midnight, down all the steps in davis, outside to the steps of wilson to sing, and then back to davis and up the steps to the top. faq: do i have to register or sign up? no, just show up on wednesday evening. do i have to be completely naked? most participants will be totally naked, but it's not required. where to watch? davis any floor and outside davis not many people in the world can say they were naked at their university library, and sang the alma mater in the nude with hundreds of their classmates."", 'is the fall 2025 naked run happening??', 'naked run happening - see links and poster streaking no longer starts at davis??']"
83,141,83_discord_genshin_unc genshin_chat,"['discord', 'genshin', 'unc genshin', 'chat', 'groupme', 'group chat', 'genshin discord', 'gamers', 'server', 'group']","[""unc genshin discord hey everyone! i'm back again with the same post, lmao. fontaine and the new school year prompted me to post. i hope y'all are ready for the new school year! as a unc alum (class of 2022), i wanted to post this \\[again\\] as someone who used genshin as a stress reliever and as a way to connect with new friends &lt;3 i really enjoy this game so i would love to stay in contact with other fellow unc genshin gamers! this discord has slowly grown over time and so we would love to see y'all there\\~ we are not affiliated with the e-sports club or any unc official club (this is a genshin-focused discord(but it's not only denshin talk \\^\\^), not funded nor campus-supported by an advisor. just students, alum, or incoming! ) :) because this is a unc-only discord, many of us are always open to helping you throughout unc (whether that be questions about your schedule, past experiences, parking, tutoring, internships, etc.) many of us also meet for hangouts, campus events, and meals! of course, as a genshin (slightly star rail) discord, we also talk about lore, gameplay, art, etc.! i hope this can be a way for you guys to find friends to play and connect with throughout your years and beyond unc\\~ here is a permanent link: [ &amp;#x200b; &amp;#x200b;"", ""unofficial unc genshin discord hey everyone! as a unc alum, i wanted to post this as someone who used genshin as a stress reliever and to connect with new friends &lt;3 i am an absolute addict to this game so i would love to stay in contact with other fellow unc genshin gamers! a club member of mine created this discord and would love to see y'all there\\~ we are not affiliated with the e-sports club or any unc official club(this is a genshin-focused discord, not funded nor campus-supported by an advisor. just students, alum, or incoming!) :) i hope this can be a way for you guys to find friends to play and connect with throughout your years and beyond unc! here is a permanent link: ["", ""a unc genshin discord &lt;3 hey everyone! some of you might have seen this spiel already but here i am again :3 as a unc alum (class of 2022), i wanted to post \\[again\\] this as someone who used genshin as a stress reliever and as a way to connect with new friends &lt;3 i really enjoy this game so i would love to stay in contact with other fellow unc genshin gamers! this discord has slowly grown over time and so we would love to see y'all there\\~ we are not affiliated with the e-sports club or any unc official club (this is a genshin-focused discord(but it's not only denshin talk \\^\\^), not funded nor campus-supported by an advisor. just students, alum, or incoming! ) :) because this is a unc-only discord, many of us are always open to helping you throughout unc (whether that be questions about your schedule, past experiences, parking, tutoring, internships, etc.) a lot of us also meet up for hangouts, campus events, and meals! i hope this can be a way for you guys to find friends to play and connect with throughout your years and beyond unc\\~ here is a permanent link: [ &amp;#x200b; [3.6 soooooon \\&lt;3](""]"
84,141,84_ra_an ra_being an_ra in,"['ra', 'an ra', 'being an', 'ra in', 'having ra', 'ra have', 'it like', 'does ra', 'your suite', 'like having']","[""what's it like having ra in your suite.."", 'how is it like being an ra?', 'how is it like being an ra?']"
85,139,85_logo_new logo_well new_new,"['logo', 'new logo', 'well new', 'new', 'carolina blue', 'well', 'blue', 'is closer', 'branding', 'old well']","['well, new logo university of sports carolina', 'well, new logo i hate this 🥲', 'well, new logo the font is much better']"
86,138,86_building only_all females_only all_dorm building,"['building only', 'all females', 'only all', 'dorm building', 'there freshman', 'freshman dorm', 'females', 'building', 'dorm', 'is there']","['is there a freshman dorm building only all females? no money💔', 'is there a freshman dorm building only all females?', 'is there a freshman dorm building only all females? \U0001f979💔']"
87,137,87_bike_scooter_electric_scooters,"['bike', 'scooter', 'electric', 'scooters', 'cruiser', 'commute', 'bikes', 'ebike', 'lock', 'cruiser board']","['best way to commute around campus? (bike vs. cruiser board vs. e-scooter) don’t get an electric scooter, however i love my electric skateboard and walking is really nice when the weather is showing.', 'best way to commute around campus? (bike vs. cruiser board vs. e-scooter) yeah you should be good', 'best way to commute around campus? (bike vs. cruiser board vs. e-scooter) bike. don’t scooter plz']"
88,137,88_concerns your_user flair_user_flair,"['concerns your', 'user flair', 'user', 'flair', 'automatically', 'comment', 'please', 'compose to', 'subreddit message', 'automatically removed']","['your comment has been automatically removed because you do not have user flair for r/unc. please [choose a user flair]( and then comment again. i am a bot, and this action was performed automatically. please [contact the moderators of this subreddit](/message/compose/?to=/r/unc) if you have any questions or concerns.', 'your comment has been automatically removed because you do not have user flair for r/unc. please [choose a user flair]( and then comment again. i am a bot, and this action was performed automatically. please [contact the moderators of this subreddit](/message/compose/?to=/r/unc) if you have any questions or concerns.', 'your comment has been automatically removed because you do not have user flair for r/unc. please [choose a user flair]( and then comment again. i am a bot, and this action was performed automatically. please [contact the moderators of this subreddit](/message/compose/?to=/r/unc) if you have any questions or concerns.']"
89,130,89_lost_keys_found_lost keys,"['lost', 'keys', 'found', 'lost keys', 'fob', 'key', 'airpods', 'lost and', 'keys at', 'key fob']","['found key with fob in kenan stadium, sec 121, row kk my son may have lost an audi key with black fob in case anyone found that! still looking ..', 'found key with fob in kenan stadium, sec 121, row kk thanks. i’d hate to be a student who lost their key.', 'found key with fob in kenan stadium, sec 121, row kk as we were leaving the unc/dook game on saturday, we found a key with a gray fob on it with the number 084 taped on it. we found it in section 121, row kk near the end of the row toward section 120. we turned it into security who will put it in lost and found.']"
90,128,90_she_not choose_unc advice_scared to,"['she', 'not choose', 'unc advice', 'scared to', 'choose unc', 'her', 'if she', 'to not', 'scared', 'nursing']","[""scared to not choose unc/advice my daughter is leaning away from chapel hill for wilmington and that seems sacrilegious to me. please advise it's getting close. 1. prestige level - obviously ch, but if she is leaning towards a np/pa/nurse anesthetist/md does it matter since all are high demand jobs. at this point not leaning towards best in field clinical/research. 2. rigor - obviously ch, but i notice some struggle in bio/chem and at other schools easier to get an a. she is in something called honors at wilm, so some perks. 3. campus - she's not into drinking/partying so kind of a wash? she can make friends easy. she mentioned ch campus didn't seem as nice visually and not able to have a car, and some older buildings at ch. she also only drove through ch and i told her we need to do a formal tour this week. the beech is nothing special to her. 4. cost - ch is nearly double and would be a stretch, so i'm not complaining but i'd make it work if she was excited to go there. she got more aid at wilm. i feel like there is something she is holding back about why she's not as interested in ch, some of her friends are even going. she says she understands the amazing status ch has, but it doesn't seem like she applies the importance to ch like we did. 5. opportunities - again ch due to the higher status of students/professors/resources and she doesn't have the context to forsee the missed pathway's in life she might give up. i know she will be successful anywhere but man how do you say no to carolina."", 'scared to not choose unc/advice i don\'t know that any of the points you\'ve listed mean she\'s ""not mature enough."" that\'s a pretty hurtful thing to say about a teenager. the crime point is an interesting one and i do think you\'re on the right track with thinking she got an incomplete picture of both areas. probably worth another tour of both. and yeah, unc is huge, she probably won\'t have to see those classmates. but depending on what they\'ve put her through, she may want to be far away from them. she may not even want to be in the same university. idk the backstory but that\'s what i\'d want as a teenager if i knew some of my high school bullies were going to unc. the dorm situation at unc is not great honestly, especially for freshmen. she has a point there. the class sizes are enormous, especially for pre-med. it is extremely difficult to be successful (meaning a or b) in chem 101/102 here. my bio 101 class had 400 students. if she wants smaller class sizes, i can understand that. i\'m echoing a lot of the other comments here: try to give her any info she may be missing, but let her do what she wants. she can 100% go to med school with a degree from uncw. she may be more successful over there given the grade deflation in stem here. if she ends up relenting and going to unc to appease you, there\'s a good chance she\'ll end up resentful. edit: i missed the part about her leaning toward nursing. it doesn\'t matter where she gets her nursing degree. i\'m an rn and i went to unc. she\'ll be able to get a job most places in nc regardless of where she went to school, and if she wants to do np/crna (aka nurse anaesthetist) she\'ll need several years of nursing experience anyway. those grad schools will care more about her gpa than her university and again, grade deflation is very real here. my undergrad gpa was a 3.1 and my nursing school gpa was a 3.6 (i did a second degree program). i can tell you first hand that the pre-req exams were far more difficult and frankly unfair than anything i encountered in nursing school here. uncw might set her up for success more than you think.', ""scared to not choose unc/advice if she goes into nursing it really won't matter.""]"
91,126,91_admissions_my admissions_admissions decision_psa you,"['admissions', 'my admissions', 'admissions decision', 'psa you', 'this affect', 'can view', 'how will', 'your admissions', 'admissions file', 'view your']","['how will this affect my admissions? i don’t see my schools listed in my admissions portal when do you start ?', 'how will this affect my admissions? i don’t know what you mean', 'how will this affect my admissions? i got accepted!!']"
92,126,92_ea_ea decision_decision most_likely coming,"['ea', 'ea decision', 'decision most', 'likely coming', 'tomorrow theory', 'their tiktok', 'coming tomorrow', 'hill ea', 'ea decisions', 'are ea']","['unc chapel hill ea decision most likely coming tomorrow?? (theory based on their tiktok) got in oos!', 'unc chapel hill ea decision most likely coming tomorrow?? (theory based on their tiktok) yes', 'unc chapel hill ea decision most likely coming tomorrow?? (theory based on their tiktok) i got in!!!']"
93,122,93_resolutions_student senate_no confidence_senate,"['resolutions', 'student senate', 'no confidence', 'senate', 'confidence resolutions', 'senate passes', 'passes no', 'confidence', 'passes', 'grad student']","['grad student senate passes no-confidence resolutions', 'grad student senate passes no-confidence resolutions', 'grad student senate passes no-confidence resolutions']"
94,121,94_overdose_unc overdose_overdose story_story,"['overdose', 'unc overdose', 'overdose story', 'story', 'narcan', 'coke', 'fentanyl', 'od', 'cocaine', 'ems']","['unc overdose story this should be pinned', 'unc overdose story so, you think people should be allowed to die?', 'unc overdose story nah, you first.']"
95,120,95_morehead cain_cain_morehead_finalist,"['morehead cain', 'cain', 'morehead', 'finalist', 'cain at', 'anyone applying', 'to morehead', 'cain finalist', 'scholar on', 'does morehead']","['how helpful is having morehead cain finalist (not scholar 😪) on my resume? not helpful.', 'how helpful is having morehead cain finalist (not scholar 😪) on my resume? ^^^', 'how helpful is having morehead cain finalist (not scholar 😪) on my resume? haha']"
96,120,96_sexual_the wrist_slap on_wrist,"['sexual', 'the wrist', 'slap on', 'wrist', 'slap', 'wrist for', 'high slap', 'gave zayden', 'sexual misconduct', 'misconduct']","['unc gave zayden high a slap on the wrist for sexual misconduct i agree', 'unc gave zayden high a slap on the wrist for sexual misconduct right !', 'unc gave zayden high a slap on the wrist for sexual misconduct']"
97,119,97_roommate_for roommate_looking for_roommates,"['roommate', 'for roommate', 'looking for', 'roommates', 'for roommates', 'looking', 'female', 'student looking', 'roommate for', 'male']","['anyone still looking for a roommate?', 'unc grad student looking for a roommate', 'unc grad student looking for a roommate']"
98,118,98_gillings_in gillings_hpm_for gillings,"['gillings', 'in gillings', 'hpm', 'for gillings', 'bsph', 'gillings major', 'which gillings', 'public health', 'into gillings', 'gillings bsph']","['which gillings major is the best?', 'which gillings major is the best?', 'question about applying as a transfer for gillings how competitive is gillings as a transfer student? hi, i have a quick question about applying as a transfer. i’ll be applying for biostats in gillings as a first year transfer, but is it direct admit, or am i only admitted into the college &amp; then have to apply to gillings? i’ve heard gillings is very competitive and i’m not sure that i have the pre reqs. i’ll have semesters of chem &amp; bio, calc, english, and honors courses. would i just be rejected from unc completely, rejected from gillings, or are first year transfers not even admitted until later? would it be better to just apply for a degree in the cas and try and internally transfer, if i was admitted, was able to afford, and chose unc?']"
99,117,99_fema_relief_fema relief_project 2025,"['fema', 'relief', 'fema relief', 'project 2025', 'trump', '2025', 'project', '2025 is', 'billion', 'funds']","['fema relief trump doesn’t have a “project 2025” so….', 'fema relief there is plenty of money', 'fema relief oh and what are you?']"
100,115,100_information science_information_science major_science,"['information science', 'information', 'science major', 'science', 'the information', 'ux', 'science good', 'or bad', 'good or', 'major']","['how difficult is the information science major?', 'how difficult is the information science major?', 'how difficult is the information science major?']"
101,113,101_library_davis_open 24_24,"['library', 'davis', 'open 24', '24', 'library sucks', 'davis library', 'library not', '24 hours', 'hours during', 'finals']","['why is the library not open 24 hours during finals week? go back to new jersey', 'why is the library not open 24 hours during finals week?', 'why is the library not open 24 hours during finals week?']"
102,110,102_canvas_sakai_on canvas_canvas down,"['canvas', 'sakai', 'on canvas', 'canvas down', 'canvas sites', 'old assignments', 'canvas or', 'recover old', 'into old', 'old canvas']","[""canvas down? it's an issue with canvas it seems"", 'fun facts: canvas has an app! hey unc gang, here\'s what fun facts this post will cover 1. app 2. calendar 3. using app with multiple canvas log-ins (kfbs, mph@unc, sog) i used canvas at my old school and it is soooo much better than sakai for students--and professors! nevertheless, expect plenty growing pains as we transition... anyways, some fun facts i love about it are the app and calendar! yes, you heard it here first... you now have access to an app for your android or apple device to keep track of your assignments--and even do discussion posts from your phone! paired with the calendar, if professors actually add their assignment due dates to it, it will merge with all the other professors\' due dates and voilá. you now have track of all your assignments. the best part? with the app and notifications set up, you will now get push notifications when assignments are almost due!! after you download the app, make sure to change your phone notification settings for it to the \\annoying as hell\\ option and then go into the app and check out all the notification options under ""settings."" &amp;#x200b; &gt;so, please notify your professors about this and advocate for them to keep their calendars updated! sadly, for reasons unknown to me, these amazing features i am referencing will not work if you are taking classes from unc ""schools"" that have decided to make separate canvas accounts/log-ins. i am talking about the kenan-flagler business school, the online mph@unc program at the gilling\'s school of global public health, and the school of government which can be found next to ""separate logins:"" at [canvas.unc.edu]( (for the record, all other classes use unc\'s normal canvas account and can be found on the same website but by clicking ""onyen login"") &amp;#x200b; &gt;if this does not apply to you, no need to read on! please add your favorite things about canvas in the comments below! if this does apply to you, there is a partial solution! yay! so, although your calendars cannot be merged at this time, you can still utilize the app and its features by logging into both accounts on the app. after downloading the canvas learning app, log in and set it up with the classic, or overarching basic unc account which should then give you access to most of your classes. after it is set up, open the app and tap the 3 bars in the top left to open the menu and select ""change user."" from here select ""find my school"" and search for your schools actual name like ""kenan-flagler-business school"" and select it and you should be able to figure it out from here! (each school has a different process, for the school of government i had to select the ""unc mpa / employee log in"" to set mine up properly, even as an undergrad) keep in mind, you will have manually switch back to each account to access those classes by following the steps above again. however, instead of continuing you will see two accounts you can pick from at the bottom of the screen after clicking ""change user."" i have yet to confirm how notifications will work via email or push notifications on the app with separate accounts logged in, but at least you can use the app for all your classes now! i also have a ticket open with it and someone is supposed to be getting back to me on the possibility of merging canvas calendars etc, but i have very low hopes for a solution. hopefully this posts teaches people about the app and helps those rare few like myself taking classes from multiple ""schools"" at unc chapel hill. go heels!', 'canvas for spring semester i know that classes should be on canvas this semester rather than on sakai. but, i have kept checking canvas and have yet to see my classes for the spring semester appear. i don’t remember having to add myself to a canvas class for previous courses. does anyone know when/if they will be added to our canvas dashboards? i know there is still time before fdoc, but i would still like to prepare by reading syllabi before the first day.']"
103,110,103_action decision_early action_time date_date did,"['action decision', 'early action', 'time date', 'date did', 'your early', 'all get', 'what time', 'did all', 'get your', 'early']","['what time/date did y’all get your early action decision? thank you!!', 'what time/date did y’all get your early action decision? thank you!!!', 'what time/date did y’all get your early action decision?']"
104,110,104_to alumni_questions to_alumni_alumni thank,"['to alumni', 'questions to', 'alumni', 'alumni thank', 'general advice', 'advice and', 'freshmen', 'miserable freshman', 'to vent', 'rookie myself']","[""i've recently met several incoming freshmen since i'm taking summer courses. most of them asked me for some college advice. although i'm a rookie myself, i do have some general advice that is arguably helpful...maybe... and decided to make a video about it. also, welcome, class of 2026. damn op u got the looks"", ""i've recently met several incoming freshmen since i'm taking summer courses. most of them asked me for some college advice. although i'm a rookie myself, i do have some general advice that is arguably helpful...maybe... and decided to make a video about it. also, welcome, class of 2026. can’t wait to see you on campus again richard 😉"", ""i've recently met several incoming freshmen since i'm taking summer courses. most of them asked me for some college advice. although i'm a rookie myself, i do have some general advice that is arguably helpful...maybe... and decided to make a video about it. also, welcome, class of 2026.""]"
105,109,105_duke_or duke_unc or_and duke,"['duke', 'or duke', 'unc or', 'and duke', 'at duke', 'to duke', 'between unc', 'program between', 'interinstitutional program', 'interinstitutional']","['unc or duke it’s duke and it’s not close', 'interinstitutional program between unc and duke', 'unc or duke go to duke']"
106,109,106_credit_credit classes_credit hour_hour,"['credit', 'credit classes', 'credit hour', 'hour', 'hour classes', 'hour course', 'one credit', 'easiest credit', 'credit courses', 'easy']","[""looking for 1 credit classes besides phya &amp; lfit i already have four 3 credit classes and so i'm trying to find more 1 credit classes"", ""easy/interesting 1 credit hour classes for spring 2023? unfortunately my connectcarolina is broken and will not let me search up classes on my laptop, so here i am on reddit asking for help. i want to underload my last semester which means i need to take two 1 credit hour classes, since i couldn't find a 2 credit hour class that interested me. does anyone have any recommendations for 1 credit hour classes, especially those that don't have exams? also for context, i am not a stem heavy person so 1 credit hour stem classes aren't the move. thanks!!"", 'easy/interesting 1 credit hour classes for spring 2023? [']"
107,108,107_busi_busi 100_100_for busi,"['busi', 'busi 100', '100', 'for busi', 'busi100', '406', 'dropping busi', '408', 'who dropping', '403']","['who’s dropping busi 100 who is this?', 'who’s dropping busi 100 i don’t know', 'busi non-major question i want to take busi 100 and another busi elective, but i saw you can only take one busi class per semester as a non-business student. can you take busi 100 with something else given busi 100 is a prereq for the major?']"
108,108,108_msw admissions_msw_hill msw_unc chapel,"['msw admissions', 'msw', 'hill msw', 'unc chapel', 'admissions', 'chapel hill', 'hill', 'chapel', 'advanced standing', 'direct practice']","['unc chapel hill- msw admissions thank you ❤️', 'unc chapel hill- msw admissions congratulations!', 'unc chapel hill- msw admissions congratulations!']"
109,108,109_named permanent_roberts named_permanent chancellor_roberts,"['named permanent', 'roberts named', 'permanent chancellor', 'roberts', 'named', 'permanent', 'chancellor', 'chancellor he', 'he', 'his']","['roberts named permanent chancellor better than being shot...', 'roberts named permanent chancellor yikes. that’s all.', 'roberts named permanent chancellor weird thing to say']"
110,108,110_double_double major_major_double majors,"['double', 'double major', 'major', 'double majors', 'majors', 'many double', 'minor', 'majors at', 'second major', 'ba']","['why are there so many double majors at unc?', 'can double major in the cs bs/ba count towards requirements?', 'can double major in the cs bs/ba count towards requirements? you cannot double major in cs bs/ba']"
111,105,111_police brutality_brutality at_brutality_police,"['police brutality', 'brutality at', 'brutality', 'police', 'at unc', 'cops', 'flag', 'protestors', 'the cops', 'tents']","['police brutality at unc what injuries?', 'police brutality at unc 🥾 👅 er', 'police brutality at unc how convenient.']"
112,105,112_pay year_do ya_ll pay_ya ll,"['pay year', 'do ya', 'll pay', 'ya ll', 'much do', 'year here', 'ya', 'how much', 'pay', 'living wage']","[""how much do ya'll pay a year here?"", ""how much do ya'll pay a year here?"", ""how much do ya'll pay a year here?""]"
113,104,113_redact_mass deleted_with redact_was mass,"['redact', 'mass deleted', 'with redact', 'was mass', 'and anonymized', 'anonymized with', 'anonymized', 'deleted and', 'post was', 'deleted']","['encourage recognise sort fine yam bike fact intelligent connect hungry this post was mass deleted and anonymized with [redact](', 'obtainable sugar books mourn sort squealing scary different price hospital this post was mass deleted and anonymized with [redact](', 'books quaint encourage unwritten include special future close selective lavish this post was mass deleted and anonymized with [redact](']"
114,103,114_concerns transfer_decisions your_user flair_user,"['concerns transfer', 'decisions your', 'user flair', 'user', 'flair', 'automatically', 'comment', 'please', 'transfer decisions', 'automatically removed']","['transfer decisions! your comment has been automatically removed because you do not have user flair for r/unc. please [choose a user flair]( and then comment again. i am a bot, and this action was performed automatically. please [contact the moderators of this subreddit](/message/compose/?to=/r/unc) if you have any questions or concerns.', 'transfer decisions your comment has been automatically removed because you do not have user flair for r/unc. please [choose a user flair]( and then comment again. i am a bot, and this action was performed automatically. please [contact the moderators of this subreddit](/message/compose/?to=/r/unc) if you have any questions or concerns.', 'transfer decisions! your comment has been automatically removed because you do not have user flair for r/unc. please [choose a user flair]( and then comment again. i am a bot, and this action was performed automatically. please [contact the moderators of this subreddit](/message/compose/?to=/r/unc) if you have any questions or concerns.']"
115,102,115_cornell_cornell or_or unc_unc cornell,"['cornell', 'cornell or', 'or unc', 'unc cornell', 'to cornell', 'ivy', 'finance', 'cornell is', 'kenan', 'league']","['cornell or unc? cornell by a mile', 'cornell or unc? cornell. even as someone who got into unc chapel hill i would choose cornell', 'cornell or unc? cornell no question']"
116,101,116_caps_therapy_therapist_is caps,"['caps', 'therapy', 'therapist', 'is caps', 'nonexistent this', 'caps availability', 'is nonexistent', 'availability is', 'nonexistent', 'walk in']","['how is caps for walk in?', 'is caps worth it? if you’ve never seen a therapist before, they will provide you therapy services. i went my freshman year when i hit a rough patch and it was genuinely so beneficial to me. i first went to their walk in thing where they pair you with a caps worker to talk to them that one time. they then paired me with a longer term therapist at caps, who i went to once a week from like october to march (when covid made us leave). she was a phd student getting her clinical hours. if you go to caps, you have to go into it knowing that it’s a short term solution, and that you will have to get an outside therapist at some point. i emailed them for a referral list last year, and they asked for my insurance and sent me therapists in my networks (i ended up paying $10 a session). i know a lot of people have bad experiences and that’s a big failure on the university’s part. i might be a rare case where i only have positive things to say about my experience at caps. if you feel like you need to go, then i really think you should go.', 'caps availability is nonexistent this semester have you done a walk in appointment? they can help get you some resources for longer term therapy in that initial walk in. agree with the other commenter about emailing avery the head of caps. for immediate crisis support you can call caps after hours line. i also highly recommend the trevor project’s text line. even if you’re not lgbt they have been really helpful. for longer term therapy you should look at what your insurance will cover/how much you’re willing to pay out of pocket, and use websites like psychology today to filter what you’re looking for.']"
117,100,117_essay_essays_essays for_application co,"['essay', 'essays', 'essays for', 'application co', 'co 2025', 'unc application', 'my essay', 'application', 'essay writing', 'to include']","['essays for unc application co 2025 how good was your essay?', 'essays for unc application co 2025', 'essays for unc application co 2025']"
118,100,118_journalism_hussman_media_marketing,"['journalism', 'hussman', 'media', 'marketing', 'hussman school', 'and journalism', 'unc hussman', 'media and', 'pr', 'of journalism']","['need more info about assured enrollment in unc hussman school of journalism and media i would love to work within the media, and pr us definitely a great way for me to do that!', 'need more info about assured enrollment in unc hussman school of journalism and media hey! first off, congratulations on your acceptance! i’m currently a sophomore in hussman, and i was also assured-admission! for the hussman school, your degree will say media and journalism (aka mejo), and you will either specialize in advertising/pr or journalism. i was afraid of jobs/employment when i first got into the major too, but you’ll quickly learn that the hussman school has insane opportunities for networking, career fairs, internships, etc. most students, myself included, just flat out say on linkedin or resumes that my major is advertising/pr, not journalism lol. a lot of hussman grads go onto securing super cool jobs; nfl, ncaa, abc network, etc. communications (outside of hussman) will be extremely english/history/humanities based, while mejo (media and journalism in hussman) is based on a lot of creative/real world classes- social media analytics, media in the us vs. asia, photojournalism, sports communication and writing, etc. hopefully this helps a little!! if you have any other questions feel free to message me and i can totally help! congrats again!!', 'need more info about assured enrollment in unc hussman school of journalism and media thank you!!']"
119,99,119_meal_meal plan_plan_most appropriate,"['meal', 'meal plan', 'plan', 'most appropriate', 'plan recommendations', 'recommendations which', 'appropriate', 'dining', 'flex', 'the dining']","['meal plan recommendations - which is the most appropriate? damn 😔', 'meal plan recommendations - which is the most appropriate?', 'meal plan recommendations - which is the most appropriate?']"
120,99,120_dress_dress code_code_wear,"['dress', 'dress code', 'code', 'wear', 'attire', 'casual', 'wear to', 'to wear', 'clothes', 'frat rush']","['dress code literally whatever you want', 'dress code there’s no dress code, but try to avoid nudity.', ""dress code there is no dress code, you can wear whatever you want. that being said, you will need to interact with people. other students, faculty and staff. my recommendation is to dress for the occasion, business-casual, not too business, not too casual. if you prefer to dress differently that's fine too. we welcome everyone.""]"
121,98,121_carmichael_morrison_carmichael dorm_in carmichael,"['carmichael', 'morrison', 'carmichael dorm', 'in carmichael', 'morrison is', 'dorm', 'dorms', 'hardin', 'rooms', 'carmichael is']","['trading morrison room for next fall morrison is the only suite style sophomore building. the other three big suite dorms are freshman only, and the last suite dorm, carmichael, is not specific to any year.', 'carmichael dorm carmichael dorm on the fifth floor, will dm.', 'incoming transfer housing options i lived in morrison and worked in carmichael. south is a very social area because that is where the biggest dorms are and where most first-years are living. morrison is right next to the south campus dining hall and gym, and the walk to north campus for classes is not that bad. the rooms are fairly nice for a unc dorm because of the more recent renovation, but you won\'t find significant differences between all the dorms. it is by far the biggest dorm for upperclassmen, with ten floors. carmichael is on mid-campus, so basically exactly between north and south campus. walking to classes is even shorter than from morrison, and you avoid the steeper slopes from south campus up. it is right next to the bigger, nicer gym, and a very short walk to the student union, the pit, student stores, the libraries, etc. it has not been renovated since it was built in the 1980s, so the bathrooms especially probably won\'t be as good as in morrison. it also has a makerspace on the first floor, which i personally loved (morrison has an art studio if you are more interested in that). the hall is large, but has only around half the population of morrison. the configuration of the rooms within a suite seem to be a little different than morrison\'s, and the corridors from which you access the suites are enclosed rather than morrison\'s open air halls. carmichael is on stadium drive, which is a very ""corridor"" for cars, pedestrians, and buses, and it is located very close to the soccer field and on the other side of kenan than morrison. inside the rooms themselves, there is not a huge amount of difference. i believe that both dorms have white cement walls and white-ish tile floors, and they also have the same furniture, all free-standing. the rooms are not huge, and how much claustrophobia you experience depends on how you set up your furniture. both dorms have central ac and heating. the more recent renovations for the rooms in morrison means that the bathrooms and common areas are probably noticeably nicer than in carmichael, but at least on the first floor of carmichael, it seems to have been renovated pretty recently as well. in terms of the social atmosphere, i think it really depends on you, who is living nearby, and how many activities the ras arrange. if you live in morrison, you are living right next to huge amounts of students either inside the dorm or very close, and most of them will be first-years or sophomores, who do tend to have more free time and motivation to socialize with strangers. in carmichael, even if the social atmosphere inside is not as busy, you could very easily access anything happening on either side of campus (including dining halls and gyms), and it is closer to the most busy part of campus (the pit and nearby buildings) and to franklin street (where the grocery store is as well as the bars and restaurants). i think what it really comes down to is location.']"
122,97,122_mac_accounting_mac at_interview,"['mac', 'accounting', 'mac at', 'interview', 'unc question', 'mac admissions', 'admissions interview', 'unc mac', 'mac graduates', 'mac program']","['mac admissions interview? hi, how about your interview?', 'mac at unc question? hi what other programs and majors did you all come from to mac at unc?', 'mac admissions interview? did you get in? i have my interview tomorrow']"
123,96,123_rams_village_in rams_rams village,"['rams', 'village', 'in rams', 'rams village', 'ram village', 'ram', 'swap', 'room swap', 'of rams', 'room']","['switching out of rams rams 1', 'rams village roommate is there anyone wanting to live in rams village next year and looking for two roommates? also where can i go to look for possible roommates.', 'chances of getting into rams village next year?']"
124,96,124_psk_wifi_ethernet_eduroam,"['psk', 'wifi', 'ethernet', 'eduroam', 'gaming', 'wi fi', 'wi', 'fi', 'pc', 'the psk']","[""gaming on-campus disclaimer: this comment only applies if you game on pc. if you game on a console, there is nothing other than registering your device on the psk service to have a very fast and smooth experience. honestly, unc's on campus wi-fi is very reliable and fast - every dorm has a router in the room, and the network automatically connects your device to the fastest nearby router. the bottleneck is far more likely to be your wi-fi card than the campus wi-fi if you built your pc. if your wi-fi card is good, wi-fi will be more than fine but if you really want to jump your ping from 25 to 9, then it wouldn't hurt to bring an ethernet cord. and also if you don't want to worry about fitting a pc in your room, the craige gaming arena has incredibly powerful pc's available for rental, but the hours are super limited (5-10pm we-sat) so idk if that would be enough for you. not to get preachy, but i actually found these limited available hours liberating and allowed me to explore new hobbies on campus."", 'does anyone know how to get the public wi-fi to stop turning off every 10 minutes you’re supposed to connect to unc_setup, then head over to wifi.unc.edu to add eduroam configuration to your device. eduroam is what you’re supposed to be connected to, apart from game consoles which connect to the psk network', 'problem with eduroam i’m not sure how to fix your eduroam problem but i may have an alternative. you could just set up unc psk for your phone and connect to the psk wifi. to do this you would need to register your phone’s address with onyen services ( ). to register your device you will need to click on dhcp registration. wait 20 minutes for unc’s system to update. then go to the unc psk password site, login with your onyen, get the psk password and then login to the psk wifi using that password ( ) in the event that you do this and if you have an iphone, there is one additional thing you will need to do. once you have connected to the psk wifi you will need to go to its settings (click the info button next to psks name) and turn off the private wifi address setting. the wifi will not work if it is on. turning it off will allow wifi to work and you then should be connected to psk. i hope this helps. i might not have worded this the best so if you have any questions feel free to ask']"
125,95,125_accommodations_ars_test accommodations_accommodation,"['accommodations', 'ars', 'test accommodations', 'accommodation', 'extension request', 'ars extension', 'professor denied', 'accommodations and', 'denied ars', 'extension']","['ars accommodations for final exams hey everyone, i was just recently granted ars accommodations and i have yet to schedule an exam through them. how can i / should i go about scheduling my final exams through ars so i can receive my accommodations? thanks', ""what's the chance you get on-campus housing sophomore year? that sucks and i am sorry that you are dealing with pain and mobility issues and the accommodations office. obviously you have the same ability to google/gpt as me but it piqued an interest, so here’s what chappy g, as i call him (or her), says: advice: how to document “mobility impairments + pain issues” so the request is stronger given your upperclassman wants on-campus housing for mobility impairments/pain, here is a recommended approach: 1. register with ars/eoc (if not already). submit the accommodation request form (found on the eoc site) and indicate both academic and housing needs. • provide full contact info, describe the condition, and request both housing and any other accommodations (if relevant). • the eoc brochure gives contact info: accommodations@unc.edu, 919-966-3576. ￼ 2. gather documentation from a licensed provider (physician, physiatrist, pain specialist, orthopedist) who is familiar with the student’s condition. the documentation should include: • diagnosis (e.g., a specific condition or impairment, not just “pain” without cause) • description of how the impairment limits major life activities — e.g., walking long distances, standing, lifting, bending, performing manual tasks, navigating stairs, etc. • history of treatment (past and ongoing), any assistive devices used (crutches, cane, walker, wheelchair, etc), and how symptoms and limitations impact daily living (in the residence hall setting). • specific recommendation for housing: e.g., “student requires an accessible room near elevator, ground floor, minimal stairs, or single room to manage pain flares and mobility limitations.” 3. in the housing request, clearly specify what accommodations you are seeking and why: • type of housing: ground floor / elevator building / near accessible route / single or double. • why typical housing would pose a barrier: e.g., “rooms with multiple stairs worsen pain, delay emergency access, limit mobility, exacerbate condition.” 4. meet with ars/eoc (if scheduled) and engage in an “interactive process” — meaning they may ask clarifying questions, discuss alternatives, and confirm documentation. 5. follow up with housing officials: given the accommodation approval, coordinate with housing &amp; residence life for assignment. ensure the housing staff are aware of the approved accommodation and you receive priority/appropriate placement. 6. if denied, you have recourse: ask for explanation, appeal or request reconsideration, or provide additional supporting documentation clarifying the severity/impact of the impairment. the law prohibits discrimination and requires accommodations unless undue hardship. • the policy states: “failure to implement an approved reasonable accommodation may constitute discrimination …” ￼ 7. meet deadlines: even after documentation is submitted, earlier is better. late requests may lead to limited housing options or waitlisting. fight this fight. serious, no one should have to be burdened unnecessarily. if you don’t have documentation then go to your family doctor and get started on the process. i’m rooting for you."", 'i have several ars accommodations and have dealt with them many times. in my experience, the more accommodations you need, the more documentation they will likely request from you. i had to send in documentation not once, but 4 times for a housing accommodation and had to appeal them because they denied it. my doctor had to send them a 10 page long form which she claimed took her hours to fill out and they still denied it. they finally approved it after she sent them a personal letter complaining about the bureaucracy of it all. i also have academic accommodations which i initially tried to get through caps. i was told that caps could not help me acquire those accommodations, and as a result i went months without needed academic accommodations until i could find a doctor willing to advocate on my behalf. that may have changed recently though, so you could ask them. getting established with long-term accommodations can be quite the battle, but i believe the ars staff genuinely means well. i would recommend asking for temporary accommodations to see if they would be willing to assist you while you get established with a doctor that may be able help with more long-term accommodations. you need documentation and you use their self-id form on the ars website to attach it. you could try emailing them directly about temporary accommodations though in the meantime.']"
126,95,126_internship_internships_getting internships_an internship,"['internship', 'internships', 'getting internships', 'an internship', 'not getting', 'internship stuff', 'internship assistantship', 'assistantship', 'with internship', 'unemployment hell']","[""not getting internships this is good advice. i didn't have any internships during college, although i did do one shortly after graduating which lead to my current job (i couldn't get a real job with 0 internships on my resume). so i don't have experience in your exact shoes, but i do screen resumes / interview future interns at my job. having any internship on your resume makes you a lot more likely to get another. it's tough to get the internship of your dreams as your first internship (especially as a sophomore vs junior). it's much easier to be picky with your second internship. if you have a few options, i recommend whichever you think would best set you up to describe skills you learned which are relevant to the internship you actually want (work in excel? give presentations? whatever is relevant for your case) btw, if you are good at math and stats and interested in business maybe you'd be interested in actuarial work (what i do). you won't get an internship without passing at least one of the exams needed for credentials, but just something to check out. feel free to hmu if you have any questions about it"", ""internship/assistantship search has been unemployment hell good afternoon, everyone. im in a predicament that many of you might be experiencing and i wanted to share my experience and hopefully get some advice. i am an out-of-state student from fl and i graduated from undergrad last may in 2024. i moved to nc in august of 2024 in hopes of getting in state tuition. i also took a gap semester to give myself a break (i needed it) but also so less of my graduate semesters would be charge at the out-of-state tuition rate. i started grad school this spring and i had a good experience with classes, however, i was unable to secure an internship or graduate assistantship that is required for my program. i searched for months endlessly. day in and day out. applied to almost every position related to my major ever. i would do this all day. it was taxing of my mental health. countless rejection emails, countless follow-up emails, indeed and linkedin searches. my linkedin inbox is full of desperate attempts reaching out to recruiters from local and distant companies in my field. i started this search in september of 2024 and here i am summer 2025 with not a single opportunity. my graduate program has internship advising but other than resume critiquing, it was not really helpful. i was supposed to graduate may of 2026 but i don't think that's happening because i need to do an internship to graduate. i reached out to professors from multiple departments and i got nothing. it seems like assistantships are hidden because i rarely see postings. ive went to two major conferences- nothing. i've tried temporary work agencies and they haven't been able to get back to me. i understand the job market right but even for an internship i am having this much trouble. granted, i am making a transition from a life science undergraduate degree to a highly technical degree, but i am doing everything that i am supposed to be doing and i am still getting nothing. it gets to a point where i feel like there is something clearly wrong with me that makes people not want me. is it that i don't interview well? do i not dress nice enough? am i being discriminated against? im so sorry this is so long thank you for reading"", 'pre business internship advice hey! i\'m a rising senior and i had an internship every summer. here are some things i knew (and some that i wish i knew) when i looked for internships my first two years: regarding certifications, read the requirements from some internship postings you see: do they require competencies in certain tools/technologies? hopefully, that will help you choose the right certification courses. when you format your resume to follow ubp guidelines, include those + some other technologies/coding languages you know. consider doing an international internship program through kfbs. they\'ll match you with a company that best fits you based on the program you apply to, which can reduce some of the stress that comes with internship applications. you\'ll also get busi 393 credit (ee // hi-intern gen ed), so win-win. attend the ubp\'s symposium in september. there will be so many recruiters there that went to kfbs, and they\'re such good connections to have when you apply for internships. even if one door closes at a certain company, you can ask them for tips to improve the next time around, or use your newfound knowledge to find opportunities that better fit you. most fortune 500 companies only hire people who graduate the following year. apply for openings at smaller companies, start-ups, and companies outside of your immediate field (you\'d be able to find finance internships outside of banks, data science internships outside of tech, etc.) look for a pre-internship program now! some companies will have shorter programs for sophomores that are just meant to give you an insight into the corporate world. they might also hire you back for your junior internship and maybe upon graduation. if you can afford to, apply for unpaid part-time internships and juggle that with your other job. i did this my freshman year just to have relevant experience for my b school application, and it definitely paid off - a lot of junior internships will ask situational questions (""describe a time when you..."") and they were so much easier to answer with corporate experience. good luck!! feel free to pm me with questions!!']"
127,95,127_serve food_wrong of_attend lots_that serve,"['serve food', 'wrong of', 'attend lots', 'that serve', 'events that', 'of events', 'be wrong', 'food', 'of me', 'serve']","['would it be wrong of me to attend lots of events that serve food? [', 'would it be wrong of me to attend lots of events that serve food?', 'would it be wrong of me to attend lots of events that serve food? [']"
128,94,128_public safety_safety resources_board slashes_slashes diversity,"['public safety', 'safety resources', 'board slashes', 'slashes diversity', 'slashes', 'funding diverts', 'state elections', 'diversity program', 'diverts', 'diverts money']","['local/state elections matter: unc board slashes diversity program funding, diverts money to public safety resources 🙄', 'local/state elections matter: unc board slashes diversity program funding, diverts money to public safety resources [', 'local/state elections matter: unc board slashes diversity program funding, diverts money to public safety resources']"
129,93,129_best professor_had at_professor you_at carolina,"['best professor', 'had at', 'professor you', 'at carolina', 've had', 'you ve', 'professor', 'carolina', 'best', 'had']","[""best professor you've had at carolina?"", ""best professor you've had at carolina?"", ""best professor you've had at carolina? 🐐🐐🐐""]"
130,93,130_exams cond_cond_cond do_doesn email,"['exams cond', 'cond', 'cond do', 'doesn email', 'about exams', 'our professor', 'if our', 'assume they', 'email us', 'just assume']","['if our professor doesn’t email us about exams w cond 1, do we just assume they’re still on, and go? what are you doing here…🤨🤨🤨', 'if our professor doesn’t email us about exams w cond 1, do we just assume they’re still on, and go?', 'if our professor doesn’t email us about exams w cond 1, do we just assume they’re still on, and go?']"
131,92,131_psych_psych class_psychology_psych 101,"['psych', 'psych class', 'psychology', 'psych 101', 'easiest psych', 'above psych', 'class above', 'psyc', 'the psych', 'psyc 210']","['easiest psych class above psych 101? it is, but it’s still a psych class as well. i think it would count as an extended psych class + your stats requirement', 'easiest psych class above psych 101?', ""easiest psych class above psych 101? hi all, i'm on the pre-med track and got credit for psych 101 through taking ap psych but i want to take another psych class to make sure i have the psych credit completed since some med schools don't accept ap credit. what is the easiest psych class at unc you would recommend that isn't psych 101? thanks!""]"
132,91,132_punk_scene_local_band,"['punk', 'scene', 'local', 'band', 'local 506', 'diy', '506', 'cave', 'bands', 'the cave']","['are there any emo/shoegaze/poppunk/hc/ adjacent bands around here? specifically student members? looking to book a band for a big show. need a good turnout. cheers. i forgot about teens, thx for this!', 'are there any emo/shoegaze/poppunk/hc/ adjacent bands around here? specifically student members? looking to book a band for a big show. need a good turnout. cheers. are you sure thats the right username?', 'are there any emo/shoegaze/poppunk/hc/ adjacent bands around here? specifically student members? looking to book a band for a big show. need a good turnout. cheers. local student bands?']"
133,91,133_emt_acerip_ems_acerip emt,"['emt', 'acerip', 'ems', 'acerip emt', 'emt courses', 'clinical', 'emt class', 'emt course', 'an emt', 'clinical experience']","['acerip emt-b courses and did you guys sign up on the website?', 'acerip emt-b courses i did i did!!!', 'acerip emt-b courses i put my deposit in for a place in acerip’s emt-b course, not sure if i’ll actually be taking it yet. i’m an incoming freshman w/ 14 credits for the fall semester! is this manageable with the emt courses? does anyone have experience with the classes during the semester? also any advice :d?']"
134,90,134_edu_unc edu_email_unc email,"['edu', 'unc edu', 'email', 'unc email', 'ad unc', 'gmail', 'ad', 'add unc', 'account', 'edu and']","['what’s the difference between @ad.unc.edu and @unc.edu i’m brand new if yall can’t tell lol. i set up and logged into my @ad.unc.edu email with everything working on the office app. 30 minutes later heelmail “greeted” me on my personal email saying my email is now @unc.edu however to log into the @unc.edu, i still use the @ad.unc.edu as my login per instructions from heelmail. i also noticed in the office app (even after resetting it), my display names still includes the “ad” portion of the domain. this is all in spite of the fact the @unc.edu domain is functioning as my primary alias. i’m just confused as to why the @ad.unc.edu is still showing up everywhere despite heelmail telling me the ad portion isn’t included now. like if someone one asked me for my email and i just gave them @unc.edu would their message even register because everything i have is @ad.unc.edu?', 'what’s the difference between @ad.unc.edu and @unc.edu do you have an alumni.unc.edu email?', 'what’s the difference between @ad.unc.edu and @unc.edu i like having @live.unc.edu, @ad.unc.edu, @med.unc.edu, and @unc.edu just so that i can get a bunch of student account discounts']"
135,90,135_physics_easy science_the physics_science classes,"['physics', 'easy science', 'the physics', 'science classes', 'take at', 'astronomy', 'chemistry harder', 'or chemistry', 'harder at', 'classes to']","['easy science classes to take at unc?', 'easy science classes to take at unc?', 'easy science classes to take at unc?']"
136,90,136_dm_dm you_you dm_dm me,"['dm', 'dm you', 'you dm', 'dm me', 'to dm', 'send you', 'me dm', 'send', 'pm', 'chat']","['i send you a dm. :)', 'reddit isn’t letting me dm you for some reason, so if you could try to dm me', 'reddit isn’t letting me dm you for some reason, so if you could try to dm me']"
137,89,137_cna_float_per diem_diem,"['cna', 'float', 'per diem', 'diem', 'float pool', 'cna jobs', 'diem jobs', 'jobs at', 'jobs', 'pool']","['students with per diem jobs at unc health, how does scheduling work? okay thanks !! did you get your cna in nc ? do you mind sharing where ?', 'students with per diem jobs at unc health, how does scheduling work? whats the pay for float pool?', 'students with per diem jobs at unc health, how does scheduling work? i’m a per diem cna (float pool). i don’t know what position you’re applying for, but the way mine works is you have to work 3 12hr shifts every 6 weeks, with the exception of your orientation shifts which are 6 12hr shifts in 6 weeks. they are entirely self scheduling and you just sign up whenever you want. for the cna float pool, the 12 hr shifts are either 7am-7pm, or 7pm-7am, but as long as you get 3 of those done you can pick up some more half shifts or something if you want. i actually really like the way scheduling is set up, it makes it easy to work while being a full time student.']"
138,88,138_covenant_carolina covenant_carolina_scholarship,"['covenant', 'carolina covenant', 'carolina', 'scholarship', 'does covenant', 'covenant scholar', 'covenant and', 'outdoor pursuits', 'scholarships', 'pursuits']","['carolina covenant and outdoor pursuits the carolina covenant office! their contact info is on the website. the nicest people, you won’t regret it.', 'am i a carolina covenant scholar? congratulations!!', 'when does covenant scholarships come out? hello everyone, i\'m a recently admitted student (applied ea) and upon admission i was given a spot in honor\'s carolina and a ""academic scholarship"" (thats the sole name of it, no morehead-cain, no chancellor\'s, just ""academic scholarship) of 10k. now that some time has passed and i\'ve been registering for orientation, the fees are pretty hefty. so i sent out and email and they said this: ""thanks for reaching out! based on your email below, you are seeking a payment deferral because you are a carolina covenant student, is this correct? if you are a carolina covenant student or expect to be awarded the carolina covenant scholarship, you do not need to request a referral. if for some reason you do not receive the carolina covenant scholarship, we will expect the payment in full."" thats what they said word for word. which leads me to question, are they still currently awarding more with the carolina covenant scholarship? for context: i submitted my css profile in january, but only my fasfa was submitted about 3 days ago. should i expect to be award the covenant scholarship (i have an sai of -1500, family income of ~30k)? has anyone on here already recieved it? will the academic scholarship i won affect this? i\'m willing to be the fasfa delays impacted me in the situation. also another question, has anyone here recieved any notice of a cci grant yet? thank you for the help. go heels!']"
139,88,139_cheat_will cheat_professors here_so worried,"['cheat', 'will cheat', 'professors here', 'so worried', 'students will', 'worried that', 'that students', 'some professors', 'here so', 'why are']","[""why are some professors here so worried that students will 'cheat'?"", ""why are some professors here so worried that students will 'cheat'?"", ""why are some professors here so worried that students will 'cheat'? 😂""]"
140,87,140_centers_area studies_all six_six area,"['centers', 'area studies', 'all six', 'six area', 'breaking unc', 'research centers', 'studies research', 'unc cuts', 'cuts all', 'effective 2026']","['breaking: unc cuts all six area studies research centers, effective 2026 just the beginning', 'breaking: unc cuts all six area studies research centers, effective 2026', 'breaking: unc cuts all six area studies research centers, effective 2026']"
141,87,141_rdu_uber_to rdu_p2p,"['rdu', 'uber', 'to rdu', 'p2p', 'from rdu', 'cab', 'rdu to', 'airport', 'share from', 'cab share']","['cab share from rdu to chapel hill?', 'cab share from rdu to chapel hill?', 'cab share from rdu to chapel hill?']"
142,86,142_jewish voices_voices for_antisemitism_zionism,"['jewish voices', 'voices for', 'antisemitism', 'zionism', 'for peace', 'voices', 'antisemitism with', 'peace on', 'on zionism', 'zionism amp']","['jewish voices for peace on zionism &amp; antisemitism (with additional resources)', 'jewish voices for peace on zionism &amp; antisemitism (with additional resources)', 'jewish voices for peace on zionism &amp; antisemitism (with additional resources)']"
143,85,143_my appearance_male students_with male_making fun,"['my appearance', 'male students', 'with male', 'making fun', 'students making', 'appearance', 'fun of', 'harssment', 'harssment by', 'sxual']","['how to deal with male students making fun of my appearance', 'how to deal with male students making fun of my appearance', 'how to deal with male students making fun of my appearance']"
144,85,144_lfit_lifetime fitness_lifetime_yoga,"['lfit', 'lifetime fitness', 'lifetime', 'yoga', 'fitness', 'lfit class', 'best lifetime', 'fitness lfit', 'when to', 'weightlifting']","['best lifetime fitness (lfit) class and when to take them? you can take video game lfit', ""best lifetime fitness (lfit) class and when to take them? i'm an incoming freshmen and i was considering taking a lifetime fitness class my fall year. is it a good idea to take it now? here are some i'm considering and i just wanted to know your experience with them: lfit 128. lifetime fitness: self defense. 1 credits. lfit 114. lifetime fitness: yoga and pilates. 1 credits. lfit 102. lifetime fitness: adapted physical activity. 1 credits. lfit 104. lifetime fitness: exercise and conditioning. 1 credits. lfit 105. lifetime fitness: indoor sports. 1 credits. lfit 106. lifetime fitness: beginning jogging. 1 credits. lfit 108. lifetime fitness: outdoor sports. 1 credits. lfit 110. lifetime fitness: beginning swimming. 1 credits lfit 112. lifetime fitness: walking. 1 credits. lfit 113. lifetime fitness: weight training. 1 credits. lfit 115. lifetime fitness: cycle fitness. 1 credits."", 'best lifetime fitness (lfit) class and when to take them? which one is that lol']"
145,85,145_ago was_an exchange_10 years_was at,"['ago was', 'an exchange', '10 years', 'was at', 'exchange student', 'exchange', 'unc as', 'years ago', 'as an', 'ago']","['10 years ago, i was at unc as an exchange student', '10 years ago, i was at unc as an exchange student', '10 years ago, i was at unc as an exchange student']"
146,84,146_cs major_cs_bruh moment_major bruh,"['cs major', 'cs', 'bruh moment', 'major bruh', 'admit by', 'major', 'bruh', 'by major', 'unc admit', 'for cs']","['does unc admit by major for cs? i\'m trying to read about it on their website and i\'m having a hard time trying to figure it out. they state that ""those wishing to concentrate in computer science must be admitted to a major program (b.a. or b.s.)."" does this mean that you must apply as a cs major on the common app to be able to do cs? because i thought that unc does not admit by major so i\'m a little confused.', 'does unc admit by major for cs?', 'cs major bruh moment such as?']"
147,84,147_which fraternity_fraternity this_fraternity_know which,"['which fraternity', 'fraternity this', 'fraternity', 'know which', 'this would', 'would have', 'anyone know', 'have been', 'does anyone', 'which']","['does anyone know which fraternity this would have been?', 'does anyone know which fraternity this would have been?', 'does anyone know which fraternity this would have been?']"
148,84,148_advisor_screwed by_my advisor_by my,"['advisor', 'screwed by', 'my advisor', 'by my', 'screwed', 'email from', 'an advisor', 'advisor approval', 'approval required', 'their advisor']","[""did anyone else get an email from their advisor asking if they were burnt out? i got an email from my advisor addressed specifically to me asking me if i was burnt out this semester and it listed the different stages of burnout, then at the end of it asking me to consider meeting with her. it kind of got under my skin since i thought i was doing well in my classes this semester. did anyone else get an email from their advisor like this recently? i'm not sure if this was some kind of mass email advising is sending out or not with exams coming up."", 'did anyone else get an email from their advisor asking if they were burnt out? yes. i did', 'did anyone else get an email from their advisor asking if they were burnt out?']"
149,82,149_phase_risers_randomization_duke phase,"['phase', 'risers', 'randomization', 'duke phase', 'phase questions', 'gameday', 'line', 'wristband', 'for phase', 'game']","['question about phase 1 the doors for phase 1 open 90 minutes before tip; there is always a line well before the doors opening, regardless of opponent. since tomorrow is senior night (and even more notably so, armando\'s senior night), expect there to be a very long line before doors open. i would get there early if you want first few rows of seats, or if you want risers. phase 1 gets you one of 3 areas: one of the 2 lower level sections (there is one behind one of the baskets, the other next to the band), or standing room only in the risers (""courtside"" aka closest student section you can be in). everything is first come first served, so if you want to sit as close as possible (or stand in risers), definitely line up early. on the other hand if you are a casual fan and don\'t really mind not being as close as possible, you can just arrive before phase 2 gets let in (one hour before tip) and take whatever the best seats are for phase 1 that are left at that point. might still be lower level, but could push to upper deck depending on the crowd. tldr: yes, there will be a long line much earlier than 5:30 when phase 1 doors open. only line up early if you want to be as close as possible.', 'need deets as a phase 1 transferee “phase 1 information randomization wristbands will be given out between 7:30am and 8:30am at entry c to those with phase 1 tickets. any student who attempts to line up earlier than 7:00am will be turned away. students will need their phase 1 ticket as well as their physical/electronic onecard for college gameday to receive a randomization wristband. immediately after college gameday, please remain in your seat and the number for phase 1 randomization will be announced. everyone with a phase 1 ticket and randomization wristband will need to return to kenan center drive by 1:00pm. students will line up based on the number chosen on the randomization wristband. if a student with a wristband comes after security has checked the line, that student will be placed at the end of the phase 1 line. phase 1 ticket holders will be able to pick riser or lower level seating. after a decision has been made, a student cannot change from risers to lower level or vice versa. students will be provided the designated wristband for risers or lower level upon entry. only students with a phase 1 ticket can participate in the randomization process. you are not required to partake in the randomization process. you are not required to attend college gameday. those who do not attend college gameday with a phase 1 ticket will be lined up behind those who did attend and are a part of the randomization process.”', 'if you have a phase 3 ticket for duke, can you sit in phase 4 and 5? or are they strict with it in that way? i’ll trade you my phase 4 for 3 if you want to sit with friends in 4! i have friends in 3 lol. long shot but worth asking edit: to answer your question though, yes you could line up with phase 4 friends with a phase 3 ticket and go in with them']"
150,82,150_tomorrow sponsored_unc tomorrow_community organizations_by 33,"['tomorrow sponsored', 'unc tomorrow', 'community organizations', 'by 33', 'rally at', 'amp community', 'rally', 'sponsored by', 'campus amp', '33 campus']","['rally at unc tomorrow. sponsored by 33 campus &amp; community organizations!', 'rally at unc tomorrow. sponsored by 33 campus &amp; community organizations!', 'rally at unc tomorrow. sponsored by 33 campus &amp; community organizations! 💜💜💜']"
151,82,151_residency_residency to_switch residency_state been,"['residency', 'residency to', 'switch residency', 'state been', 'anyone out', 'to in', 'been able', 'to switch', 'of state', 'switch']","[""has anyone out of state been able to switch residency to in state? there's a residency guide: ["", 'has anyone out of state been able to switch residency to in state? you’re an idiot', 'has anyone out of state been able to switch residency to in state? how did you do that?']"
152,82,152_rivals_aren rivals_we aren_in light,"['rivals', 'aren rivals', 'we aren', 'in light', 'light of', 'game few', 'night ago', 'few night', 'if we', 'lose to']","['in light of the game a few night ago. i would rather lose to any team before i would want to lose to duke. i pull for state against duke. i never pull for duke.', 'in light of the game a few night ago. it’s simple who’d you rather lose to', 'in light of the game a few night ago. don’t see much sports get posted in this sub, honestly very curious to see what everyone thinks. in all honestly in my opinion i absolutely hate duke, everything about duke i hate, but when we play i can’t help but acknowledge and respect duke as a program (basketball obviously) and so when we lose to them sure it stings but i groan and think about the next time. but in light of the recent lose to state, it shows how much it means to them that they beat us, i have family at state and i often joke with them. the feeling of a duke win lasts for 2-3 nights the feeling of a loss to state never goes away. i mean did you see the aftermath of their win on sunday? it’s like they won the national championship or something. state fans are brutally loud and zealous for state which i respect but jesus losing to them is bad enough, having to sit through two straight months of trash talk makes it so much worse lol. unc fans jokingly love saying they arnt our rivals because it enraged them so bad, after the game on sunday it’s evidently clear how much it get to them, guys for the well being of our state cousins we might need to wind it down( joke) anyways y’all tell me your opinions. [view poll](']"
153,81,153_bathrooms_bathroom_joyner_suite,"['bathrooms', 'bathroom', 'joyner', 'suite', 'person suite', 'the bathroom', 'cleaned', 'shower', 'dorms', 'the bathrooms']","['hall vs suite okay i lived in a hall style my freshman year, but my gf lived in a suite so i have experience with both. hall style is awkward because there are other people in the bathroom with you, it feels like a public bathroom. suite style is great because you’d be the only person in the bathroom at one time, but the downside to that is the 7 other people in your suite also use the bathroom one at a time and you just can’t do anything while someone else is in there. i personally preferred the hall style because at least i knew the bathroom was available when i needed it, even though i felt awkward having other people in the bathroom at the same time', 'question about bathrooms in joyner so i’m trying to figure out if i need to buy a shower caddy for this coming year. i know that joyner has spa style bathrooms (which is such a win) but does everyone basically get their own bathrooms or do we still have to share with our roommate? or are bathrooms not divide amongst people at all and they’re all just available for anyone? i don’t really care, but whether or not i can leave my stuff in the bathroom full time determines if i get a caddy or not, so i was hoping to get some insight from someone who has lived in joyner before. thanks!', 'we had the 8 person and i would recommend it because it got cleaned and it felt more social (we decorated the hallway and would hangout there sometimes). in terms of the bathroom itself, we made a shower schedule for the evening so we didn’t fight over the shower. there was very rarely a line for the toilet because people are just so busy. it can get tricky if people want to lock the door while they shower/use the toilet but our suite had a don’t lock the door unless it’s an extenuating circumstance (ie you’re going to be sick) policy. sometimes there was a little less privacy but it was worth it to have the bathroom cleaned (and thank goodness we did because i know for a fact that having to clean a shared bathroom with some of those girls would have been awful). also, i know ehaus has an extra bathroom in the lobby on each floor whereas hojo only has bathrooms on the bottom floor, if that influences what specific dorms you want. last thing, a lot of people who want a 4 person suite end up with an 8 person anyway and get random suitemates. i’d consider that outcome and decide if you’d rather pair up with some other girls and make a suite of 8 to avoid being in that situation. good luck!']"
154,80,154_8ams_8am_am classes_morning,"['8ams', '8am', 'am classes', 'morning', 'morning person', 'an 8am', '45 35', '35 mon', 'wed fri', 'up early']","['8 am tues third or 5:45-6:35 mon wed fri classes i have a class at 5:45-6:35 mon wed fri and i don’t want to take it at that time. the 8 am section is full and i’m gonna go in person and see if the professor will let me in. what would yall do? keep the late class or switch to 8 am? i know 8 and are awful but i really don’t want to be taking a class this late during dinner and like esp on a friday. i’m also living off campus idk if that’s a factor tho', ""8 am tues third or 5:45-6:35 mon wed fri classes if this is the mejo class i think it is, the late sections will cancel like 60% of the time so i would do that in any case, i am not a morning person and had the same dilemma last semester between the 8am and the 6-7:45 pm section. i chose the later one and it wasn't that horrible or as late as it may look on paper. it actually put me on a good routine where i did some obligatory library/social time before class and then ate dinner afterward. i also lived on campus, so i didn't have to worry too much about walking home in the dark, but if you live anywhere north of campus/franklin/carrboro and can't drive, i would probably do the 8 am for safety reasons edit: i've also had mwf classes that cancel on fridays, so you can email your prof if they are sticking strictly to the schedule to get a better idea of what to do"", '8 am tues third or 5:45-6:35 mon wed fri classes try to switch to the 8am! you’ll save yourself so much time']"
155,79,155_105_engl 105_engl_eng,"['105', 'engl 105', 'engl', 'eng', '105i', 'get 105', '105 or', '105 fy', 'foundations done', 'fy foundations']","['credit for engl-105? i’m not sure how helpful this will be, but based on what i know, the only way to place out of engl 105 is by transfer credit. so like even if you get a 5 on the ap lang exam, you will still have to take engl 105. i took both engl 111 and 112 at cc, so i was able to place out of it.', 'credit for engl-105? yes, if you receive an associate’s degree from a nccc, engl 105 will be fulfilled. otherwise, you would need to take both eng 111 and eng 112 to receive credit for engl 105 at unc (i’m confused, did you not take them both?)', 'credit for engl-105? hi all, i am an incoming freshman and i have 2 questions regarding receiving credit for eng-105. first, during hs, i took ap lang and received credit for eng-111 at my cc and took eng-112 in my senior year. yet, for some reason the tht says i only got credit for engl-100. is this something i can request a re-evaluation for so that i could get credit for engl-105 or did i have to take both eng-111 and 112 to receive the credit? in addition, i am around 2-3 classes short of an associates back at the cc where i took courses from. they said i could do something called ""reverse transfer"", which is basically taking the equivalent remaining courses at the institution i\'m transferring to (unc). so, assuming the first question above is no, if i receive the associates after the fall sem, can that fulfill the engl-105 requirement due to the caa? thanks']"
156,79,156_probation_academic probation_appeal_academic,"['probation', 'academic probation', 'appeal', 'academic', 'sap', 'appeal for', 'warning', 'probation appeal', 'for probation', 'suspension']","[""being prompted to apply for readmission when applying for sap probation. i'm enrolled for fall and was enrolled in the spring too, but its treating me like a nontraditional returning student email your assigned advisor about it"", 'being prompted to apply for readmission when applying for sap probation. i\'m enrolled for fall and was enrolled in the spring too, but its treating me like a nontraditional returning student i\'m not sure who would be the right person to contact about this, but i have to submit a sap probation appeal this week by the 25th since i\'m so close to the 180 hour credit limit or my aid will be suspended. i\'m a senior graduating in dec and was already told i would need to apply due to the 150% attempted credit hour rule. when i go into the portal to submit my appeal, the student information section has a checkbox for ""currently enrolled"" that is greyed out and is not checked. i took classes spring 2024, summer session 1, and am also enrolled for fall 2024 classes, but for some reason there is some kind of bug or glitch where is treating my account as a nontraditional student account for someone not enrolled. as a condition to submit the appeal, it is requiring me to check the box ""i understand that i will need to apply for readmission"". i am worried if i submit it that i will be unenrolled from the classes i have left that i need to graduate this fall (the ones i\'m taking fill up very fast) and my housing arrangements for fall and it will force me to have to reapply for admission. i have never heard of anyone having to do that unless they are not enrolled. does anyone know if there is another way i can submit the materials for the sap appeal or a specific person i can talk to about this?', ""being prompted to apply for readmission when applying for sap probation. i'm enrolled for fall and was enrolled in the spring too, but its treating me like a nontraditional returning student""]"
157,79,157_this alert_alert about_alert_what is,"['this alert', 'alert about', 'alert', 'what is', 'is this', 'campus advisory', 'advisory', 'military', 'about', 'vandalism']","['what is this alert about? thanks!', 'what is this alert about? thanks!', 'what is this alert about? why?']"
158,79,158_curve_curved_381_curves,"['curve', 'curved', '381', 'curves', 'fail 381', 'should pass', '381 curve', 'the curve', 'math 381', 'final']","['math 381 curve? do u remember your curve last semester, in his class now and worried about final grade.', 'can curves hurt as well as help? yes. it a professor curves, it could potentially get your grade ""down"". the idea of shifting the curve is exactly that- shifting, not ""shifting up"". however, there are instructors that curve only up. it\'s really up to them. i will also add that some departments may have a strict departmental grading policies and some do not. in some cases, a class with multiple sections will also implement one grade policy for all sections. botto line, it could hurt your grade, but it doesn\'t have to be the case.', ""math 381 curve? do people know if profs for math 381 usually curve final grades? currently in james rowan's class and the average for our second midterm was around 64. but i also saw an old post that they curved up for math 381 (so an a was 91-100, b was a 83-91 and so on). did anyone take it with him before or know from previous semesters?""]"
159,78,159_my body_did just_just put_what did,"['my body', 'did just', 'just put', 'what did', 'body', 'put in', 'put', 'chicken', 'in my', 'did']","['what did i just put in my body chicken cancer', 'what did i just put in my body chick-fil-a.', 'what did i just put in my body salmonella']"
160,78,160_engineering_an engineering_engineering program_field what,"['engineering', 'an engineering', 'engineering program', 'field what', 'that field', 'then transfer', 'unc doesn', 'much in', 'program but', 'have much']","[""i want to go to unc and then transfer to an engineering program, but unc doesn't have much in that field. what should i do? georgia tech is your answer"", ""i want to go to unc and then transfer to an engineering program, but unc doesn't have much in that field. what should i do? why"", ""i want to go to unc and then transfer to an engineering program, but unc doesn't have much in that field. what should i do? maybe...""]"
161,78,161_concerns your_user flair_user_flair,"['concerns your', 'user flair', 'user', 'flair', 'automatically', 'comment', 'please', 'compose to', 'subreddit message', 'automatically removed']","['your comment has been automatically removed because you do not have user flair for r/unc. please [choose a user flair]( and then comment again. i am a bot, and this action was performed automatically. please [contact the moderators of this subreddit](/message/compose/?to=/r/unc) if you have any questions or concerns.', 'your comment has been automatically removed because you do not have user flair for r/unc. please [choose a user flair]( and then comment again. i am a bot, and this action was performed automatically. please [contact the moderators of this subreddit](/message/compose/?to=/r/unc) if you have any questions or concerns.', 'your comment has been automatically removed because you do not have user flair for r/unc. please [choose a user flair]( and then comment again. i am a bot, and this action was performed automatically. please [contact the moderators of this subreddit](/message/compose/?to=/r/unc) if you have any questions or concerns.']"
162,77,162_uga_uga full_vs uga_full ride,"['uga', 'uga full', 'vs uga', 'full ride', 'ride', 'unc vs', 'full', 'vs', 'ride unc', 'debt']","['unc vs uga full ride yes', 'unc vs uga full ride uga for sure', 'unc vs uga full ride go to uga']"
163,77,163_oos student_an oos_oos_unc as,"['oos student', 'an oos', 'oos', 'unc as', 'is unc', 'how is', 'as an', 'student thank', 'student', 'gnoleb']","['how is unc as an oos student', 'how is unc as an oos student', 'how is unc as an oos student']"
164,77,164_arson_against jewish_jewish fraternity_arson threat,"['arson', 'against jewish', 'jewish fraternity', 'arson threat', 'fraternity building', 'threat against', 'building on', 'threat', 'jewish', 'fraternity']","['arson threat against jewish fraternity building on campus', 'arson threat against jewish fraternity building on campus', 'arson threat against jewish fraternity building on campus']"
165,76,165_cry_to cry_cry on_places to,"['cry', 'to cry', 'cry on', 'places to', 'where is', 'best place', 'places', 'place to', 'bathrooms', 'place']","['where is the best place to cry', 'where is the best place to cry', 'places to cry on campus? 😂 😂']"
166,76,166_secretly recorded_secretly_professor classes_recorded professor,"['secretly recorded', 'secretly', 'professor classes', 'recorded professor', 'hill secretly', 'recorded', 'unc chapel', 'professor', 'he', 'chapel hill']","['unc-chapel hill secretly recorded professor’s classes', 'unc-chapel hill secretly recorded professor’s classes', 'unc-chapel hill secretly recorded professor’s classes']"
167,75,167_beautiful places_beautiful_places on_campus visit,"['beautiful places', 'beautiful', 'places on', 'campus visit', 'cozy', 'cozy spots', 'campus', 'visit', 'weeks help', 'on campus']","[""beautiful places on campus?? update: sorry for taking so long; things have been changing so fast. first things first, i loved the suggestions, and the arboretum was exactly what i was looking for! unfortunately, the actual date was really awkward, and she said some things that i thought were red flags. it seemed like she was misleading me in a way? i eventually told her a few days later that i wanted some space, and that maybe we could revisit in the future, and she was ok with it. all in all, not what i was hoping for, but your suggestions were awesome, and i will definitely use more in the future!!! :) &amp;#x200b; y'all i'm totally screwed. i asked a girl out on a date at unc tomorrow morning but i'm a complete moron and i do not know the campus at alllll. does anyone know any reallllllly beautiful or stunningly romantic places or really nice breakfast restaurants or anything that i can use?? i'll check it out this afternoon just to make sure it'll go good, but i want this junk to go smooth despite me being a dunce. love y'all. make sure to floss ❤️❤️ edit: istfg if she looks at this subreddit"", 'beautiful places on campus?? do you have a car or are you walking from the dorms? in terms of beautiful places maybe the botanical garden (technically part of the campus, at the very south end). there’s a place called merritt’s pasture that is good for watching the sunset but idk if it is that special during the day. you can walk up to the top of the football stands and get a bit of a view from there (usually it’s open to walk on the field or wherever). they are probably muddy now but for future reference, there are some little streams to cross on rocks in the trails in battle park (next to campus on the east side), which is a great reason to hold hands ;)', 'beautiful places on campus?? as for beautiful places, maybe a walk in the arboretum.']"
168,75,168_career accelerator_accelerator_global career_accelerator program,"['career accelerator', 'accelerator', 'global career', 'accelerator program', 'global', 'career', 'the resume', 'resume', 'program', 'idst 293']","['global career accelerator program? did you get the resume', 'global career accelerator program? did you get the resume', 'global career accelerator program? did you get the resume']"
169,74,169_nov 4th_4th protest_protest in_in dc,"['nov 4th', '4th protest', 'protest in', 'in dc', 'dc', 'nov', '4th', 'protest', 'hamas', 'supporting']","['nov 4th protest in dc 100%', 'nov 4th protest in dc thank you!', 'nov 4th protest in dc yes.']"
170,73,170_wellness_wellness days_the wellness_student stress,"['wellness', 'wellness days', 'the wellness', 'student stress', 'days', 'reducing student', 'with reducing', 'days helping', 'helping with', 'reducing']","['are the wellness days helping with reducing student stress? there’s a wellness day tomorrow??', 'are the wellness days helping with reducing student stress?', 'are the wellness days helping with reducing student stress?']"
171,73,171_shooter_shooter on_active shooter_unc campus,"['shooter', 'shooter on', 'active shooter', 'unc campus', 'on unc', 'active', 'the news', 'shooting', 'are sheltering', 'sheltering']","['active shooter on unc campus student?', 'active shooter on unc campus e', 'active shooter on unc campus [']"
172,73,172_chance_accepted international_likely would_chance of,"['chance', 'accepted international', 'likely would', 'chance of', 'getting in', 'have chance', 'be accepted', 'how likely', 'do have', 'of getting']","['do i have a chance of getting in?', 'do i have a chance of getting in?', 'do i have a chance of getting in?']"
173,72,173_honor_honor court_court_violation,"['honor', 'honor court', 'court', 'violation', 'honor code', 'court violation', 'student conduct', 'wrongful allegation', 'allegation and', 'court support']","['wrongful allegation and conviction in honor court support try searching the sub for “honor court” — i believe this has come up before!! best of luck to you op', ""wrongful allegation and conviction in honor court support it's even more ridiculous because honor court isn't like jury duty where the people passing judgement are chosen at random. the people on honor court actively sign up and have to go through an application process to get selected. they use their own personal time, unpaid, to hold honor court hearings. the extreme majority of people who would go out of their way to be on honor court as an extracurricular have weird power/superiority complexes. power tripping is basically their fetish. op, get an attorney to help you navigate this. the people on honor court are out to get you. they presume guilt. edit: never been to honor court, never been accused of academic honesty. opinions are my own."", 'wrongful allegation and conviction in honor court support']"
174,72,174_volunteering_volunteer_clinical_hospital,"['volunteering', 'volunteer', 'clinical', 'hospital', 'hospital volunteering', 'unc hospital', 'any volunteering', 'clinical hours', 'volunteering that', 'as clinical']","['unc hospital volunteering as clinical hours for medical school? yup', 'unc hospital volunteering as clinical hours for medical school?', 'unc hospital volunteering as clinical hours for medical school? is clinical volunteering different than clinical hours then']"
175,72,175_residency_nc_in state_state,"['residency', 'nc', 'in state', 'state', 'tuition', 'resident', 'nc residency', 'state tuition', 'in nc', 'residency question']","['no state considers my daughter a resident for tuition purposes due to going back and forth between two states for a year and a half, any advice on getting in state rates? could she attend a community college in nc?', 'no state considers my daughter a resident for tuition purposes due to going back and forth between two states for a year and a half, any advice on getting in state rates? i had a friend that this happened to. she lived in tn (right on the border), went to high school in nc. tennessee colleges said she couldn’t get in state tuition because she went to high school in nc, and north carolina colleges said she couldn’t get in state tuition because she lived in tn. they can be very weird about in state tuition stuff. they didn’t approve me at first and i’ve never lived anywhere but nc. from [this]( website it looks like if you plan to make nc your state of residence indefinitely then you can get in state tuition that way. might be worth contacting nc rds if you haven’t done that yet.', 'no state considers my daughter a resident for tuition purposes due to going back and forth between two states for a year and a half, any advice on getting in state rates?']"
176,71,176_asking out_out ta_ta after_on asking,"['asking out', 'out ta', 'ta after', 'on asking', 'policy on', 'semester ends', 'unc policy', 'ta', 'ends', 'after the']","['unc policy on asking out a ta after the semester ends?', 'unc policy on asking out a ta after the semester ends?', 'unc policy on asking out a ta after the semester ends?']"
177,71,177_my body_did just_just put_what did,"['my body', 'did just', 'just put', 'what did', 'put in', 'body', 'put', 'in my', 'body what', 'did']","['what did i just put in my body 🤢🤮', 'what did i just put in my body', 'what did i just put in my body']"
178,70,178_smell_floral smell_floral_sweet floral,"['smell', 'floral smell', 'floral', 'sweet floral', 'smell on', 'that sweet', 'sweet', 'for moreheadcain', 'ao for', 'moreheadcain guaranteed']","['does getting referred by ao for moreheadcain guaranteed an acceptance? tysm!', 'what is that sweet floral smell on campus? it’s actually me 😌', 'what is that sweet floral smell on campus? yes. this.']"
179,70,179_amtrak_greensboro_station_to greensboro,"['amtrak', 'greensboro', 'station', 'to greensboro', 'train', 'to charlotte', 'rail', 'light rail', 'durham', 'charlotte']","['best way to get to greensboro without a car? amtrak!', 'best way to get to greensboro without a car? amtrak from durham to greensboro.', 'raleigh/durham light rail proposal hello, i am a senior in high school with plans to major in transportation engineering and i\'ve come up with a proposal for a light rail system into the research triangle! link to map: [click here]( why it would make sense \\- population growth \\- recent traffic congestion \\- environmental impact \\- economic growth general info if you want the video version of this post: [ the light rail would include 6 lines with service to almost all parts of the research triangle. majority of this rail network runs along highways and busy streets. there are a total of 122 stations with stops such as the raleigh-durham international airport, nc state, unc, duke, sports stadiums/arenas and more! in cases where the light rail doesn\'t run next to a highway, it goes through downtown streets and residential streets. obviously that isn\'t ideal, but there is no real way around it. \\- red line: fuquay-north durham \\- yellow line: clayton-chapel hill \\- blue line: wake forest-raleigh downtown \\- green line: knightdale-north cary \\- orange line: williams crossings-wake forest \\- purple line: chapel hill-raleigh downtown (all lines are imagined if they were all built for this purpose/no old railroad lines used) physical station design generally, the stations will be ""small"", due to limited space. there will be fare gates at each station which will use a special ticket/card to take payment. these cards can be acquired at every station and be loaded with money also. the fare gates would be similar to seattle\'s new fare gates and bart\'s (see below) and stations would include benches, nature, roofed areas to protect from rain, timetables for light rail trains and possibly art as well. (see below) fares \\- the ""entry"" to ride is $2 \\- after that, the cost increases $.15 every station \\- children and seniors get 50% discounts \\- there are machines at every station to buy and load up transit cards. \\- you only pay once you are leaving your destination station train models/ideas trains will be around 4-5 cars. these trains would run fully on electricity. possible models include: alstom citadis and siemens s200 conclusion i believe this can be a successful project in the area in future years, if the area\'s population continues to grow, we can see this project in the future. this project will bring our community together and help them travel from point a to point b in a swift, safe, and fun new way! (i also don\'t know how much it would cost but if you can estimate please leave a comment!) i\'ve spent a lot of time on this idea/project and would love to hear your feedback on it!']"
180,70,180_hubert_hubert davis_team_coach,"['hubert', 'hubert davis', 'team', 'coach', 'talent', 'davis', 'season', 'years team', 'team lack', 'bad coach']","['did last years team lack talent or is hubert davis a bad coach? i think davis is an outstanding human being who just happens to be a bad coach.', 'did last years team lack talent or is hubert davis a bad coach? both.', 'did last years team lack talent or is hubert davis a bad coach? hubert davis needs to get fired']"
181,69,181_phd_stipend_phd at_funding,"['phd', 'stipend', 'phd at', 'funding', 'get phd', 'afford to', 'can afford', 'bbsp', 'afford', 'stipends']","['can i afford to get a phd at unc? i studied computer science and linguistics at uiuc and took on all this debt in the first place so that i could work on natural language processing research. but my life got turned upside down by some weird extenuating circumstances, and i lost my undergrad research opportunities/chances to publish in undergrad. i mean, i have 4 papers, but none published in journals. with most of my experience in nlp, but no publications or big internships and the fact that i suck at leetcode, i was only able to get a job as a quality engineer at cognizant after graduation (i was also going through some lingering depression while applying in senior year, which impacted my ability to prep/bulk apply). i don\'t have much fullstack or cloud experience, mostly specialized tasks in ml and nlp. i got a bit complicit for a while, as phd seemed unattainable and qa is sooo easy, and i actually do somewhat enjoy testing and automation. but really, i should have been self-learning nonstop. my code abilities have atrophied. i planned on leaving after my 1 year retention bonus in 2022, but then my manager promised me lead responsibilities and automation dev work (which i got, but for no pay increase or title change :/ ) management route seemed like a better fit for me, because with my adhd, it\'s always been an uphill battle to keep up with my ambitions and compete with the top people in the field. i have adhd pretty bad, and while i\'ve met people in high roles with adhd, typically those people ""have adhd"". i\'ve never met anybody more successful who has it as bad as me. then, thanksgiving 2022, i was explaining to my girlfriend\'s extended family what i studied in school, and what i do now. repeatedly explaining how i worked really hard, going to a community college and transferring into a top school to do ai, doing the research, and then giving up and doing qa because ""i\'m tired of fighting against the grain"".... it got to me i realized, i literally only have 1 life, and this is what i\'m going to be repeating for the rest of it unless i do something about it. also, by that point, i had refinanced my loans and accrued 20k in savings. previously, i was 100% broke, no lor, no publications, and had $900/month private student loan payments at 7%. i have a renewed sense of motivation, like the type of fiery passion i\'d need to push through 5 years of poverty as a phd, so i\'m reassessing the feasibility of my dreams. uiuc has a guaranteed admission for online master\'s that i qualify for, and i\'ve already enrolled in that. if phd doesn\'t seem possible, i\'ll just stick to the master\'s and try to make something of that. but i know that the quality of coursework, mentorship, opportunities will be way better if i can do something in person.', 'having been a graduate student, and many of my friends graduate students in masters and phd programs, i can fully understand the argument. however, there is some significant information missing from this article. 1) how many departments at unc are paying the minimum? 2) if you are receiving a stipend then they are also paying for your tuition which dramatically reduces cost 3) graduate students don’t teach classes in place of the instructor (as far as i am aware). they are teaching assistants and a faculty member is in charge of the class, designs the curriculum, tests. not all graduate students receiving stipends have to be a ta, it often depends on funding situation or program requirements. the whole “each of the 40 students pays $2500 to take my class and i’m not getting paid that” tone is ridiculous and does not consider everything that cost covers. 4) the most popular programs at unc, like bbsp, are already closer to duke’s $40k mark 5) a lot of graduate students are not “working” 40 hours a week in the same way a 9-5 does. much of that time is spent reading, and taking their own classes and completing requirements for their chosen degree. 6) depending on the program you enter into, the pi becomes responsible for covering the stipend the student enters under. this can become a problem when you have a department stipend (if some applies directly to the program) versus applying to a program like bbsp. the pi and department are on the hook for that higher stipend the student enters under, which is hard to budget for. also depending on the pi funding situation, you may never have to ta unless the pi has a funding shortfall. 7) the situation is entirely different between natural science graduate students and other degree areas. 8) depending on the stipend and program, it is only for 9 months. i’m not against student stipend increases, i’m just saying this article is kind of crap. the other article shared in this thread by kern makes a much better argument.', 'biosciences phd funding all bbsp students receive a stipend- this year, it was $37,000, but it may increase with inflation. after your first year in bbsp, you enter into one of 15ish phd programs of your choice, so when you start bbsp you don’t need to be 100% set on one program vs another. each of those 15 receive the same amount as bbsp and the other programs. your first year, the school pays your stipend, and after you join a lab, your lab covers your stipend. if a lab cannot afford to pay your stipend or fund your research, you will know well in advance before joining that lab (so go to a different lab lol). your stipend is not dependent on taing. however, some programs in bbsp require it, some don’t. i know the genetics and molecular biology program requires 1 semester of taing, and people typically do it their 2nd-3rd year, and depending on what you ta it’s pretty low commitment, like 5 hours a week. you’ll want to look at the specific program you’re interested in for ta requirements/time commitment. most labs at unc are pretty well funded - you can look up exactly how much funding unc has gotten from the nih over the past few years and it’s consistently in the top 20 most funded universities. during your interview weekend you’ll have time with current students and these are really good questions so be sure to ask about anything you aren’t sure about! there will be time for you to talk to students/faculty in the specific programs you’re interested in too.']"
182,68,182_letter_rec_letters_of recommendation,"['letter', 'rec', 'letters', 'of recommendation', 'rec letters', 'recommendation', 'rec letter', 'letter of', 'letters of', 'the letter']","['does this mean rec letters aren’t due till december? are they?', 'does this mean rec letters aren’t due till december? yes', 'does this mean rec letters aren’t due till december? yes']"
183,68,183_concerns math_user flair_user_flair,"['concerns math', 'user flair', 'user', 'flair', 'automatically', 'comment', 'aleks', 'please', 'automatically removed', 'subreddit message']","['math classes your comment has been automatically removed because you do not have user flair for r/unc. please [choose a user flair]( and then comment again. i am a bot, and this action was performed automatically. please [contact the moderators of this subreddit](/message/compose/?to=/r/unc) if you have any questions or concerns.', 'math classes your comment has been automatically removed because you do not have user flair for r/unc. please [choose a user flair]( and then comment again. i am a bot, and this action was performed automatically. please [contact the moderators of this subreddit](/message/compose/?to=/r/unc) if you have any questions or concerns.', 'math classes your comment has been automatically removed because you do not have user flair for r/unc. please [choose a user flair]( and then comment again. i am a bot, and this action was performed automatically. please [contact the moderators of this subreddit](/message/compose/?to=/r/unc) if you have any questions or concerns.']"
184,67,184_married for_get married_married_000 year,"['married for', 'get married', 'married', '000 year', '10 000', 'anyone want', 'for 10', '000', '10', 'marriage']","['anyone want to get married for $10,000 a year?', 'anyone want to get married for $10,000 a year?', 'anyone want to get married for $10,000 a year? …………']"
185,67,185_grade_incorrectly graded_incorrectly_graded,"['grade', 'incorrectly graded', 'incorrectly', 'graded', 'grading', 'syllabus', 'grade change', 'business mod', 'the grade', 'mod class']","['got screwed over with grade because ""wrong"" syllabus was given to us p for phd.', 'got screwed over with grade because ""wrong"" syllabus was given to us', ""business mod class grading questions | is this legal? so i just took a business mod class, one of the 490-special topics classes and i ended the class with i am pretty sure a 98% but if not atleast a 96%. i ended up getting an a-. my friend got around a 92-94% range and ended up with a b. we both emailed the prof about clarification and he just told me my grade was correct and some crytpic not full sentence reply that i couldn't understand. my friend got a more detailed response saying that the class was graded on a relative scale meaning it does not matter how you did, just how you did compared to others. the syllabus never had that in it and he never mentioned it to us in class. theres was no grade breakdown table or like what percent got what. he even said you get to drop a homework and a tests/not do them if you got good grades on your other two homeworks and tests. both me and my friend did not get perfect on our first homework but it was still good like 85-90%. so we thought we were set since everything else was 100% so our final grade should have been like a 98%. but i guess a lot of people did the third homework and got perfect on it so i suppose due to relative grading that pushed us down. my friend wants to try to ask further questions because we never knew and he obviously thought he was going to get a better grade and it was never mentioned in class or on the syllabus. i am just very confused. like is this even allowed? like how do you get a 98% and not get an a. i thought mod courses were graded to the descrition of the professor and not on a bell curve like the core classes. don't get me wrong, i liked the content and professor, the homeworks were not easy, they took me multiple hours, so this is not out of spite but more of like i wish i got that a because i really needed to up my gpa but alas :/ please comment on if i should try talking to him again or like your experiences.""]"
186,67,186_people threaten_street becoming_becoming scary_me franklin,"['people threaten', 'street becoming', 'becoming scary', 'me franklin', 'scary place', 'students employees', 'threaten to', 'kill me', 'threaten', 'had people']","[""'i've had people threaten to kill me:' franklin street becoming a scary place for students, employees"", ""'i've had people threaten to kill me:' franklin street becoming a scary place for students, employees"", ""'i've had people threaten to kill me:' franklin street becoming a scary place for students, employees""]"
187,67,187_concerns parking_user flair_user_flair,"['concerns parking', 'user flair', 'user', 'flair', 'automatically', 'comment', 'please', 'parking your', 'concerns', 'message compose']","['parking your comment has been automatically removed because you do not have user flair for r/unc. please [choose a user flair]( and then comment again. i am a bot, and this action was performed automatically. please [contact the moderators of this subreddit](/message/compose/?to=/r/unc) if you have any questions or concerns.', 'parking?? your comment has been automatically removed because you do not have user flair for r/unc. please [choose a user flair]( and then comment again. i am a bot, and this action was performed automatically. please [contact the moderators of this subreddit](/message/compose/?to=/r/unc) if you have any questions or concerns.', 'parking your comment has been automatically removed because you do not have user flair for r/unc. please [choose a user flair]( and then comment again. i am a bot, and this action was performed automatically. please [contact the moderators of this subreddit](/message/compose/?to=/r/unc) if you have any questions or concerns.']"
188,67,188_ai_ai accusation_accusation_conduct,"['ai', 'ai accusation', 'accusation', 'conduct', 'student conduct', 'using ai', 'used ai', 'ai to', 'use ai', 'in writing']","[""ai accusation she's accusing you of using ai on parts of a tiny 500-word essay? if there's only 100 to 200 words of supposed ai, that's probably not enough data to draw any sort of forensic conclusion about if you had ai write the paper. this is so weird."", 'ai accusation they should reach out to their advisor', 'ai accusation there is no way for them to reliably determine if ai was used. “ai detectors” are unreliable. so there is absolutely no way - unless you admit to it. they are going to try to get you to admit that you used ai (even in a very small way). if you did not use ai, maintain your innocence.']"
189,66,189_transcript_transcripts_says awaiting_awaiting,"['transcript', 'transcripts', 'says awaiting', 'awaiting', 'still says', 'school transcript', 'mycarolina', 'transcript still', 'awaiting in', 'transfer transcripts']","['high school transcript still says ""awaiting"" in mycarolina im in the exact same boat!', 'high school transcript still says ""awaiting"" in mycarolina', 'high school transcript still says ""awaiting"" in mycarolina']"
190,66,190_students day_admitted students_admitted_student day,"['students day', 'admitted students', 'admitted', 'student day', 'admitted student', 'day', 'day worth', 'unc pharmd', 'worth it', 'pharmd admitted']","['admitted students day just show up!', 'admitted students day - worth it? thanks!', 'messed up admitted student day sign up just show up to admitted students day on the scholars day.']"
191,66,191_lsat_law_law school_gpa requirement,"['lsat', 'law', 'law school', 'gpa requirement', 'school gpa', 'the lsat', 'gpa', 'unc law', 'requirement', 'lsat and']","['law school possible? i\'ll just be completely honest with you: law school admissions is almost 100% a function of undergraduate gpa and lsat. at many schools, they won\'t even bother to read the rest of your application unless you are a borderline candidate. if you major in a ""harder"" subject, it might serve as a tie breaker, but nothing more. law school admissions deans will prefer a 3.8 in an ""easy"" major to a 3.5 in a ""hard"" major 99.9% of the time. if a student is determined to go to law school, i tell them to choose the easiest major possible to keep their gpa as high as possible. having said all that, you can still be admitted at unc with a 3.5 (or even a 3.2), but you will have to make up for it on the lsat. a high lsat score will cover a multitude of sins. see this website for a rough idea of the gpa/lsat scores that you need to be competitive at unc: [ good luck.', 'law school gpa requirement? 3.8 - gpa', 'law school gpa requirement? i’m currently a law student at unc. all that matters for law school - any law school - for admissions is going to be your gpa and lsat score. familiarize yourself with what a “splitter” is. splitters are people who are above one median and below the other. for instance, unc’s medians are a 3.78 gpa and a 166 lsat. splitters with sub 3.0 gpas have regularly gotten into top law schools, including uva and washu in st. louis. point here is, if you get your lsat above uncs median, and preferably above their 75th percentile lsat — you have a fighting shot of getting into unc if not a better school. take all the time in the world you need to study for the lsat. you’re an undergrad at carolina so you’re obviously smart. if you have a 172+ you’re going to be pretty competitive even in the t14. i believe you can do it, and as for your gpa, you can contextualize it in the additional info essay too. that of course, will work better if you knock the lsat out of the park. i recommend purchasing lawhub from lsac for practice tests &amp; get 7sage (or lsatdemon). you could also invest $$$ into a private tutor. this will pay off tenfold for you. you got this']"
192,65,192_tickets megathread_unc dook_dook tickets_dook,"['tickets megathread', 'unc dook', 'dook tickets', 'dook', 'megathread', 'phase', 'tickets', 'megathread looking', 'phase ticket', 'ticket']","['🐏‼️unc/dook tickets megathread‼️🐏 looking for phase 4/5', '🐏‼️unc/dook tickets megathread‼️🐏 looking for phase 2 ticket', '🐏‼️unc/dook tickets megathread‼️🐏 looking for a phase 4 ticket']"
193,65,193_track_running_hooker_running track,"['track', 'running', 'hooker', 'running track', 'track hours', 'trails', 'the track', 'fields', 'to run', 'track for']","['running track for students? there is a traditional track but it’s located off campus. hooker fields is on campus and is a 1/4 mile track that’s open to students.', ""best times to run at hooker (preferably in evening)? similar running spots would be appreciated i've been trying to find a time to run at hooker fields when it is not that crowded, but so far every time i go there are tons of people and all the soccer goals are in use. i've tried going at 7 am, 10 am, 11 am, 3 pm, and 5 pm over the past few days and regardless of the time i go it's always full of people playing soccer. it seems like it would be a good place to run if i could just find a time to go when there aren't tons of people. i've seen it recommended on here as running spot, but i'm wondering what time people run there now since i only ever see people laying soccer nonstop. i don't like running on the sidewalks because of all the foot traffic and also the uneven bricks, and i am looking for a wide open field to run in near north or mid campus. i've tried running on gimghoul rd in the past but was chased by unleashed dogs each time i tried to run there. i'd like to run at finley track but it is closed to the public and anyone who isn't a student athlete. any running spots that are outdoors with low foot traffic, not a lot of people, and on north or mid campus would be appreciated."", ""public track chapel hill area tracks open to the public: phillips middle school sherwood githens middle school mcdougal middle school probably others. as for unc facilities i believe that the brand new unc finley outdoor track is accessible to enrolled students, but not open to the general public. this is the main facility for the track team. there are also extensive running paths down there, often used by the cross-country team (across 15-501 on old mason farm road, use b bus route m-f, n route also reasonably close on week-ends) however, the eddie smith fieldhouse (the track team's indoor facility) is not for student use. the ramshead rec center (next to chase dining hall) has an indoor balcony track for students. [ there are tons of trails around chapel hill that could be used for cross country running: bolin creek is paved. morgan creek easy to run. merritt's pasture or mason farm or north forrest more like nature trails.""]"
194,64,194_filming_are filming_filming on_what they,"['filming', 'are filming', 'filming on', 'what they', 'know what', 'anyone know', 'does anyone', 'they are', 'on campus', 'outer banks']","['does anyone know what they are filming on campus? thank you!', 'does anyone know what they are filming on campus?', 'does anyone know what they are filming on campus?']"
195,64,195_towing_barnes_barnes towing_beware barnes,"['towing', 'barnes', 'barnes towing', 'beware barnes', 'beware', 'towed', 'tow', 'maintenance worker', 'from union', 'worker towed']","['beware: barnes towing just graduated from unc, and living in carborro. here is some serious advice for my fellow tar heels: if you see a parking lot with ""barnes towing"", do not park there. this includes carr mill, mcdonalds on franklin, panera on franklin, and many others. the parking fees are $360 plus a daily fee. barnes towing will tow your car, even if you are shopping at the place the parking is for. if you step off the lot, even to just go buy a burrito or something across the street, your car will be towed in minutes. i haven\'t personally been towed, but many of my friends have, and they have had to pay obscene fees and also go very far out of town to a random shady spot near governers club just to get their cars back. here are some articles on just how bad it is here:', ""beware: barnes towing i get what you're saying and honestly i agree, parking enforcement is important in an area that is built for pedestrians. that is why i support the model that like nearly every parking lot in ch uses which is metered parking. the problem with barnes is twofold. firstly, they're incredibly predatory, charging insane rates and they sit waiting for people to walk off property for even a minute. secondly, they actually tow cars even if the owner is on the premises. this is illegal, but nothing is really done about it. i posted a comment with an anecdotal account of a customer being towed while at venable in carborro, and also the articles i posted talk about this as well. additionally, perhaps instead of using these towing services which should be illegal, perhaps tickets or more affordable boots should be in order prior to towing which has a steeper fine than a traffic violation or disable illegal park. it's ridiculous, it's extrajudicial fines that are absolutely and unrealistically high with no real means to challenge it or have any sort of nuance or understanding."", ""beware: barnes towing this post isn't against towing or parking enforcement. it's against predatory towing as i wrote. parking enforcement is important in an area that is built for pedestrians. that is why i support the model that like nearly every parking lot in ch uses which is metered parking. the problem with barnes is twofold. firstly, they're incredibly predatory, charging insane rates and they sit waiting for people to walk off property for even a minute. secondly, they actually tow cars even if the owner is on the premises. this is illegal, but nothing is really done about it. i posted a comment with an anecdotal account of a customer being towed while at venable in carborro, and also the articles i posted talk about this as well. additionally, perhaps instead of using these towing services which should be illegal, perhaps tickets or more affordable boots should be in order prior to towing which has a steeper fine than a traffic violation or disable illegal park. it's ridiculous, it's extrajudicial fines that are absolutely and unrealistically high with no real means to challenge it or have any sort of nuance or understanding. these obscene fees don't work as a deterrent more than any other normal fee would, and they have other crazy things like $100 a day holding fees and a $80 up charge for using card. like, be so for real.""]"
196,64,196_commend_that protected_commend the_protected the,"['commend', 'that protected', 'commend the', 'protected the', 'american flag', 'the actions', 'actions of', 'flag', 'those students', 'the american']","['i commend the actions of those students that protected the american flag', 'i commend the actions of those students that protected the american flag', 'i commend the actions of those students that protected the american flag']"
197,64,197_random_random roomate_is random_how cooked,"['random', 'random roomate', 'is random', 'how cooked', 'cooked is', 'roomate', 'roommate', 'cooked', 'random roommate', 'year roommate']","['how cooked is random roomate? not cooked at all me and my roommate r genuinely friends', ""how cooked is random roomate? i'm probably also ending up with a random roommate, good luck :(("", 'how cooked is random roomate? my random freshman year roommate is my best friend and soulmate and we are going on our 5th year living together']"
198,63,198_2026 admissions_sat question_state sat_question 2026,"['2026 admissions', 'sat question', 'state sat', 'question 2026', 'sat', 'in state', '2026', 'score', 'admissions', 'admission question']","['in state sat question 2026 admissions i’ve just send you a dm!', 'in state sat question 2026 admissions has she tried the act ?', 'in state sat question 2026 admissions my kid is “struggling” with the sat :-)']"
199,63,199_curriculum_ideas in_in action_requirements,"['curriculum', 'ideas in', 'in action', 'requirements', 'gen', 'gen ed', 'ed', 'action curriculum', 'new curriculum', 'requirement']","[""question about first year requirement (ideas in action curriculum??) question will be in the comments because i can't fit everything! are they absolutely required to be taken during first yr? what if you cant sign up for the classes bc they're full?"", ""question about first year requirement (ideas in action curriculum??) question will be in the comments because i can't fit everything! yes"", ""question about first year requirement (ideas in action curriculum??) question will be in the comments because i can't fit everything!""]"
200,63,200_duke_at duke_or duke_unc or,"['duke', 'at duke', 'or duke', 'unc or', 'duke is', 'to duke', 'duke and', 'duke was', 'duke for', 'duke has']","['unc or duke i have spent years at both institutions, and it’s true that duke has more resources available for students. class sizes will be smaller at duke. there will probably be more medical research opportunities at duke, and more resources to help you get into medical school. i’ve also noticed that professors at duke are way more lenient with students than they are at carolina. that being said, carolina students are far more cooperative with each other (in my experience). if you’re interested in having a more “fun” college experience and feeling like a part of a community, unc beats duke any day of the week. obviously academics are the priority, but the student culture at unc is much friendlier and inviting. i found it far easier to make friends at unc. there’s a lot of financial privilege at duke, which really starts to come out in how a lot of the students behave. there’s privilege at unc too, don’t get me wrong, but it’s not as conspicuous as it is at duke. you really can’t go wrong with either choice! congrats!', ""i'll share my perspective as someone who has taught at both schools: duke and unc are generally on par with each other in terms of faculty excellence, with some differences by department. both are world class, international renowned institutions. where duke outmatches unc is access to resources for students because they are a private institution with a massive endowment, and they charge way more for tuition. duke classes tend to be smaller (though this may depend on your major; my quick google shows a 5:1 ratio and 70% of classes under 20 students for duke, compared to 15:1 and 44% for unc, according to us news and world report). this may make it easier for duke students to have meaningful interactions with faculty. duke's classes are also easier to get into. registration can be stressful at unc because classes fill up due to the larger student body, and we generally cannot make individual exceptions because there's just too many people who would need them. duke may be more willing to add another student to a full class because they're just getting one request for that, not 20. if you're interested in research, there's less competition for research assistant positions at duke because there are just fewer students gunning for a finite number of spots. duke also has more academic advisors/deans to keep an eye on students. here at unc, we can submit a care referral form, and it will be randomly assigned to someone to follow up. at duke, students have an academic dean specifically assigned to keep an eye on them, and if there is an issue, faculty can look up who that is and contact them directly if we have concerns about a student. overall, the facilities at duke are nicer, newer, more recently renovated, etc. if there was no cost difference, i would recommend duke for all of the above. however, $60k/year is a big cost difference. i would not take out loans to cover that difference if your family is not willing or able to pay. i think diligent students can have an as good or better experience at unc than at duke if they are proactive. you may just be a random face in a 300 person lecture class, but you can have a meaningful conversation with your professor if you go to office hours, and that could potentially turn into a future rec letter or research assistant position. and really really important - at unc, you have to ask for your own safety net if you're having a hard time. resources to get help are available, but you have to ask. in our bigger classes, it's easier for folks who are struggling to slip through the cracks."", 'i’d suggest also asking this question in the duke subreddit to compare answers. i think to give a solid answer i’d need more info about you personally and what your values are. i have a lot of friends who were robertson scholars and got to go to both, and the summary experience they told me is that the general support system at duke was leagues and bounds better than unc, it felt like advisors actually cared and at unc you’re just a number. they overall generally much preferred their classroom experience at duke, professors and were much better at teaching and more helpful than they found unc profs. because of how much $$$ duke has, they also got way better research experiences at duke, and better networking too. they have the resources and staff to truly set you up for success at duke, whereas unc does not have nearly the same level of funding for resources to support students. they said the big downside of duke was that the culture at duke was harder to make friends at because everyone is so academically focused. duke is objectively a more rigorous and more elite institution, but unc isn’t that far behind. especially if you’re going the gillings route. financially unc makes a lot of sense, but if your fam can cover the costs then i wouldn’t worry about that too much. but if your fam is unwilling to pay then that’s a huge price difference and it’s up to you to figure out if the pros of duke outweigh the huge con of the price difference.']"
201,63,201_user flair_user_flair_automatically,"['user flair', 'user', 'flair', 'automatically', 'comment', 'concerns housing', 'please', 'automatically removed', 'flair for', 'then comment']","['apartments your comment has been automatically removed because you do not have user flair for r/unc. please [choose a user flair]( and then comment again. i am a bot, and this action was performed automatically. please [contact the moderators of this subreddit](/message/compose/?to=/r/unc) if you have any questions or concerns.', 'apartments your comment has been automatically removed because you do not have user flair for r/unc. please [choose a user flair]( and then comment again. i am a bot, and this action was performed automatically. please [contact the moderators of this subreddit](/message/compose/?to=/r/unc) if you have any questions or concerns.', 'looking for housing your comment has been automatically removed because you do not have user flair for r/unc. please [choose a user flair]( and then comment again. i am a bot, and this action was performed automatically. please [contact the moderators of this subreddit](/message/compose/?to=/r/unc) if you have any questions or concerns.']"
202,63,202_onyen_my onyen_password_status page,"['onyen', 'my onyen', 'password', 'status page', 'trouble', 'trouble logging', 'into admission', 'admission status', 'logging into', 'onyen account']","['am i supposed to make my own onyen account? i got accepted into a grad school program that kicks off in august here, i recently got an email asking me to login to connectcarolina for my immunization records, which needs a “onyen” account in order for me to gain access. i have a pid number, but there’s no onyen account tied in with my name or pid when i try and look up my onyen account. am i supposed to make my own onyen account or is this something the university does for me? i just don’t want to make my own and then screw up everything with doppleganger info.', 'trouble logging into admission status page just had the problem right now. use your [onyen@unc.edu](mailto:onyen@unc.edu) email. it worked for me.', ""am i supposed to make my own onyen account? yes, you create your own onyen (username) and password and you can't really change it once you make the onyen. just an fyi bc i didn't know this but your onyen becomes your email address, so it would be onyen@unc.edu.""]"
203,62,203_anth_147_anth 147_319,"['anth', '147', 'anth 147', '319', 'anth class', 'easiest anth', 'anth 319', 'rivkin fish', 'rivkin', '147 recommend']","[""anth 147 vs anth 319 has anyone taken anth 147 and anth 319? i'm curious which is easier. 147 would be with chua and 319 with sorenson. i've heard mixed things about both since the tas sometimes grade harshly, so i'm trying to decide which to stay in this semester."", 'anth 147 vs anth 319 anth 147 is easier and prof chua is much better than prof sorenson imo. anth 319 also has a lengthy group project.', 'anth 147 vs anth 319 sadly no:(']"
204,62,204_saying today_was shooting_stop saying_today was,"['saying today', 'was shooting', 'stop saying', 'today was', 'please stop', 'shooting', 'stop', 'shooting please', 'saying', 'today']","['please stop saying today was a shooting.', 'please stop saying today was a shooting.', 'please stop saying today was a shooting.']"
205,61,205_tennis_play_to play_play tennis,"['tennis', 'play', 'to play', 'play tennis', 'club', 'volleyball club', 'badminton', 'tennis with', 'in playing', 'volleyball']","['anyone interested in playing tennis with a beginner? you can also join carolina recreational tennis', 'anyone down to play tennis sometime soon? sure, also club tennis tryouts are next week', 'tennis club is there anywhere to play tennis that isn’t super competitive? i wanted to join the tennis club but heard you actually have to be really good, and i would rather just play casually']"
206,61,206_heat_no heat_heat in_freezing,"['heat', 'no heat', 'heat in', 'freezing', 'and freezing', 'they supposed', 'night aren', 'freezing all', 'turn it', 'aren they']","[""no heat in dorm and freezing all night, aren't they supposed to turn it on?"", ""no heat in dorm and freezing all night, aren't they supposed to turn it on?"", ""no heat in dorm and freezing all night, aren't they supposed to turn it on?""]"
207,61,207_transfer decision_transfer decisions_date_decision date,"['transfer decision', 'transfer decisions', 'date', 'decision date', 'decisions', 'april', 'decision release', 'decision', 'release date', 'transfer']","['transfer decision release date hope so. good luck everyone', 'transfer decision release date good luck everyone!', 'transfer decision release date good luck everyone!']"
208,61,208_covid_covid positive_tb_positive and,"['covid', 'covid positive', 'tb', 'positive and', 'positive', 'doesn care', 'and doesn', 'updated boosters', 'boosters', 'booster']","['covid positive and doesn’t care yeah covid is not a big deal anymore', 'covid positive and doesn’t care let me put it this way. no to believe in self preservation so as to the idea, concept or belief that the world can believe we can either save ourselves or that there are no consequences to believing we can remake the earth as we deem fit to, again, preserve our own emotional and/or comforts. the earth, in the glory of its creation was created to bend to our will nor to keep humans alive at the expense of other life forms or species…it was a creation to magnify the greatness of a single god. this single god who was not christian for christianity is not a new or complete creation on its’ own was the finality of a creation that preceded even judaism: this god was creation its’ self. so covid, while is painful and real and exist, it maybe a allowance to exist for a reason or a particular reason, creation and ecosystems and other species exist do not exist for a single reason but for every reason the next exist. humans at points in time were given the chance to do the right thing or make the right choices over and over and over and…..we failed every time. if death is near, it is fair and just, if sickness is near it is fair and just, if pain is near it is fair and just. every unfair choice and decision has a judgement day, every unfair thing and choice has an end. do no, the aspect between lige and death, between sickness and health has to be of one mind. the leaders of churches, temples, synagogues, of hospitals and centers for well being, of places where species were held enclosed without their full consent etc will held to a higher standard because they had a choice to say that life beyond the temporary body was more valuable than the temporary life of the body. this is true fairness, this is true justice. this earth and what was already made without destroying it all should have been enough for us but we have said to the creator it was not and we have said through our arrogance in believing we can make it our own with sickness, without death, without other forms of life, without the sanctity of love for the family among other things that the creator did not know what he was doing. this is why the no.', 'covid positive and doesn’t care no?']"
209,60,209_anime_anime body_of anime_body pillows,"['anime', 'anime body', 'of anime', 'body pillows', 'pillows', 'accepting of', 'unc accepting', 'accepting', 'is unc', 'body']","['is unc accepting of anime body pillows? what the fuck', 'is unc accepting of anime body pillows? 😨🇯🇵🧎🧎🧎', 'is unc accepting of anime body pillows? what😨😨😨😨😨']"
210,60,210_concerns your_user flair_user_flair,"['concerns your', 'user flair', 'user', 'flair', 'automatically', 'comment', 'please', 'subreddit message', 'compose to', 'moderators of']","['your comment has been automatically removed because you do not have user flair for r/unc. please [choose a user flair]( and then comment again. i am a bot, and this action was performed automatically. please [contact the moderators of this subreddit](/message/compose/?to=/r/unc) if you have any questions or concerns.', 'your comment has been automatically removed because you do not have user flair for r/unc. please [choose a user flair]( and then comment again. i am a bot, and this action was performed automatically. please [contact the moderators of this subreddit](/message/compose/?to=/r/unc) if you have any questions or concerns.', 'your comment has been automatically removed because you do not have user flair for r/unc. please [choose a user flair]( and then comment again. i am a bot, and this action was performed automatically. please [contact the moderators of this subreddit](/message/compose/?to=/r/unc) if you have any questions or concerns.']"
211,60,211_ipad_an ipad_notes_ipad or,"['ipad', 'an ipad', 'notes', 'ipad or', 'to ipad', 'use for', 'tablet', 'pro', 'ipad air', 'the ipad']","[""to ipad or not no you don't need an ipad. get one if you want. i want to get the new ipad air but i just got ipad pro in feb 2024 so i can't justify buying another ipad right now. for me it helps with my stats classes bc if i have to scan homework if i write it on paper. goodnotes app is also cool for taking notes with apple pencil."", 'macbook pro and ipad pro? i cant speak to the pros but i have a macbook air and an ipad air that i use. i really enjoy having both because i use my mac for writing essays/submitting assignments/discussion forums/etc but i use my ipad to take notes on and complete downloadable worksheets. i’m a bio major so i think the ipad comes in handy a lot with diagrams so i don’t have to try to draw them by hand if i was handwriting my notes. i wouldn’t depend solely on an ipad because you’re gonna regret it once you have to type an essay. but you can also completely do college without an ipad, i took handwritten notes during my freshman year and got by just fine', 'okay cool! i cant speak to the pros but i have a macbook air and an ipad air that i use. i really enjoy having both because i use my mac for writing essays/submitting assignments/discussion forums/etc but i use my ipad to take notes on and complete downloadable worksheets. i’m a bio major so i think the ipad comes in handy a lot with diagrams so i don’t have to try to draw them by hand if i was handwriting my notes. i wouldn’t depend solely on an ipad because you’re gonna regret it once you have to type an essay. but you can also completely do college without an ipad, i took handwritten notes during my freshman year and got by just fine']"
212,60,212_alpine_alpine bagel_bagel_bagel is,"['alpine', 'alpine bagel', 'bagel', 'bagel is', 'for alpine', 'is friday', 'last chance', 'chance for', 'union chapelboro', 'cafe set']","['last chance for alpine bagel is friday affordable ???', 'last chance for alpine bagel is friday', 'last chance for alpine bagel is friday :(']"
213,60,213_shooting death_in shooting_qi_student tailei,"['shooting death', 'in shooting', 'qi', 'student tailei', 'qi charged', 'murder in', 'with murder', 'hill grad', 'tailei qi', 'charged with']","['unc-chapel hill grad student tailei qi charged with murder in shooting death of professor', 'unc-chapel hill grad student tailei qi charged with murder in shooting death of professor', 'unc-chapel hill grad student tailei qi charged with murder in shooting death of professor']"
214,59,214_rejected_rejected from_program are_the cs,"['rejected', 'rejected from', 'program are', 'the cs', 'other options', 'cs program', 'cs', 'from cs', 'in kind', 'tough spot']","['rejected from the cs program. are there any other options? yea', 'got rejected from cs, in kind of a tough spot', 'got rejected from cs, in kind of a tough spot']"
215,59,215_aggressive homeless_homeless_on buses_homeless people,"['aggressive homeless', 'homeless', 'on buses', 'homeless people', 'aggressive', 'people on', 'buses', 'people', 'the bus', 'bus']","['aggressive homeless people on buses [ removed by reddit ]', 'aggressive homeless people on buses what', 'aggressive homeless people on buses fasho']"
216,59,216_someone here_seriously how_find someone_hard it,"['someone here', 'seriously how', 'find someone', 'hard it', 'seriously', 'how hard', 'tinder', 'romantic', 'is to', 'to find']","['seriously, how hard it is to find someone here? ???', 'seriously, how hard it is to find someone here?', 'seriously, how hard it is to find someone here?']"
217,59,217_poli sci_poli_pwad_sci,"['poli sci', 'poli', 'pwad', 'sci', 'philisophy', 'minor', 'linguistics philisophy', 'history linguistics', 'majors history', 'find minor']","['poli sci major looking to double major/find a minor i would honestly first try and figure out some ~possible~ options job wise for you before picking another one, because i feel like there are very very different options to pair with poli sci that would do you well in very different fields. obviously this isn’t the easiest thing to do ever (i struggle with this massive as well) but even little ideas can help! for example, i’m also a poli sci major who is considering law school after undergrad. however, another option i’ve always been really keen on is psychology, so i’m a poli sci and psych double major to give me options between the two fields (and i’ve heard psych is a decent major to have going into law school, am unsure, though) possibly thinking of a public policy minor as well, which i think could suit you no matter what your job wants are, because it’s such a good overlap with poli sci. im also a rising sophomore and trust me, i’ve gone back and forth as well with all of the things you’ve mentioned. don’t worry too much. you’ll figure it out! find out what you like within poli sci and even outside of it and how that could possibly apply to a career :)', 'poli sci major looking to double major/find a minor i’ve said it once, i’ll say it thousand times more: look into the pwad; the major is great for a multitude of reasons. pwad, or peace, war, and defense, is a good all-rounder major if you don’t know where to start. it’s fairly interdisciplinary and sets you up pretty good for jobs that are either directly for the government, or government-adjacent (organizations or businesses that deal with the government) and the focus on those types of jobs combined w the fact that there really aren’t a lot of schools that have a similar type of major means that their career advising and placement is pretty good. requirements aren’t too onerous, consisting of 3 core classes, 4 concentration classes, and two non-concentration classes, and you need either level 5 in a language (2 levels beyond the standard requirement for bas at unc) or a data/stats class. do bear in mind is that due to the nature of gov work and the fact that a lot of rotc participants do the major, the major skews more politically institutionalist than an average unc major; not overly so, but noticeable. it’s up to you how much that matters. i’m personally doing global studies instead of this, but there’s a lot of overlap w pwad and it was my second choice, and i would recommend it rlly to anyone who is unsure of what exactly they want to do bc of its versatility and application to a lot of jobs and graduate schools. for you, political science has a not insignificant amount of overlap with pwad while still being a whole different angle. additionally, if you’re interested in a minor, the pwad department has a conflict management minor that i don’t know too much about, but it looks fairly interesting. here’s the website for pwad, and good luck deciding!', 'pwad, or peace, war, and defense, is a good all-rounder major if you don’t know where to start. it’s fairly interdisciplinary and sets you up pretty good for jobs that are either directly for the government, or government-adjacent (organizations or businesses that deal with the government) and the focus on those types of jobs combined w the fact that there really aren’t a lot of schools that have a similar type of major means that their career advising and placement is pretty good. requirements aren’t too onerous, consisting of 3 core classes, 4 concentration classes, and two non-concentration classes, and you need either level 5 in a language (2 levels beyond the standard requirement for bas at unc) or a data/stats class. do bear in mind is that due to the nature of gov work and the fact that a lot of rotc participants do the major, the major skews more institutionalist than an average unc major; not overly so, but noticeable. it’s up to you how much that matters. i’m personally doing global studies instead of this, but there’s a lot of overlap w pwad and it was my second choice, and i would recommend it rlly to anyone who is unsure of what exactly they want to do bc of its versatility and application to a lot of jobs and graduate schools. here’s the website, and good luck deciding: [']"
218,59,218_church_churches_what churches_churches do,"['church', 'churches', 'what churches', 'churches do', 'all go', 'christian', 'bible', 'do all', 'find bible', 'protestant']","[""how can i find a bible study or active christian organization on campus? hi, i'm a graduating senior this year, and i have had some interesting experiences with christian groups on campus. i wanted to share my story as a former three-year, very involved a2f member and leader. in the beginning two years, a2f was great for me. i'd never met people so kind to me, and ultimately, the leaders led me to christ because they preached the gospel fully and accurately, something i had never experienced before. they also had multiple activities and chances to get involved during covid, which really helped me battle with my depression and feel like i was making a difference in others' lives. i, personally, never experienced predatory actions or sexism(i'm a woman). a few things, like the intense separation of men and women and the overzealous dating ban, did seem un-biblical, but i was willing to overlook those things for the sake of being in a community that seemed at the time to live out their faith when other campus ministries i had tried didn't seem to take their faith as seriously. however, when i was elected vice president for my junior year, things started to change. i noticed a decidedly anti-asian bias in one of the leaders, to the point that she would turn off my korean music with no explanation and dismiss my interest in korea in general. i wasn't the only person who noticed this, either, as several of my asian american friends in the group told me they felt bullied by her. i once had a paper i had to work on over the weekend of a retreat, and the leaders knew this, yet one of them borderline harassed me about going to the retreat instead of working on the paper, to the point where i had to meet with her one-on-one and tell her it was hurting me. it was also really strange when one of the leaders decided to randomly move to nc state, even though more and more people were leaving our unc church, and i felt abandoned and upset. the last straw came when i heard the story of a freshman girl who had been befriended by one of the leaders, only to be cut off when she stopped attending meetings, and was very hurt by this. as vice president, i felt it was my responsibility to bring this up to the leaders so that it didn't happen again. however, instead of understanding and changing their ways, the leaders called me judgmental of them. this seemed really contradictory to the very gospel of repentance they preached as well as 1 timothy 4:12. i'm so sad to say that when i resigned from my officer position and left that summer, even though i told my staff and friends that i wanted to keep up our relationships and have reached out to them on several occasions, they have cut me off as well. it's heartbreaking and has been so hard to process, as i poured so much of myself into this ministry, thinking that these people were my genuine friends, truly wanted a relationship with me, and loved and cared for me the way i did for them. now, i'm questioning whether anything was genuine and what their motivation truly was. this isn't what an acts 2 community truly is. a true acts 2 community is welcoming to everyone, as it says in the titular chapter that the lord was increasing the number of people being saved day by day. jesus christ called us to build relationships both inside and outside the church, and among both christians and nonchristians, like he did. how can we learn to have more compassion on people, grow our mindsets, and spread the gospel if we don't? i'm now involved in chapel hill bible church and iv, which have been so much better for me and rekindled my confidence in my faith. although i'm still struggling with sadness and resent toward a2f, these wonderful new people are helping me to let go of it more every day. if you're looking for a gospel centered church that both preaches and lives out their faith to the fullest, i definitely recommend these above a2f!"", 'what churches do y’all go to?', 'what churches do y’all go to?']"
219,59,219_283_comp 283_381_283 and,"['283', 'comp 283', '381', '283 and', '210 at', 'and 210', 'math 381', '210', 'comp', 'same time']","['comp 283 and 210 at the same time? ¯\\\\\\_(ツ)_/¯', 'comp 283 and 210 at the same time?', 'comp 283 and 210 at the same time?']"
220,59,220_got accepted_accepted_accepted phd_phd graduate,"['got accepted', 'accepted', 'accepted phd', 'phd graduate', 'graduate students', 'just got', 'phd', 'congrats', 'accepted congrats', 'congratulations']","['accepted phd/graduate students! congrats on your admission too!', 'accepted phd/graduate students! thank you and congrats!', 'accepted phd/graduate students! congrats to you too!!']"
221,59,221_pats fan_lifelong pats_pats_on belichick,"['pats fan', 'lifelong pats', 'pats', 'on belichick', 'fan here', 'here congrats', 'belichick', 'lifelong', 'congrats on', 'fan']","['lifelong pats fan here, congrats on belichick 😀', 'lifelong pats fan here, congrats on belichick 😀', 'lifelong pats fan here, congrats on belichick 😀']"
222,59,222_letter_you letter_in mail_letter from,"['letter', 'you letter', 'in mail', 'letter from', 'mail', 'unc in', 'was this', 'from unc', 'likely letter', 'this likely']","['thank you letter from unc in mail darn!', 'thank you letter from unc in mail got the letter, was waitlisted.', 'thank you letter from unc in mail why’s that?']"
223,59,223_linda_linda is_is closing_closing,"['linda', 'linda is', 'is closing', 'closing', 'franklin', 'canes', 'at linda', 'sad', 'small businesses', 'closing this']","['linda’s is closing. i agree. i don’t know the full story, but the daily tar heel article made it sound like linda’s is closing mostly in part to some of the owner’s bad decisions. he mentions being in debt and having legal trouble. considering how beloved linda’s is, i’d be surprised if they went down simply because they couldn’t afford rent.', 'linda’s is closing. dang that is sad', 'linda’s is closing. aw:( linda’s is actually one of my favorite places on franklin st. sad to see it go.']"
224,58,224_survey_survey for_my survey_this survey,"['survey', 'survey for', 'my survey', 'this survey', 'take my', 'for my', 'please take', 'my class', 'project', 'class project']","['if you have 2 spare minutes, could you please take this survey for my class? just completed it! i recently posted that i also am conducting a quick survey for my anthropology class and would love for you to participate.', 'would you take my survey for my engl class project?', 'would you take my survey for my class project?']"
225,58,225_mejo_153_mejo 153_in mejo,"['mejo', '153', 'mejo 153', 'in mejo', 'mejo classes', 'about mejo', 'insanely polarizing', 'mr aikat', 'aikat mejo', 'aikat']","[""what mejo classes can i transfer? i'm looking to take some mejo classes next semester or over the summer and can't take them at unc due to my schedule. i also can't really find any courses that transfer as mejo in the transfer database. does anyone know any classes i can transfer for the mejo major?"", 'mejo 523 broadcast news and production management that course requires prerequisite classes before you can take it. you take the course in its original level first and then the 523 course you’re with the other people in the “original level” but you tend to take a leadership role here’s the prereqs tuggle: sports xtra broadcast class (prereq mejo 129) brache: carolina week broadcast class (prereq mejo 121, mejo 252, mejo 421, mejo 522) hochberg: carolina connection radio class (prereq 252, 426) all of these classes do take volunteers so you can participate on the shows before you’re physically enrolled in the class. there are no lectures as you just produce stories every week and have to reach a minimum level of points to pass.', 'mejo 523 broadcast news and production management thank you! do you know anything about mejo 581? i just really want to take a higher level mejo class']"
226,58,226_stem_stem classes_is stem_much fr,"['stem', 'stem classes', 'is stem', 'much fr', 'at once', 'classes too', 'stem courses', 'fr', '104', 'biol']","['biol 104 and chem 102 there is no ""one stem class per semester"" advice. it\'s always- not more than two stem classes + one lab"". by the way, many students that have taken biol 101 and chem 101 together in the first semester did really bad. there is a reason for the recommendation not to take biology together with chemistry in the first semester. 103 + 104 as a pair is fine and advisable for stem in one\'s first semester. the ""might as well get used to it"" is, no offence, a terrible advice for a first semester and a recipe for disaster for many premeds. i have taught thousands of premeds, and this is a not a good slogan.', 'is 3 stem classes too much fr 3 stem would be hard. i did it before and got a worse gpa', 'current senior and 2022 orientation leader i did not take that class, but it looks very doable. if you want to get ahead i’d recommend just going to class. i wasn’t one to study too much, so i found just going to class and listening to the professor and taking notes helped me a ton! otherwise you can go to office hours to ask further questions, oh is not just for people who are lost!! i often asked my professors about their research during their oh and they will talk your ear off! for difficult stem classes i’d recommend doing as many practice problems as possible. i would go to office hours for the homework problems i didn’t understand and stayed not just for the answer but the reasoning behind the answer. that way when i saw a similar question on a test i was prepared. the 2 stem class limit is suggested just for your first semester. the change into college life is intense and you’ll want time to explore who you are as a person outside of the classroom. also the adjustment to living on your own is massive. past your first semester trust that you’ll know yourself to know how many stem to take. personally as i’m a senior doing 2 stem majors i’m in 4 stem classes (but nothing else). the biggest tip i would give is to take 5-6 classes your first 2 years as they will be easier to manage, then you can get by just doing 12 credits with your hard classes junior and senior year.']"
227,58,227_appalachian state_appalachian_state vs_vs unc,"['appalachian state', 'appalachian', 'state vs', 'vs unc', 'for transfer', 'unc for', 'at app', 'app', 'vs', 'state']","['appalachian state vs unc for transfer go heels!', 'appalachian state vs unc for transfer stay at app. go to unc for grad school.', 'appalachian state vs unc for transfer unc']"
228,58,228_roaches_rocahes_no rocahes_apartment with,"['roaches', 'rocahes', 'no rocahes', 'apartment with', 'apartment', 'with no', 'roach', 'apartments', 'infestation', 'roaches are']","['apartment with no rocahes hey what’s the name of your apartment since you haven’t had any problems with roaches?', 'apartment with no rocahes bro 💀', 'apartment with no rocahes there will be roaches everywhere at unc.']"
229,58,229_whistling_whistling guy_guy_him,"['whistling', 'whistling guy', 'guy', 'him', 'whistler', 'he', 'whistler street', 'street performer', 'performer on', 'performer']","['whistling guy those are the days i’m not on campus😢', 'whistling guy he was there when i was at unc, so at least ten years ago! glad to hear he’s still whistling.', 'whistling guy the whistler (i think) [']"
230,58,230_mins to_to school_15 mins_mins,"['mins to', 'to school', '15 mins', 'mins', '15', 'min', 'between classes', 'classes 25', 'min in', '25 min']","['15 min in between classes, 25 min walk to b school: is it worth it? bike is a necessity', '15 min in between classes, 25 min walk to b school: is it worth it? can you get a bike?', '15 min in between classes, 25 min walk to b school: is it worth it?']"
231,57,231_nih cuts_has stopped_proposed nih_stopped unc,"['nih cuts', 'has stopped', 'proposed nih', 'stopped unc', 'to proposed', 'community reacts', 'reacts', 'reacts to', 'science has', 'nih']","[""'science has stopped': unc community reacts to proposed nih cuts"", ""'science has stopped': unc community reacts to proposed nih cuts"", ""'science has stopped': unc community reacts to proposed nih cuts 💔💔❤️\u200d🩹❤️\u200d🩹😢""]"
232,57,232_waffles_eggo_eggo waffles_waffles for,"['waffles', 'eggo', 'eggo waffles', 'waffles for', 'eat eggo', 'guys eat', 'could for', 'breakfast every', 'class survey', 'for breakfast']","['would you guys eat eggo waffles for breakfast every day before class if you could? (for a class survey) yes', 'would you guys eat eggo waffles for breakfast every day before class if you could? (for a class survey) yes', 'would you guys eat eggo waffles for breakfast every day before class if you could? (for a class survey) no']"
233,57,233_dean dome_dome_new dean_campus connected,"['dean dome', 'dome', 'new dean', 'campus connected', 'dome to', 'be campus', 'connected and', 'petition for', 'carolina north', 'dean']","['petition for new dean dome to be campus connected and not at carolina north', 'petition for new dean dome to be campus connected and not at carolina north', 'petition for new dean dome to be campus connected and not at carolina north']"
234,57,234_coffee_starbucks_cheapest coffee_coffee on,"['coffee', 'starbucks', 'cheapest coffee', 'coffee on', 'the cheapest', 'cheapest', 'where is', 'starbucks inside', 'does graham', 'memorial actually']","['where is the cheapest coffee on campus? in your dorm.', 'where is the cheapest coffee on campus?', 'where is the cheapest coffee on campus?']"
235,57,235_medically_medically withdrew_withdrew_withdrew thank,"['medically', 'medically withdrew', 'withdrew', 'withdrew thank', 'mental', 'mental health', 'withdraw', 'health', 'medically withdraw', 'medically withdrawn']","[""medically withdrew i medically withdrew from this semester because of my mental health. it was a super hard decision to make. after spending time in the psych ward, i felt like it was the right choice. i'm nervous about going back though, especially with on-campus housing and everything. has anyone gone through this before or have any advice?"", 'medically withdrew so glad that you’re doing well :)', 'medically withdrew well done! you should be proud.']"
236,57,236_study spots_24 study_spots_late night,"['study spots', '24 study', 'spots', 'late night', 'study', 'night study', '24', 'hill late', 'studying places', 'night']","['chapel hill late night study spots it’s more like any academic buildings before 7…', '24/7 study spots? the b school if you can get in', 'late night study spots in chapel hill']"
237,56,237_ivies_ivies other_over ivies_choose carolina,"['ivies', 'ivies other', 'over ivies', 'choose carolina', '20s what', 'top 20s', 'other top', 'who chose', 'what made', 'chose unc']","['folks who chose unc over ivies/other top 20s, what made you choose carolina?', 'folks who chose unc over ivies/other top 20s, what made you choose carolina?', 'folks who chose unc over ivies/other top 20s, what made you choose carolina?']"
238,56,238_davidson_and davidson_unc and_davidson ty,"['davidson', 'and davidson', 'unc and', 'davidson ty', 'davidson is', 'at davidson', 'ty', 'cost was', 'small', 'davidson what']","['unc and davidson. ty very much.', 'unc and davidson. ty very much', 'unc and davidson. ty very much.']"
239,56,239_biostats_biostatistics_biostats major_biostatistics program,"['biostats', 'biostatistics', 'biostats major', 'biostatistics program', 'to biostatistics', 'program', 'monaco', 'biostatistics graduate', 'the biostatistics', 'assured enrollment']","[""hi! just finished my first year in the biostats program, and i was in the same situation as you when i came to unc. to answer your questions: 1. not at all. ap credit allows you to take higher-level classes earlier which makes you a stronger applicant. 2. i'm sure extracurriculars help, but the department looks mostly at coursework. prioritize doing well in your classes (especially the pre-reqs), knocking out gen-eds, and getting ahead on the major. i had literally no extracurriculars and was fine. 3. very important. the average gpa is around a 3.7-3.8. 4. you can take bios 500h and bios 511 your sophomore year (fall) if you email the professors, which i'd recommend trying. i haven't heard of prospective applicants being denied entry into 500h, but 511 is generally full. besides that, getting ahead on math courses will be helpful. discrete math and linear algebra are the most common. 5. personal preference. macs have great performance for cs and machine learning, and the apple environment is pretty convenient. biostats is a great program and you're definitely at an advantage for thinking of it early. don't be afraid to reach out to the program advisors (particularly dr. monaco, she's great) because they all want you to succeed and will give as much info as you need. good luck!"", 'biostats major ? it is competitive to get in, probably around a 30-40% acceptance rate. these are the pre-reqs if you don’t get into biostats, you can major in stats/analytics, which doesn’t require an application. and you can supplement that with a medical/healthcare related minor. there are tons of them. there are many majors you can combine with biostats. it’s actually very common to double major at unc. i think a few popular ones should be business (requires an application), comp sci (requires an application), econ. unc also has an applied physical sciences degree (think very general engineering) starting this fall and a data science degree, which i think would pair well with biostats. however, biostats alone is very employable so it would be a better use of time to just join clubs and get experiential experience rather than double majoring for the sake of it. a lot of requirements at unc overlap so even if you switch your major/double major, you’ll be able to graduate in four years. i think about 85% of students finish in four years.', 'hey! first off, congrats!! getting into carolina and getting assured enrollment are both achievements you should celebrate. secondly, i\'ll preface this by saying that i\'m a bit of an edge case -- i was (accidentally? / most likely without communication between the two programs) accepted as an assured enrollment student to both biostatistics and nutrition in the year they began assured enrollment at gillings (co \'24). as i had transfer credit for calc i-iii and diff eq from my associates degree/dual enrollment, i took bios500h first semester freshman year alongside comp110 and other stem classes. i ultimately, however, decided to major in computer science and nutrition, so i have not been involved in the biostatistics program beyond that first semester. that being said, here is a summary of my class\'s experience, to the best of my knowledge: there were maybe 6 of us who were offered assured enrollment in biostats that i know of. people generally start at gillings in their junior year, but earlier can be arranged with sufficient argument for it. hence, i don\'t know how many eventually went with biostats, but i do remember one another first-semester freshman in my bios500h class from the assured enrollment info session. i believe she was planning to go into biostatistics like her parents. everyone was extremely friendly! i especially credit dr. jane monaco (head of biostats undergrad program) and mr. earnest (our wonderful all-around lead academic advisor and announcement/logistics coordinator until fall 2022, now director of admissions at gillings) with their thorough advice and patience starting from even before i graduated high school / community college. dr. monaco also saved a spot for me to register in bios500h as she and mr. earnest talked to gillings about me double majoring within the school (it wasn\'t quite clear if i was allowed to do so at the time, though eventually they discovered it was okay, though gillings might revisit the policy). she encouraged my interests in biostats, while encouraging me to explore before committing to a major. (good thing she did that, or i wouldn\'t be where i am today, hoping to pursue a phd in comp sci, lol.) bios500h was a good class and dr. monaco is a great teacher, encouraging us to talk/work with one another even though all classes were on zoom at the time. i think it also gave me credit for the bios600 required for all other public health majors. in terms of internships/jobs, i started looking for internships pretty much as soon as i got onto campus (product of feeling like a junior lol) and eventually worked as a technical intern in a non-technical area of sas after my freshman year. i think most biostats students look for internships for the summer between the two bsph years, though most biostats internships open in january. given that there are perhaps only two (or at least a few) bachelors in biostats programs in the us, i\'ll give the honest advice of dr. monaco (as best i remember it) and say that employers do prefer a masters, given that most biostats professionals will have a masters degree. i don\'t think it\'s impossible to get a job without a masters, though i think several take advantage of the bs/ms program in biostats. please double check with dr. monaco about stats regarding where people go, though. to be honest, my future plans for a while were to go to medical school. gillings gives a useful complementary counterpoint, if you will, to clinical medicine in encouraging you to think about the big picture and about how all aspects of the social, economic, cultural, etc. environment affect a person\'s health. did you know that clinical care in and of itself is only estimated to determine 10 - 20% of a person\'s health? the rest comes from socioeconomic factors, health behaviors, and physical environment. it\'s something essential for anyone going into health (or even tangentially involved in clinical/public health) to keep in mind. i think biostats will give you very useful quantitative, critical thinking, and communication tools, too as you learn to effectively prepare and analyze data, interpret claims (e.g. ""this treatment is 50% effective!"") and clearly communicate findings (very essential). tl;dr - assured enrollment not only ensures you have a spot in the major should you choose to take it, but also can put you in contact with people from gillings early. reach out to them; they\'re amazing! the public health and biostats courses at gillings, from the limited experience i had of biostats, are very helpful. feel free to dm with questions! i may be wrapped up in some things as i research/coordinate an accessible routing project for my comp sci honors thesis while keeping up with comp sci / nutrition schoolwork but will do my best to get back to you as soon as i can.']"
240,56,240_concerns your_user flair_user_flair,"['concerns your', 'user flair', 'user', 'flair', 'automatically', 'comment', 'please', 'compose to', 'subreddit message', 'automatically removed']","['your comment has been automatically removed because you do not have user flair for r/unc. please [choose a user flair]( and then comment again. i am a bot, and this action was performed automatically. please [contact the moderators of this subreddit](/message/compose/?to=/r/unc) if you have any questions or concerns.', 'your comment has been automatically removed because you do not have user flair for r/unc. please [choose a user flair]( and then comment again. i am a bot, and this action was performed automatically. please [contact the moderators of this subreddit](/message/compose/?to=/r/unc) if you have any questions or concerns.', 'your comment has been automatically removed because you do not have user flair for r/unc. please [choose a user flair]( and then comment again. i am a bot, and this action was performed automatically. please [contact the moderators of this subreddit](/message/compose/?to=/r/unc) if you have any questions or concerns.']"
241,56,241_ip3_lenoir_pizza_is ip3,"['ip3', 'lenoir', 'pizza', 'is ip3', 'italian pizzeria', 'chase', 'pizzeria', 'blueberry', 'italian', 'making money']","['does anyone know what restaurant was in bottom of lenoir before ip3? 1.5.0?', 'does anyone know what restaurant was in bottom of lenoir before ip3? italian pizzeria iii', 'does anyone know what restaurant was in bottom of lenoir before ip3? what is ip3?']"
242,56,242_have doubt_doubt regarding_regarding my_unc at,"['have doubt', 'doubt regarding', 'regarding my', 'unc at', 'acceptance to', 'my acceptance', 'at chapel', 'doubt', 'chapel hill', 'unc chapel']","['i have a doubt regarding my acceptance to unc at chapel hill 1540', 'i have a doubt regarding my acceptance to unc at chapel hill what was your score?', 'i have a doubt regarding my acceptance to unc at chapel hill i see']"
243,55,243_greek_greek life_life_hazing,"['greek', 'greek life', 'life', 'hazing', 'is greek', 'the greek', 'join', 'greek system', 'in greek', 'join greek']","['why is greek life at this school so hard to join?', 'greek life? 3 negatives that i would like to point out regarding unc’s greek life in increasing severity: 1. there is a large history of severe hazing at unc in greek life. 2. they also have a history of running organized drug rings at unc. 3. unc’s greek life is notorious for sexual assault and rape, landing it in a documentary on sexual assault and rape at college campuses. do keep these in mind. aside from that, i know many people do enjoy the greek life on campus and have made friendships through it, but its important to acknowledge the good with the bad.', 'why is greek life at this school so hard to join?']"
244,55,244_need crazy_crazy unc_unc lore_lore,"['need crazy', 'crazy unc', 'unc lore', 'lore', 'crazy', 'need', 'lore was', 'telescope', 'manage proposed', 'lore this']","['i need crazy unc lore congratulations 🎉', 'i need crazy unc lore yes!', 'i need crazy unc lore thank you!']"
245,55,245_environmental_sustainability_environmental science_environmental studies,"['environmental', 'sustainability', 'environmental science', 'environmental studies', 'in environmental', 'studies', 'science', 'become chief', 'sustainability officer', 'sustainability track']","[""help me declare my major plz! my career goal is to become a chief sustainability officer i'm coming from wake tech! how about you?"", 'help me declare my major plz! my career goal is to become a chief sustainability officer which community college are you coming from?', 'help me declare my major plz! my career goal is to become a chief sustainability officer i’m a c-step student coming into unc as a junior for fall 2026. i need to declare my degree on my application and decide if i’m applying to a professional school too. i’m 29 yrs old, my working background is mostly service industry, retail, car sales, and some banking. i’m trying to get into an esg role or sustainability consulting as my entry level. my long term career goal is to become a chief sustainability officer. which brings me to my question, what is the best degree path for my goals? unc won’t let me work with an advisor until after i’m admitted, and my cstep advisors at my community college are not very knowledgeable. here’s some of my ideas: double major - information science (if admitted) + environmental studies (sustainability track) minor in human organization and leadership development. other ideas are if i don’t get admitted to the information science school, to major in environmental studies first and then try to get into the master duel degree. i know this is an option for envi sci degrees, but unsure for envi studies. anyone know if this is possible? another option is to minor in business (if possible i know it’s hard to get admitted as a transfer junior) and is why i’m thinking a minor in hope is a better pick. a last idea is to double major envi studies + management and society and minor in information science. you might be wondering, why am i not considering envi sci or data science? well.. i don’t want to have the math and lab heavy course load, and frankly, i don’t think it’s the best track for my goals. am i wrong? to break it down some more, what would you pick for my situation? should i double major and one minor? or double minor and one major? which major should be my degree focus and what will show on my diploma? majors i’m considering: -information science -environmental studies -management and society -human organization and leadership development minors i’m considering: -information science -sustainability -human organization and leadership development -business']"
246,54,246_uva_or umich_over uva_oos over,"['uva', 'or umich', 'over uva', 'oos over', 'umich for', 'uva or', 'for premed', 'unc oos', 'why unc', 'umich']","['why unc (oos) over uva or umich for premed? go to uva, med school is expensive', 'why unc (oos) over uva or umich for premed? no doubt uva', 'why unc (oos) over uva or umich for premed?']"
247,54,247_ceremony_commencement_ceremonies_departmental,"['ceremony', 'commencement', 'ceremonies', 'departmental', 'graduation', 'graduation ceremonies', 'departmental graduation', 'are departmental', 'leaving grad', 'ceremony early']","['what are departmental graduation ceremonies? oh yeah. you don’t have to go.', ""how to walk for graduation in spring eventhough i technically graduated in december? sounds like that is expected for the department one? &gt; the department of computer science holds a commencement ceremony each may in honor of december, may, and august graduates from the current academic year. these graduates, along with their guests, are invited to attend the ceremony in may. if you want to go to the big graduation again you can (even though you're not technically supposed to) as no one checks ids and there is nothing personalized about it."", ""what are departmental graduation ceremonies? if you hate ceremonies it's the thing to do!""]"
248,54,248_changed student_activist who_student activist_lives changed,"['changed student', 'activist who', 'student activist', 'lives changed', 'scholarship reflects', 'lost prestigious', 'prestigious scholarship', 'reflects on', 'palestinian protest', 'unc pro']","['how their lives changed: student activist who lost prestigious scholarship reflects on year since unc pro-palestinian protest', 'how their lives changed: student activist who lost prestigious scholarship reflects on year since unc pro-palestinian protest', 'how their lives changed: student activist who lost prestigious scholarship reflects on year since unc pro-palestinian protest']"
249,54,249_21f_21f looking_friends anyone_for friends,"['21f', '21f looking', 'friends anyone', 'for friends', 'anyone interested', 'be friends', 'friends', 'wanna be', '20f', 'looking for']","['21f looking for friends. anyone interested? here!', '21f looking for friends. anyone interested? 🙋\u200d♀️', '21f looking for friends. anyone interested?']"
250,54,250_car_freshmen parent_parent with_year car,"['car', 'freshmen parent', 'parent with', 'year car', 'another question', 'with another', 'incoming freshmen', 'parent', 'freshmen', 'first year']","['incoming freshmen parent with another question… i promise, the kid doesn’t need a car', 'incoming freshmen parent with another question… don’t need a car on campus- you can walk everywhere. easy to get around', 'incoming freshmen parent with another question… no need for a car if you are on campus.']"
251,54,251_stratford_stratford hills_hills_is stratford,"['stratford', 'stratford hills', 'hills', 'is stratford', 'hills apartments', 'good off', 'apartments good', 'in stratford', 'apartments', 'at stratford']","['is stratford hills apartments a good off campus apartment?', 'is stratford hills apartments a good off campus apartment?', 'is stratford hills apartments a good off campus apartment?']"
252,54,252_print_printers_color_printing,"['print', 'printers', 'color', 'printing', 'can print', 'color printing', 'print shipping', 'label', 'shipping label', 'label on']","['is there a place on campus that does full color printing? yes, davis has full color printers just make sure when you print it you print it from one of the designated color printers, it should be next to the black and white printers', 'anybody know where i can print a shipping label on campus?', 'color printing &gt; generally, there are 5 color printers that can be used. locations of the color printers: the undergraduate library (ul), davis library, the health science library, the sloane art library (102 hanes art center) and the kenan-flagler business school. color printing is automatically set to print double-sided and costs $0.30 per page. &gt; print jobs can be uploaded through mobileprint.unc.edu and released at a color printer location. you can also install the cci color print queue to print directly from a laptop. you must install both the cci color queue and the black &amp; white queue if you wish to print to both print queues. once you install the color queue, you must select it when you print by selecting it in the print options. if you print to the normal cci printing queue, you will not be able to print your document on the color printers. the print queue installers can be downloaded from shareware.unc.edu.']"
253,54,253_halloween_for halloween_plans for_halloween on,"['halloween', 'for halloween', 'plans for', 'halloween on', 'plans', 'halloween events', 'franklin', 'on franklin', 'party', 'costume']","['halloweekend fomo dude i’m really sorry. that sucks. i don’t have halloween plans either but i’ve graduated and moved to durham. halloween is one of my favorite holidays i had so many great memories as someone who grew up in chapel hill. man halloween in highschool was crazy here. back when they didn’t limit people on franklin. senior year there was over 100,000 people. but back to you, sorry that you weren’t included. i’ve had friends make plans in front of me not including me and it’s honestly one of the worst feelings. i know it’s not malicious but i’d never do that to anyone i consider a friend. i’d say just go out in a costume with a mask and enjoy being anonymous. everyone’s in a good mood and buzzed so you shouldn’t have problems meeting people. in fact i distinctly remember meeting someone im friends with to this day on halloween on franklin st. also met a girlfriend. don’t let not having plans deter you. i’d bet you will see people you know and would be down to link up. just go out!! it’ll be fun!', 'plans for halloween great, i appreciate it!', 'plans for halloween great, thank you!']"
254,53,254_accepted transfer_were your_your stats_students what,"['accepted transfer', 'were your', 'your stats', 'students what', 'what were', 'transfer students', 'stats', 'accepted', 'stats accepted', 'transfer']","['accepted transfer students: what were your stats?', 'accepted transfer students: what were your stats?', 'accepted transfer students: what were your stats?']"
255,53,255_fy_seminar_my fy_fy course,"['fy', 'seminar', 'my fy', 'fy course', 'look any', 'plan look', 'suggestions please', 'course plan', 'launch', 'does my']","['how does my fy course plan look? any suggestions please?', 'how does my fy course plan look? any suggestions please?', 'how does my fy course plan look? any suggestions please?']"
256,53,256_am wasting_wasting my_money at_my money,"['am wasting', 'wasting my', 'money at', 'my money', 'wasting', 'money', 'unc thank', 'you for', 'thank you', 'thank']","['am i wasting my money at unc? thank you!', 'am i wasting my money at unc?', 'am i wasting my money at unc? \U0001faf6']"
257,53,257_premium_linkedin premium_premium free_linkedin,"['premium', 'linkedin premium', 'premium free', 'linkedin', 'free for', 'for students', 'free', 'discount', 'students hey', 'leetcode']","['linkedin premium free for students do you still have any left', 'linkedin premium free for students do you still have it?', 'linkedin premium free for students do you have any more?']"
258,53,258_conservative_maga_liberal_education,"['conservative', 'maga', 'liberal', 'education', 'viewpoints', 'conservatism', 'conservatives', 'young', 'trump', 'seeking knowledge']","[""the issue is if the people in control will suppress opposing viewpoints. op is discussing leadership shifts, not discriminating against people who may have differing views. you are responding to an argument that is not acknowledging the whole picture. i left a conservative christian university after attending public school k-12 because the way students were controlled and academic discussions were stifled was deeply frustrating. there are massive shifts being forced onto public universities now by the same cultural and political organizations that ran my old school, and believe me, i'd want to know if the state university i had transferred to would be growing into the same controlled venue."", 'this will sort itself out. most maga aren\'t good enough to even to walk into the testing center to take the act to apply to top colleges. another maga portion are those that are just sons and daughters of old money, kappa alpha types, aren\'t smart by any means but they have wealth to gloss over their 2.0 average at graduation time in sociology. and for the remaining portion, this is probably the biggest problem: the tokens. the ones that, because status quo is better to them than change, will rail against inclusion so they can be ""one of the good ones"". they are the worst. they will vote with their new balance wearing, messy hair frat boyfriend, or go along with the group because survival is going along with the group. hard to blame them really. but that\'s how it is. you\'ll be fine at unc. if different people could survive in the 1900s, 1940s, 1960s, etc., you\'ll likely survive 2020s. trump isn\'t forever. we are already seeing politics swing to the left again because buyers remorse of all this bs is setting in. everyone thought they would be spared, turns out we\'re all connected more than fox news wants. hate clicks. frankly, i\'d do nc state before i\'d do unc, they have a more ""hard-working, nerdy, meritous"" vibe. sure not ranked as high, but no one is likely to care because most stems know how hard it was there. unc rests on ""first public university and medical school"" laurels. not even duke comes off as old south pretentious as unc, and that\'s quite a feat.', ""i think it's a common mistake to confuse maga with conservatism. conservative republican idealogy is completely different than maga. george bush, dick cheney, mitt romney, etc. those are conservatives. they despise maga. maga is a dark, toxic offshoot of the conservative idealogy. now, some actual conservatives like marco rubio or lindsey graham, for example, have sold their soul to maga to preserve their positions, but true magats are not conservatives. the 4.5 trillion dollar tax cuts for the wealthy trump wants to pass won't be conserving anything.""]"
259,52,259_diploma_diploma after_no diploma_awarded degree,"['diploma', 'diploma after', 'no diploma', 'awarded degree', 'after two', 'awarded', 'two months', 'my awarded', 'my official', 'when after']","['question: when after graduation does my awarded degree show up in my official transcript? thank you so much!', 'question: when after graduation does my awarded degree show up in my official transcript? thank you so much!', 'question: when after graduation does my awarded degree show up in my official transcript? thank you so much!']"
260,52,260_gimghoul_of gimghoul_order of_gimghoul still,"['gimghoul', 'of gimghoul', 'order of', 'gimghoul still', 'the order', 'still active', 'active and', 'order', 'do they', 'active']","['is the order of gimghoul still active and what do they do? thanks', 'is the order of gimghoul still active and what do they do?', 'is the order of gimghoul still active and what do they do? [']"
261,52,261_awful would_how awful_this actually_actually be,"['awful would', 'how awful', 'this actually', 'actually be', 'would this', 'awful', 'actually', 'be did', 'day', 'days']","['how awful would this actually be? i have one as well this semester but unfortunately for the classes i have to take in the spring there isn’t :(', 'how awful would this actually be? been doing it since freshman year and refuse to turn back!', 'how awful would this actually be? k. report back after you get your classes.']"
262,52,262_commuting_commute_from durham_commute for,"['commuting', 'commute', 'from durham', 'commute for', 'ws', 'ws commute', 'commuting from', 'durham', 'student ay', 'ay 2025']","[""considering commuting from durham as a graduate student (ay 2025-2026) i would think the park and ride may be your best option. from what ive heard, parking on campus is a lottery and you may get it one year and not the next. definitely worth a shot, but not guaranteed (and it's very competitive)."", 'considering commuting from durham as a graduate student (ay 2025-2026) ooh i did not know that. that is good to know and consider. thanks for letting me know about that!', 'considering commuting from durham as a graduate student (ay 2025-2026) parking on campus is intentionally awful with the aim of getting people not to drive to campus. find the most convenient park and ride or check out other public transit options. lots of students, faculty and staff commute from durham.']"
263,51,263_ta_be ta_ta my_year fall,"['ta', 'be ta', 'ta my', 'year fall', 'become ta', 'ta early', 'ta for', 'fall semester', 'my freshman', 'to become']","[""can i be a ta my freshman year fall semester? i was a ula my first semester here. it's definitely possible."", 'can i be a ta my freshman year fall semester? got a ta position in his fall semester of freshman year?', 'can i be a ta my freshman year fall semester? okay, sounds good.']"
264,51,264_connect carolina_connect_carolina_from connect,"['connect carolina', 'connect', 'carolina', 'from connect', 'courses missing', 'carolina enrollment', 'missing from', 'many courses', 'in connect', 'on connect']","['many courses missing from connect carolina enrollment oh alright this makes more sense, thank you!', 'many courses missing from connect carolina enrollment alright, thank you for the help!', 'many courses missing from connect carolina enrollment']"
265,51,265_30pm again_everyone run_happened why_12 30pm,"['30pm again', 'everyone run', 'happened why', '12 30pm', 'did everyone', 'library in', 'run to', 'in 12', '30pm', 'why did']","['what happened? why did everyone run to the library in 12:30pm? again？', 'what happened? why did everyone run to the library in 12:30pm? again？', 'what happened? why did everyone run to the library in 12:30pm? again？']"
266,51,266_concerns your_user flair_user_flair,"['concerns your', 'user flair', 'user', 'flair', 'automatically', 'comment', 'please', 'compose to', 'subreddit message', 'automatically removed']","['your comment has been automatically removed because you do not have user flair for r/unc. please [choose a user flair]( and then comment again. i am a bot, and this action was performed automatically. please [contact the moderators of this subreddit](/message/compose/?to=/r/unc) if you have any questions or concerns.', 'your comment has been automatically removed because you do not have user flair for r/unc. please [choose a user flair]( and then comment again. i am a bot, and this action was performed automatically. please [contact the moderators of this subreddit](/message/compose/?to=/r/unc) if you have any questions or concerns.', 'your comment has been automatically removed because you do not have user flair for r/unc. please [choose a user flair]( and then comment again. i am a bot, and this action was performed automatically. please [contact the moderators of this subreddit](/message/compose/?to=/r/unc) if you have any questions or concerns.']"
267,51,267_cat_lost cat_sweet cat_this sweet,"['cat', 'lost cat', 'sweet cat', 'this sweet', 'your cat', 'lost', 'merrit mill', 'mill cameron', 'near merrit', 'cat near']","['lost cat near s merrit mill/cameron yay!!!! this is so awesome!!', 'lost cat near s merrit mill/cameron this is a long comment but i once saw a very good comment on reddit about finding a lost cat, and i\'m going to copy and paste it: [here]( &gt; when cats get lost, they\'re usually hiding nearby within a one-to five-house radius. they will not answer to their names being called as they\'re too afraid of giving up their hiding spot to potential predators. typically, cats will spend the whole of the day hiding, but they may feel more comfortable moving around at night. if there\'s a specific noise to which your cat responds, like shaking a bag of treats, you can go for walks from midnight/12 am to 4 am while making that noise. when you call for your cat, keep your tone even. if they get even a hint that you\'re scared, anxious, or off in some way, they\'ll think there\'s danger nearby and stay hidden. you can also go for walk with or make a call to a friend; your conversational tone will make your cat think you\'re just hanging out and that it might be safe to come out. &gt; walk in straight lines away from your house (e.g., down the sidewalk, down the alleyway, etc.). they say lost cats walk in circles of increasing diameter from their hiding spot once they\'re comfortable with coming out of hiding. from there, they can use your scent lines to trace their way back home. speaking of scents, put your unwashed sheets or bath towels outside. a familiar scent cannot hurt. that said, it is not recommended you put your cat\'s litter outside; it\'s actually a [myth]( also be wary of leaving food outside at it can also have a similar response (i.e., attracting other creatures that may keep your cat at bay out of fear). &gt; given that cats are active through the night, it would be good to create a discreet entrance for your cat to come inside on its own. if you can\'t do that, at least leave a window open so you can hear your cat should s/he come back. remember that the more skittish your cat is, the more time it will take for him/her to reach the threshold at which s/he is comfortable coming out of hiding. &gt; i would highly recommend actively conducting a physical search for your cat. as mentioned earlier, they\'re usually in a one-to five-house radius. with permission, check your neighbors backyards, under their porches and decks, and in any other space where a cat might hide (e.g., sheds, garages, etc.). be sure to do this yourself (with permission!) as your neighbors likely won\'t be willing to get down on their hands and knees for your cat. also, always use a flashlight! this will catch the reflection off of the ""shining layer"" (tapetum lucidum) of your cat\'s eyes. &gt; lastly, don\'t ever give up hope. some cats may not feel comfortable coming out of hiding for several weeks or even months, but that doesn\'t mean they\'re lost forever! most will slowly and cautiously make their way home, so conduct your physical search once every 1 to 3 days. and be sure to take care of yourself so you can take care of kitty once they\'re safely home :)"" i hope that helps! i\'m so sorry your friend is missing their baby :( whenever i lost my cat, sitting outside and talking casually with my partner worked very well to help bring him out. he was in a nearby bush but when i was calling his name loudly, he didn\'t come out because he was very scared. it took probably an hour and a half for him to come back inside.', 'lost cat near s merrit mill/cameron']"
268,51,268_concerns your_user flair_user_flair,"['concerns your', 'user flair', 'user', 'flair', 'automatically', 'comment', 'please', 'compose to', 'subreddit message', 'automatically removed']","['your comment has been automatically removed because you do not have user flair for r/unc. please [choose a user flair]( and then comment again. i am a bot, and this action was performed automatically. please [contact the moderators of this subreddit](/message/compose/?to=/r/unc) if you have any questions or concerns.', 'your comment has been automatically removed because you do not have user flair for r/unc. please [choose a user flair]( and then comment again. i am a bot, and this action was performed automatically. please [contact the moderators of this subreddit](/message/compose/?to=/r/unc) if you have any questions or concerns.', 'your comment has been automatically removed because you do not have user flair for r/unc. please [choose a user flair]( and then comment again. i am a bot, and this action was performed automatically. please [contact the moderators of this subreddit](/message/compose/?to=/r/unc) if you have any questions or concerns.']"
269,51,269_concerns your_user flair_user_flair,"['concerns your', 'user flair', 'user', 'flair', 'automatically', 'comment', 'please', 'compose to', 'moderators of', 'subreddit message']","['your comment has been automatically removed because you do not have user flair for r/unc. please [choose a user flair]( and then comment again. i am a bot, and this action was performed automatically. please [contact the moderators of this subreddit](/message/compose/?to=/r/unc) if you have any questions or concerns.', 'your comment has been automatically removed because you do not have user flair for r/unc. please [choose a user flair]( and then comment again. i am a bot, and this action was performed automatically. please [contact the moderators of this subreddit](/message/compose/?to=/r/unc) if you have any questions or concerns.', 'your comment has been automatically removed because you do not have user flair for r/unc. please [choose a user flair]( and then comment again. i am a bot, and this action was performed automatically. please [contact the moderators of this subreddit](/message/compose/?to=/r/unc) if you have any questions or concerns.']"
270,51,270_from comp_do now_major what_sci major,"['from comp', 'do now', 'major what', 'sci major', 'do do', 'comp sci', 'rejected from', 'rejected', 'sci', 'what do']","['rejected from comp sci major, what do i do now? how does that happen?!!!', 'rejected from comp sci major, what do i do now? also applied math.', 'rejected from comp sci major, what do i do now?']"
271,51,271_blog_triangle blog_blog blog_triangle,"['blog', 'triangle blog', 'blog blog', 'triangle', 'cars', 'who walk', 'streets triangle', 'our streets', 'prioritize people', 'must prioritize']","['we must prioritize people who walk, bike, and roll on our streets - triangle blog blog', 'we must prioritize people who walk, bike, and roll on our streets - triangle blog blog', 'we must prioritize people who walk, bike, and roll on our streets - triangle blog blog']"
272,50,272_chapel hill_chapel_hill_town,"['chapel hill', 'chapel', 'hill', 'town', 'townofchapelhill org', 'townofchapelhill', 'to chapel', 'org', 'services', 'the town']","['did you know? the town of chapel hill has a podcast! why a podcast? towntalk the podcast is a new way to learn more about the people who provide the services in the town of chapel hill. you can hear from folks who you might encounter in and around town, virtually ""meeting"" the people behind the screen and services. we launch new episodes on most wednesdays, and you can listen to them wherever you listen to your podcasts. check us out - [', ""welcome back, tar heels! here's a list of town departments and services you might need or encounter. welcome back, tar heels. we are public information officers with the town of chapel hill sharing a list of services (and more) that you might need from us this semester. (this is not an exhaustive list of town services, but they’re some that you might see or use more regularly than others.) [fire]( – the chfd serves the town and university. they respond to lots of emergency calls in addition fires. (if you burn your cookies and set off the alarm, chances are you’ll see a blue truck or two.) [library]( – chapel hil public library is just down franklin street. check out their event calendar for more than just books! [community arts &amp; culture]( – check out their page for arts experiences (like public spaces exhibit series), upcoming festivals and events (like festifall arts markets), and any calls for artists. mayor and council – they want to hear from you! you can email them ([mayorandcouncil@townofchapelhill.org](mailto:mayorandcouncil@townofchapelhill.org)), speak at a council meeting (townofchapelhill.org/calendar), or [call them]( they make a lot of decisions about projects, policies, improvements, etc. your input can help. [parkonthehill.com]( – parking services offers leased parking in town-owned lots. they also manage a residential parking permit program, which allows qualifying residents who live within the parking zone to obtain a permit to park during posted time limits. [parks and recreation]( – if you’re looking for trails or greenways for a jog, walk, or bike ride, check out their [chapel hill greenways and bike map]( [chapel hill police department]( – while they are separate of unc police, they do often collaborate with them. students living off campus will usually see chpd. check out the [party registration]( which is designed to allow students in single-family-housing neighborhoods and apartments to regulate their parties before law enforcement intervention. [public works]( – this is a big department! one of the most useful tools is [seeclickfix.com/chapel-hill ]( \\- report trees down that are blocking roads (if it’s on a powerline, call 911 and do not approach it), blocked storm drains, sidewalk issues, etc. for off-campus students, our crews are picking up your solid waste and bulky items (like couches you can’t haul yourself-there is a fee). they’re brining roads in advance of ice or snow, and they’re plowing snow if we get it. orange county manages recycling. [transit]( – follow @chtransit on twitter for service updates and detours. we are still waiting for proprietary equipment to support our real time tracking technology. gah! we are frustrated, too. lastly, we in [communications and public affairs]( are here for you, too. not sure where to direct your question related to town services? email us at [info@townofchapelhill.org](mailto:info@townofchapelhill.org), and someone will connect you with the right person. want to keep up with town-related news? subscribe to [townnews]("", 'happy #fdoc, tar heels! the town of chapel hill offers many services you might need or encounter. welcome back, tar heels! we are communications staff with the town of chapel hill sharing a list of services (and more) that you might need from us this semester. (this is not an exhaustive list of town services, but they’re some that you might see or use more regularly than others.) [fire]( – the chfd serves the town and university. they respond to lots of emergency calls in addition fires. (if you burn your popcorn and set off the alarm, chances are you’ll see a blue truck or two.) [library]( – chapel hill public library is just down franklin street. check out their event calendar for more than just books! [community arts &amp; culture]( – check out their page for arts experiences (like public spaces exhibit series), upcoming festivals and events (like festifall arts markets), and any calls for artists. mayor and council – they want to hear from you! you can email them ([mayorandcouncil@townofchapelhill.org](mailto:mayorandcouncil@townofchapelhill.org)), speak at a council meeting (townofchapelhill.org/calendar), or [call them]( they make a lot of decisions about projects, policies, improvements, etc. your input can help. [parkonthehill.com]( – parking services offers leased parking in town-owned lots. they also manage a residential parking permit program, which allows qualifying residents who live within the parking zone to obtain a permit to park during posted time limits. [parks and recreation]( – if you’re looking for trails or greenways for a jog, walk, or bike ride, check out their [chapel hill greenways and bike map]( [chapel hill police department]( – while they are separate of unc police, they do often collaborate with them. students living off campus will usually see chpd. check out the [party registration]( which is designed to allow students in single-family-housing neighborhoods and apartments to regulate their parties before law enforcement intervention. [public works]( – this is a big department! one of the most useful tools is [seeclickfix.com/chapel-hill ]( report trees down that are blocking roads (if it’s on a powerline, call 911 and do not approach it), blocked storm drains, sidewalk issues, etc. for off-campus students, our crews are picking up your solid waste and bulky items (like couches you can’t haul yourself-there is a fee). they’re brining roads in advance of ice or snow, and they’re plowing snow if we get it. orange county manages recycling. [transit]( – follow @chtransit on twitter for service updates and detours. download our bus-tracking app: ch transit. install the app from your mobile app store. (if you prefer, use the mobile-friendly website [mychtransit.org]( lastly, we in [communications]( are here for you, too. not sure where to direct your question related to town services? email us at [info@townofchapelhill.org](mailto:info@townofchapelhill.org). someone will connect you with the right person. want to keep up with town-related news? subscribe to [townnews](']"
273,50,273_adhd_diagnosis_adhd diagnosis_disclose my,"['adhd', 'diagnosis', 'adhd diagnosis', 'disclose my', 'disclose', 'my adhd', 'diagnosis to', 'should disclose', 'diagnosed', 'to admissions']","['should i disclose my adhd diagnosis to admissions? you too i hope you get in!', 'should i disclose my adhd diagnosis to admissions? thanks!', 'should i disclose my adhd diagnosis to admissions? what year are you?']"
274,50,274_lfit_lfit when_when to_lfit grade,"['lfit', 'lfit when', 'when to', 'lfit grade', 'lfit is', 'lfit 114', 'does lfit', 'lfit take', 'attendance on', 'attendance']","['does lfit take attendance on fdoc? lfit 130, took attendance', ""lfit- when to take? it's p/f isn't it?"", ""lfit- when to take? honestly whatever you want. i took weight training despite never going to the gym, not playing sports, and living an overall sedentary lifestyle. i enjoyed it because you build from your own starting place! i would never do a running lfit simply because i hate running, but if you like running, go for it! i chose weight training because i was interested in getting to see what a gym was like in a class setting since i've never been before and going alone would be nerve-wracking. the message: any lfit is fine. i wouldn't say any are necessarily easier or harder than one another—they are all pass/fail. you need to make sure you attend. you need to follow the learning modules outside of class time. all of it is easy as long as you don't slack! make sure you read the syllabus, missing attendance is honestly the only reason i've seen people fail. you'll be fine with any you choose, just pace yourself and don't overdo it. i recommend choosing either 1) something you already know you like or 2) something that sounds new and interesting that you think you'd enjoy or want to learn about! \U0001faf6""]"
275,50,275_musc_fc_145_musc 145,"['musc', 'fc', '145', 'musc 145', 'music', 'jazz', 'concert', 'concert assignment', 'musc120', 'fc create']","['summer jazz workshop - musc 364 - non performance track', 'fc-aesth and fc-create recommendations in musc 145 (intro to jazz) right now for aesth. professor anderson is a phenomenal lecturer. i never had any music exposure prior to this course, and have found it manageable. i wouldn’t go as far as to say it’s an easy a, buts its definitely an attainable a if you are willing to put a decent amount of effort into it. 3 exams that are composed of matching songs he plays to the artist or tittle, 3 concert journals that aren’t awful if you attended and listen. a final thats take home, and schematic that we haven’t gotten to yet.', 'anyone done musc 145? guys i took musc 145 intro to jazz because it was an easy course ( according to rmp ) and now we have to write journal entries for concerts. do you know anyone whos done this course before who could share like the format of how the entries have to be written. it would help a lot thank youu']"
276,50,276_swipes_meal swipes_meal_swiping,"['swipes', 'meal swipes', 'meal', 'swiping', 'flex', 'swipe', 'plus swipes', 'swiping in', 'flex points', 'or flex']","['can i use my one card (meal swipes)or flex points for restaurants on franklin st? awesome, thanks!', 'can i use my one card (meal swipes)or flex points for restaurants on franklin st? [ this is a good reference for additional places to use plus swipes or flex. but as someone else has said, the unc meal plan is only for facilities on campus.', 'can i use my one card (meal swipes)or flex points for restaurants on franklin st? thank you!']"
277,50,277_lark_lark vs_vs stay_union,"['lark', 'lark vs', 'vs stay', 'union', 'of lark', 'honest pros', 'in lark', 'lark is', 'campus dorms', 'stay on']","['lark vs stay on campus dorms thanks!', 'lark vs stay on campus dorms thank you!', 'lark vs stay on campus dorms 👍🏻']"
278,50,278_chapel ridge_ridge_chapel_ridge is,"['chapel ridge', 'ridge', 'chapel', 'ridge is', 'apartments', 'on chapel', 'ridge apartments', 'maintenance', 'management', 'new management']","[""chapel ridge apartments i mean house, you'd be saving money and have a more flexible lease. but if you absolutely need an apartment at least chapel ridge is one of the cheaper options."", ""thoughts on chapel ridge? i live at chapel ridge right now and i like it for the most part, mainly because of the price (with all utilities and parking included) and that it’s fully furnished and includes . i know someone else mentioned roaches, but i live on the first floor and thankfully we haven’t had any roach problems. we did have a small issue at the beginning of the year where our ac unit wasn’t working, and once it got fixed it started leaking a little bit, but maintenance was quick to fix it. the only major downside really is that it’s a bit farther from campus compared to other places. me and my roommates are looking for a different place for next year (most likely a house), mainly because of the distance thing, but also…our rent is going up by $65/month next year and they’re also making us pay electricity. so right now i’m in a 4bdr updated unit and we pay $735/month, and next year our rent would be $800/month not including electricity, which i personally don’t think is worth staying for. unfortunately, most of the furnished apartments close to campus (lark, union, shortbread, etc.) are super expensive, but if you're looking for a place similar to chapel ridge, i would recommend looking into notting hill apartments. they're really nice fully-furnished 1, 2, or 3 bedroom apartments, and it's about the same distance as chapel ridge is from campus. also the move-in date is flexible. [ [ there's a lot of other decent apartment options out there, and i'd recommend looking at websites like the unc off-campus housing website, apartments.com, homes.com, zillow, or realtor.com. also if you're not set on living in an apartment and you're open to living in a house, chapelhillrent.com is a really good place to look for housing in addition to the previous websites i listed."", ""chapel ridge new management it's not terrible, but it does seem to be getting worse. i leased at chapel ridge for this past school year so it was right when they were switching to the new management, meaning that i can't really speak much to their previous management. however, some things that they've been doing over the past year that have been kind of annoying are adding electricity costs to rent (for 23-24 school year) on top of the rent increase, making us pay for printing which was previously free, making us request for visitor passes if we want guests over, and some other things. things like these aren't necessarily deal breakers, but small things that just keep adding up. yes chapel ridge is one of the cheaper apartment options compared to places like lark or union, but at this point i don't think it's worth it for what you're getting. this past year i paid $735/month (utilities included) for an updated 4 bedroom, and for next year the price of my room would be $800/month + electricity costs (it might be more than that now, it's been a while since i've checked). and since chapel ridge is pretty far from campus and management isn't the best, i would suggest looking for other options if you can and saving chapel ridge as a last resort. it is a little late to be starting the housing search, but i would suggest looking in the facebook housing groups. there are usually people trying find someone to take over their lease at their apartment/house so facebook is a great place to look. i'd also suggest the unc off campus housing website, chapelhillrent.com, and websites like zillow, realtor.com, etc. i will say that you can find great off-campus houses that are cheaper than most apartments so look out for those as well.""]"
279,50,279_license_insurance_driver license_driver,"['license', 'insurance', 'driver license', 'driver', 'get license', 'international', 'please someone', 'drivers', 'license please', 'license in']","['international students, how does one get a license? please someone who has done it help me 😫🙏 yes i am!', 'international students, how does one get a license? please someone who has done it help me 😫🙏 it seems as if you need insurance for the license and a car for the insurance and a license and insurance for the car???? like how do you navigate this please someone who has done it help me', 'international students, how does one get a license? please someone who has done it help me 😫🙏 thank you!']"
280,50,280_gown_cap amp_amp gown_trading post,"['gown', 'cap amp', 'amp gown', 'trading post', 'gown trading', 'cap', 'trading', 'post looking', 'post', 'amp']","[""cap &amp; gown trading post looking for a 5'6-5-8 cap and gown!"", 'cap &amp; gown trading post looking for a 5’0” - 5’2”!', 'cap &amp; gown trading post looking for a 6’0”-6’2” undergrad cap and gown']"
281,49,281_locking down_locking_else class_at locking,"['locking down', 'locking', 'else class', 'at locking', 'class really', 'was anyone', 'really bad', 'bad at', 'anyone else', 'down']","['was anyone else’s class really bad at locking down? who would you tell if the person who continued to teach was the head of the department?', 'was anyone else’s class really bad at locking down? if you had a professor that continued to teach... please let someone know', 'was anyone else’s class really bad at locking down? you would contact the dean of students at dsa@unc.edu']"
282,49,282_so hopeless_have gpa_hopeless_feel so,"['so hopeless', 'have gpa', 'hopeless', 'feel so', 'gpa as', 'and feel', 'freshman and', 'as freshman', 'gpa', 'hopeless have']","['i have a 2.5-2.7 gpa as a freshman and i feel so hopeless.', 'i have a 2.5-2.7 gpa as a freshman and i feel so hopeless.', 'i have a 2.5-2.7 gpa as a freshman and i feel so hopeless.']"
283,49,283_mold_room making_me cough_cough,"['mold', 'room making', 'me cough', 'cough', 'air', 'making me', 'sick', 'asbestos', 'room', 'air purifier']","['room making me cough do both - get a mold test and a new air filter. you might also want to invest in an air purifier. some dorm rooms have had mold problems not long ago, so do a google search. i hope things get better quickly!', ""room making me cough having the same problem most of this semester now (although not in hojo) and it has been making me very sick. like yours, my cough and other symptoms seem to go away when i am off campus and return when i am in the room. so far the most i have been able to get done is put in a mold investigation request and they cleaned the mold off the window and replaced the ac unit. can't find the source of mine either. my doctor recommended an air purifier and i have one with a uv light. it might help you if the mold is less severe in your room but so far even with one of those i've been getting sick again after returning to the dorm from break. another suggestion would be to go to campus health and request allergy meds for your symptoms such as nasal spray. you can also get flonase over the counter. the spray helps slightly but not enough and i've yet to find a solid solution other than planning to cancel my housing after finals. let me know if you come across any solution on who to contact to check the room out since they mainly cleaned mine but did not find the source and am still getting sick. best of luck to you on this."", ""mold in dorm need help i have a case of mold (and possibly other allergens) in my dorm that have been making me sick for almost 2 months now. first i was sick most of september, went home from labor day had completely lost my voice from coughing so bad and chest congestion. 3x negative covid tests and no flu, no strep, sick in the hospital because my chest was so congested that i was throwing up snot every 30 mins to the point of severe dehydration. the symptoms magically went away being off campus over labor day and i stayed off campus for about a week before coming back because i was finally recovering from it. then i came back and guess what? i got sick again within a few days, exact same symptoms. severe chest congestion, cough, nausea, sneezing my head off, red eyes, sore throat. they looked at the ac in my room and said there was no mold collecting on the vents of it so it should be fine. i was so sick that i left early for fall break with another student on the 18th to get out of the dorm. i thought it was pneumonia because i could feel the congestion deep in my lungs/chest air when coughing to the point it hurt. guess what? within about a week of being off campus all the congestion starting going away (obviously i had seen a doctor again at this point while off campus, but she thinks allergies to mold as well and prescribed nasal spray and allergy med). also had to use food money to buy a $90 air purifier off amazon hoping it would prevent me from getting sick again when i had to come back. at this point i had gotten behind in all my classes, now risking having to retake 2 of them next semester because of the way this has killed my grades. i have accommodations but still could not get extensions on many of my assignments while sick this semester now resulting in another semester taking the same classes i need for my major again. returned from fall break this week with symptoms mostly gone (after being off campus again and starting to recover from this) and immediately saw a long strip of mold on the window when i came in the room that had accumulated on it while i was gone over break. i filed a mold investigation request and air quality investigation request with the school and they came in my room, cleaned the window and put in a new ac unit. the source of the mold is still undetermined and no one knows where it is coming from since i only saw a strip of it on the window but you can smell it as soon as you open the door. the smell is sour, like a wet towel type of smell but sour and dusty. when i am in the room for more than a few hours, i start getting congested and it hurts my lungs. as of today i am already getting sick again and woke up very congested with pain in my lungs coughing. i tried contacting the epa unit at the school who does mold investigations but they just sent it to housing and so far no one can find the source of the mold. since i can't actually see anymore of it but can smell it and have allergen symptoms i am wondering if it could be in the walls or where others who have had mold or gotten sick in their dorm have looked since i know this happened a few years ago with a lot of mold in campus dorms. i don't know where it is but the air purifier is not doing a thing and i have had the uv light on it since i got back from break and still getting sick again. what can i do? i am about to fail these classes and can not keep getting so sick. tldr - i have been sick nearly 2 months now and symptoms gradually went away when i stayed off campus for over labor day and fall break. bought air purifier that so far doesn't help the sour smell in room or me getting sick even with uv light on at full power. still get sick in dorm, they came and cleaned window and put in new ac unit but no one has found source of mold or other allergens in the room that could be causing me to get sick. need advice from anyone who has had mold in their room or knows who to contact to investigate the room and see what is causing the allergy issues in room.""]"
284,49,284_in years_years question_hi graduating_graduating in,"['in years', 'years question', 'hi graduating', 'graduating in', 'graduate in', 'graduating', 'to graduate', 'years', 'graduate', 'possible is']","['hi! graduating in 3 years question? how many credits ru coming in with?', 'hi! graduating in 3 years question? okay, thank you!', 'hi! graduating in 3 years question? good to know, thanks!']"
285,49,285_poli_and hist_poli and_hist class,"['poli', 'and hist', 'poli and', 'hist class', 'hist', 'class help', '444', 'poli 444', 'bapat', 'poli 281']","['poli and hist class help? how is his grading?', ""poli and hist class help? poli and hist senior, just trying to decide between a few classes. my requirements will be fulfilled with others so i'm really just looking for interesting and attainable-a classes. any opinions appreciated! hist 238 with duval, hist 340h with jarvis, poli 230 with baumgartner, poli 208 with hetherington, or poli 470/474 with nine"", 'poli and hist class help? poli 203\\\\\\\\\\ with baumgartner']"
286,49,286_to date_date at_date_dating,"['to date', 'date at', 'date', 'dating', 'trying to', 'trying', 'at unc', 'girls', 'abs', 'black']","[""trying to date at unc hi all, so a preface: i am a cis, heterosexual, male and asian, and i can't help but feel that dating here is difficult (at least for me). i'm not here to blame women or any group of people here, i understand with this university's history of sexual assaults' and misconduct, i could understand why girls would be weary of us guys. ever since coming back from covid, i have tried to improve and make the most of my social life here and the one part that never seems to catch a break is my dating life. over my past junior year, i have had eight different people not even interested in wanting to be friends. keep in mind, i never go in with intentions of dating initially, it's important in my eyes to get to know someone first before considering that. but a majority of the time, it seems like a lot of the girl's here i've met are cold (at least to me). i could understand it could be various factors like my social skills, people having a bad day, etc. but at this point, i can't help but vent. i personally involved deeply with running a club, i regularly workout (i have visible abs if that's anything), but most importantly, i know i am kind person and i typically serve as the most emotionally-available guy within my male friend groups. but more than half the time now, it seems like if i show interest and want to get to know a girl, they won't even provide the opportunity to do so. they are not obligated to, i know that, but this seems more like the norm, than an occasional occurrence. i have mentioned this to my other female friends, and it's unfortunate with all the sexual misconduct and problems on campus, girls have to keep a guard up, but still, as a guy about to reach 22 and hasn't been successful in dating since high school, i can't help but feel some sense of rejection and hopelessness with dating as a whole."", 'trying to date at unc or after college lol', 'trying to date at unc \\#foreveralone!']"
287,49,287_fever_carolina fever_fever points_points,"['fever', 'carolina fever', 'fever points', 'points', 'games', 'lottery', 'get tix', 'tix', 'tickets', 'games as']","['when to give up on fever points? at what point is it not worth it to get fever points because you won’t catch up before the duke game? i have 16 points right now, and the top 150 have 29. is it even worth getting all the fever points between now and the duke game?', 'carolina fever looks like you’re graduating next year based on your user flair. here is my recommendation for next year to get a duke ticket: go to as many fever points as you can. you don’t necessarily have to be top 150- any fever point helps you get tickets (regular season tickets and duke tickets). i am a student who had to work throughout undergrad to pay rent and tuition, but i still made it work. i went to fever point events for the past year hoping to get enough points for a duke ticket. you don’t have to go and actively pay attention to the event- the majority of the time i went i sat away from the student section, put in my airpods, and did school work. i’m not sure what you mean by not feeling comfortable going to these events. also, hate to break it to you (broke my heart as well), but students are not guaranteed a duke ticket before they graduate. i was also told that as a freshman, but it was never true- just lore amongst the students. there is now a separate lottery for seniors, so if you’re graduating you have a better chance of getting a ticket than other undergrads. as frustrating as carolina fever can be, it’s actually a really good system. you get out of it what you put in to it. you have to make sacrifices to get what you want (in this case, a duke ticket). edit: things could be a lot worse. you could be a duke student who had to live in a tent in hopes of getting a duke-unc ticket.', 'carolina fever carolina fever ultimately does what the unc athletics/the ticket office wants. carolina fever did not make any promise to you. carolina fever is not rigging the lottery with ""shady distribution practices"" as you implied in your original post.']"
288,49,288_unc round_from 49_49 to_49,"['unc round', 'from 49', '49 to', '49', 'round up', 'will unc', 'gpa from', 'up my', 'round', 'my gpa']","['will unc round up my gpa from 3.49 to 3.5?', 'will unc round up my gpa from 3.49 to 3.5? &gt;:i', 'will unc round up my gpa from 3.49 to 3.5?']"
289,49,289_pregnancy_pregnancy while_while being_being an,"['pregnancy', 'pregnancy while', 'while being', 'being an', 'an undergrad', 'baby', 'undergrad', 'while', 'being', 'pregnant']","['pregnancy while being an undergrad you can do this. prayers up. god bless.❤️❤️❤️❤️', 'pregnancy while being an undergrad [pregnancy accommodations are through the eoc]( and you can contact them with questions too', 'pregnancy while being an undergrad that’s a great idea!']"
290,49,290_traditions_unc traditions_traditions they_chocolate,"['traditions', 'unc traditions', 'traditions they', 'chocolate', 'traditions senior', 'dark chocolate', 'tradition', 'senior', 'senior year', 'dark']","['unc traditions i appreciate it 😂', ""unc traditions they did it in '22."", ""unc traditions they don't want you doing this.""]"
291,48,291_pikapp_pledging_pledging pikapp_about pledging,"['pikapp', 'pledging', 'pledging pikapp', 'about pledging', 'to allegations', 'pikapp due', 'allegations', 'concerns about', 'due to', 'due']","['concerns about pledging pikapp due to allegations', 'concerns about pledging pikapp due to allegations', 'concerns about pledging pikapp due to allegations']"
292,48,292_iclicker_an iclicker_semi cheap_could sell,"['iclicker', 'an iclicker', 'semi cheap', 'could sell', 'iclicker device', 'sell semi', 'cheap', 'device that', 'device', 'sell']","['does anyone have an iclicker 2 device that they could sell semi-cheap?? i have one', 'does anyone have an iclicker 2 device that they could sell semi-cheap??', 'does anyone have an iclicker 2 device that they could sell semi-cheap??']"
293,48,293_reject degree_calling economics_flagler reject_economics kenan,"['reject degree', 'calling economics', 'flagler reject', 'economics kenan', 'stop calling', 'reject', 'economics', 'please stop', 'calling', 'kenan flagler']","['please stop calling economics a “kenan-flagler reject” degree. someone didn’t get into kf edit: /s', 'please stop calling economics a “kenan-flagler reject” degree.', 'please stop calling economics a “kenan-flagler reject” degree.']"
294,48,294_gen low_low income_first gen_income in,"['gen low', 'low income', 'first gen', 'income in', 'income', 'state student', 'as first', 'low', 'unc as', 'applying to']","['applying to unc as a first gen, low income, in-state student 😭😭', 'applying to unc as a first gen, low income, in-state student', 'applying to unc as a first gen, low income, in-state student']"
295,48,295_sweet omg_too sweet_omg_is too,"['sweet omg', 'too sweet', 'omg', 'is too', 'sweet', 'unc is', 'too', 'sauce', 'omg omg', 'hot sauce']","['unc is too sweet omg 😭 it was really cool.', 'unc is too sweet omg 😭 thank you so much!!', 'unc is too sweet omg 😭 thank you!!']"
296,47,296_academic tips_tips for_year students_tips,"['academic tips', 'tips for', 'year students', 'tips', 'for first', 'for admitted', 'academic', 'admitted students', 'first year', 'first']","['academic tips for first-year students? know ur syllabus', ""tips for admitted students? hey! i have a couple major pieces of advice on what worked well and what definitely didn’t haha. 1. do not leave main campus until you’re done for the day! this is especially if you live on south campus. you might say you’ll go back. trust me when i say 99% of the time, you won’t. kill time in the library, walk in on a lecture hall, hang out and abuse the meal plan, whatever. don’t leave if you want to be productive. 2. make a planner! most professors will give you every single assignment at the very beginning of the semester when the syllabus comes out. put everything into your planner and keep it updated. i use notion, and it has been absolutely crucial for me. i have a lovely planner and i can share it with you privately, so you can use it as a template if you would like! 3. get ahead and stay ahead. take the first week or two when everything is slow(er) and try to build up work until you’re about a week ahead in all of your classes. this will be hard, but if you stay focused, it will make your life way easier if you have an off day or get sick. once you burn a day, though, you have to try to make it up and stay ahead! i personally actually mark all of my assignments in my planner as due the day before they’re actually due so that i know i’m always ahead. 4. get a suite. you may be going in with a super close roommate, but having a suite gave me 7 friends by default that i could spend time with. you won’t mesh with all of them perfectly, and you might not even like some of them; however, they’re a really nice safety net and often a jumping off point for finding friends. i live in a hall style now, and it is far harder to make friends the same way since everyone’s doors are closed. 5. since you mentioned nursing school, i imagine you’re going to be taking some stem classes. take notes from the textbook before class. always. the vast majority of them are flipped classrooms and you want to use the lecture time to understand the material more deeply rather than playing catch-up. this is especially true in chem classes, where class time is for more exam-type content and readings are for the basics. 6. here are some things you’re going to want to have. an extra long charging cord that can reach up to your dorm bed from an outlet. a microfridge. a tiered cart for storage (a lifesaver for me). i cannot emphasize this enough: if you can get a mattress topper, get one. my dorm bed is comfier than my bed at home because of it. honestly if you’re doing stem, an ipad will be super helpful if you can afford one. taking notes on slides is extremely convenient. 7. since you’re in a regimented program, especially if you’re double majoring (idk if that's possible in the nursing school, but i'm going to assume it is theoretically), try to plan out your entire schedule. for the next four years. i’m a chem major and have very specific classes i need to take + premed requirements, but i’m also a spanish major. to graduate on time, having a general pathway (with multiple options based on unlucky registration) will help a lot when it comes to picking classes by semester. 8. if you have any sort of accommodations, reach out early. i have friends who get early registration due to all sorts of things. if you can get that, it will be unbelievably helpful for you when it comes to staying on track with your schedule. 9. last, and maybe most importantly, find an upperclassman that can be your default advice giver. you’re going to have a million questions about classes (especially in a similar major), graduation requirements, registration, campus norms, finding jobs, finding clubs, and honestly even just having someone to vent to outside of your default friend group is huge. this seems silly but i had a girl i went to anytime i had questions, and now i do the same for a couple of my freshman friends. if you don’t know anyone, i can do it for you, too! :)"", 'academic tips for first-year students? college is hard. college is especially hard at unc but still enjoyable. i’ve been thinking about making a post for this but i’ll just post here! biggest pieces of study advice i will give incoming students that i didn’t learn until way later: - humble yourself. unc is rigorous, it doesn’t matter if you were valedictorian or salutatorian or whatever in high school, start from zero and take things seriously. many smart friends i knew failed out their freshman year or changed majors completely because they thought things would be the same as high school. the closest equivalence would be a full ib course load in high school but college is still way different. - never come to lecture or class not knowing the material, create your own notes based on the readings and homework and use lectures to reinforce your learning. college is a lot of self-learning unfortunately. after the lecture, add to your notes. - map out a virtual or physical calendar of your semester and key dates as soon as you get your syllabus. there is no reason to be studying a semesters worth of material only the night before. plan ahead! i gave myself 2 weeks prior to a mid-term or final to start reviewing material and even had this on my calendar. it makes things much more manageable and less stressful. - you are managing your own time and schedule in college. use your mornings/afternoons wisely and you will have plenty of time to hang out with friends later in the day. - office hours and other extra sessions: go to all of these, but have a purpose and agenda for what you want out of it. these are incredibly useful. - lab classes: pre-read pre-read pre-read. never come to your science lab not knowing what you’re going to be doing. have a plan for the experiment and what steps you’re going to take. knock out the lab report as soon as possible. i was a victim of lab partners that had no idea what was going on and i had to lead the whole thing for some classes. tas will recognize this and you may get in trouble if you come unprepared or worse, have to stay the full 4 hours or however long the lab is. - don’t do 18 hours your first year. just don’t. social advice: - go outside your comfort zone and try new things. fall fest gives exposure to organizations. college is a time for personal growth! i was very introverted and awkward out of high school, but recognized this weakness and joined clubs and put myself out there to meet people. i recommend reading how to win friends and influence people if you think you will have trouble with this. - have mutual respect between you and your roommate, you don’t necessarily have to be best friends. talk things out your first week to see what type of living situation it will be and set some baseline expectations about schedules, cleanliness, guests, etc. internships and research: - just having degree will not get you into grad school or that first job. work experience is extremely important and you’ll need to tailor it towards your career goal. start looking for opportunities early! if you are interested in healthcare, research how you can be a volunteer at unc hospitals. - for labs, reach out to professors to see if they are looking for research assistants or even people to help with day-to-day stuff in the lab. i’ll add more to this as i think of it. unc was some of the best years of my life mostly because of how i tried many different experiences and campus life. study habits improved over time and helped me with this too.']"
297,47,297_guskiewicz_kevin guskiewicz_kevin_of michigan,"['guskiewicz', 'kevin guskiewicz', 'kevin', 'of michigan', 'presidency of', 'sole candidate', 'the presidency', 'guskiewicz is', 'chancellor kevin', 'presidency']","['chancellor kevin guskiewicz is the sole candidate for the presidency of michigan state university congrats!', 'chancellor kevin guskiewicz is the sole candidate for the presidency of michigan state university', 'chancellor kevin guskiewicz is the sole candidate for the presidency of michigan state university']"
298,47,298_concerns your_user flair_user_flair,"['concerns your', 'user flair', 'user', 'flair', 'automatically', 'comment', 'please', 'subreddit message', 'message compose', 'moderators of']","['your comment has been automatically removed because you do not have user flair for r/unc. please [choose a user flair]( and then comment again. i am a bot, and this action was performed automatically. please [contact the moderators of this subreddit](/message/compose/?to=/r/unc) if you have any questions or concerns.', 'your comment has been automatically removed because you do not have user flair for r/unc. please [choose a user flair]( and then comment again. i am a bot, and this action was performed automatically. please [contact the moderators of this subreddit](/message/compose/?to=/r/unc) if you have any questions or concerns.', 'your comment has been automatically removed because you do not have user flair for r/unc. please [choose a user flair]( and then comment again. i am a bot, and this action was performed automatically. please [contact the moderators of this subreddit](/message/compose/?to=/r/unc) if you have any questions or concerns.']"
299,47,299_bathrooms_bathrooms on_best bathrooms_floor,"['bathrooms', 'bathrooms on', 'best bathrooms', 'floor', 'urinals', 'bathrooms here', 'which bathrooms', 'weird urinals', 'the weird', 'bathroom']","['best bathrooms on campus student stores has both single bathrooms on the second floor and bathrooms with stalls on the bottom floor near the back. usually quiet and chill!', 'which bathrooms here have the weird urinals?', 'can this be an ungatekeep discussion? good bathrooms: - union second building (to the right of the main entrance to the main union building) - phillips hall 3rd floor private bathroom (it’s right next to the multi-stall ones) - fetzer hall basement bathrooms (by the ramp near the entrance to the src from fetzer) - dey hall 2nd floor private bathroom - gardener hall basement floor bathroom generally if you have to use the bathroom in davis, use one from floor 3 and up. floor 1 bathrooms are actually a disaster. nap locations: - union basement meditation room - ul basement floor couches - davis first floor couches (bring headphones tho, first floor is loud) - graham memorial hall lounge underrated study spots: - kenan science library - xl in sitterson (you don’t need to be a compsci major to use it but you will need to make an account and sign in when you go. if you check out one place from this comment check out the xl) - phillips hall 3rd floor undergrad reading room (i’ve napped in there many times as well) - student stores third floor. there’s a bunch of tables, all of them have outlets! you will find this to be rare. other cool spots: - outside of grimes residence hall, there’s a very steep and kind of scary staircase that leads to a beautiful little overhang with a nice view. i’ve never run into anybody else up there so that’s an actual hidden gem. - meantime coffee in the campus y building is so much better than the starbucks in the student stores - wilson library. it’s a whole ass museum in there, go explore - there is a group study room somewhere on the 6th floor of davis that has a bunch of raisins individually taped to wall with a “take one” sign gen advice: - if you want a low effort job, apply to be an operations ambassador for campus rec. the oas are the people who sit behind the desk at the src, rams, etc. i worked there for like a year and though the pay wasn’t great ($11.25/hour) we actually did basically nothing. i would always do my homework cause the bosses do not care so you basically get paid to study. sometimes they have event shifts when you do even more nothing than usual and get paid 2x your hourly base. also as a cr employee you gain access to all the facilities through your onecard, so sometimes i would use gym a in the basement of woollen when the src was too crowded - if you don’t already, start going to the gym. you have free access to all the gyms as a student. they aren’t great but they’re still good - obviously branch out, but try to make friends with people in your major. or befriend someone in all your classes. later down the line taking an upper-level class in your major with no friend to commiserate with is pretty brutal - don’t worry about bringing your car unless you decide to live off campus. you might be tempted to buy a $200+ parking pass (or however much they’re charging for it these days) in the rr lot but getting there was such a hassle and generally not worth it. - live in the dorms for at least your first 2 years, then if you can afford it living off campus in your own apartment is great. when the time comes to look for an apartment start as early as possible - chapelhilltransit app for the bus routes will be your best friend. i also use moovit this is way too long so here’s my last and most important piece of advice from someone who just graduated: school is important and your grades are important, of course. but they are not everything and they do not determine your worth. i haven’t checked your profile or anything but i’m willing to bet most kids who end up here probably have done extremely well academically up to this point. it’s different for every major, obviously, but it’s quite likely that you will fail a class at some point. or barely pass another. i had never failed a test before i came here…and i’ll tell you from experience that it’s really not the end of the world. i can only really speak for the classes of majors i’m familiar with (stats/math/physics/compsci) but in a lot of those classes getting less than stellar grades sometimes is really really normal. even if you pick a major with classes that are objectively easier to get good grades in, you still have to take gen eds and some of them will be tough. my best friend just got her psych degree and got pretty good grades for the most part but did poorly in her required math and programming classes. i took this communications class my sophomore year thinking it’d be an easy a but i really struggled with some of the material…you get the point. you got into unc so you should know that you are smart by now. use your time here to find other things outside of your academic and professional life that fulfill you, it will go by much quicker than you think. i just graduated and when i think back about my time here, what sticks out to me aren’t really the classes or the homework or the exams, it’s all people i met and the memories i made with them. the friends you will make in college will watch you (as you will watch them) become an adult. like an actual adult not just legally allowed to vote adult. cherish them and spend as much time together as you can.']"
300,47,300_connect carolina_connect_carolina_carolina issues,"['connect carolina', 'connect', 'carolina', 'carolina issues', 'over connect', 'contact over', 'who to', 'payment issues', 'carolina payment', 'payment']","['who to contact over connect carolina issues?? if you are off campus, you might need a vpn', 'it should be on connect carolina', 'something wrong w/ my connect carolina? it used to have the green bars for some of my ap credit but starting a few days ago, it is completely blank. it’ll come back again, connect carolina is weird sometimes. don’t worry. if it doesn’t show up in the next days, then i would try to call and get it resolved. but you’re fine.']"
301,47,301_jersey_this jersey_the history_history of,"['jersey', 'this jersey', 'the history', 'history of', 'know anything', 'anything about', 'history', 'anyone know', 'does anyone', 'about the']","['does anyone know anything about the history of this jersey? that number is....not great', 'does anyone know anything about the history of this jersey? why?', 'does anyone know anything about the history of this jersey? thank you!!']"
302,47,302_gender affirming_affirming_medical care_provide gender,"['gender affirming', 'affirming', 'medical care', 'provide gender', 'patients under', 'affirming medical', 'patients', 'longer provide', 'will no', 'for patients']","['unc will no longer provide gender affirming medical care for patients under 19 go away.', 'unc will no longer provide gender affirming medical care for patients under 19 thank you. 💜', 'unc will no longer provide gender affirming medical care for patients under 19']"
303,47,303_transloc_transit_tracking_nextbus,"['transloc', 'transit', 'tracking', 'nextbus', 'ch transit', 'real time', 'time tracking', 'hill transit', 'app', 'bus tracking']","['nextbus vs chapel hill transit vs transloc for real time tracking transit is by far the prettiest imo', 'nextbus vs chapel hill transit vs transloc for real time tracking', 'nextbus vs chapel hill transit vs transloc for real time tracking']"
304,47,304_do on_fun things_things to_tonight on,"['do on', 'fun things', 'things to', 'tonight on', 'do tonight', 'weekend nights', 'the weekends', 'on weekend', 'weekend', 'do around']","['what to do tonight/on weekend nights? my course load and the absurd number of hours i work a week to be in college full time has lead to my free time being next to non existent, but i have a friday night off for once &amp; i don’t wanna spend it doing nothing. i’m saying this to ask, what do people here do on the weekends and for nightlife? last time i tried to go to a bar/nightclub in durham, but it was lame &amp; full of cliquey dook students (which i should’ve known). i know there are things on franklin, but what’s the best or most frequented/popular? the cave? still life? i’m looking for places frequented by unc students (especially my age group, 21/junior transfer) to have fun &amp; also meet people and expand my social circle here outside of people i know from class. what’s popping? in ch, durham, raleigh even? also i know about frat parties, but i’m too grown for that lol', 'what to do tonight/on weekend nights?', 'fun things to do on the weekends']"
305,47,305_first duke_going my_game what_should know,"['first duke', 'going my', 'game what', 'should know', 'duke game', 'what should', 'duke', 'my first', 'game', 'hark the']","['going my first duke game, what should i know?', 'going my first duke game, what should i know?', 'going my first duke game, what should i know?']"
306,47,306_been suspended_suspended_suspended and_do next,"['been suspended', 'suspended', 'suspended and', 'do next', 'what to', 'and don', 'know what', 'don know', 'have been', 'next']","[""i have been suspended and i don't know what to do next."", ""i have been suspended and i don't know what to do next."", ""i have been suspended and i don't know what to do next.""]"
307,47,307_connectcarolina_connectcarolina is_like registering_registering in,"['connectcarolina', 'connectcarolina is', 'like registering', 'registering in', 'in connectcarolina', 'through connectcarolina', 'registering', 'classes through', 'it like', 'drop classes']","[""what it's like registering in connectcarolina did you talk to advising?"", ""what it's like registering in connectcarolina"", ""what it's like registering in connectcarolina""]"
308,46,308_athlete_greatest unc_all time_athlete of,"['athlete', 'greatest unc', 'all time', 'athlete of', 'student athlete', 'the greatest', 'greatest', 'who the', 'unc student', 'of all']","['who’s the greatest unc student athlete of all time? ok ok makes sense', 'who’s the greatest unc student athlete of all time?', 'who’s the greatest unc student athlete of all time?']"
309,46,309_for hopefully_lower 2nd_typical hs_senior lower,"['for hopefully', 'lower 2nd', 'typical hs', 'senior lower', 'hopefully no', 'grades', 'is freaking', 'semester grades', 'grades that', 'hs senior']","['typical hs senior w lower 2nd semester grades that is freaking out for hopefully no reason… you’re good. just don’t fail!', 'typical hs senior w lower 2nd semester grades that is freaking out for hopefully no reason…', 'typical hs senior w lower 2nd semester grades that is freaking out for hopefully no reason…']"
310,46,310_summer exchange_unc good_good option_option for,"['summer exchange', 'unc good', 'good option', 'option for', 'for summer', 'exchange', 'is unc', 'option', 'summer', 'orgs']","['is unc a good option for a summer exchange ? ![gif](giphy|tomjgpples0eni5oscc)', 'is unc a good option for a summer exchange ? thank you!! xx', 'is unc a good option for a summer exchange ? oh :(']"
311,46,311_md_bachelors_has md_md from,"['md', 'bachelors', 'has md', 'md from', 'from foreign', 'foreign country', 'no dad', 'country doesnt', 'dad has', 'have bachelors']","['yes or no? dad has md from foreign country, doesnt have bachelors', 'yes or no? dad has md from foreign country, doesnt have bachelors', 'yes or no? dad has md from foreign country, doesnt have bachelors']"
312,46,312_shelves_desks_desk_shelves in,"['shelves', 'desks', 'desk', 'shelves in', 'moving shelves', 'monitor', 'detachable desks', 'shelf', 'detachable', 'desks in']","['moving shelves in dorm i had a desk like this freshman year! in our room (and most other rooms i’m assuming), one desk was like this and the other desk was free standing and moveable without the shelf on top. i would probably just take the side with the desk not attached to the wall to avoid issues with your monitor.', 'moving shelves in dorm oh alright, for some reason the unc website says the one with the shelf independently on the wall is only 12"" above the desk &gt;single wall hung desk w/ shelf &gt;desk top dimensions: 39” x 26 ½” &gt;shelf above desk top dimensions: 12 ½” high from top of desk x 10” deep x 37” wide edit: i just remembered that i stayed in hojo during my orientation and there were desks that were freestanding but i have a feeling that it changes based on which of the four rooms you have in the suite.', 'moving shelves in dorm hey guys, i was wondering if you can move these shelves above the desk up as i wanted to fit a 17"" tall monitor under but the shelf is only 16"" above the desk top.']"
313,46,313_come again_you come_would you_come,"['come again', 'you come', 'would you', 'come', 'again', 'would', 'again good', 'university', 'feel like', 'again would']","['would you come again? underrated tbh', 'would you come again? what type of school would you’ve wanted for undergrad? just curious', 'would you come again? you can’t even do the major you want so no']"
314,46,314_like non_what life_unc like_non academic,"['like non', 'what life', 'unc like', 'non academic', 'life at', 'academic', 'life', 'non', 'academic that', 'at unc']","[""what's life at unc like? (non-academic) that’s good to hear, thank you!"", ""what's life at unc like? (non-academic) that makes sense!"", ""what's life at unc like? (non-academic)""]"
315,46,315_common data_data set_weighted_set accurate,"['common data', 'data set', 'weighted', 'set accurate', 'the common', 'unweighted', 'accurate', 'common', 'set', 'data']","['is the common data set accurate? congrats on getting in!!', 'is the common data set accurate? congrats on getting in!', 'is the common data set accurate? the gpa in the common data set is weighted']"
316,45,316_phase ticket_phase_ticket_for phase,"['phase ticket', 'phase', 'ticket', 'for phase', 'selling phase', 'ticket dm', 'my phase', 'selling', 'dm if', 'if interested']","['selling a phase 4 ticket. dm me!', 'selling phase 2 ticket, dm if interested t', 'looking to trade a phase 2 ticket for a phase 1 ticket']"
317,45,317_pharmd_pharma_pharma program_take pharma,"['pharmd', 'pharma', 'pharma program', 'take pharma', 'pharmaceutical', 'pharmacy', 'pharmaceutical sciences', 'program as', 'not major', 'as premed']","['should i take pharma.d program as premed pharmd has nothing to do with md.', 'should i take pharma.d program as premed i have early assurance program in pharmacy', 'should i take pharma.d program as premed physician']"
318,45,318_bars_best bars_bday_bday shots,"['bars', 'best bars', 'bday', 'bday shots', 'shots on', 'birthday', 'shots', '21 under', 'bars after', 'bars clubs']","['bars after grad for 21 under? rip linda’s', 'bars after grad for 21 under?', 'bday shots on franklin? which bars have (free) bday shots on franklin??']"
319,45,319_transfer admissions_admissions decisions_app question_transfer app,"['transfer admissions', 'admissions decisions', 'app question', 'transfer app', 'decisions', 'transfer', 'admissions', 'app', 'mycarolina email', 'applicant mycarolina']","['transfer admissions decisions if i remember correctly, the withdraw button disappeared for some a few weeks before decisions came out but mine never did i don’t think and i got in. it just depends on what you’re looking at my carolina on (like a computer, phone, tablet, and sometimes it look different on google compared to safari) but the check list will disappear like roughly a minute before decisions come out!', 'transfer admissions decisions decisions are out!!!', 'transfer admissions decisions i did not :(']"
320,44,320_lead_detected in_hall drinking_lead detected,"['lead', 'detected in', 'hall drinking', 'lead detected', 'detected', 'in hamilton', 'hamilton hall', 'fountains', 'drinking fountains', 'hamilton']","['lead detected in hamilton hall drinking fountains here you go-', ""lead detected in hamilton hall drinking fountains i'm in"", 'lead detected in hamilton hall drinking fountains']"
321,44,321_sororities_rush_sorority_rushing,"['sororities', 'rush', 'sorority', 'rushing', 'rushing as', 'recruitment', 'as sophomore', 'girls', 'spring recruitment', 'to rush']","['semester 2 rush advice spring 2024 rush at unc chapel hill i recently started at chapel hill and i decided i wanted to wait until semester 2 to rush. i’ve always been interested in the greek system, but i felt like i needed to focus on academics and finding a routine before jumping into the whole rush process. because rush is informal for guys here, i have trouble finding out much information about how it works, and even the girls that i’m friends with who are in a mix of “mid” and “top” tier sororities don’t seem to know much either. and because i’m a freshman most of my freshman guy friends who are currently rushing don’t know much either. so i’m just seeking some sort of guidance of how to put myself out there so i can get invited to events for 2nd semester rush.', 'spring rush spring 2024 rush at unc chapel hill i recently started at chapel hill and i decided i wanted to wait until semester 2 to rush. i’ve always been interested in the greek system, but i felt like i needed to focus on academics and finding a routine before jumping into the whole rush process. because rush is informal for guys here, i have trouble finding out much information about how it works, and even the girls that i’m friends with who are in a mix of “mid” and “top” tier sororities don’t seem to know much either. and because i’m a freshman most of my freshman guy friends who are currently rushing don’t know much either. so i’m just seeking some sort of guidance of how to put myself out there so i can get invited to events for 2nd semester rush.', 'so sororities at unc are commonly divided into three tiers. upper tier (called the “big four”) are tri delt, chi o, kd, and adpi. these are the sororities you probably need connections for, as they’re made up of mostly wealthy girls from raleigh or charlotte whose mother or older sister attended unc and was in one of the big four sororities. there’s a chance you can get in if you don’t meet these criteria, but they’re the ones that are largely the closed-off ones. the mid-tier is zeta, aphi, axo, and phi mu. zeta is usually regarded as the best of the mid tier, but aphi has been doing really well recently too. these are the sororities that the “normal” girls are in. most, but not all, girls are of middle or upper-middle class background, are usually attractive, and are just your normal, everyday girls. these are the sororities that are best for people with little or no connections. my girlfriend was in zeta and loved it, she made some amazing friends and everyone seemed super down-to-earth. same can be said about the other mid-tier srats. then you have bottom tier, which is just kkg. they’re pretty bad, and they might cease to exist in your four years here. overall, the choice is yours to make on whether you want to rush or not. if i were you i’d rush and just see what happens, if you find a sorority that you like and get in then go for it! if not, don’t stress about it. sororities are not vital to the social scene of this university in the same way as fraternities are. being in a sorority will not really affect your ability to attend fraternity parties as long as you make friends with some guys who are in fraternities. also, one last thing to note is that sororities at unc are a whole lot more chill than at other southern schools. carolina’s greek life in general is super chill compared to, say, alabama, georgia, or even ecu. while rush can be stressful, you’re not subjected to any bama-level shenanigans. good luck if you do wish to rush and i hope you have a great freshman year!']"
322,44,322_lease_the lease_leases_takeover,"['lease', 'the lease', 'leases', 'takeover', 'lease transfer', 'lease takeover', 'july', 'at union', 'subleasing at', 'union ch']","['how to sublease you’ll have to do a lease transfer because union doesn’t allow true subleasing. once the lease is transferred, the lease will be in their name for the remainder of the lease.', 'subleasing at union ch regarding the lease transfer…you’re right the new person would have the lease in their name for the remainder of the lease. if your lease is aug 23-jul 24then yeah they would have the lease for the whole year. now if you trust them to initiate a lease transfer back to you in the spring (and if they trust you to indeed still want to do a lease transfer too) then you guys could simply go through the process again for the remainder of the lease period.', 'lease takeover available at c-square - july 13th 2026 to july 12th 2027 that’s unfortunate, sorry to hear that. sounds like the leasing office shouldn’t have approved you for this lease in the first place, which is imo a pretty shitty and predatory practice by them. you shouldn’t have signed it either, and i’m guessing no one was there to tell you otherwise, so i’m sorry about that as well. gonna give some unsolicited advice for you or anyone in a similar situation: communicate with the leasing office to see if there is a way to terminate the lease early for a fee (usually 2x monthly payment). this will be steep, but if you can’t find a lease takeover before the lease begins, it’ll be better to pay 2x the rent than 12x. you could also see if there’s an option to finance this over time using monthly payments so you don’t have to pay it all at once if that isn’t possible. given a termination fee of 2x monthly payment (which is not guaranteed), it would also be cheaper to sublease for slightly less than the rent you signed to pay (maybe start advertising at $100/200 less a month, so $1200/2400 over the lease period) and covering the difference. this will give you a much better chance at finding someone to takeover your lease. also, if you haven’t done this already, post this same as on facebook, instagram, whatever to get it to as many people as possible. the number of people that can afford this place is small, and i feel like most of those people probably already have a lease, so you’ll probably need to move fast to get a lease takeover. finally, as i’m sure you now know, only sign leases you know you can for sure pay for. paying rent out of your means is one of the most common and easiest ways to make your life difficult and potentially have long term effects on your credit. i’d have a look at r/personalfinance and evaluate your financial situation to figure out what you can actually afford in the future. best of luck, seriously!']"
323,44,323_mats etc_language mats_year language_take freshman,"['mats etc', 'language mats', 'year language', 'take freshman', 'have required', 'mats', 'required courses', 'courses have', 'does unc', 'unc have']","[""does unc have required courses i have to take freshman year (i.e language, english, mats, etc)? are they absolutely required to be taken during first yr? what if you cant sign up for the classes bc they're full?"", 'does unc have required courses i have to take freshman year (i.e language, english, mats, etc)? is it bad that i didnt do mine ?', 'does unc have required courses i have to take freshman year (i.e language, english, mats, etc)? [']"
324,44,324_buildings on_the warmest_warmest buildings_warmest,"['buildings on', 'the warmest', 'warmest buildings', 'warmest', 'buildings', 'fountain', 'coldest', 'cold water', 'water', 'water fountain']","[""what are the warmest buildings on campus? title! i'm cold lol"", 'what are the warmest buildings on campus? gardner', 'what are the warmest buildings on campus?']"
325,44,325_okay what_students okay_you students_what could,"['okay what', 'students okay', 'you students', 'what could', 'could help', 'okay', 'are you', 'help are', 'students', 'help']","['are you students okay? what could help?', 'are you students okay? what could help?', 'are you students okay? what could help?']"
326,44,326_housing works_how housing_this how_works in,"['housing works', 'how housing', 'this how', 'works in', 'in unc', 'housing', 'housing crisis', 'works', 'major housing', 'crisis at']","[""is this how housing works in unc?! i don't think they care about where i'm going to live for the first three weeks."", 'is this how housing works in unc?! or a lawyer lmao', 'is this how housing works in unc?!']"
327,44,327_snow_snow day_touring campus_during snow,"['snow', 'snow day', 'touring campus', 'during snow', 'touring', 'campus during', 'roads', 'day', 'were rolling', 'rolling at']","['touring campus during a snow day yes i did! thank you for your concern', 'touring campus during a snow day can still go in tho', 'touring campus during a snow day it’s under construction']"
328,44,328_against musk_franklin against_musk trump_protest on,"['against musk', 'franklin against', 'musk trump', 'protest on', 'musk', 'trump', 'protest', 'on franklin', 'against', 'franklin']","['protest on franklin against musk/trump democracy?', 'protest on franklin against musk/trump they have been', 'protest on franklin against musk/trump source?']"
329,44,329_stipend_grad stipend_stamps on_food stamps,"['stipend', 'grad stipend', 'stamps on', 'food stamps', 'stamps', 'on grad', 'you gpsf', 'largest ever', 'ever grad', 'increase and']","['thank you gpsf! largest ever grad student stipend increase and first in many years.', 'thank you gpsf! largest ever grad student stipend increase and first in many years.', 'thank you gpsf! largest ever grad student stipend increase and first in many years.']"
330,44,330_which college_college should_unc nc_should go,"['which college', 'college should', 'unc nc', 'should go', 'nc state', 'nc', 'go to', 'state', 'college', 'which']","['which college should i go to? unc v. nc state', 'which college should i go to? unc v. nc state', 'which college should i go to? unc v. nc state']"
331,44,331_driving school_driving_police have_school recommendations,"['driving school', 'driving', 'police have', 'school recommendations', 'plates', 'police', 'to drive', 'concerns morehead', 'while town', 'ex chapel']","['why do unc police have yellow plates while town police (ex. chapel hill police) have orange plates. is there a difference between them? campus police are a different police department.', 'why do unc police have yellow plates while town police (ex. chapel hill police) have orange plates. is there a difference between them? this is correct.', 'why do unc police have yellow plates while town police (ex. chapel hill police) have orange plates. is there a difference between them?']"
332,44,332_actually study_in davis_people actually_study in,"['actually study', 'in davis', 'people actually', 'study in', 'do people', 'davis', 'how do', 'study', 'davis how', 'actually']","['how do people actually study in davis?', 'how do people actually study in davis?', 'how do people actually study in davis?']"
333,44,333_soccer_to watch_soccer fans_soccer on,"['soccer', 'to watch', 'soccer fans', 'soccer on', 'fans in', 'watch', 'football soccer', 'watch football', 'fans', 'best place']","['best place to watch football (soccer) on or near campus? ip3', 'best place to watch football (soccer) on or near campus?', 'best place to watch football (soccer) on or near campus?']"
334,44,334_tasteful roasts_roasts are_stereotypes for_the stereotypes,"['tasteful roasts', 'roasts are', 'stereotypes for', 'the stereotypes', 'roasts', 'tasteful', 'stereotypes', 'majors tasteful', 'different majors', 'are welcome']","['what are the stereotypes for different majors? tasteful roasts are welcome.', 'what are the stereotypes for different majors? tasteful roasts are welcome. 😂', 'what are the stereotypes for different majors? tasteful roasts are welcome.']"
335,43,335_get rescinded_rescinded_no you_rescinded am,"['get rescinded', 'rescinded', 'no you', 'rescinded am', 'overreacting', 'scared ll', 'am overreacting', 'not get', 'will not', 'rescinded no']","['no. you will not get rescinded.', 'no. you will not get rescinded.', 'no. you will not get rescinded.']"
336,43,336_state friend_with nc_things to_do with,"['state friend', 'with nc', 'things to', 'do with', 'nc state', 'nc', 'friend', 'things unique', 'things', 'unique to']","['things to do with a nc state friend', 'things to do with a nc state friend', 'things to do with a nc state friend']"
337,43,337_cs_about sticking_sticking with_sticking,"['cs', 'about sticking', 'sticking with', 'sticking', 'advice about', 'with cs', 'cs major', 'need advice', 'theory', 'math']","['need advice about sticking with cs major :\\ to cut to the chase, i am quickly, quickly, learning i am not as good at math as i was in high school. i am too embarrassed to even say the kind of math i\'m struggling with. i actually failed my one math class freshmen year and had to retake it. i use all my resources in order to try to perform better, but i see no progress. it is actually driving me insane how hard i work on trying to understand it and yet i still fail. now, i am considering my other options. i really want to land in the video game development field, but it is sadly looking unattainable for me (at least while i major in cs). i was wondering if anyone could give me some kind of reality check -- all my peers just tell me ""you\'ll figure it out!"" but when i\'m halfway through college i don\'t have time to figure it out. if i don\'t end up in video game development, i want to stick with something cs related, it\'s all i\'ve known for so long. what do you think my options could be as someone who has learned they aren\'t at all good at math, but would like to work in a cs-related career or something very closely related? what other majors do you think i should consider? for context, i\'m a pretty creative person -- i enjoy writing and digital art mediums although they are just hobbies that i\'ve only been practicing for a few years. i have history in web design and basic web programming. as i mentioned, i\'m bad at math. i\'m really open to any ideas right now though. plz plz plz help :)', 'something big people usually don\'t realize is computer science, is ""no more about computers than astronomy is about telescopes"", to paraphrase a common quote in the community. computer science is actually a spin off of several disciplines and, arguably, is mainly grounded in discrete mathematics. graph theory, runtime complexity, automata theory, robotics, networks, ai, and so much more are more theory and math than coding. rather, these topics are put into practice and simulated via code. i recommend you look into these to see if you\'d be interested in them. of course, the only way to avoid coding as a cs major is to go into academia or research. even then, you will have to code at times. though programming itself is not cs itself, it is a major tool (as telescopes are to astronomy). but i wanted to give this perspective for other people watching this post and to maybe give you some stuff to look into (a side of cs i feel you\'d view as brighter than the industry coding side). ironically, i was kind of in an opposite position to yours when i started cs. i liked coding, but was terrified of math and a little concerned i wouldn\'t be good at theory. but cs helped me discover that i enjoy math and theory. ---------------------- some classes of interest : - comp 210 is a lot of coding, but introduces your first bit of cs theory in the form of data structures. if nothing else, you might like that. - comp 283 or math 381 are discrete math classes. set theory, counting, and boolean algebra are very important in cs and this is where you get an introduction to these concepts. symbolic logic is also taught which is essential for mathematical proofs and, by extension, formal and rigorous cs proofs. no coding at all :) - comp 455 languages of computation introduces automata theory and the theory behind ""languages"" which are essentially mathematical representations of patterns. this area of study is extendable to the search for what a computer can and cannot feasibly do. it also lets you determine what can be called a computer (powerpoint, fun fact, is ""turing complete"", which means it can do everything a turing machine automata can do which, in theory, means that it can do anything a computer can do inside powerpoint). i took this class without doing any coding, but hear some of the newer professors make you use it to simulate the automata. - comp 550 algorithms : this class teaches a number of algorithms with a special emphasis on runtime analysis techniques (how fast, given an arbitrary input, can a particular algorithm fulfil a task?) and graph theory (really awesome subfield of discrete math which seeks to find optimized paths for different criteria between destinations). i didn\'t do any coding in this class, instead doing proofs and problem sets, but i hear that isn\'t normally how it is taught at unc. regardless, this class is about the theory (when should you use an algorithm, how will it perform? how does it work?), not actual implementation of it (the exact manner in which it is coded). also of interest if you\'re a tinkerer : comp 211 and 311 are required classes that teach you how a computer works! you do have to simulate aspects of the computer in c programming for 211, but in 311 half the class is wiring and the other half is assembly coding (which is tough, but the assignments are short to compensate). --------------- anyway! best of luck! if you do a math major, you\'ll still get an introduction to discrete math and thus the tools to look into this stuff one day if any of these topics strike your fancy. opposite, if you do cs\'s bs degree (i did a ba but took the bs classes for fun electives outside of the calc, linear algebra, and probability) you\'ll be required to take all of these classes and also take linear algebra, the calc sequence, and probability (giving you the better part of a math minor essentially to my understanding ; though if you want the minor for real, you\'d have to take math 381 instead of comp 283).', 'need advice about sticking with cs major :\\']"
338,43,338_smith center_does our_section suck_smith,"['smith center', 'does our', 'section suck', 'smith', 'student section', 'our student', 'the smith', 'why does', 'latest message', 'williams latest']","[""roy williams’ latest message to unc to keep the smith center on campus i signed it enthusiastically. unc '72"", 'roy williams’ latest message to unc to keep the smith center on campus please sign the petition! go to [', 'unc group studying smith center renovations &amp; potential new build. what would you want to see in a new/renovated stadium?']"
339,43,339_pay_payment_hold_to pay,"['pay', 'payment', 'hold', 'to pay', 'paypath', 'late pay', 'pay of', 'of bill', 'bill', 'paypath service']","['is there a way to avoid paypath service charges i was trying to pay my tuition via student center in connect carolina. paypath charges me over $100 for service fees. is there a way to avoid this?', ""is there a way to avoid paypath service charges they will not take credit cards without a fee because they are charged a percentage fee by their bank/payment processor to do so. major stores do not charge extra because this fee is already taken into account in pricing as virtually everyone pays that way, just like free shipping is taken into account when stores set prices. also, stores want to make it easy to buy things there. universities, taxes, utilities, etc. have fixed prices and semi-monopolies, so there is no need for them to eat the cost of the credit card fee. they know you have to pay either way, so there is no incentive for them to give up 2-3% to let you pay with a card. i don't know if they accept credit cards on site or not, but they certainly don't do it with no fee or everyone would be using that option. the only way to pay online for free is by providing the account number of a us bank account."", 'holds on my account (incoming freshman) i know that the dept hold- enrollment is to be ignored, but what about the other two? it says i have a future due of about $13000, do i have to pay that now in order to get rid of the cashier’s office hold? and for the fa hold, it says i don’t have enough credit hours. obviously, that’s the case because i haven’t registered for classes yet, that’s tomorrow. i don’t think the fa hold should affect my registration, but the cashier’s office hold probably will. in any case, how do i get rid of all blocking holds before registration tmrw?']"
340,43,340_mclaughlin_mclaughlin for_compton_is mclaughlin,"['mclaughlin', 'mclaughlin for', 'compton', 'is mclaughlin', '233', 'math 233', 'for math232', 'compton for', 'or compton', 'mclaughlin or']","[""mclaughlin or compton for math232 hey, sorry i'm really late! but i ended up picking mclaughlin :)"", 'how is mclaughlin for math 233? if it’s elizabeth mclaughlin dont take her', 'mclaughlin or compton for math232 can i ask why?']"
341,43,341_parents_parents at_orientation_at orientation,"['parents', 'parents at', 'orientation', 'at orientation', 'bring', 'your parents', 'parent', 'the orientation', 'you parents', 'orientation session']","[""parents at orientation my parents dropped me off for orientation but then had to leave, so i was alone during orientation. orientation was my second time at unc and in north carolina ever, not to mention not knowing any of the other students at first, but even with that, it was fine. i'm sure plenty of people also didn't have their parents there. i don't think it's super necessary."", 'parents at orientation congratulations on your admission! i want to strongly recommend that you bring your parents. to a degree, they are entrusting your life and future to unc-ch, so it will be important and even meaningful for them to attend. perhaps you can bring a family member along who can help translate. all parents are welcome, and many parents who attend orientation speak a first language other than english. many! if you want to ask people who have answers to the specific questions that you are asking, here are some emails to inquire: general e-mail: [newstudents@unc.edu](mailto:newstudents@unc.edu) questions about family programs: [families@unc.edu](mailto:families@unc.edu)', 'parents at orientation i went to orientation in 2022, as a person with parents who don’t speak english either i decided they should not come. i’m kinda glad because my mom would’ve been alone the entire time because i was with my group with other students while she was with other parents… they didn’t have to sign anything and i didn’t feel left out or anything because i never saw other students interacting with their parents really since we were almost always all together separated. although if she came you could stay in her accommodations at night, they say staying over is required for the student but no one checks or cares so if you wanna sleep in the hotel with her no one will mind or stop you']"
342,43,342_gideon_out gideon_gideon the_you queers,"['gideon', 'out gideon', 'gideon the', 'you queers', 'the ninth', 'queers checked', 'ninth', 'queers', 'to whichever', 'whichever one']","['to whichever one of you queers checked out gideon the ninth thanks!', 'to whichever one of you queers checked out gideon the ninth no', 'to whichever one of you queers checked out gideon the ninth this is the way.']"
343,43,343_sakai_on sakai_to sakai_gradebook,"['sakai', 'on sakai', 'to sakai', 'gradebook', 'sakai pages', 'emailing out', 'will professors', 'professors start', 'adding students', 'out syllabus']","['when will professors start emailing out syllabus or adding students to sakai pages? second week of class lol', 'when will professors start emailing out syllabus or adding students to sakai pages? it really depends on the professor. i registered for a chem class and the professor told us we will have access to sakai later this week. my other professors have not sent any information about their classes and i suspect that i’ll have access to those sakai pages the day before or the day of class.', 'when will professors start emailing out syllabus or adding students to sakai pages?']"
344,43,344_schedule your_concerns thoughts_user flair_user,"['schedule your', 'concerns thoughts', 'user flair', 'user', 'flair', 'automatically', 'freshman schedule', 'comment', 'please', 'schedule']","['how is my freshman schedule your comment has been automatically removed because you do not have user flair for r/unc. please [choose a user flair]( and then comment again. i am a bot, and this action was performed automatically. please [contact the moderators of this subreddit](/message/compose/?to=/r/unc) if you have any questions or concerns.', 'thoughts on freshman schedule. your comment has been automatically removed because you do not have user flair for r/unc. please [choose a user flair]( and then comment again. i am a bot, and this action was performed automatically. please [contact the moderators of this subreddit](/message/compose/?to=/r/unc) if you have any questions or concerns.', 'thoughts on freshman schedule? your comment has been automatically removed because you do not have user flair for r/unc. please [choose a user flair]( and then comment again. i am a bot, and this action was performed automatically. please [contact the moderators of this subreddit](/message/compose/?to=/r/unc) if you have any questions or concerns.']"
345,43,345_concerns your_user flair_user_flair,"['concerns your', 'user flair', 'user', 'flair', 'automatically', 'comment', 'please', 'compose to', 'message compose', 'flair for']","['your comment has been automatically removed because you do not have user flair for r/unc. please [choose a user flair]( and then comment again. i am a bot, and this action was performed automatically. please [contact the moderators of this subreddit](/message/compose/?to=/r/unc) if you have any questions or concerns.', 'your comment has been automatically removed because you do not have user flair for r/unc. please [choose a user flair]( and then comment again. i am a bot, and this action was performed automatically. please [contact the moderators of this subreddit](/message/compose/?to=/r/unc) if you have any questions or concerns.', 'your comment has been automatically removed because you do not have user flair for r/unc. please [choose a user flair]( and then comment again. i am a bot, and this action was performed automatically. please [contact the moderators of this subreddit](/message/compose/?to=/r/unc) if you have any questions or concerns.']"
346,43,346_plcy_goldsmith_policy_will goldsmith,"['plcy', 'goldsmith', 'policy', 'will goldsmith', 'plcy 101h', '101h with', 'with will', '101h', 'plcy 101', '220']","['plcy 101h with will goldsmith? so, unfortunately for me, plcy 210 with summerlin conflicts with a major class that i need to take next semester. my other options that fit the schedule are plcy 210h with fenaba addo, plcy 340 with mckay, and plcy 220 with kreitzer. which one out of the 3 would you recommend for someone who hasn’t taken a plcy class yet? edit: there’s also plcy 110 with patricia sullivan', 'plcy 101h with will goldsmith? will do, thanks', 'plcy 101h with will goldsmith? how is plcy 101h with will goldsmith? i am thinking of doing the public policy ba as a double major, so i wanted to take plcy 101 to try it out. the honors section fits my schedule much better than the normal version. how hard is it to get an a in this class? i’m also taking biol 252/l and chem 261 next semester, so i don’t want anything that is too consuming. is the honors version significantly more difficult than the normal one?']"
347,43,347_student finding_finding ways_international_afford unc,"['student finding', 'finding ways', 'international', 'afford unc', 'to afford', 'international student', 'ways to', 'afford', 'international students', 'ways']","['international student finding ways to afford unc', 'international student finding ways to afford unc', 'international student finding ways to afford unc']"
348,43,348_taylor greene_greene_majorie taylor_greene daughter,"['taylor greene', 'greene', 'majorie taylor', 'greene daughter', 'majorie', 'taylor', 'student last', 'daughter was', 'was student', 'daughter']","[""majorie taylor greene's daughter was a student last year well said!"", ""majorie taylor greene's daughter was a student last year ."", ""majorie taylor greene's daughter was a student last year""]"
349,42,349_bad prof_do about_my bad_do do,"['bad prof', 'do about', 'my bad', 'do do', 'about my', 'prof', 'what do', 'bad', 'the test', 'the practice']","['what do i do about my bad prof? 64', 'what do i do about my bad prof? r/doubt', 'what do i do about my bad prof? k, is that you?']"
350,42,350_lights_string_string lights_violation,"['lights', 'string', 'string lights', 'violation', 'violation string', 'housing violation', 'tape', 'led lights', 'led', 'inspections']","['is tape used to put up led lights okay for room inspections?', 'is tape used to put up led lights okay for room inspections? ra here, led lights aren’t allowed at all. just the string/fairy lights.', 'housing violation string lights my roommates and i got a housing violation for having string lights, but i did my own research and nowhere in the housing website it says we can’t have them not in the housing contract. i am aware we can’t have led strip lights but it doesn’t say anything about string lights/ fairy lights. is there something i can do about this?']"
351,42,351_alcohol_violation_alcohol violation_alcohol housing,"['alcohol', 'violation', 'alcohol violation', 'alcohol housing', 'violation meeting', 'housing violation', 'meeting', 'meeting don', 'violation you', 'an alcohol']","['alcohol violation meeting if you search the sub for “alcohol violation” you’ll see that the general consensus is that it’s a non-issue, they make you do some kind of module i think. just be sneakier next time lol', 'alcohol violation meeting don’t speak to them without a lawyer.', 'alcohol housing violation west for me']"
352,42,352_sleep from_no sleep_court noise_frat court,"['sleep from', 'no sleep', 'court noise', 'frat court', 'again no', 'from frat', 'noise', 'sleep', 'court', 'frat']","['again, no sleep from frat court noise', 'again, no sleep from frat court noise', 'again, no sleep from frat court noise']"
353,42,353_russian_german_language at_polish,"['russian', 'german', 'language at', 'polish', 'best language', 'language', 'the russian', 'flagship program', 'the rfp', 'rfp']","['french vs german vs russian? romance (be it love or language) at unc is no joke.', 'best language at unc i really want to study polish, german or russian as my language. i love polish the most even though it’s less useful than german or russian — i also heard a lot of great things about the last two departments. any insight on the polish classes? or more opinions on german or russian to help me decide?', 'french vs german vs russian? i don’t know what year you’re in but the russian department has the russian flagship program to check out']"
354,42,354_them platform_sexism headed_homophobia sexism_headed your,"['them platform', 'sexism headed', 'homophobia sexism', 'headed your', 'sexism', 'way don', 'homophobia', 'headed', 'give them', 'platform']","[""homophobia, sexism headed your way: don't give them a platform"", ""homophobia, sexism headed your way: don't give them a platform"", ""homophobia, sexism headed your way: don't give them a platform""]"
355,42,355_hear back_from job_job application_how long,"['hear back', 'from job', 'job application', 'how long', 'back from', 'long to', 'application to', 'to hear', 'hear', 'interview']","['how long to hear back from job application to the university?', 'how long to hear back from job application to the university?', 'how long to hear back from job application to the university?']"
356,42,356_concerns your_user flair_user_flair,"['concerns your', 'user flair', 'user', 'flair', 'automatically', 'comment', 'please', 'message compose', 'flair for', 'automatically removed']","['your comment has been automatically removed because you do not have user flair for r/unc. please [choose a user flair]( and then comment again. i am a bot, and this action was performed automatically. please [contact the moderators of this subreddit](/message/compose/?to=/r/unc) if you have any questions or concerns.', 'your comment has been automatically removed because you do not have user flair for r/unc. please [choose a user flair]( and then comment again. i am a bot, and this action was performed automatically. please [contact the moderators of this subreddit](/message/compose/?to=/r/unc) if you have any questions or concerns.', 'your comment has been automatically removed because you do not have user flair for r/unc. please [choose a user flair]( and then comment again. i am a bot, and this action was performed automatically. please [contact the moderators of this subreddit](/message/compose/?to=/r/unc) if you have any questions or concerns.']"
357,42,357_bed_bigga bed_bigga_carolina bigga,"['bed', 'bigga bed', 'bigga', 'carolina bigga', 'loft', 'dorm bed', 'lofted', 'loft or', 'not loft', 'headboard']","['how to install headboard on unc dorm bed? for anyone who has put a headboard on a unc dorm bed i would love your feedback. if you had a headboard with poles how did you install it? if you made a custom headboard and/or footboard how did you do it? i don’t want the foot part of the bed showing so would like to put a footboard on it to cover or boost the bed in height so that is not visible. on traditional unc dorm bed(one on website).', 'carolina bigga bed?? imo it’s not worth it', 'loft or not loft? i lofted my bed in my dorm sophomore year. there are benefits and downsides benefits: lots more space. i put my coffee table and tv under it and we put a couch under my roommate’s lofted bed. we had a ton of extra space to put seating and other stuff. downsides: it was very annoying having to climb up there every night to go to bed. it’s even worse mustering the willpower to climb down from there for your 8am. the lofts are also lowkey kinda sketchy and it would shake and what not any time i moved around too much. making up your bed is an absolute chore too. basically, it’s a trade off and i couldn’t tell you which way is preferred. went unlofted my freshman year and we had much less space but hopping into bed was so much easier. it’s just personal preference tbh']"
358,41,358_public policy_policy major_as public_easy is,"['public policy', 'policy major', 'as public', 'easy is', 'how easy', 'get as', 'policy', 'public', 'it to', 'easy']","['how easy is it to get a 4.0 as a public policy major? oh ok', 'how easy is it to get a 4.0 as a public policy major? post is about a public policy major', 'how easy is it to get a 4.0 as a public policy major? but like 3.9']"
359,41,359_northeastern_unc northeastern_northeastern business_business,"['northeastern', 'unc northeastern', 'northeastern business', 'business', 'finance', 'management corporate', 'business thank', 'wealth management', 'ib', 'goals wealth']","['unc v northeastern business thank you so much! i totally agree', 'unc v northeastern business i went to northeastern undergrad and am now at unc for grad school. i loved northeastern, and i thought the co-op program really helped me start my career/get into grad school. however, it is wicked expensive, and you\'re right that it can be hard to graduate in 4 years. i was able to, but i came in with 30+ transfer/ap credits and only did two co-ops. i also didn\'t mind the lack of ""college experience"" because i wasn\'t really into sports. i thought the clubs at northeastern were really active and created a sense of community, but idk how things changed post-covid. i was not really involved with the business school so i can\'t speak to the prestige/career outcomes, but i don\'t think you need to apply to d\'amore mckim in the same way that you need to apply to kenan flagler at unc, so that may be a point in its favor. while northeastern\'s co-ops are useful and would help you start your career, they are mostly focused in boston. it is possible to do co-ops outside of boston, but there is limited housing assistance, and you will have to work harder to get the actual job. northeastern has connections and direct application pipelines with many companies and businesses in boston, but the connections get more tenuous the further you get from boston. if you want to work in north carolina it probably makes more sense to go to unc. also, the cost of living in boston vs chapel hill is a major factor. i lived in an 800 sqft apartment right next to campus with two other people and the rent was $3,100 (about $1k per person). food is expensive in boston (even groceries), and its not feasible to have a car in boston (northeastern has like 600 parking spaces total).', 'unc v northeastern business thank you!']"
360,41,360_concerns econ_econ_user flair_user,"['concerns econ', 'econ', 'user flair', 'user', 'flair', 'automatically', 'comment', 'please', 'automatically removed', 'then comment']","['econ 101 summer session your comment has been automatically removed because you do not have user flair for r/unc. please [choose a user flair]( and then comment again. i am a bot, and this action was performed automatically. please [contact the moderators of this subreddit](/message/compose/?to=/r/unc) if you have any questions or concerns.', 'econ 101 over the summer your comment has been automatically removed because you do not have user flair for r/unc. please [choose a user flair]( and then comment again. i am a bot, and this action was performed automatically. please [contact the moderators of this subreddit](/message/compose/?to=/r/unc) if you have any questions or concerns.', 'econ 101 question your comment has been automatically removed because you do not have user flair for r/unc. please [choose a user flair]( and then comment again. i am a bot, and this action was performed automatically. please [contact the moderators of this subreddit](/message/compose/?to=/r/unc) if you have any questions or concerns.']"
361,41,361_concerns your_user flair_user_flair,"['concerns your', 'user flair', 'user', 'flair', 'automatically', 'comment', 'please', 'subreddit message', 'moderators of', 'then comment']","['your comment has been automatically removed because you do not have user flair for r/unc. please [choose a user flair]( and then comment again. i am a bot, and this action was performed automatically. please [contact the moderators of this subreddit](/message/compose/?to=/r/unc) if you have any questions or concerns.', 'your comment has been automatically removed because you do not have user flair for r/unc. please [choose a user flair]( and then comment again. i am a bot, and this action was performed automatically. please [contact the moderators of this subreddit](/message/compose/?to=/r/unc) if you have any questions or concerns.', 'your comment has been automatically removed because you do not have user flair for r/unc. please [choose a user flair]( and then comment again. i am a bot, and this action was performed automatically. please [contact the moderators of this subreddit](/message/compose/?to=/r/unc) if you have any questions or concerns.']"
362,41,362_med tips_tips specific_specific to_big tips,"['med tips', 'tips specific', 'specific to', 'big tips', 'tips', 'pre med', 'any big', 'premeds', 'for premeds', 'med']","[""pre-med tips specific to unc you won't have all the pre reqs completed by the end of sophomore year."", 'pre-med tips specific to unc real', 'pre-med tips specific to unc are you okay 😭']"
363,41,363_code_giveaway nintendo_download code_sports download,"['code', 'giveaway nintendo', 'download code', 'sports download', 'switch sports', 'nintendo switch', 'nintendo', 'giveaway', 'favorite', 'wii']","['[giveaway] nintendo switch sports download code', '[giveaway] nintendo switch sports download code', '[giveaway] nintendo switch sports download code']"
364,41,364_course evaluations_evaluations_reviews_course,"['course evaluations', 'evaluations', 'reviews', 'course', 'professor', 'evaluations the', 'constructive', 'my professor', 'rate my', 'reviews for']","['course evaluations this is so real', ""course evaluations i'm pretty sure just about every university does not release the course evaluations until after final grades are due."", 'course evaluations i did all of my course evaluations last night and i wrote a quite detailed explanation of how rude and shitty my professor has been to the entire class this semester. i’m scared of them seeing it before finals. when do the course evaluations get released to professors?']"
365,41,365_hill teaches_think chapel_teaches the_live here,"['hill teaches', 'think chapel', 'teaches the', 'live here', 'who live', 'teaches', 'the people', 'what do', 'people who', 'you think']","['what do you think chapel hill teaches the people who live here? had to search up was silent sam was😭', 'what do you think chapel hill teaches the people who live here? nice bait.', 'what do you think chapel hill teaches the people who live here? to me, that is just how it is in the south for the most part.']"
366,41,366_civic_civic life_of civic_leaders blindsided,"['civic', 'civic life', 'of civic', 'leaders blindsided', 'by trustees', 'trustees decision', 'flabbergasted unc', 'blindsided by', 'unc leaders', 'flabbergasted']","[""‘i’m flabbergasted’: unc leaders blindsided by trustees' decision on school of civic life and leadership"", ""‘i’m flabbergasted’: unc leaders blindsided by trustees' decision on school of civic life and leadership"", ""‘i’m flabbergasted’: unc leaders blindsided by trustees' decision on school of civic life and leadership""]"
367,41,367_tournament_seed_the tournament_highest seed,"['tournament', 'seed', 'the tournament', 'highest seed', 'seed we', 'making march', 'miami loss', 'we could', 'loss what', 'acc']","['given the miami loss, what are our chances of making march madness 1) win the acc tournament (automatic bid) 2) win the rest of the regular season games and win a game in the acc tournament 3) lose one of the remaining games and make a run in the acc tournament losing two of the remaining games probably eliminates unc from the ncaa tournament, unless they win the acc tournament.', 'given the miami loss, what are our chances of making march madness', 'given the miami loss, what are our chances of making march madness']"
368,41,368_today classes_59pm today_condition 11_classes canceled,"['today classes', '59pm today', 'condition 11', 'classes canceled', '59pm', '11 59pm', 'in condition', 'canceled', 'condition', 'unc in']","['unc in condition 2; 3-11:59pm today. classes canceled. honestly the flag pisses me off more than it probably should.', 'unc in condition 2; 3-11:59pm today. classes canceled. there are no universities left in gaza', 'unc in condition 2; 3-11:59pm today. classes canceled. i’m not in gaza and i got shit to do']"
369,40,369_app_app that_for mobile_unc campus,"['app', 'app that', 'for mobile', 'unc campus', 'mobile', 'mobile app', 'some ideas', 'campus community', 'an app', 'are wearing']","['what are some ideas for a mobile app that would be useful to the unc campus/community? thanks!', 'i made an app where you can see what the people on unc campus are wearing today, and view the top 10 outfits of the day on campus; what do you think about the concept? thank you!', 'i made an app where you can see what the people on unc campus are wearing today, and view the top 10 outfits of the day on campus; what do you think about the concept? i think the logo is cool']"
370,40,370_swarthmore_vs swarthmore_unc vs_vs,"['swarthmore', 'vs swarthmore', 'unc vs', 'vs', 'swarthmore is', 'at swarthmore', 'small', 'small school', 'swarth', 'pre med']","[""unc vs swarthmore oh i'm talking about unc, not swarthmore. i'm sure at swarthmore those things are way more accessible because of the smaller class size and probably area too"", 'unc vs swarthmore nobody knows what swarthmore is. google it', 'unc vs swarthmore go for it']"
371,40,371_how bad_bad is_on transcript_transcript,"['how bad', 'bad is', 'on transcript', 'transcript', 'affect gpa', 'wc', 'ws', 'wc affect', 'does wc', 'bad']","[""does a w (wc) affect gpa? if i drop a class now, it seems like i will have a wc listed on my transcript. does this affect gpa in any way or just denote that you dropped the class after a certain period? the registrar website isn't very clear on this."", ""how bad is a w? i had a couple of ws going into grad school (bad bronchitis and classical chinese turned out to be a terrible combination, though i sat on the back of the room and coughed for weeks before i gave in). it was a non-issue. i got in everywhere i applied, except i was wait listed at berkeley. btw, a number of my students were planning to take ochem through a community college, and it sounds like that might be one of the saner options. (i'm sure they offer genchem as well, but ochem is what we were talking about.)"", 'how bad is a w? not as bad as a d.']"
372,40,372_failed mat_mat 231_231 with_in yet,"['failed mat', 'mat 231', '231 with', 'in yet', 'with grade', 'mat', 'grade is', '231', 'failed', 'not in']","['failed mat 231 with a d+ (grade is not in yet) okay thank you.', 'failed mat 231 with a d+ (grade is not in yet)', 'failed mat 231 with a d+ (grade is not in yet)']"
373,40,373_into professional_cstep_cstep students_less likely,"['into professional', 'cstep', 'cstep students', 'less likely', 'professional schools', 'are less', 'likely to', 'students are', 'professional', 'get into']","['cstep students are less likely to get into professional schools i got into the kfbs!!!', 'cstep students are less likely to get into professional schools', 'cstep students are less likely to get into professional schools']"
374,40,374_concerns your_user flair_user_flair,"['concerns your', 'user flair', 'user', 'flair', 'automatically', 'comment', 'please', 'compose to', 'subreddit message', 'automatically removed']","['your comment has been automatically removed because you do not have user flair for r/unc. please [choose a user flair]( and then comment again. i am a bot, and this action was performed automatically. please [contact the moderators of this subreddit](/message/compose/?to=/r/unc) if you have any questions or concerns.', 'your comment has been automatically removed because you do not have user flair for r/unc. please [choose a user flair]( and then comment again. i am a bot, and this action was performed automatically. please [contact the moderators of this subreddit](/message/compose/?to=/r/unc) if you have any questions or concerns.', 'your comment has been automatically removed because you do not have user flair for r/unc. please [choose a user flair]( and then comment again. i am a bot, and this action was performed automatically. please [contact the moderators of this subreddit](/message/compose/?to=/r/unc) if you have any questions or concerns.']"
375,40,375_concerns your_user flair_user_flair,"['concerns your', 'user flair', 'user', 'flair', 'automatically', 'comment', 'please', 'then comment', 'subreddit message', 'automatically removed']","['your comment has been automatically removed because you do not have user flair for r/unc. please [choose a user flair]( and then comment again. i am a bot, and this action was performed automatically. please [contact the moderators of this subreddit](/message/compose/?to=/r/unc) if you have any questions or concerns.', 'your comment has been automatically removed because you do not have user flair for r/unc. please [choose a user flair]( and then comment again. i am a bot, and this action was performed automatically. please [contact the moderators of this subreddit](/message/compose/?to=/r/unc) if you have any questions or concerns.', 'your comment has been automatically removed because you do not have user flair for r/unc. please [choose a user flair]( and then comment again. i am a bot, and this action was performed automatically. please [contact the moderators of this subreddit](/message/compose/?to=/r/unc) if you have any questions or concerns.']"
376,40,376_scan_into basketball_one card_basketball,"['scan', 'into basketball', 'one card', 'basketball', 'they scan', 'card', 'card at', 'basketball game', 'at basketball', 'scan one']","['do they scan one card at basketball game this year pretty sure they just look', 'do they scan one card at basketball game this year ty', 'do they scan one card at basketball game this year got it thank you']"
377,40,377_alum upperclassmen_sophomore again_upperclassmen if_were sophomore,"['alum upperclassmen', 'sophomore again', 'upperclassmen if', 'were sophomore', 'do differently', 'again what', 'upperclassmen', 'differently', 'what would', 'you were']","['alum + upperclassmen: if you were a sophomore again, what would you do differently? not live in a triple 😔', 'alum + upperclassmen: if you were a sophomore again, what would you do differently? got it, thanks for the advice.', 'alum + upperclassmen: if you were a sophomore again, what would you do differently? lol']"
378,39,378_most money_choosing major_major to_choosing,"['most money', 'choosing major', 'major to', 'choosing', 'make the', 'money', 'the most', 'money choosing', 'to make', 'major']","['choosing a major to make the most money', 'choosing a major to make the most money', 'choosing a major to make the most money']"
379,39,379_psyc_230_242_psyc 242,"['psyc', '230', '242', 'psyc 242', '230 vs', 'psyc 230', 'vs psyc', 'nsci', '222', 'psyc 245']","['psyc 230 vs psyc 242? i\'ve taken both and i would say that 230 is less of a work load! i had 230 with chanon and it went well! the class has easy hw assignments every little bit and they didn\'t take long. i will say it\'s a lot of memorization so you need to prepare for exams. but if you went to class and understood your notes, you did well. 242 is clinical psyc so it had more work. i had it with griffin and i liked the class but beware the class had 3 or 4 papers where you get a ""client"" and write an assessment (whether diagnosis, treatment, etc.). we had a good amount to write them (2 weeks) but they required a but of work to get a good grade. overall, i would pick 230 bc it\'s less work day to day, you only need to study for exams. hope this helps!', 'psyc 230 vs psyc 242? yeah, i’ve heard good things about her classes. thanks again!', 'psyc 230 vs psyc 242? thank you so much! you have helped me a lot. are you taking 230 with chanon?']"
380,39,380_condition extending_extending through_through tomorrow_of condition,"['condition extending', 'extending through', 'through tomorrow', 'of condition', 'extending', 'condition', 'tomorrow', 'chances of', 'chances', 'through']","['chances of condition 2 extending through tomorrow? low, imo', 'chances of condition 2 extending through tomorrow? high', 'chances of condition 2 extending through tomorrow? well']"
381,39,381_anyone afford_afford to_afford_how does,"['anyone afford', 'afford to', 'afford', 'how does', 'to live', 'in chapel', 'live in', 'live', 'does anyone', 'hill how']","['how does anyone afford to live in chapel hill?', 'how does anyone afford to live in chapel hill?', 'how does anyone afford to live in chapel hill?']"
382,39,382_reassignment_room reassignment_reassigned_room,"['reassignment', 'room reassignment', 'reassigned', 'room', 'request', 'reassignment request', 'chances that', 'chances', 'the reassignment', 'dorm']","['what are the chances that i get my room reassignment?', 'what are the chances that i get my room reassignment?', 'what are the chances that i get my room reassignment?']"
383,39,383_uf_best sell_unc uf_leaning uf,"['uf', 'best sell', 'unc uf', 'leaning uf', 'uf make', 'sell possible', 'justify unc', 'to justify', 'justify', 'leaning']","[""i’m leaning uf. make the best sell possible to justify unc &gt; uf. go where it's free"", 'i’m leaning uf. make the best sell possible to justify unc &gt; uf. i’m in state for uf.', 'i’m leaning uf. make the best sell possible to justify unc &gt; uf.']"
384,39,384_the flex_flex parking_employees mad_parking option,"['the flex', 'flex parking', 'employees mad', 'parking option', 'other employees', 'the loss', 'mad about', 'loss of', 'flex', 'loss']","[""any other employees mad about the loss of the flex parking option? mad about the loss of flex and mad about having to pay to park here in general. it's so much money."", 'any other employees mad about the loss of the flex parking option? where did you find this information?', 'any other employees mad about the loss of the flex parking option? yep.']"
385,39,385_python_java_java or_or python,"['python', 'java', 'java or', 'or python', '110 taught', 'in java', 'is comp', 'taught in', '120', 'taught']","['is comp 110 taught in java or python? python', 'is comp 110 taught in java or python?', 'is comp 110 taught in java or python? \\^\\^\\^\\^']"
386,39,386_dogs_hugs_puppy_dog,"['dogs', 'hugs', 'puppy', 'dog', 'happee', 'pups', 'petting', '4pm today', 'therapy dogs', 'davis until']","[""we're so sorry about what you had to go through today! we as a country should do better by you - y'all deserve safety and stability. so we're bringing you 7 dogs and countless hugs tomorrow! will post more details later but wanted you to know that we love you. ❤️🤗🐶❤️ \\pupdated"", ""we're so sorry about what you had to go through today! we as a country should do better by you - y'all deserve safety and stability. so we're bringing you 7 dogs and countless hugs tomorrow! will post more details later but wanted you to know that we love you. ❤️🤗🐶❤️ please keep me updated!"", ""we're so sorry about what you had to go through today! we as a country should do better by you - y'all deserve safety and stability. so we're bringing you 7 dogs and countless hugs tomorrow! will post more details later but wanted you to know that we love you. ❤️🤗🐶❤️""]"
387,39,387_concerns your_user flair_user_flair,"['concerns your', 'user flair', 'user', 'flair', 'automatically', 'comment', 'please', 'then comment', 'flair for', 'automatically removed']","['your comment has been automatically removed because you do not have user flair for r/unc. please [choose a user flair]( and then comment again. i am a bot, and this action was performed automatically. please [contact the moderators of this subreddit](/message/compose/?to=/r/unc) if you have any questions or concerns.', 'your comment has been automatically removed because you do not have user flair for r/unc. please [choose a user flair]( and then comment again. i am a bot, and this action was performed automatically. please [contact the moderators of this subreddit](/message/compose/?to=/r/unc) if you have any questions or concerns.', 'your comment has been automatically removed because you do not have user flair for r/unc. please [choose a user flair]( and then comment again. i am a bot, and this action was performed automatically. please [contact the moderators of this subreddit](/message/compose/?to=/r/unc) if you have any questions or concerns.']"
388,39,388_golf_bar golf_bar_senior bar,"['golf', 'bar golf', 'bar', 'senior bar', 'senior', 'golf this', 'golf club', 'for bar', 'bargolf', 'club golf']","['senior bar golf hey everyone! does anyone have any information whatsoever about senior bar golf this year?', 'senior bar golf? does anyone know when senior bar golf will be this year, or have any information about it?', 'senior bar golf thank you so much!!!']"
389,39,389_visible_which phone_phone card_card should,"['visible', 'which phone', 'phone card', 'card should', 'phone', 'verizon', 'should get', 'mobile', 'card', 'sim']","[""anyone using the visible mobile network oncampus and chapel hill in general? you can find the deprioritization info online if you search for qci levels on reddit. visible and us mobile are the only two that have (some) data at verizon-postpaid-equivalent prioritization on the verizon network. so those are the two you need to compare. t-mobile has no mnvos that are equivalent to postpaid iirc. i can't remember if att does, never used their network but they say on here that prioritization isn't a big issue on that. i think you have to have visible+ to get prioritized data as well as the faster 5g. t-mobile in general seems to have more 5g coverage around here than verizon. verizon has been deploying those uwb streetlight cells but i haven't been able to connect to that for some reason and the coverage is too small to be relevant for much."", 'which phone card should i get thank you!', 'which phone card should i get thanks for the advice!']"
390,39,390_mexicans_mexicans at_my mexicans_where are,"['mexicans', 'mexicans at', 'my mexicans', 'where are', 'are all', 'all my', 'mexican', 'at where', 'authentic', 'where']","['where are all my mexicans at?', 'where are all my mexicans at?', 'where are all my mexicans at?']"
391,39,391_mph_mph unc_online mph_mph vs,"['mph', 'mph unc', 'online mph', 'mph vs', 'vs in', 'unc mph', 'the mph', 'environment climate', 'in person', 'health concentration']","['online mph vs in-person if you’re looking to get an mph in nutrition (specifically the rd track), your only choice would be residential as they phased out the mph@unc rd program last year.', 'mph @unc, worth the cost ?', 'mph @unc, worth the cost ?']"
392,39,392_single_singles_single rooms_single dorm,"['single', 'singles', 'single rooms', 'single dorm', 'get single', 'rooms work', 'do single', 'getting singles', 'single for', 'dorm fall']","['switching from a double to a single dorm(fall semester)', ""how do single rooms work? hey y'all! i'm a current freshmen who just submitted their housing application for next year (😵\u200d💫). i would loveee a single, especially since i went to a 4 year boarding school before unc. i've never had a room to myself. when applying for housing i ranked all singles first and then doubles. the thing is, i'm applying with a roommate so that i don't get screwed over by applying for singles, not getting one, and then getting a random roommate. can someone explain how getting a single works? am i supposed to just not apply with a roommate and what would happen to my roommate if i got a single (like would they get a random replacement)? thanks!!"", ""anxiety &amp; sensory issues valid medical reasons for a single room? hello! i’m an incoming freshman this year, and i’d really appreciate some advice regarding my housing application. because of my diagnosed ‘social phobia’, general anxiety disorder, as well as high results on autism screenings (im currently awaiting an officially diagnosis), i feel like i need a single room. i struggle with sensory-issues, especially noise, which, would likely be made worse by me sharing a small space with someone else. further, the social aspect of college on its own would likely already be overwhelming for me, and having to be around a roommate 24/7 on top of that would likely be detrimental to my mental health. however, based on what i've heard and read online, it seems that my chances of getting one are low without a ‘valid medical reason’. my therapists office said they’ve helped other people with similar conditions secure single rooms, but they also mentioned that colleges have become stricter about housing accommodations in recent years. do you think it's worth trying for one, given my situation? if so, should i register with ars and fill out the accommodation form for housing before i submit my housing application? or should i do it after? thanks for your response!""]"
393,38,393_offing at_the offing_offing_what in,"['offing at', 'the offing', 'offing', 'what in', 'at carolina', 'carolina', 'freeze', 'funding', 'hiring freeze', 'hiring']","[""what's in the offing at carolina? unc-c is not in a hiring freeze"", ""what's in the offing at carolina? that's sick!"", ""what's in the offing at carolina?""]"
394,38,394_the hiring_hiring process_hiring_comprehend the,"['the hiring', 'hiring process', 'hiring', 'comprehend the', 'to comprehend', 'process at', 'comprehend', 'process', 'interview', 'position']","['trying to comprehend the hiring process at unc so glad to hear this - hope you get good news soon!', 'trying to comprehend the hiring process at unc hi everyone. i recently applied for and interviewed for a position at unc that i feel like i would be an amazing fit for and would be a great opportunity, but am just a bit stressed about the hiring process and was wondering if anyone with knowledge of or experience with the process had any insights or advice. i originally applied for the position on february 19. the position closed a few days later on february 24, and then a couple days after that i received an email to schedule an interview. the email also said that the second/final interview would be held on the campus in early april, like the 3rd and 4th. i had my first interview on march 13 and i felt it was a slam dunk. the panel i talked to were incredibly welcoming and informative and i feel like we had great chemistry. lots of good vibes all around, and at the end of the interview they said that after they finished up interviewing everyone at the end of the week they would get back to me on next steps the following week. about a week later on the 20th i emailed my point of contact expressing how much i enjoyed speaking to her and the panel and re-iterated my interest in the position and excitement of being part of the team. she replied promptly and said that things were a bit busy due to the department preparing for summer but she hoped to get back to me soon. a little bit later, at the end of march and at the start of the week the second interviews were to be held i sent another email as a follow-up, just wanting to know about plans for the second interviews. my contact responded again, saying that the process is just taking a lot longer than they expected but she appreciated my patience and enthusiasm through the whole process. it\'s been 3 weeks since then. i don\'t know if i should reach back out again; i totally get how slow the hiring process in these kinds of institutions can be and the hiring manager is probably waiting for hr to greenlight things and is stuck waiting like me. i\'ve been telling myself that they wouldn\'t be keeping me in the loop and responding to me so promptly if they didn\'t want to have me back for the second round of interviews, but as time passes it just gets more and more anxiety-inducing. my status in the job portal still says ""selected for interview"" so it\'s not like they silently passed me on, but i don\'t really know.', 'trying to comprehend the hiring process at unc did you get an offer?']"
395,38,395_schedule your_user flair_user_flair,"['schedule your', 'user flair', 'user', 'flair', 'automatically', 'comment', 'schedule', 'please', 'concerns schedule', 'automatically removed']","['advice on schedule? your comment has been automatically removed because you do not have user flair for r/unc. please [choose a user flair]( and then comment again. i am a bot, and this action was performed automatically. please [contact the moderators of this subreddit](/message/compose/?to=/r/unc) if you have any questions or concerns.', 'rate my schedule your comment has been automatically removed because you do not have user flair for r/unc. please [choose a user flair]( and then comment again. i am a bot, and this action was performed automatically. please [contact the moderators of this subreddit](/message/compose/?to=/r/unc) if you have any questions or concerns.', 'first year schedule your comment has been automatically removed because you do not have user flair for r/unc. please [choose a user flair]( and then comment again. i am a bot, and this action was performed automatically. please [contact the moderators of this subreddit](/message/compose/?to=/r/unc) if you have any questions or concerns.']"
396,38,396_safe_safe at_feel safe_you feel,"['safe', 'safe at', 'feel safe', 'you feel', 'feel', 'unsafe', 'franklin', 'do you', 'place safe', 'very safe']","['do you feel safe at unc?', 'do you feel safe at unc?', 'do you feel safe at unc?']"
397,38,397_gay_gay culture_what gay_culture like,"['gay', 'gay culture', 'what gay', 'culture like', 'like at', 'at chapel', 'culture', 'queer', 'chapel', 'chapel what']","[""what's gay culture like at chapel? hella gay here"", ""what's gay culture like at chapel? what"", ""what's gay culture like at chapel? ☝🏼""]"
398,38,398_aid your_user flair_user_flair,"['aid your', 'user flair', 'user', 'flair', 'automatically', 'scholarships your', 'comment', 'concerns financial', 'please', 'financial aid']","['unc financial aid your comment has been automatically removed because you do not have user flair for r/unc. please [choose a user flair]( and then comment again. i am a bot, and this action was performed automatically. please [contact the moderators of this subreddit](/message/compose/?to=/r/unc) if you have any questions or concerns.', 'scholarships your comment has been automatically removed because you do not have user flair for r/unc. please [choose a user flair]( and then comment again. i am a bot, and this action was performed automatically. please [contact the moderators of this subreddit](/message/compose/?to=/r/unc) if you have any questions or concerns.', 'financial aid your comment has been automatically removed because you do not have user flair for r/unc. please [choose a user flair]( and then comment again. i am a bot, and this action was performed automatically. please [contact the moderators of this subreddit](/message/compose/?to=/r/unc) if you have any questions or concerns.']"
399,38,399_better menu_menu website_created better_menu,"['better menu', 'menu website', 'created better', 'menu', 'website for', 'created', 'website', 'unc website', 'website name', 'better']","['i created a better menu website for unc... what’s the stack if you don’t mind me asking.', 'i created a better menu website for unc... nice build', 'i created a better menu website for unc...']"
400,38,400_eaten at_ever eaten_and worst_eaten,"['eaten at', 'ever eaten', 'and worst', 'eaten', 'worst thing', 'best and', 'thing you', 'dining halls', 've ever', 'the dining']","['best and worst thing you’ve ever eaten at the dining halls', 'best and worst thing you’ve ever eaten at the dining halls', 'best and worst thing you’ve ever eaten at the dining halls']"
401,38,401_2024 transfer_appeal my_to appeal_decision for,"['2024 transfer', 'appeal my', 'to appeal', 'decision for', 'should try', 'my decision', 'fall 2024', 'appeal', 'for fall', '2024']","['should i try to appeal my decision for fall 2024 transfer?', 'should i try to appeal my decision for fall 2024 transfer?', 'should i try to appeal my decision for fall 2024 transfer?']"
402,38,402_eye contact_the horizon_horizon_feet vs,"['eye contact', 'the horizon', 'horizon', 'feet vs', 'vs feet', 'contact vs', 'feet', 'vs the', 'eye', 'ticket prices']","[""eye contact vs. feet vs. the horizon what's your personal strategy?"", 'eye contact vs. feet vs. the horizon', 'eye contact vs. feet vs. the horizon me too. i still do it!']"
403,37,403_name will_professor see_which name_full volume,"['name will', 'professor see', 'which name', 'full volume', 'name', 'class talking', 'volume why', 'talking at', 'who sit', 'at full']","['people who sit in the front of class talking at full volume - why? is this the first time that person has done it, or is this a recurring thing? if it’s recurring, the next time they do it, grab them after class and tell them it’s distracting you. if they’re a dick about, that’s their problem, not yours. if it keeps happening, email your professor about it. honestly they often get so caught up in lecturing that they can tune out distractions like that so he/she might not even notice that it’s an issue. it’s really shitty that it continues to be a problem in college, it’s extremely immature. i had a psych class once and had to sit in the back of the lecture hall because i was coming straight from another class across campus. i usually sat behind some players from the men’s lacrosse team who spent the whole time talking about the girls they had banged that weekend. ten years later i can tell you way more about their sexual exploits than psychology.', ""are you working with the ars (accessibility resources &amp; services) office? if not, you should be. it's absolutely the case that students, even those with learning disabilities and adhd, should be welcome in class and accommodated to what degree the instructor and school is able. that said, there are other students in the class with you, and they are entitled to a proper learning environment as well. off-topic questions (even with raising your hand first) derail lectures, arriving late to class and loudly moving about the classroom can be distracting to students, speaking for other students when the professor asked that student can be interrupting a learning exercise and really deflate the other student, etc. the behaviour you've talked about here and how you've talked about it paint a picture of a very self-absorbed student who doesn't respect the other students in the classroom, let alone the instructor. it's possible that this behaviour is due to some underlying disability or diagnosis, but in that case 1) you need to be working with the ars, and 2) it doesn't mean you have free rein to harm the learning environment of your peers. you must strive to be respectful of the professor and your fellow learners. as someone else said, if you do mean to 'fight' this, you'll be best off deleting this post. but what i would recommend instead is: 1. contact caps, ask for counseling to help you navigate your feelings about this situation with the professor so that you can voice them in a place that is safe and appropriate. 2. contact the ars and the ombuds office to discuss what is happening so that they are aware and can help guide you on how to best conduct yourself. 3. strongly consider not 'fighting' these 'allegations,' but reflecting on them and anything caps, ars, and ombuds say in order to instead simply accept the situation as it is, apologize, and do better moving forward. certainly no promises could be made, but i wouldn't be surprised if with the help of the three entities mentioned and the appropriate degree of reflection, contrition, and improvement, you can have them strike the violation from your record."", 'people who sit in the front of class talking at full volume - why?']"
404,37,404_what your_your order_eat on_favorite place,"['what your', 'your order', 'eat on', 'favorite place', 'your favorite', 'to eat', 'favorite', 'eat', 'campus and', 'and what']","['what’s your favorite place to eat on campus? and what’s your order?', 'what’s your favorite place to eat on campus? and what’s your order?', 'what’s your favorite place to eat on campus? and what’s your order?']"
405,37,405_wish me_me luck_letter_ea,"['wish me', 'me luck', 'letter', 'ea', 'applied ea', 'wish', 'luck', 'the letter', 'that letter', 'our letter']","['wish me luck :) i got that letter last year and got rejected.', 'wish me luck :) lmao i got this letter when i applied ea', 'wish me luck :) lol i applied ea and i never got that letter best of luck!']"
406,37,406_gesture_hand gesture_ram hand_unc ram,"['gesture', 'hand gesture', 'ram hand', 'unc ram', 'ram', 'hand', 'horns', 'free throw', 'before free', 'clap']","['unc ram hand gesture? i’ve never seen that before in my life', ""unc ram hand gesture? it's a rams head"", 'unc ram hand gesture? this is the right answer']"
407,37,407_placement_110 placement_110_placement exam,"['placement', '110 placement', '110', 'placement exam', 'comp 110', 'test', 'exam', 'pseudo', 'the placement', 'comp']","['anyone got practice test/past material for comp 110 that i can test on before taking the placement test? thank you prof! i’ll take your advice and just take it.', 'anyone got practice test/past material for comp 110 that i can test on before taking the placement test? sorry i meant only know javascript as in i don’t know typescript. i can’t code typescript but can code like the general ones java js html css python c++. i meant like for the placement test to get placement credit for comp 110 would i need to be able to write the pseudo- typescript language since thats what they’re teaching in the class? like i found this “final test” and it seems pretty easy and didn’t need any actual code writing just being able to understand it. is this test going to be similar to what the placement test is going to be like.', 'comp sci 110 placement exam what’s up everyone, i’m an incoming freshman who plans on majoring in cs. i took the ap comp sci exam this past year, and i believe i did well, but honestly i’m not 100% confident that i got a 5—very confident that i got a 4 or above, but not sure if i got a 5. and you need a 5 at carolina to get the 110 credit. i’ve got course registration coming up, and there are all too many variables right now, especially because i’m also considering a major in business and want to get some of those pre-requisites out of the way early (like business 100). all this leads up to me now deciding that i want to take the placement exam, and i want to take it soon, so that my score can be registered into the connectcarolina account, and given i pass the exam, i can be allowed by the system to take comp 210 my first semester. all of this to say, have any of y’all taken the cs placement exam? i have read that it is based in some weird pseudo-code. is this a case where i should practice coding and comprehending the pseudo-code, or is it relatively similar to a python/java? how difficult would you guys say it is, and how much do i need to prepare? is it relatively similar to the ap cs exam, or is it different? also, if anybody knows the score/percentage i need to pass the exam, that would be great! thanks so much in advance for any responses!']"
408,37,408_free tuition_tuition_25 school_for 24,"['free tuition', 'tuition', '25 school', 'for 24', '24 25', 'tuition program', 'announces free', 'hill announces', 'tuition for', 'announces']","[""free tuition for 24-25 school year that's great!"", 'unc-chapel hill announces free tuition program for some in-state students', 'unc-chapel hill announces free tuition program for some in-state students']"
409,37,409_whelp looks_whelp_new football_football coach,"['whelp looks', 'whelp', 'new football', 'football coach', 'have new', 'like we', 'coach', 'looks like', 'football', 'we have']","['whelp looks like we have a new football coach… ⬆️💯', 'whelp looks like we have a new football coach…', 'whelp looks like we have a new football coach… ⬆️💯']"
410,37,410_cough_you cough_please cover_mouth when,"['cough', 'you cough', 'please cover', 'mouth when', 'mouth', 'your mouth', 'cover your', 'masks', 'mask', 'sniffles']","['please cover your mouth when you cough and/or sneeze it seems like every day on campus, in my residence hall, and in proximity of others i encounter at least a few people every day who are visibly sick with a bad cough, sneezing, and not covering their mouth. if you are indoors especially and in close proximity of other people please cover your mouth when you cough or sneeze. please do not spread it around making other people sick when you can be considerate by simply covering your mouth when you cough and/or sneeze.', 'please cover your mouth when you cough and/or sneeze bonus!', 'please cover your mouth when you cough and/or sneeze ok?']"
411,37,411_news_the news_unc in_nbc sports,"['news', 'the news', 'unc in', 'nbc sports', 'nbc', 'news yeah', 'premier league', 'the premier', 'sports the', 'premier']","['unc in the news is it just me, or is anyone else weirded out by how often we end up in the national news? examples : - silent sam - covid send home fiasco in fall 2020 - current supreme court case - unc covid treatment etc.', 'unc in the news yeah but when i was in undergrad at a different unc system school, there definitely was not this kind of news coverage. there was some about random stuff we were doing but as almost nothing that actually mattered. being at unc has been a wild experience', 'unc in the news it’s worth considering that as unc students we are going to look for and remember unc news more than news about some other university.']"
412,37,412_atleast all_or atleast_as as_as biology,"['atleast all', 'or atleast', 'as as', 'as biology', 'atleast', 'get or', 'all as', 'biology major', 'biology', 'major at']","['how hard to get a 4.0 or atleast all as as a biology major at unc', 'how hard to get a 4.0 or atleast all as as a biology major at unc', 'how hard to get a 4.0 (or atleast all as) as biology major at unc?']"
413,37,413_clothes_clothes should_of clothes_for chapel,"['clothes', 'clothes should', 'of clothes', 'for chapel', 'take for', 'what kind', 'should take', 'jacket', 'winter', 'kind of']","['what kind of clothes should i take for chapel hill? winters are not that cold here. summer is hot and humid.', 'what kind of clothes should i take for chapel hill? …….then change it to celsius?', 'what kind of clothes should i take for chapel hill? lol!!!!']"
414,36,414_feel naive_naive_stand the_can stand,"['feel naive', 'naive', 'stand the', 'can stand', 'of but', 'the idea', 'but feel', 'idea of', 'stand', 'idea']","[""i can't stand the idea of a 9-5 but i feel naive i never thought i’d be able to do it but it’s really not that bad"", ""i can't stand the idea of a 9-5 but i feel naive"", ""i can't stand the idea of a 9-5 but i feel naive thank you""]"
415,36,415_rundown buildings_hardin dr_buildings in_rundown,"['rundown buildings', 'hardin dr', 'buildings in', 'rundown', 'in hardin', 'buildings', 'hardin', 'dr', 'village', 'and ram']","['rundown buildings in hardin dr wow what a time!', 'rundown buildings in hardin dr what year?', 'rundown buildings in hardin dr odum village']"
416,36,416_tunnels_the tunnels_pics from_tunnel,"['tunnels', 'the tunnels', 'pics from', 'tunnel', 'pics', 'ehringhaus tunnel', 'ehringhaus', 'tunnels on', 'tunnel lore', 'lore other']","['ehringhaus tunnel lore? other tunnels on campus? the tunnels between the athletic complexes', 'ehringhaus tunnel lore? other tunnels on campus?', 'ehringhaus tunnel lore? other tunnels on campus?']"
417,36,417_beam_sew_strap_my dress,"['beam', 'sew', 'strap', 'my dress', 'sewn back', 'be sewn', 'strap on', 'tore strap', 'sewn', 'tore']","['i tore a strap on my dress and it needs to be sewn back opposite mcdonalds on franklin.', 'i tore a strap on my dress and it needs to be sewn back ty &lt;3', 'i tore a strap on my dress and it needs to be sewn back what’s the name of the place?']"
418,36,418_bojangles_bojangles already_is bojangles_failing on,"['bojangles', 'bojangles already', 'is bojangles', 'failing on', 'already failing', 'failing', 'already', 'campus bojangles', 'on campus', 'biscuits']","['is bojangles already failing on campus???', 'is bojangles already failing on campus???', 'is bojangles already failing on campus???']"
419,36,419_art_art studio_supplies_scavenger hunt,"['art', 'art studio', 'supplies', 'scavenger hunt', 'scavenger', 'art scavenger', 'artist', 'art supplies', 'an artist', 'studio']","['clay/sculpting supplies in makerspaces or art studio? i think kenan science library has some and so does carmichael makerspace.', ""clay/sculpting supplies in makerspaces or art studio? thank you! i'll check those places"", ""clay/sculpting supplies in makerspaces or art studio? what it says on title - i'm wondering if anyone knows if one of the makerspaces or the art studio at morrison has clay (any type? polymer? crafty clay? i just have an urge to play around with it)?""]"
420,35,420_umd_ucla_ride umd_pleasee,"['umd', 'ucla', 'ride umd', 'pleasee', 'help pleasee', 'umd decision', 'vs full', 'decision help', 'ucla vs', 'vs ucla']","['unc vs. ucla vs. full-ride umd - decision help pleasee why?', 'unc vs. ucla vs. full-ride umd - decision help pleasee', 'unc vs. ucla vs. full-ride umd - decision help pleasee']"
421,35,421_belichick_head coach_official belichick_named tar,"['belichick', 'head coach', 'official belichick', 'named tar', 'belichick named', 'heel head', 'coach', 'bill belichick', 'head', 'named']","['official: belichick named tar heel head coach', 'official: belichick named tar heel head coach', 'official: belichick named tar heel head coach']"
422,35,422_deflation_grade deflation_grade_stem,"['deflation', 'grade deflation', 'grade', 'stem', 'averages', 'averages deflation', 'gpa averages', 'grades', 'deflation as', 'stem gpa']","['grade deflation i don’t think unc has grade deflation just like i don’t think any school has grade inflation', 'grade deflation huge grade deflation in the sciences', 'grade deflation i’d say i’m the one responsible for my own grade deflation :(']"
423,35,423_algebraic geometry_algebraic_hermeneutics_geometry,"['algebraic geometry', 'algebraic', 'hermeneutics', 'geometry', 'for algebra', 'geometry and', 'algebra algebraic', 'and hermeneutics', 'or chapel', 'ncsu or']","[""should i go to ncsu or chapel hill for algebra/ algebraic geometry and hermeneutics. i didn't say that there was such a difference."", 'should i go to ncsu or chapel hill for algebra/ algebraic geometry and hermeneutics. entitled much?', 'should i go to ncsu or chapel hill for algebra/ algebraic geometry and hermeneutics. can you elaborate, pls?']"
424,35,424_international_state international_international students_international student,"['international', 'state international', 'international students', 'international student', 'students how', 'incoming international', 'how you', 'you got', 'help mee', 'mee']","['out of state/international students how you got in?', 'out of state/international students how you got in?', 'out of state/international students how you got in?']"
425,35,425_indian_native peers_finding native_students joining,"['indian', 'native peers', 'finding native', 'students joining', 'of finding', 'indian students', 'scared of', 'native', 'peers', 'any indian']","[""any indian students joining as a freshman this fall? is there like a gc to find roomates hey! i've messaged u"", 'any indian students joining as a freshman this fall? is there like a gc to find roomates yessir. indian in the flesh', 'any indian students joining as a freshman this fall? is there like a gc to find roomates i’m an indian and we can connect!']"
426,35,426_film developed_get film_film_developed,"['film developed', 'get film', 'film', 'developed', 'cameras', 'developed on', 'camera', 'where to', 'borrow', 'extra cameras']","['where to get film developed? southeastern camera (:', 'where to get film developed on campus? where to get film developed on campus? incoming freshmen who won’t have a car, anyone have any recommendations on where to get film developed on campus/within reasonable distance?', 'where to get film developed on campus?']"
427,35,427_know decisions_late this_are late_mean got,"['know decisions', 'late this', 'are late', 'mean got', 'decisions are', 'in or', 'but does', 'or no', 'this mean', 'year but']","['i know decisions are late this year, but does this mean i got in or no?', 'i know decisions are late this year, but does this mean i got in or no?', 'i know decisions are late this year, but does this mean i got in or no?']"
428,35,428_physician at_nc need_incoming physician_hill nc,"['physician at', 'nc need', 'incoming physician', 'hill nc', 'with housing', 'physician', 'need help', 'at chapel', 'help with', 'incoming']","['incoming physician at chapel hill, nc - need help with housing', 'incoming physician at chapel hill, nc - need help with housing', 'incoming physician at chapel hill, nc - need help with housing']"
429,35,429_thing they_dislike_can everyone_and thing,"['thing they', 'dislike', 'can everyone', 'and thing', 'everyone write', 'they dislike', 'write thing', 'dislike about', 'they like', 'like and']","['can everyone write 1 thing they like and 1 thing they dislike about unc? 💕💕💕', 'can everyone write 1 thing they like and 1 thing they dislike about unc?', 'can everyone write 1 thing they like and 1 thing they dislike about unc?']"
430,35,430_day logistics_in day_expect on_on move,"['day logistics', 'in day', 'expect on', 'on move', 'logistics', 'move in', 'to expect', 'move', 'expect', 'what to']","['what to expect on move-in day (logistics)', 'what to expect on move-in day (logistics)', 'what to expect on move-in day (logistics)']"
431,35,431_anthropology_medical anthropology_anthropology major_anth,"['anthropology', 'medical anthropology', 'anthropology major', 'anth', 'major minor', 'medical', 'minor', 'med anth', 'cls', 'anthro']","['medical anthropology major/minor? anth 270 and 318!', ""medical anthropology major/minor? for anyone in the medical anthropology major or minor, how has your experience been? are the classes interesting and what's the difficulty level/amount of work? currently a pre-med bio major but considering changing to medical anthropology or adding the minor. thanks!"", 'medical anthropology major/minor? how has the workload been compared to pre-nursing?']"
432,35,432_body pillows_anime body_pillows_pillows is,"['body pillows', 'anime body', 'pillows', 'pillows is', 'unc accepting', 'of anime', 'anime', 'accepting of', 'accepting', 'body']","['is unc accepting of anime body pillows?', 'is unc accepting of anime body pillows?', 'is unc accepting of anime body pillows?']"
433,34,433_student dining_dining board_alpine_board,"['student dining', 'dining board', 'alpine', 'board', 'board did', 'closure', 'formally approve', 'approve alpine', 'closure new', 'info reveals']","[""student dining board did not formally approve alpine bagel's closure, new info reveals your mom"", ""student dining board did not formally approve alpine bagel's closure, new info reveals"", ""student dining board did not formally approve alpine bagel's closure, new info reveals""]"
434,34,434_dook_vs dook_tickets_cheapest,"['dook', 'vs dook', 'tickets', 'cheapest', 'cheapest dook', 'tickets realistically', 'dook vs', 'dook tickets', 'basketball tickets', 'the cheapest']","['how much are the cheapest dook vs. unc basketball tickets realistically? good opinion to add! i guess the experience is different for everyone.', 'how much are the cheapest dook vs. unc basketball tickets realistically? your comment has been automatically removed because you do not have user flair for r/unc. please [choose a user flair]( and then comment again. i am a bot, and this action was performed automatically. please [contact the moderators of this subreddit](/message/compose/?to=/r/unc) if you have any questions or concerns.', 'how much are the cheapest dook vs. unc basketball tickets realistically?']"
435,34,435_id_student id_my id_id perks,"['id', 'student id', 'my id', 'id perks', 'best student', 'id two', 'perks', 'my 21st', '21st birthday', 'lose student']","['what are the best student id perks? at lenoir?', 'lost my id, two weeks after my 21st birthday because i had a picture of the id i can order a duplicate online', 'lost my id, two weeks after my 21st birthday you may be able to use a passport lol']"
436,34,436_art_studio art_studio_new media,"['art', 'studio art', 'studio', 'new media', 'media', 'mejo', 'comm', 'art majors', 'media track', 'majors how']","['studio art majors - how was your experience? i just received my acceptance letter and i’m stuck between staying with the major i applied to (studio art) or switching it to journalism. how would you rate the studio art major and would i be able to get any jobs from it? i mainly do digital art so i feel like my major might have not been the best choice, but if journalism has a higher chance of benefiting me i would for sure switch to that.', 'studio art majors - how was your experience? i’m a current studio art/business double major and you should be okay. if you are considering journalism, classes for the mejo school are not far from the art center so you shouldn’t have a problem getting between classes.', 'studio art majors - how was your experience? it’s so easy to switch majors so don’t stress about that. from what i’ve seen the studio art classes are pretty varied depending on who the instructor is. i had a friend who was into digital and she said she was kinda disappointed with the offerings at unc but maybe that has changed in the last couple of years. it also seems pretty common for studio art majors to double major, so i’d consider that. you’ll have enough time on your hands that it will be easily achievable. some of my friends coupled studio art with a more “employable” major but honestly i wouldn’t really worry about that at this point.']"
437,34,437_poker_poker groups_unc poker_groups,"['poker', 'poker groups', 'unc poker', 'groups', 'pokerbots', 'student poker', 'esports', 'prizes', 'is collaborating', 'prizes sign']","[""spartan clash featuring fortnite — uncg is collaborating with epic games to host a free esports tournament that is open to all nc high school &amp; college students. we'll be giving away up to $3,000 in prizes! sign up by october 16th at 11:59pm. your comment has been automatically removed because you do not have user flair for r/unc. please [choose a user flair]( and then comment again. i am a bot, and this action was performed automatically. please [contact the moderators of this subreddit](/message/compose/?to=/r/unc) if you have any questions or concerns."", ""spartan clash featuring fortnite — uncg is collaborating with epic games to host a free esports tournament that is open to all nc high school &amp; college students. we'll be giving away up to $3,000 in prizes! sign up by october 16th at 11:59pm."", ""spartan clash featuring fortnite — uncg is collaborating with epic games to host a free esports tournament that is open to all nc high school &amp; college students. we'll be giving away up to $3,000 in prizes! sign up by october 16th at 11:59pm.""]"
438,34,438_be alone_go when_where do_you go,"['be alone', 'go when', 'where do', 'you go', 'alone', 'when you', 'you need', 'do you', 'need to', 'where']","['where do you go when you need to be alone? good call', 'where do you go when you need to be alone?', 'where do you go when you need to be alone?']"
439,34,439_move in_move_appointment_in appointment,"['move in', 'move', 'appointment', 'in appointment', 'change move', 'in question', 'slot', 'slots', 'how rigid', 'rigid are']","[""too late to change move in appointment? changed my move in date yesterday! it's open and super easy to do :)"", 'too late to change move in appointment?', 'move in question can you move in earlier than your appointment time on the same move-in day? currently i’m scheduled to move in at 5 pm because it was the only slot, will they allow me to move in around 3pm as it would work better for me and my family?']"
440,34,440_jeff_jeff jackson_jackson_congress,"['jeff', 'jeff jackson', 'jackson', 'congress', 'rep jeff', 'speaker', 'rep', 'mccarthy', 'elected', 'night we']","['last night we had an emergency zoom call with most of congress about stopping a bank run. - rep. jeff jackson', 'last night we had an emergency zoom call with most of congress about stopping a bank run. - rep. jeff jackson', 'last night we had an emergency zoom call with most of congress about stopping a bank run. - rep. jeff jackson']"
441,34,441_ale_ale agents_agents_st ale,"['ale', 'ale agents', 'agents', 'st ale', 'franklin st', 'st', 'franklin', 'police', 'agents this', 'cop']","['franklin st ale agents are you a cop', 'franklin st ale agents what happened on franklin street with the unc student and the ale agents?', 'franklin st ale agents this isn’t true.']"
442,34,442_cooking_cooking in_the dorms_dorms,"['cooking', 'cooking in', 'the dorms', 'dorms', 'kitchen', 'cook', 'kitchens', 'pans', 'and pans', 'pots and']","['cooking in the dorms hi! does anyone have tips &amp; tricks they can share to someone who doesn’t have a meal plan and will likely be cooking in the dorms/ dorm kitchens in the upcoming semester(s)? anything is appreciated :) edit: i did not expect such good advice so thank you everyone!!! i feel more confident now about cooking in the dorms lol', 'cooking in the dorms i lived in the dorms without a meal plan for 2 yrs. several of my friends did too. my main tip is to keep all your cooking supplies and spices in a crate or rolling rack bc carrying stuff from my room to the kitchen esp when i forgot stuff was the bane of my existence. i def cooked multiple meals at once and put them in my fridge to reheat for the next few days. my biggest tips is to getting a baking sheet bc it’s so easy to cook stuff in the oven while you’re cooking on the stove top. and get an air fryer. is the air fryer allowed? technically yes bc it’s not on the banned lists items from housing but i would hide it during room checks just in case which only happens 1x a yr and they tell you beforehand when it’s happening. oh also get your own pots and pans bc the ones at the front desk are old and you have no idea whose used them before and for what. there’s also only a limited amount and what’s offered at each desk varies per dorm', 'incoming international student 1a) residence halls are fine. they\'re old by america\'s standards (newest built in 2002, most built in and around 1960\'s) but are maintained moderately well. you will likely have to share a room and will definitely have to share a bathroom unless you are a graduate student. see [housing.unc.edu]( for specific info.1b) on-campus residents can choose to buy swipe plans of 100, 120, 140, 160, 180, or 200, or unlimited. if you live in a dorm, you will not have a kitchen in your dorm (although a public kitchen is technically available), so a meal plan will likely be necessary. however, unless you intend to go to the dining halls for breakfast every single day, you really won\'t need more than 120 or 140 swipes per semester (i\'m on the 100 plan myself, but go out to eat decently often). more info can be found at [dining.unc.edu]( 2a) every university has its own rules with sports, but here\'s how it works at unc. all non-football and men\'s basketball games are free and first-come-first-served for unc students. you pay a fee in your student fees that pays for admission. this includes baseball, women\'s basketball, soccer, softball, lacrosse, swim, dive, tennis, wrestling, fencing, and a few others including early season men\'s basketball games. for football and the rest of the men\'s basketball games, there is a student lottery where after entering the lottery (for free) you may or may not get a ticket to the game. if you don\'t get a ticket you can still get in the ""standby line"", which most of the time still gets you in but usually with worse seats. if you have specific questions let me know, i go to like 45+ sporting events per semester so know a lot lol.2b) college merch, to a lot of people, is a moderately big deal. for an overwhelming majority of people here, your wardrobe gets more and more carolina blue as your time here goes on. i own quite a bit of unc merch. however, it\'s not like it\'s required, and people really won\'t look at you funny if you don\'t buy/wear unc stuff as long as you\'re not wearing another school\'s merch instead, y\'know? 3) idk which semester you\'d be here, but in the fall, it\'s like this: august, september: very hot and humid, highs usually from 80-95 f, with occasional days of heavy rain. october: best month of weather in the fall, highs usually in 70s and low 80s, air begins to dry up. november and december: still not bad, highs in the 40s and 50s with occasional warmer days. in the spring, january into mid february is cold, and dry (we\'re in a pretty notable cold spell right now, the high hasn\'t been above 35 in like 2 weeks), but still pretty sunny. march and april are amazing with sunny weather, the return of the leaves around campus, and highs in the 70s and 80s. may is like august, hot and humid as hell. i hope this analysis isn\'t too complicated, feel free to just search for chapel hill on a weather site for forecasts to see kinda what\'s up. let me know if there\'s anything else you\'re wondering!']"
443,34,443_smoking_smoking spot_spot around_smoke,"['smoking', 'smoking spot', 'spot around', 'smoke', 'around campus', 'spot', 'smoke shops', 'around', 'shops', 'ash']","['smoking spot around campus? hello officer', 'smoking spot around campus? this is the right answer', 'smoking spot around campus? off campus 🤔']"
444,34,444_even apply_should even_apply here_my masters,"['even apply', 'should even', 'apply here', 'my masters', 'here for', 'masters', 'for my', 'apply', 'masters you', 'even']","['should i even apply here for my masters? for sure, anytime!', 'should i even apply here for my masters? do it', 'should i even apply here for my masters?']"
445,34,445_yan_dr yan_true faculty_faculty victim,"['yan', 'dr yan', 'true faculty', 'faculty victim', 'victim out', 'zijie', 'victim', 'of dr', 'zijie yan', 'this true']","['is this true? faculty victim out', 'is this true? faculty victim out', 'is this true? faculty victim out']"
446,34,446_mcro_mcro 251_251_422,"['mcro', 'mcro 251', '251', '422', 'biol 422', 'vs mcro', '422 vs', 'taking mcro', 'microbiology', '251 and']","['is it worth taking mcro 251 at unc? thank you so much!', ""biol 422 vs mcro 251 regardless of the instructor/s, mcro 251 would be the better choice here. it is a more fundamental micro class and with more medical focus. if you have taken 252, think about mcro 251 as the microbiology counterpart of 252. 422 is more focused and in more depth. it's a class that will suit better to students who want to go to grad school in microbiology."", ""mcro 251 and chem 261 wow that does seem like a lot! do you know anything about the bio 422/l microbiology course and the level of difficulty compared to mcro 251? technically i could take that instead of mcro 251 and an extra 400 level bio, so i'm thinking that may be better.""]"
447,34,447_mit_michigan_mit is_to michigan,"['mit', 'michigan', 'mit is', 'to michigan', 'to mit', 'weather', 'difference', 'mit the', 'michigan or', 'engineering']","['if weather is important to you then you should definitely go to unc. i transferred to unc from umich pretty much solely because of the weather. i know the person who responded to you in another comment made it seem not that bad - you need to take that with a grain of salt because they are from michigan. they are used to the midwestern winters. as someone who isn’t from michigan or nc, michigan weather is horrible. you are in school from september - april. ann arbor is overcast, grey, and below freezing from november until mid-march. you’ll go about a week at a time without seeing the sun. chapel hill gets cold sometimes, but most days are blue skies and you see the sun a good amount even during the winter. don’t get me wrong - umich is a fun school and there’s a lot of cool stuff to do. if not for the weather, i think i would’ve had a much better experience there. but if good weather is at all important to you, be aware you won’t even want to go outside for a good chunk of the school year if you‘re in michigan. good luck deciding, you have two fantastic options before you!', 'def pick unc, solely out of it being cheaper. (i feel like it’s unjustifiable to spend over 320k + interest on a degree that isn’t professional, but if your family will pay for it, then just pick what you personally prefer.) i chose cornell over unc my senior year and i regret it bc i had to withdraw from cornell due to financial reasons (they negated my scholarships via taking loans and aid away), meanwhile unc gave me a near full ride &amp; i would’ve been set there (im transferring for the fall tho :d). when it comes to programs and prestige, unc still has a very solid and well-known reputation for many things, like cs, public health, business, etc. you wouldn’t be missing out on much there honestly, and you can always go to mit for grad school! edit: people say mit’s prestige is invaluable but remember there’s people who don’t even have degrees that work at google, apple, etc. unless you have a very specific firm or career trajectory in mind (like engineering, since unc doesn’t have any solid programs for that, but again you said you were flexible) that needs mit or ivy prestige…then i wouldn’t spend all that money or put your parents through that. unc offers some 5-yr masters programs as well (specifically in areas u mentioned) that can speed up your time in school and reduce overall tuition costs if your parents aren’t helping you out, as well as other opportunities down the line. both are great options, but if you aren’t 100% stem focused and you want flexibility, unc seems to be a better option for you either way. congratulations on your acceptances though ❤️ you should be incredibly proud of yourself', 'if it were me i would probably go with mit. while mit is obviously supposed to be quite challenging, the people from my high school that have gone there actually seem to do pretty well in terms of well-being/balance and seems to have a pretty strong community. i don\'t know how real it is, but they do at least project a very different imagine than the stuffy ivy league vibe in their admissions process and the student blogs on their site. if you\'re considering any kind of engineering, definitely mit that\'s not a question. obviously for real engineering we don\'t even have that, but even for cs, let\'s not pretend that a unc degree is comparable to an mit one. but honestly for all the fields they have (hard and some social sciences afaik), not many names would stand out more than theirs. the unc department might be quite good too in some of those fields. even for say linguistics, mit is a leader in that field where the minimalist program started. unc has some awesome professors, but doesn\'t even have a phd-granting program and is certainly not the birthplace of a major school of thought. that is only part of the equation of course! you have to look at what you want and where you think you will be happy. but if we are just talking about the education and the reputation of the school, i just don\'t think unc is going to compete. sure, unc is very competitive for out of state, but no one outside of nc is going to think its mit/ivy level material. i\'m assuming in saying this that it is possible to pay for at least some of it without debt, which in theory should be the case since they meet all ""demonstrated"" need although i know that is not always a perfect calculation. my parents also had enough to not qualify for aid even at the expensive schools, so we had similar discussion. for something like uiuc where i did get in for cs, that would have been a much harder decision to pay 4x even if it i had slightly preferred it. i certainly didn\'t get into mit, but that was the only one i applied to where we wouldn\'t have seriously considered the price if i\'d gotten in. there\'s only a few universities of that level around the world.']"
448,34,448_hpm_to hpm_hpm questions_the hpm,"['hpm', 'to hpm', 'hpm questions', 'the hpm', 'hpm admissions', 'hpm hpm', 'hpm what', 'amp suggestions', 'tips amp', 'interview stage']","['i was able to progress to the interview stage of the hpm admissions process. does anyone know what types of questions they will ask? also, any general advice for my interview? any help would be greatly appreciated!', 'i was able to progress to the interview stage of the hpm admissions process. does anyone know what types of questions they will ask? also, any general advice for my interview? any help would be greatly appreciated!', 'hpm questions i recently committed to unc 🥳(literally yesterday) and i plan to major in health policy and management. as i was doing some research i saw that i would be applying to my major in my sophomore year. the only thing is that i’m coming to carolina is about 60 credits bc i’ll be getting my associates degree in the spring. since i’ll be a junior by credits, will i be able to apply for admission to hpm in between my first and second semester my first year? i was also wondering how competitive the hpm program is in general. i saw that it was a 45 person cohort. will having so many outside credits put me at a disadvantage bc i wasn’t able to show “interest” in public health at carolina? also what happens if you aren’t admitted to your major? can you apply again later?']"
449,34,449_drop_session ii_when dropping_ii,"['drop', 'session ii', 'when dropping', 'ii', 'issues when', 'dropping', 'summer session', 'summer', 'session', 'registrar']","['issues when dropping the summer session ii it said ""you cannot drop this class. dropping this class would put you below the minimum required units"" i dont know what it means, but i only took english in this session', 'drop summer class i have been trying to drop my summer class for over a week. i called the registrar and they told me to request a term cancellation. i did that last wednesday. however, the course is still showing on my connect carolina. every time, i try to drop the course it says, "" you cannot drop this class. dropping this class would put you below the minimum required units. "" i called and emailed today, and no one answered. literally do not know what else to do. someone, please help because i refuse to pay for something when i did everything in my power to drop the course in time. &amp;#x200b; tl;dr: need help dropping my summer course. dropping it through connectcarolina is not working.', ""issues when dropping the summer session ii i am an incoming international undergraduate student. i enrolled in summer session ii, engl 105 yesterday, taking two classes, and haven't finished the payment. i encountered serious network issues and unstable connections that ruined my class. however i found i could not drop it, and it alerts me that i'm below my minimum requirement. i just called the registrar and the volunteer told me it is okay to drop. how can i drop my class before the deadline at 5 p.m.？thank you guys so much in advance""]"
450,34,450_organic chemistry_tutor_organic_chemistry,"['organic chemistry', 'tutor', 'organic', 'chemistry', 'tutoring', 'chemistry tutoring', 'tutoring available', 'every tutor', 'tutor knows', 'chemistry and']","['ochem online tutoring overwhelmed by organic chemistry? assignments and tests creeping up on you and feeling like you’re in hot water? or maybe you’re doing well and need that 95%? whatever your struggle with organic chemistry may be, i’m here to make sure you succeed. why work with me? - every tutor knows the subject, but not every tutor knows how to transfer that knowledge to a student. i do. - i tutor organic chemistry full time, it’s not a hobby or side-gig. when you book with me, you’ll be working only with me, not random people at an agency. - you’ll be learning problem solving through organic chemistry, which you can apply to many other subjects. - your learning will be customized to your specific needs before booking a lesson, let’s chat about your needs, my teaching style, and what you can expect, to see if we’d be a good fit together. thank you for your time and i look forward to working with you! mike', 'organic chemistry online tutoring overwhelmed by organic chemistry? assignments and tests creeping up on you and feeling like you’re in hot water? or maybe you’re doing well and need that 95%? whatever your struggle with organic chemistry may be, i’m here to make sure you succeed. why work with me? - every tutor knows the subject, but not every tutor knows how to transfer that knowledge to a student. i do. - i tutor organic chemistry full time, it’s not a hobby or side-gig. when you book with me, you’ll be working only with me, not random people at an agency. - you’ll be learning problem solving through organic chemistry, which you can apply to many other subjects. - your learning will be customized to your specific needs before booking a lesson, let’s chat about your needs, my teaching style, and what you can expect, to see if we’d be a good fit together. thank you for your time and i look forward to working with you! mike', 'organic chemistry online tutoring overwhelmed by organic chemistry? assignments and tests creeping up on you and feeling like you’re in hot water? or maybe you’re doing well and need that 95%? whatever your struggle with organic chemistry may be, i’m here to make sure you succeed. why work with me? - every tutor knows the subject, but not every tutor knows how to transfer that knowledge to a student. i do. - i tutor organic chemistry full time, it’s not a hobby or side-gig. when you book with me, you’ll be working only with me, not random people at an agency. - you’ll be learning problem solving through organic chemistry, which you can apply to many other subjects. - your learning will be customized to your specific needs before booking a lesson, let’s chat about your needs, my teaching style, and what you can expect, to see if we’d be a good fit together. thank you for your time and i look forward to working with you! mike']"
451,33,451_iu_kelley_iu kelley_kelley vs,"['iu', 'kelley', 'iu kelley', 'kelley vs', 'iu and', 'between iu', 'vs unc', 'deciding between', 'for business', 'and unc']","['iu kelley vs unc??? i loved unc.', 'deciding between iu and unc for business major', 'iu kelley vs unc??? hi everyone, i’m trying to make a tough college decision and could use some advice. i’m choosing between indiana university and unc-chapel hill. at iu, i was directly admitted into the kelley school of business, with honors and into their selective ace program. at unc, i applied as an economics major. i don’t have assured admission into kenan-flagler business school (kfbs) — i’d have to apply later — but i do have assured enrollment into information science. assume cost is not a factor (even though i’m in-state for iu and out-of-state for unc). i’m trying to decide based on academics, opportunities, and outcomes, not price, yet with aid and scholarships, unc is cheaper. here’s how i’m thinking about it: iu kelley gives me a guaranteed spot in one of the top business schools, honors-level classes, extra support through ace, and a direct pipeline to internships and jobs. unc is a more prestigious overall university and has a strong national brand, but getting into kenan-flagler is competitive, and there’s no guarantee i’d get in. however, infosci is a solid backup major with good career potential too. i guess it comes down to: • do i want certainty and structure at kelley now? • or prestige and flexibility at unc, but with some risk attached? i’m pretty interested in business (consulting/analytics/marketing areas), and i want a strong network and good internships. but i also care about having an inspiring environment and room to explore. would love any thoughts — especially if you’ve attended either school or faced a similar choice! thanks!']"
452,33,452_megathread your_tickets megathread_unc dook_dook tickets,"['megathread your', 'tickets megathread', 'unc dook', 'dook tickets', 'dook', 'concerns unc', 'megathread', 'tickets', 'user flair', 'user']","['🐏‼️unc/dook tickets megathread‼️🐏 your comment has been automatically removed because you do not have user flair for r/unc. please [choose a user flair]( and then comment again. i am a bot, and this action was performed automatically. please [contact the moderators of this subreddit](/message/compose/?to=/r/unc) if you have any questions or concerns.', '🐏‼️unc/dook tickets megathread‼️🐏 your comment has been automatically removed because you do not have user flair for r/unc. please [choose a user flair]( and then comment again. i am a bot, and this action was performed automatically. please [contact the moderators of this subreddit](/message/compose/?to=/r/unc) if you have any questions or concerns.', '🐏‼️unc/dook tickets megathread‼️🐏 your comment has been automatically removed because you do not have user flair for r/unc. please [choose a user flair]( and then comment again. i am a bot, and this action was performed automatically. please [contact the moderators of this subreddit](/message/compose/?to=/r/unc) if you have any questions or concerns.']"
453,33,453_kisses_ring begs_begs for_kisses the,"['kisses', 'ring begs', 'begs for', 'kisses the', 'system kisses', 'for favor', 'begs', 'the ring', 'ring', 'unc system']","['unc system kisses the ring, begs for favor', 'unc system kisses the ring, begs for favor', 'unc system kisses the ring, begs for favor']"
454,33,454_minor_the minor_minors_declare,"['minor', 'the minor', 'minors', 'declare', 'additional minor', 'certification of', 'the major', 'minor advising', 'declaring additional', 'of minors']","[""can i take a class as p/f if i drop the minor that it's for? i'm trying to take a class as p/f, and am wanting to drop the minor, which would allow me to do so. the minor is in a certain school, though, and i'm not sure that i'll even have access to the class on connectcarolina if i drop the minor entirely. has anyone tried this before? tyiaa"", 'comp minor q: can i minor in computer science? a: currently declared minors that have completed comp 211 and comp 301 may complete the minor. otherwise, students who apply to and are subsequently accepted to the cs program can choose to complete the minor instead by simply dropping the major for the minor after completing the minor requirements. to complete the minor in this way, students should apply for the major.', ""can master’s students declare a minor? &gt; electing a minor &gt; with the approval of the major and minor academic programs, a student may elect to declare a formal minor in programs that offer a graduate degree. the student should submit an approved [minor declaration form]( to the graduate school. &gt; the minor must comprise at least nine credit hours beyond the major. all credits must be for courses listed (or cross-listed) in programs other than that of the major and cannot also be counted toward the major. a minor may consist of a set of related courses, some of which are listed by one program and some of which are listed by another. in most cases, the minor would not include courses from more than two programs. only one program name will be listed as granting the minor, and the director of graduate studies in the minor program must agree to accept any courses from outside the minor program offerings. &gt; the minor must be approved in advance by the director of graduate studies in both the major and minor programs. in some fields it may not be appropriate for a minor to be declared, so early consultation is advised. &gt; when a satisfactory minor has been planned and approved by both programs, a copy of the proposed minor course of study should be signed by the director of graduate studies in the major and minor programs and sent to the graduate school to become a permanent part of the student's record. -- graduate handbook""]"
455,33,455_science vs_information science_science_information,"['science vs', 'information science', 'science', 'information', 'prospects of', 'vs cs', 'computer science', 'job prospects', 'cs', 'technical']","['job prospects of information science vs cs', 'job prospects of information science vs cs', ""job prospects of information science vs cs if you really want to do cs i would pick another school with guaranteed entry into the cs program and no separate admissions into it. a lot of people here seem to like information science, but it is less technical and more of a broad it degree. it depends on the type of job of you are interested in also. cs will prepare you for a software engineering career and information science will prepare you more for an it type of career since inls courses do not really teach programing with the exception of a database class in sql, a web dev elective, and a programming for information science elective. other than that inls is very broad and there are a small number of degree prerequisites for it compared to other majors so it is usually combined with a concentration or another major like a gis concentration or a double major with something else paired with the inls degree. that's not saying it wouldn't be marketable for jobs but basically it is more tailored on a second interest outside of inls that you would be able to combine with it in a concentration or 2nd major if you wanted. cs is easy to find a job in, but hard to get a job in at least in my opinion. a foundation in cs will leave you better prepared for technical interviews and landing that first developer role since it is very specific on the software development process with courses like algorithms, operating systems, mobile development, compilers, etc. i think for cs it also depends on where you study it because here it is very theory based vs other schools which have access to more directly applied skill based electives like the cs program at ga tech for example. if you already know for a fact you want to do cs i wouldn't gamble that away and would make sure you pick a school where you are directly admitted into it vs here. any school with a competitive cs program where you are not a direct admit would be a risk which you would have to decide on. unc is a good school but it and software dev are 2 very different things as someone who has previously worked full-time in it and also done software development on the side. some may disagree but i say the same goes for cs and inls, because while they are both tech related they are still 2 different disciplines of tech with cs being more concentrated on software dev process and inls being more broad and leaning towards a career in it. if you know what you want to do after college then i would at least base it somewhat on that and how that will factor into your future plans, on top of what you are most passionate about.""]"
456,33,456_concerns your_user flair_user_flair,"['concerns your', 'user flair', 'user', 'flair', 'automatically', 'comment', 'please', 'subreddit message', 'message compose', 'moderators of']","['your comment has been automatically removed because you do not have user flair for r/unc. please [choose a user flair]( and then comment again. i am a bot, and this action was performed automatically. please [contact the moderators of this subreddit](/message/compose/?to=/r/unc) if you have any questions or concerns.', 'your comment has been automatically removed because you do not have user flair for r/unc. please [choose a user flair]( and then comment again. i am a bot, and this action was performed automatically. please [contact the moderators of this subreddit](/message/compose/?to=/r/unc) if you have any questions or concerns.', 'your comment has been automatically removed because you do not have user flair for r/unc. please [choose a user flair]( and then comment again. i am a bot, and this action was performed automatically. please [contact the moderators of this subreddit](/message/compose/?to=/r/unc) if you have any questions or concerns.']"
457,33,457_inside jokes_phrases_phrases and_or references,"['inside jokes', 'phrases', 'phrases and', 'or references', 'jokes phrases', 'unc chants', 'chants inside', 'chants', 'jokes', 'references']","['what are some unc chants, inside jokes, phrases, and/or references? priceless gem', 'what are some unc chants, inside jokes, phrases, and/or references? what are ncsu students ?', 'what are some unc chants, inside jokes, phrases, and/or references? fever points']"
458,33,458_prestigious opportunities_opportunities unc_prestigious_opportunities,"['prestigious opportunities', 'opportunities unc', 'prestigious', 'opportunities', 'prestige', 'it prestigious', 'startup culture', 'startup', 'the startup', 'enhance resume']","['prestigious opportunities @ unc? i’m sorry. 😢 i was trying to be cool 😎', 'prestigious opportunities @ unc? how about phi beta kappa?', 'prestigious opportunities @ unc? phi beta kappa']"
459,33,459_last 30_30 credit_about 24_requirement help,"['last 30', '30 credit', 'about 24', 'requirement help', 'hours must', 'unc requirement', '24 of', 'of last', 'credit hours', 'be from']","['confused about ""24 of last 30 credit hours must be from unc"" requirement. help! would i need to contact the dean?', 'confused about ""24 of last 30 credit hours must be from unc"" requirement. help! thank you, will do!', 'confused about ""24 of last 30 credit hours must be from unc"" requirement. help! thanks!']"
460,33,460_food_food options_dining_options on,"['food', 'food options', 'dining', 'options on', 'meal', 'lunch', 'dining long', 'the dining', 'or convenient', 'wait or']","[""on campus dining —long wait or convenient? i'm a first-year! the dining halls are pretty big, one of them has a bunch of restaurants and there are also other food places on campus that take the meal plan. food never really runs out, the longest you wait is a few minutes. there is a lunch rush but again, wait times aren't too bad. food is pretty decent here, i've always found something i like in the dining hall"", 'on campus dining —long wait or convenient? the only times you have to wait are at prime lunch time at lenoir, and prime dinner time at chase. even then, the wait times are never unbearable, and if you go even a little bit later or earlier, you should almost never have to wait. there will always be food available during open hours, and there is tons of variety. the two dining halls can also give your student a take out box to fill for later, for a dining swipe. also, yes, there may be only two all-you-can-eat dining halls, but the dining plans will also allow you to get large meals from other store fronts on campus, like the food court at the bottom of lenoir, and some will have money available to use at the students stores or convenience stores around campus to buy snacks. if your student has the right meal plan for them, they will not go hungry.', ""meal plan it depends on many things. the average cost for the unlimited meal plan is $10-$12 a meal (when you eat at the dining hall 3 times a day, never eat outside,), which is significantly higher than a normal combo in fast food places. pay at the gate is $15 a time. so the breakeven point is 186 meals. i highly doubt that you will want to only eat at the dining hall, never miss a meal, and never want to call uber eats. are you a big eater? then go for the unlimited, $10-$12 can't buy you many things in fast food stores nowadays. are you tight on budget for food? if your parents can not give you financial support, then you might want to save some money on dining. cook by yourself or choose some cheap food options (burritos, mcdonalds, etc...). an unlimited plan means you spend $30+ on meals every day. is your dorm on the south or north campus? all the cheap options i said are on franklin street, if you live on the south campus, then it is not feasible for you to buy food from anywhere except chase dining hall. i am a graduate student, so i don't often visit chase, but to my memory, the retail restaurants are not cheap.""]"
461,33,461_swimming_surf_swim_swimming dress,"['swimming', 'surf', 'swim', 'swimming dress', 'dress code', 'dress', 'for surf', 'surf experience', 'beginner swimming', 'swimsuit']","[""swimming dress code i added swimming class at nearly the last second but just realized i'm new to swimming, so i'm out of a lot of stuff, but i probably won't have time to run to a store tomorrow.. so i really want to ask: would my swimming suit for beach be suitable? it's a one-piece, but my back is pretty much exposed. also, is swimming without a swimming cap ok? thanks for any help!"", ""beginner's swimming dont worry about not being able to swim because youll be able to stand in most of the pool! i took the swim conditioning lfit and most days were in the pool (just normal swimming no diving or anything). this might be different for beginner swimming tho. in the conditioning class people wore every type of suit including one pieces and bikinis so it doesnt matter, though i think one pieces are much easier. one or two suits is really fine and the important part is to jump in the shower or rinse out your suit after swimming to get the chlorine out then you dont have to wash it as often"", 'i took swim conditioning in 2016 so it’s been a good minute for me but i really enjoyed it! 1. it’s taken at bowman gray pool, which is on the bottom floor of woolen gym 2. classes will rotate between whichever activity your class is about and the health portion (which is the same for everyone). your instructor will tell you which portion is held on which days. you won’t be swimming every day but you’ll be swimming most class periods. 3. on day 1, you’ll show up in street clothes and your instructor will tell you everything you need to know about expectations/when to get ready. since we had to change out, we had a couple minutes of grace period to do so and it was never an issue for anyone. 4. you can wear swim caps but definitely not required. i didn’t use one and was fine. everyone absolutely needs goggles though. i’m a dude and i don’t think any of us wore speedos (totally fine though). guys in my class wore jammers or trunks 5. there are locker rooms with showers right near the pool area. 6. i carried around a small pack with all of my swim stuff and my book bag. we kept all of our bags on the bleachers. nobody was ever around to mess with anything during class and there were lifeguards and other staff on duty watching everyone so non-issue. 7. if you swam competitively and know the four main strokes, you’re all set. the first week or two of class was pretty chill for us and we had refreshers for the strokes in case it’s been awhile so don’t sweat it. i’ve been out of school for a couple of years now and i still talk to some of my friends from this class so have fun and meet new people! edit: as far as grading for the swim portion, if you show up, do as you’re asked, and you at least try, you’ll do well with flying colors.']"
462,33,462_japanese_japn_japanese major_in japn,"['japanese', 'japn', 'japanese major', 'in japn', 'japn 204', 'again japanese', '204 do', '204', 'class again', 'danger of']","['may be in danger of getting a d+ in japn 204. do i have to retake the class again (japanese major) the first thing you ought to do is drop japanese and get yourself a real major. after that, no need to pass or retake 204.', 'may be in danger of getting a d+ in japn 204. do i have to retake the class again (japanese major) lol at the downvotes.', 'may be in danger of getting a d+ in japn 204. do i have to retake the class again (japanese major) i am aware, thank you.']"
463,33,463_comprehend this_how comprehend_genuinely how_this campus,"['comprehend this', 'how comprehend', 'genuinely how', 'this campus', 'comprehend', 'genuinely', 'map', 'maps', 'the campus', 'google maps']","[""genuinely how'd u comprehend this campus?? lmaoo"", ""genuinely how'd u comprehend this campus?? lmao"", ""genuinely how'd u comprehend this campus?? thank u""]"
464,33,464_basketball continues_support zayden_disappointing that_zayden,"['basketball continues', 'support zayden', 'disappointing that', 'zayden', 'disappointing', 'continues to', 'unc basketball', 'zayden high', 'continues', 'to support']","['disappointing that unc basketball continues to support zayden high i totally agree with you, it’s really my only complaint about the program right now there is absolutely no reason for him to be back on the team', 'disappointing that unc basketball continues to support zayden high we’ve done this before??? why?', 'disappointing that unc basketball continues to support zayden high he’s playing right now.']"
465,32,465_spooky_spooky unc_any spooky_unc lore,"['spooky', 'spooky unc', 'any spooky', 'unc lore', 'lore', 'lore the', 'sonic youth', 'sonic', 'murdered', 'youth']","[""any spooky unc lore? he's just a guy"", 'any spooky unc lore? i just wanna know how to get in them', 'any spooky unc lore? where can i read about this']"
466,32,466_vaderbilt for_vs vaderbilt_vaderbilt_econ vs,"['vaderbilt for', 'vs vaderbilt', 'vaderbilt', 'econ vs', 'vs kf', 'help unc', 'econ', 'unc econ', 'kf', 'ross']","['unc econ vs. kf i’m econ. had zero intention of ever applying to the b school. got internship offers in ib at bulge brackets and boutique firms. didn’t pursue consulting but being econ at unc will not prevent you from any recruiting', 'unc econ vs. kf &gt;i’m econ. had zero intention of ever applying to the b school. got internship offers in ib at bulge brackets and boutique firms. didn’t pursue consulting but being econ at unc will not prevent you from any recruiting well said and awesome! i stand by unc econ too! :d great opportunities and overall imo the vibe is better. missing unc econ already!!', 'help!: unc($) vs vaderbilt($$) for econ go unc but you need kf']"
467,32,467_transfer 2024_fall transfer_2024_fall,"['transfer 2024', 'fall transfer', '2024', 'fall', 'transfer', 'lol fall', '2024 decisions', 'portal every', 'nervous fall', 'keep checking']","['fall transfer 2024 they’re out. waitlisted😭', 'fall transfer 2024 decisions are out and i got in!!!!', 'fall transfer 2024 decisions are out']"
468,32,468_sport like_unc sport_sport_is unc,"['sport like', 'unc sport', 'sport', 'is unc', 'sports', 'what is', 'women soccer', 'soccer', 'mate', 'national']","['what is unc sport like? sports are great across the board', 'what is unc sport like? so i’ve heard! thank you.', 'what is unc sport like? university of national champions']"
469,32,469_climbing_rock climbing_rock_belay,"['climbing', 'rock climbing', 'rock', 'belay', 'bouldering', 'climbing in', 'fetzer', 'phya rock', 'climbing costs', 'fetzer rams']","[""rock climbing costs is rock climbing here free? i'm confused about what costs money and what doesn't."", 'jobs related to climbing in fetzer/rams head you can work at the climbing walls on campus', 'rock climbing costs if you are a student climbing at the climbing walls at fetzer or rams is free. you just have to do a quick orientation if you’ve never been before, and you can also rent climbing shoes and a harness for free as well.']"
470,32,470_tuition increasing_bog approves_oos 10_increasing in,"['tuition increasing', 'bog approves', 'oos 10', 'increasing in', 'approves tuition', 'state oos', 'approves', 'unc bog', 'bog', 'increasing']","['unc bog approves tuition increasing (in-state 3%, oos 10%) how?', 'unc bog approves tuition increasing (in-state 3%, oos 10%)', 'unc bog approves tuition increasing (in-state 3%, oos 10%)']"
471,32,471_identified as_black hawk_collision_hawk,"['identified as', 'black hawk', 'collision', 'hawk', 'final soldier', 'as family', 'collision identified', 'hawk collision', 'soldier killed', 'friends grieve']","['final soldier killed in black hawk collision identified as family, friends grieve this is so sad', 'final soldier killed in black hawk collision identified as family, friends grieve', 'final soldier killed in black hawk collision identified as family, friends grieve']"
472,32,472_for solo_solo birthday_birthday dinner_solo,"['for solo', 'solo birthday', 'birthday dinner', 'solo', 'birthday', 'where should', 'dinner', 'should go', 'go for', 'dinner where']","['where should i go for a solo birthday dinner?', 'where should i go for a solo birthday dinner?', 'where should i go for a solo birthday dinner?']"
473,32,473_cope with_social outcast_outcast_being social,"['cope with', 'social outcast', 'outcast', 'being social', 'to cope', 'with being', 'cope', 'social', 'how to', 'caps']","['how to cope with being a social outcast?', 'how to cope with being a social outcast?', 'how to cope with being a social outcast?']"
474,32,474_else class_at locking_locking down_class really,"['else class', 'at locking', 'locking down', 'class really', 'was anyone', 'locking', 'really bad', 'bad at', 'down was', 'anyone else']","['was anyone else’s class really bad at locking down?', 'was anyone else’s class really bad at locking down?', 'was anyone else’s class really bad at locking down?']"
475,32,475_debt_80k_in debt_what should,"['debt', '80k', 'in debt', 'what should', 'should do', 'loans', '80k is', 'no debt', 'pay more', 'debt you']","['what should i do? 80k is a lot when it’s student loans because there is interest on it aswell that’s very high, also it’s 80k in addition to what i’m already taking out which is many more years paying off debt when i could be debt free, idk if it’s worth it as unc is still a phenomenal school and i can still get a top job out of there and be happier in the nice weather and less cutthroat environment. maybe i’m wrong and it is worth it but 80k is a lot of money and it’s a big part of the decision in my opinion', ""you don't want to get into the habit of using your student loans for your credit card debt. you should pay more than the minimum on your credit card and not use it any more. use your debit card or cash. learn how to manage finances now. $4k may seem like a lot, but if you pay more than the minimum you can pay it off quickly. as you pay it down, the interest will go down as well. but you have to pay more than the minimum. you can also pick up odd jobs or a work study if your financial aid allows. the school budget may not actually cover all of your needs. and this may also help with your credit card debt. you can learn how to manage your money as there are classes at unc. live frugally now so that when you graduate, you have more options and you're not working to pay off debt."", ""congratulations on your excellent admissions! here is a slightly different way of looking at it. consider debt a kind of massive car accident, the effects of which will stay with you and/or your family for years (unless money is no object). as a result of your excellent qualifications and some good fortune, you've been offered a prestigious education at one university that will enable you to walk away from your undergraduate education debt-free: car accident avoided! what a gift you will have given yourself! such a generous deal -- a debt-free education -- is rarely offered at the graduate school level, so if and when you decide to go to grad school, you can take out loans then, without the worry of having to add to an already massive mountain of debt. those are my thoughts. congratulations again!""]"
476,32,476_worth appealing_appealing hardship_hardship_appealing,"['worth appealing', 'appealing hardship', 'hardship', 'appealing', 'it worth', 'worth', 'is it', 'hardship so', 'for hardship', 'rr']","['is it worth appealing hardship so you don’t want an rr lot spot?', 'is it worth appealing hardship what is rr lot?', 'is it worth appealing hardship you don’t have to i think']"
477,32,477_post grade_for profs_final day_profs to,"['post grade', 'for profs', 'final day', 'profs to', 'is today', 'today the', 'day for', 'to post', 'final', 'the final']","['is today the final day for profs to post grade? yep ^', 'is today the final day for profs to post grade?', 'is today the final day for profs to post grade?']"
478,32,478_sas_some free_offers to_free things,"['sas', 'some free', 'offers to', 'free things', 'unc offers', 'to students', 'things that', 'university edition', 'offers', 'free']","[""what are some free things that unc offers to students? that's only for mba 🤔"", 'what are some free things that unc offers to students? matlab', 'what are some free things that unc offers to students? thank you 👌']"
479,32,479_terrorist drivel_drivel_terrorist_drivel you,"['terrorist drivel', 'drivel', 'terrorist', 'drivel you', 'propagate', 'drivel not', 'might propagate', 'propagate terrorist', 'tentacles', 'drivel we']","['terrorist drivel what the fuck are you talking about? lol', 'terrorist drivel don’t be mad because you got rejected :(', 'terrorist drivel we don’t think of you at all']"
480,31,480_should tour_while waitlisted_tour unc_hill while,"['should tour', 'while waitlisted', 'tour unc', 'hill while', 'tour', 'waitlisted', 'unc chapel', 'upenn', 'while', 'chapel hill']","['should i tour unc chapel hill while waitlisted? because every other word is fucking', 'should i tour unc chapel hill while waitlisted? upenn accepted, cornell rejected.', 'should i tour unc chapel hill while waitlisted? no wonder you got fucking waitlisted /s']"
481,31,481_fallfest_fallfest senior_missed fallfest_friends roast,"['fallfest', 'fallfest senior', 'missed fallfest', 'friends roast', 'roast me', 'roast', 'senior with', 'fall fest', 'with friends', 'fest']","[""missed fallfest. i'm a senior with 0 friends, roast me."", ""missed fallfest. i'm a senior with 0 friends, roast me"", ""missed fallfest. i'm a senior with 0 friends, roast me.""]"
482,31,482_bme_joint_joint bme_bme at,"['bme', 'joint', 'joint bme', 'bme at', 'nc state', 'engineering', 'state', 'joint program', 'for joint', 'state bme']","['inter-campus opportunities? it depends on what you are interested. it is not too difficult to take classes at ncsu or duke, if the class is not offered at unc. i would suggest doing that if you are interested in engineering classes. the robertson bus can take you to duke, and the bme shuttle can take you to nc state. with programs, bme is a joint program between unc and nc state, so bme majors are technically students at both institutions and take classes at both, and i believe robertson scholars take classes at unc and duke. i have also known students from nc state, even when not bme students, do research at unc. in my personal experience, i took plenty of classes at state through bme, including an engineering drawing class in the graph communications department. i did briefly look into doing a language class at duke that wasn\'t offered at unc, and i just asked an academic advisor for a form. edit: got ""robertson"" and ""rhodes"" flipped. fixed all references!', 'i’m on the nc state side. ncsu has a dual degree program called the benjamin franklin scholars that combines a degree in engineering with humanities/social sciences or business. i did bme + political science, i had friends with did bme+econ. i graduated in 4, and had friends who did as well. most took a semester or two longer. it’s not impossible, but it’s tough, the same way it would be with any dual major. bme classes are pretty intense, so my polisci classes “took a backseat” most semesters (were not my priority, i was not very engaged). i still did well in my classes, but i just wasn’t as connected to the people in my humanities cohort unless i hung out with them outside of class (whereas by my senior year, i know everyone in my bme graduating class from the nc state side). i also had to take nearly a full course load of classes every semester, and some classes over the summers to make it on time. this included taking classes while doing internships and undergrad research. think about this: most people do an engineering degree in 4 or sometimes 5 years. you’re trying to do an engineering degree + another degree in 4 years. just set realistic expectations for yourself. i will also say that bme is a more difficult major to get in to, at least from the nc state side. you are competing with people at 2 universities for what is one of the smaller engineering majors (relative to those at ncsu). this is again all to reassure you that is has been done and is regularly done by students, but it takes a lot of intention and planning, and also a strong work ethic.', 'bme at unc bme is a joint program at unc and nc state']"
483,31,483_submit sat_submit_test optional_go test,"['submit sat', 'submit', 'test optional', 'go test', 'should submit', 'sat', 'optional', 'sat or', 'or go', 'test']","['should i submit sat or go test optional? ok, thanks for the advice!', 'should i submit sat or go test optional? i’m in state', 'should i submit sat or go test optional? i would submit it.']"
484,31,484_jackson_jackson hall_odum_demolish jackson,"['jackson', 'jackson hall', 'odum', 'demolish jackson', 'and option', 'demolish', 'to demolish', 'better both', 'dorm there', 'hall for']","['unc is planning to demolish jackson hall for a dorm. there is a better both/and option. i lived in odum as a sophomore transfer student in 2005. with a bike it was easy to get to campus. the bus system was also top notch!', 'unc is planning to demolish jackson hall for a dorm. there is a better both/and option. it was only a matter of time before someone brought up the ga.', 'unc is planning to demolish jackson hall for a dorm. there is a better both/and option. the bus system sucks now but biking is still an option']"
485,31,485_computer science_computer_science_in computer,"['computer science', 'computer', 'science', 'in computer', 'master in', 'about master', 'suggestions about', 'to computer', 'science program', 'transfer major']","['how hard is it to transfer major from data science to computer science within unc?', ""changing my major thank you so much! i'm really considering compsci because i did two summer tech fellowships that taught me the web development (html/css, some of javascript) but i know computer science is very broad. i have been researching careers that involves healthcare in tech which has caught my eye (since i did consider bme). my question do you think i will be able to like programming/computer science in unc? i'm just afraid i will regret not considering computer science or regret doing computer science. also given that i'm not doing well in physics 118, do you think i will be able to handle compsci classes in unc?"", 'it looks as if this most recent cycle had an acceptance rate of \\~65% (correction 80%). (source yikyak 😭) edit: refer to kris he\'s your guy i don\'t want to speculate about about how different factors are weighted in the application process, but i\'ll include the prompts from the spring 2024 application to maybe alleviate some stress! essay prompts: (200 words or less) how will your lived experiences and strengths contribute to a positive learning environment? please share how you plan to contribute to the university\'s mission to “our mission is to serve as a center for research, scholarship, and creativity and to teach a diverse community of undergraduate, graduate, and professional students to become the next generation of leaders. in 200 words or less, please explain why you want to pursue a computer science major at unc-chapel hill. how will pursuing an education in computer science enable you to achieve your future plans? list up to 5 activities where you ""interfaced with the public"", paid or unpaid.']"
486,31,486_oos_from oos_chapel transfer_transferring to,"['oos', 'from oos', 'chapel transfer', 'transferring to', 'unc from', 'oos transfer', 'transferring', 'transfer', 'unc chapel', 'be oos']","['transferring to unc from oos define “lower”.', 'transferring to unc from oos below 3.2', 'transferring to unc from oos what program?']"
487,31,487_math_applied math_math major_unc math,"['math', 'applied math', 'math major', 'unc math', 'applied', 'being math', 'in applied', 'research', 'concerning being', 'the math']","['experience in applied math unc does have offer a lot of opportunities for students to network and take classes in different fields. the most important things about undergrad are the network to your first job and the experience you graduate with, and unc could offer you both. double majoring or at least having a minor or two could be a good idea, but it would also depend on the other majors/minors and what credits you are coming in because the b.s. in math requirements is rather large, with gen-eds on top of that. it is always a good idea to come out of college with a strong theoretical background in something, some hard skills to complement it (like coding), and a demonstrated passion in a specific topic (like research). you will have opportunities to talk to older students, professors, and academic advisors to find out what combination of majors, minors, and extracurriculars would be beneficial and feasible for you and your interests. as for what topics people are studying here in applied math, i am not personally familiar but [this website]( lists four concentrations for the research. for your main major, you would probably complete the b.s. in mathematics - applied option, and you can find the course requirements for the program [here]( doing research with faculty definitely sounds like something you would want to do, so you can check out specific topics in that applied math website. you would also be able to do research in other departments. of course, once you actually enter college, you will probably be exposed to a lot of new things, jobs, and research areas you never knew existed or thought you would be interested in, and it is definitely not uncommon for people to switch majors by the end of sophomore year. unc does give you a lot of opportunities to explore different fields with the gen-eds. but, you should think about what you actually want to do with your major as you plan your path through college.', 'questions concerning being a math major at unc 1. i think the directed reading program is helpful for building connections to grad students, who might be able to give you some career advice. i think it can be good for getting your feet wet in terms of math topics, but i think research with a prof will be more valuable on your resume and for getting into grad school, if that\'s something that interests you. i never did it when i was at unc but in grad school, i view it more as benefiting the grad student, since it\'s something i can put on my cv for mentoring. this isn\'t to say it can\'t be beneficial to both the undergrad and grad student. 2. i took it, and i found it to be a bit unnecessary, might be more useful if you plan on doing applied math stuff / programming later. 3. budapest summer school in math. think it\'s pretty competitive though. 4.depending on what credits you are coming in with, it\'s doable 5.talk to professors. i think there are profs in the applied math group that do stuff with the fluids lab. try googling it and emailing profs. otherwise, i would talk to professors after taking their class and doing well in it. this isn\'t to say you can\'t just cold email, but i think it would be more helpful if they knew you. even if they\'re too busy, they might be able to point you to a colleague who is willing to work with undergrads. keep in mind that most of these profs had valuable mentors when they were your age. so if you\'re nice and did well in their class, my guess is that they will try to make something work, since they need to ""pave the way forward"" for the next generation. also it helps their cv to have mentoring stuff on it.', ""questions concerning being a math major at unc hi!! i just discovered this subreddit and i have a bunch of questions mainly concerning being a math major at unc. i figured it'd be annoying to make a bunch of posts so i've just compiled all of my questions into one post. for context, i am a rising sophomore with a major in math bs and minor in studio art. i am interested in pursuing a career in math research, so i want to find opportunities here that give me adequate experience and also beef up my resume. 1. what are people's thoughts on the directed reading program? it's something that seems interesting but i can't find anyone's opinion on it. i assume it probably depends on the grad student you're working with, but even so it'd still be reassuring to hear any opinion before i apply. 2. should i take diffeq lab even though i don't have to? i'm scheduled to take it in the fall alongside diffeq, but it's not a requirement for bs. i figured i'd register for it just for the matlab experience, but l'm not sure if it's worth a whole 2 hours. is it easy or not? 3. are there any cool abroad programs focused on math, preferably math research? i've tried searching but all the stem research abroad programs are typically science-based. 4. is a double major in stats doable? i want to double major in something for a more competitive resume, and they share a bunch of the same classes anyways. do people do this, or does it usually take too much credit hours? 5. in general, are there any recommendations on how to get into math research at unc? i can't seem to find a lot of opportunities that aren't science based. at the moment i'm mainly interested in someone giving me a problem to research, rather than coming up with my own. any popular summer opportunities to apply for as well? if anyone could help answer some of these questions i have, that would be great. thank you in advance!!""]"
488,31,488_wallmate_night every_every night_having sexy,"['wallmate', 'night every', 'every night', 'having sexy', 'with wallmate', 'sexy time', 'wallmate having', 'sexy', 'time all', 'night']","['how to deal with wallmate having sexy time all night every night lol i am so doing this', 'how to deal with wallmate having sexy time all night every night yeah, i noticed', 'how to deal with wallmate having sexy time all night every night yes it is']"
489,31,489_cc chances_from cc_unc from_transfer to,"['cc chances', 'from cc', 'unc from', 'transfer to', 'cc', 'transfer', 'chances', 'transfer from', 'process to', 'chances you']","['transfer to unc from cc chances fr', ""transfer to unc from cc chances you'll get in"", 'transfer to unc from cc chances']"
490,31,490_items that_negotiable items_non negotiable_should bring,"['items that', 'negotiable items', 'non negotiable', 'should bring', 'some non', 'that new', 'students should', 'negotiable', 'bring to', 'new students']","['what are some non-negotiable items that new students should bring to campus? claritin', 'what are some non-negotiable items that new students should bring to campus?', 'what are some non-negotiable items that new students should bring to campus?']"
491,31,491_walkability_walkability of_the walkability_hill carrboro,"['walkability', 'walkability of', 'the walkability', 'hill carrboro', 'your opinion', 'opinion on', 'carrboro', 'of chapel', 'what your', 'walkable']","[""what's your opinion on the walkability of chapel hill/carrboro?"", ""what's your opinion on the walkability of chapel hill/carrboro?"", ""what's your opinion on the walkability of chapel hill/carrboro?""]"
492,31,492_whiteboard_blackboard fast_whiteboard blackboard_with whiteboard,"['whiteboard', 'blackboard fast', 'whiteboard blackboard', 'with whiteboard', 'blackboard', 'need place', 'place with', 'whiteboards', 'buildings', 'any buildings']","[""need a place with whiteboard/blackboard fast why not coming to campus? most buildings are open when there is no holiday. use a classroom's whiteboard."", 'need a place with whiteboard/blackboard fast almost all of them. go to coker 201', 'need a place with whiteboard/blackboard fast which buildings would be open?']"
493,30,493_the graffiti_graffiti left_left years_graffiti,"['the graffiti', 'graffiti left', 'left years', 'graffiti', 'ago is', 'still here', 'is still', 'years ago', 'left', 'ago']","['the graffiti i left 7 years ago is still here! i’ll have to look it up!', 'the graffiti i left 7 years ago is still here!', 'the graffiti i left 7 years ago is still here! 2018']"
494,30,494_to ivy_ivy_unc to_ivy could,"['to ivy', 'ivy', 'unc to', 'ivy could', 'upenn', 'transferred', 'to upenn', 'who transferred', 'ivy yes', 'an ivy']","['unc to ivy? could you dm me?', 'unc to ivy? could you dm me?', 'unc to ivy? does anyone know someone who transferred from unc to an ivy?']"
495,30,495_concerns chem_user flair_user_flair,"['concerns chem', 'user flair', 'user', 'flair', 'chem', 'automatically', 'comment', 'please', 'subreddit message', 'automatically removed']","['chem 101 over the summer your comment has been automatically removed because you do not have user flair for r/unc. please [choose a user flair]( and then comment again. i am a bot, and this action was performed automatically. please [contact the moderators of this subreddit](/message/compose/?to=/r/unc) if you have any questions or concerns.', 'chem 430 your comment has been automatically removed because you do not have user flair for r/unc. please [choose a user flair]( and then comment again. i am a bot, and this action was performed automatically. please [contact the moderators of this subreddit](/message/compose/?to=/r/unc) if you have any questions or concerns.', 'chem 102 your comment has been automatically removed because you do not have user flair for r/unc. please [choose a user flair]( and then comment again. i am a bot, and this action was performed automatically. please [contact the moderators of this subreddit](/message/compose/?to=/r/unc) if you have any questions or concerns.']"
496,30,496_robertson_the robertson_robertson semifinalist_semifinalist question,"['robertson', 'the robertson', 'robertson semifinalist', 'semifinalist question', 'robertson scholarship', 'robertson scholars', 'scholarship', 'semifinalist', 'finalist', 'scholars']","[""robertson semifinalist question i'm not sure if this is the right place to ask, but i recently learned that i'm a semifinalist for the robertson scholarship. i ranked unc second in my preferences, but i already got a full ride scholarship to unc with my ea admission. does anyone know if this means that my robertson scholarship is now only meant for duke? my email doesn't specify which school chose me as a semifinalist, so i'm confused. i just don't want to go through the entire interview process if unc chose me because that seems unnecessary."", ""robertson semifinalist question congratulations on making it to the next step in the robertson application process! some people who have responded to your posting have implied this, but i'm going to say it in a different, maybe more explicit way: the robertson scholarship isn't overseen or managed by unc or duke admissions. it's a very special independent scholarship program for students admitted to one or both schools, and the opportunities associated with that program go far beyond any traditional scholarship program managed by either school. it's similar to the morehead-cain scholarship, in that it has its own program with all sorts of special opportunities associated with each milestone in the college student's four years. with respect, i want to encourage you to look at this special opportunity in a different way that how you frame it in your posting because if you are admitted to the robertson, you would be getting special opportunities that no unc or duke students would get, and frankly that few students at other universities would get. students who are admitted into the robertson and the morehead-cain essentially get four years to fund whatever visions or dreams you have, lots of travel, special service opportunities, amazing peers, and networks of people out in the world offering you exclusive opportunities. i strongly encourage you to continue with the application process! best wishes!"", 'robertson semifinalist question robertson isn’t just a scholarship, it’s a whole program. while getting a full ride to unc is awesome, being a robertson is considerably more impressive. it is definitely worth it to continue the process, especially if you want duke to be your “home campus” as a robertson. (unless you’ve been told you’re only eligible for the unc-side robertson)']"
497,30,497_counting step_stats not_good tips_hill community,"['counting step', 'stats not', 'good tips', 'hill community', 'not counting', 'step students', 'accepted unc', 'admissions process', 'college transfer', 'what are']","['accepted unc chapel hill community college transfer students: what are your stats (not counting c-step students) and what are some good tips for the admissions process? did you get in?', 'accepted unc chapel hill community college transfer students: what are your stats (not counting c-step students) and what are some good tips for the admissions process?', 'accepted unc chapel hill community college transfer students: what are your stats (not counting c-step students) and what are some good tips for the admissions process?']"
498,30,498_is 95_95 an_95_why is,"['is 95', '95 an', '95', 'why is', 'in some', 'an in', 'my classes', 'some of', 'of my', 'why']","[""why is a 95 an a in some of my classes? i don't think this is just an america thing"", 'why is a 95 an a in some of my classes? rip 🥲', 'why is a 95 an a in some of my classes? sounds like they should curve']"
499,30,499_cancellation_contract_housing contract_cancelling,"['cancellation', 'contract', 'housing contract', 'cancelling', 'cancel', 'housing cancellation', 'fee', 'the cancellation', 'penalty', 'housing']","['cancelling my housing contract i was wondering if there was a way to cancel the housing contract and waive the cancellation fee (which is a ridiculously high amount.) my mental health has been extremely affected from living off campus lately, due to roommate issues, how dangerous campus has been feeling, etc. ars does have me registered with an anxiety diagnosis so idk if that would help. i was just wondering if anyone has been able to cancel it after the july 31st deadline without the fee. otherwise, for anyone who has cancelled and had to pay the fee, about how much was it? because while i know it’s around 50% of the year’s rent (so i’m guessing one semester’s worth,) idk if it’s more complicated than that.', ""spring housing cancellation penalty i am planning on cancelling my on-campus housing for the upcoming spring but wanted to double check on the penalty fees since it seems kind of ridiculous. seems a bit much but the contract says 50% fall and spring rent (fall would be over so would just be 50% spring) and 50% remaining contract value. i'm in a double with a rate of $3507/semester and $7014/year, so wouldn't i have to pay the full $3507 if i cancel for spring at the end of fall semester? isn't that the full amount of spring rent? seems kind of ridiculous that the actual penalty would be the entire cost of spring rent if that is the case even though i wouldn't be living there all semester. i can't afford to move if it is really going to be the full $3507 they expect me to pay as a penalty for spring so i thought i would ask around. i tried calling their office last week before break started but could never get anyone on the phone. has anyone cancelled it for spring in the past and how much did you have to pay?"", 'can i still get housing? new for 2026: cancellation policy to help the waitlist move more efficiently and reduce confusion around cancellation deadlines, the cancellation policy has been simplified as follows: within 14 days of receiving your assignment notification – $500 cancellation fee 15 or more days after your assignment notification – 50% of the total contract value (both semesters) on or after august 1 – prorated rent (if applicable) plus 50% of the remaining total contract value (both semesters). this policy only applies to students who have received a housing assignment. students who cancel while still on the waitlist will not be charged a cancellation penalty.']"
500,30,500_suicide_ruffin hall_ruffin_death investigation,"['suicide', 'ruffin hall', 'ruffin', 'death investigation', 'death', 'hall death', 'investigation', 'tragic', 'by suicide', 'hall']","['ruffin hall death investigation? i’m saying that “as long as you are taking the mental health steps you’ll need for your own life, you’ll never have to worry about dying to suicide. i guarantee it. ;)” is a ridiculous thing to say and it’s insulting to anyone who’s ever been suicidal. as far as this specific situation goes, i want to know if unc has more blood on their hands. i want to stand in solidarity with their latest victim as someone who has almost been the one to die countless times.', 'ruffin hall death investigation? no, it is not important to know. it literally doesn’t effect your life one bit if you find out it is a suicide. how someone else handles the struggles in their life doesn’t affect yours. if you live in a town of 30,000 people, you don’t automatically deserve to know why everyone died there. same goes for here. as long as you are taking the mental health steps you need for your own life, you’ll never have to worry about dying to suicide. i guarantee it. ;)', ""what’s the highest point on campus? yes, in some cases a person who intends to die by suicide will understand that reaching out will result in someone trying to prevent them from dieing, so they will avoid doing so if they really want to die. but in most cases people who reach out do not want to die, and in a majority of those cases the person will understand why the 988 volunteer had to call emergency services. it is also true that most people who die by suicide did not make a previous attempt. so, on the whole, it is appropriate to act on a credible suicide threat with a carceral intervention, given that our system lacks more effective and compassionate tools to prevent suicide in a person who actually has a plan with possible intent to follow through. it's just not the case that simply talking or texting with someone in that advanced state of suicidality will effectively prevent enough deaths to make it so 988 volunteers can always avoid calling for a emergency response for everyone who reaches out.""]"
501,30,501_package_package center_delivery_the package,"['package', 'package center', 'delivery', 'the package', 'delivery processing', 'out mail', 'mail', 'processing time', 'they throw', 'throw out']","['question for unc students who run a business i used to work at the unc package centers and there was a guy who would come in every day 5 minutes before closing every day and bring about 200lbs worth of stuff in different boxes for months. he had a drop-ship business so everything went through the package center and we had so much extra work because of this. the package center managers catch on pretty quick and will report it so just be aware of that!', 'package center will the package center hold your package if i email them telling them i’m sick or should i try to send a friend over with my one card to pick it up?', ""package delivery after move out over the summer, all packages get directed to hojo package center - there's a chance the package got misdirected but is still there. i would call the package center to see where it ended up and try to arrange a pickup.""]"
502,30,502_metaphor_not metaphor_certainly not_certainly,"['metaphor', 'not metaphor', 'certainly not', 'certainly', 'smith', 'smith certainly', 'metaphor oh', 'on smith', 'metaphor who', 'metaphor legendary']","['certainly not a metaphor who was that guy?', 'certainly not a metaphor i think so.', 'certainly not a metaphor what is this?']"
503,30,503_sports at_club sports_is club_competitive is,"['sports at', 'club sports', 'is club', 'competitive is', 'club', 'how competitive', 'sports', 'intramural', 'competitive', 'soccer']","['how competitive is club sports at unc? ""ultimate""? what\'s that?', 'how competitive is club sports at unc? depends on the club, are you good at all those sports?', 'how competitive is club sports at unc? frisbee.']"
504,30,504_game_streaming_at bar_watch,"['game', 'streaming', 'at bar', 'watch', 'the game', 'to watch', 'four corners', 'yall streaming', 'streaming the', 'watching bball']","['watching bball at bar on franklin st? maybe get to where you want to watch an hour beforehand and have some drinks before the game starts. that way you know you’ll most likely have a table. four corners is a good spot. i used to watch some games at he’s not but just be prepared to stand and watch if you go there since indoor seating is limited', 'how/where are yall streaming the game tn? it’s streaming live on regular youtube. search duke vs north carolina men’s college basketball. fwiw, sling tv is only a 3 day free subscription or first month for $20 + tax. i’ll keep watching youtube and have my cc ready to sign up the fubo free trial (a week) for game at duke then acc tourney and cancel.', 'watching bball at bar on franklin st? i want to watch the uva game at a bar with friends on saturday (maybe four corners?), but i normally watch games in-person or at home. will bars be pretty busy? how early before the game should we get there to get a table? tyia!']"
505,30,505_health study_years public_public health_in years,"['health study', 'years public', 'public health', 'in years', 'graduating in', 'abroad', 'study abroad', 'public', 'health', 'abroad graduating']","['graduating in 3 years, public health, study abroad?', 'graduating in 3 years, public health, study abroad?', 'graduating in 3 years, public health, study abroad?']"
506,30,506_hazing_report fraternity_for hazing_fraternity for,"['hazing', 'report fraternity', 'for hazing', 'fraternity for', 'to report', 'report', 'fraternity', 'how to', 'hazing how', 'hazing which']","['how to report a fraternity for hazing?', 'how to report a fraternity for hazing?', 'how to report a fraternity for hazing?']"
507,30,507_st at_night feel_unc franklin_at night,"['st at', 'night feel', 'unc franklin', 'at night', 'feel safe', 'safe', 'walk around', 'around unc', 'you walk', 'franklin st']","['do you walk around unc / franklin st at night? feel safe? yea it’s safe', 'do you walk around unc / franklin st at night? feel safe? this!', 'do you walk around unc / franklin st at night? feel safe? yes']"
508,29,508_flagler worth_worth oos_little biased_oos tuition,"['flagler worth', 'worth oos', 'little biased', 'oos tuition', 'biased but', 'unc kenan', 'be little', 'biased', 'but is', 'flagler']","['might be a little biased, but is unc kenan-flagler worth oos tuition? yes', 'might be a little biased, but is unc kenan-flagler worth oos tuition? no', 'might be a little biased, but is unc kenan-flagler worth oos tuition?']"
509,29,509_consulting_target school_for consulting_target,"['consulting', 'target school', 'for consulting', 'target', 'unc target', 'mbb', 'school for', 'consulting scene', 'kf', 'scene at']","['is unc a target school for consulting?', 'is unc a target school for consulting?', 'is unc a target school for consulting?']"
510,29,510_astr_astr 100_astr 103_astr 111,"['astr', 'astr 100', 'astr 103', 'astr 111', '100', '103 lab', '111', 'taking astr', '103', '100 101']","['astr 100? astr 100 is low key intense for what it should be. other science courses that are 101 will probably be easier.', 'astr 100? no, but it appears that the department has introduced a new equivalent to 100/101 in astr 103: alien life in the universe. i would check with advising to see if it would count. imo you should have a solid case as the physics &amp; astronomy department treats it as equivalent to astr 100/101', ""astr 100? i want to take astr 100 or 101 for my comp sci bs major but i can only find astr 100l in connectcarolina. does anyone know if it's being offered this semester?""]"
511,29,511_hookup spots_hookup_spots on_bird,"['hookup spots', 'hookup', 'spots on', 'bird', 'bird watching', 'spots', 'watching on', 'watching', 'on campus', 'birds']","['hookup spots on campus gimghoul castle', 'hookup spots on campus duke university', 'hookup spots on campus the pit']"
512,29,512_transcripts_submitting cc_cc transcripts_transcript,"['transcripts', 'submitting cc', 'cc transcripts', 'transcript', 'submitting', 'cc', 'official', 'official transcript', 'send', 'transcript to']","['submitting cc transcripts well if you’re a transfer student, then your high school transcript doesn’t matter in the first place', 'submitting cc transcripts for first years: college and university courses if you’ve taken courses for credit at a college or university, you are required to report them on your application and include the specific courses and grades in the unc supplement, but you don’t need to send official transcripts when applying. if you’re admitted and choose to enroll, we’ll need official transcripts for these courses along with your final high school transcript before you begin classes at carolina.', 'submitting cc transcripts you have to submit high school and all college transcripts fot transfer admissions. from the internets: official transcripts submit transcripts by secure electronic delivery from your high school and all colleges and universities attended, regardless of whether you received credit. this can include but is not limited to: online coursework, non-degree coursework, coursework you enrolled in but later withdrew from, coursework you enrolled in for personal enrichment, and coursework you do not believe will transfer and/or you do not intend to transfer as academic credit to unc-chapel hill.']"
513,29,513_withholding_withholding grades_does withholding_grades work,"['withholding', 'withholding grades', 'does withholding', 'grades work', 'grades', 'how does', 'calling for', 'professor', 'the professor', 'your professor']","['how does withholding grades work who is your professor? their name and course number?', 'how does withholding grades work fire that professor!', 'how does withholding grades work withholding grades is a dick move. fuck that professor.']"
514,29,514_tvs_with tvs_the deal_cable,"['tvs', 'with tvs', 'the deal', 'cable', 'deal with', 'tv', 'deal', 'have cable', 'what the', 'the dorms']","['what’s the deal with tvs? and thanks! i couldn’t be more excited', 'what’s the deal with tvs? you’ll have to bring your own tv, yes you’ll definitely allowed to have one.', 'what’s the deal with tvs? did you and your roommate share one? or do both of you have one?']"
515,29,515_can listen_where someone_there anywhere_someone can,"['can listen', 'where someone', 'there anywhere', 'someone can', 'anywhere on', 'campus where', 'listen to', 'listen', 'anywhere', 'to me']","['is there anywhere on campus where someone can listen to me? thank you!', 'is there anywhere on campus where someone can listen to me?', 'is there anywhere on campus where someone can listen to me?']"
516,29,516_canes_raising canes_raising_zaxby,"['canes', 'raising canes', 'raising', 'zaxby', 'cane', 'chicken', 'sauce is', 'sauce', 'vs zaxby', 'canes it']","['raising canes which makes no sense', 'raising canes did some googling - looks like cane’s purchased the property so there’s no angry landlord/rent involved. so corporate just had to pay the taxes - which ain’t nuthin’ but is manageable. i suspect that while gutting the building they uncovered some serious defects that needed to be corrected. apparently the structure dates from 1902 so things happen and corporate tenants need to make sure everything is perfect (or close to it). the corner is an odd one for any business. it’s high traffic so it’ll cost more, but it’s also a college town and your prime audience isn’t exactly swimming in money and there’s not a ton of parking so townies aren’t going to go there. unc would make a killing if they purchased one and made it a gift shop.', 'canes hmmm…. disagree. the chicken is lightly seasoned because the sauce is the star of the show. if you eats canes chicken by itself (without the sauce), you don’t deserve canes.']"
517,29,517_snakes_snakes at_arabic_there snakes,"['snakes', 'snakes at', 'arabic', 'there snakes', 'an arabic', 'arabic tutor', 'battle park', 'battle', 'at battle', 'tutor if']","[""are there snakes at battle park? i have seen copperheads at battle park, but i worked there and we were off-trail a lot. we were digging through the woods and trails all summer and nobody had any issues with snakes. there are snakes at any natural area like battle park. really though all you have to do is keep your eyes looking at where you're going to step on the trail and you should be good. snakes like to hang out in sunny warm places like sun spots in the woods and rocks. they also like big piles of sticks/brush. so i would take an extra glance at those kinds of places if you aren't on a trail for some reason. personally i wouldn't be concerned whatsoever!"", ""are there snakes at battle park? that's what i meant to type."", 'are there snakes at battle park?']"
518,29,518_finals_your strategies_for acing_acing finals,"['finals', 'your strategies', 'for acing', 'acing finals', 'acing', 'strategies for', 'strategies', 'are your', 'finals you', 'for finals']","['what are your strategies for acing finals? google topic+practice', 'what are your strategies for acing finals? i start studying for finals on day 1 of the semester 👀', 'what are your strategies for acing finals? textbook']"
519,29,519_pillows your_concerns is_unc accepting_of anime,"['pillows your', 'concerns is', 'unc accepting', 'of anime', 'body pillows', 'anime body', 'pillows', 'accepting of', 'anime', 'accepting']","['is unc accepting of anime body pillows? your comment has been automatically removed because you do not have user flair for r/unc. please [choose a user flair]( and then comment again. i am a bot, and this action was performed automatically. please [contact the moderators of this subreddit](/message/compose/?to=/r/unc) if you have any questions or concerns.', 'is unc accepting of anime body pillows? your comment has been automatically removed because you do not have user flair for r/unc. please [choose a user flair]( and then comment again. i am a bot, and this action was performed automatically. please [contact the moderators of this subreddit](/message/compose/?to=/r/unc) if you have any questions or concerns.', 'is unc accepting of anime body pillows? your comment has been automatically removed because you do not have user flair for r/unc. please [choose a user flair]( and then comment again. i am a bot, and this action was performed automatically. please [contact the moderators of this subreddit](/message/compose/?to=/r/unc) if you have any questions or concerns.']"
520,29,520_oos_oos student_an oos_friends as,"['oos', 'oos student', 'an oos', 'friends as', 'friends', 'making friends', 'as an', 'make friends', 'high', 'oos in']","[""oos vs in state: i was oos with similar stats. i never experienced a bias against oos students, and i don't feel that the majority of in state students are any less intelligent than the oos ones. there's probably a greater percentage of in state students with lower work ethics / smarts, but the vast majority are still indistinguishable from oos in those regards. the biggest difference i noticed is that in state students come into school with an established friend group, so it can be tougher to make friends with them at the start of the school year. most of my friends ended up being other oos students just because they tended to be more eager to make friends. academic rigor: the academic environment is challenging, you don't need to worry about getting a weak education. i think the students are less cutthroat and competitive than at some private, elite schools but i can't say i minded the supportive culture lol. i got a great education and faced ample challenges. financial aid: i got a full ride due to financial need, i was a part of the need-based covenant scholarship. they even paid for my books, dorm, meal plan, and gave me about a 1k stipend per semester on top of that. honors college: i started in honors college and i liked having the honors dorm freshman year because it had a large amount of oos students looking to make friends, but beyond that i thought it was a pretty meaningless program and i dropped it after a year. others found more value in it, maybe you would too. i think it's better for non stem tracks. so i personally wouldn't recommend bothering with it, but you can get more opinions on that once you meet people at unc who are in the college. i loved unc, looking back on it i can't imagine having gone anywhere else. if you choose unc i hope you find it to be as amazing of an experience as i did!"", ""prospective student i was oos in undergrad, i didn't notice a barrier but i also applied/joined as honors carolina (which is largely oos) so my experience is skewed and i met a bunch of people through that when i first arrived. as others said, just be chill, look for clubs, chat with people, and it should be fine. it can be tough at times but there are plenty of built-in ways to meet people (esp. at the start of each semester/year with new classmates and roommates) and just try to be social outside of classes. i've met most of my friends through the dorms, roommates, and department i'm in. good luck!"", ""prospective student i was oos in undergrad, i didn't notice a barrier but i also applied/joined as honors carolina (which is largely oos) so my experience is skewed and i met a bunch of people through that when i first arrived. as others said, just be chill, look for clubs, chat with people, and it should be fine. it can be tough at times but there are plenty of built-in ways to meet people (esp. at the start of each semester/year with new classmates and roommates) and just try to be social outside of classes. i've met most of my friends through the dorms, roommates, and department i'm in. good luck!""]"
521,29,521_current students_students willing_an alumni_alumni,"['current students', 'students willing', 'an alumni', 'alumni', 'answer some', 'some questions', 'benefits of', 'benefits', 'for current', 'to answer']","['benefits of being an alumni? hello! i was wondering if there are any direct benefits of being an alumni (other than the degree and chance to get jobs lol)? i am sure the general alumni association has a lot of ""benefits"" that they offer at a price, but are there any softwares/apps we can use for free? does the library system let alumni use their database for research or to check out e-books? can we still use office for free? any benefits that alumni use on a daily basis whether it is for work/daily life? thank you!', 'looking for current students willing to answer some questions sure!', 'looking for current students willing to answer some questions sure']"
522,29,522_phase_have phase_for phase_phase for,"['phase', 'have phase', 'for phase', 'phase for', 'phase have', 'trade', 'phase or', 'phase dm', 'will trade', 'phase phase']","['i have phase 2 dm me', 'message me i have a phase 3', 'i have phase 3 + cash but looking for phase 1 or 2']"
523,29,523_qr_qr codes_codes_papers with,"['qr', 'qr codes', 'codes', 'papers with', 'post papers', 'codes around', 'with qr', 'am allowed', 'to post', 'codes on']","['am i allowed to post papers with qr codes around campus? of course!!', 'am i allowed to post papers with qr codes around campus?', 'am i allowed to post papers with qr codes around campus?']"
524,29,524_me cs_over for_it over_cs,"['me cs', 'over for', 'it over', 'cs', 'for me', 'my finals', 'so mad', 'is it', 'over', 'winged all']","['is it over for me w cs?', 'is it over for me w cs?', 'is it over for me w cs?']"
525,29,525_comeback win_heels comeback_win over_after tar,"['comeback win', 'heels comeback', 'win over', 'after tar', 'fans flood', 'flood franklin', 'street in', 'over duke', 'hill after', 'unc fans']","['unc fans flood franklin street in chapel hill after tar heels’ comeback win over duke heels', 'unc fans flood franklin street in chapel hill after tar heels’ comeback win over duke tar', 'unc fans flood franklin street in chapel hill after tar heels’ comeback win over duke go heels!!!']"
526,29,526_roommate_roommate horror_horror story_your roommate,"['roommate', 'roommate horror', 'horror story', 'your roommate', 'horror', 'is your', 'story', 'her', 'blamed', 'what is']","['what is your roommate horror story? lolllllll', 'what is your roommate horror story? not my roommate but suitemates my freshman year. one of them was the heaviest sleeper i’ve ever met in my life so her alarm was on the loudest setting but she would still sleep through it. and she was one of those people who would set it much earlier than she had to get up because she knew she would oversleep. the alarm would start going off around 6 am and she wouldn’t shut it off. my roommate or i would have to get up, walk through the bathroom, and physically wake her up to tell her to cut it off. we had to do this at least 2-3 times a week. she was in a room by herself the first semester but got a roommate second semester. her roommate liked to go out clubbing and would get home at around 2 or 3 am most friday and saturday nights and never took her keys with her, and would bang on the door to be let in but the heavy sleeper would of course sleep through it, so she’d then start banging on our door and we’d have to get up to let her in. honestly compared to some roommate horror stories i’ve heard this is very mild, but it was extremely annoying at the time. eta also not a roommate but there was a guy who i guess had issues with his roommate or something and moved into the study lounge on our floor. we all called him study lounge guy. he was always in there starting from about 4 pm on and slept on the couch. i don’t think he showered much because the whole lounge smelled like bo, and he also got way too comfortable in there (he’d do things like reach into his pajamas to scratch his balls and whatnot). we complained to the ra multiple times but nothing happened. my roommate went to bed around 9:30 so i had always used the study lounge to finish up work or just chill out for a couple of hours, but i had to start going up to a lounge on a different floor.', 'what is your roommate horror story? lmao']"
527,29,527_hopeless your_concerns have_so hopeless_gpa your,"['hopeless your', 'concerns have', 'so hopeless', 'gpa your', 'have gpa', 'hopeless', 'feel so', 'gpa as', 'gpa', 'user flair']","['i have a 2.5-2.7 gpa as a freshman and i feel so hopeless. your comment has been automatically removed because you do not have user flair for r/unc. please [choose a user flair]( and then comment again. i am a bot, and this action was performed automatically. please [contact the moderators of this subreddit](/message/compose/?to=/r/unc) if you have any questions or concerns.', 'i have a 2.5-2.7 gpa as a freshman and i feel so hopeless. your comment has been automatically removed because you do not have user flair for r/unc. please [choose a user flair]( and then comment again. i am a bot, and this action was performed automatically. please [contact the moderators of this subreddit](/message/compose/?to=/r/unc) if you have any questions or concerns.', 'i have a 2.5-2.7 gpa as a freshman and i feel so hopeless. your comment has been automatically removed because you do not have user flair for r/unc. please [choose a user flair]( and then comment again. i am a bot, and this action was performed automatically. please [contact the moderators of this subreddit](/message/compose/?to=/r/unc) if you have any questions or concerns.']"
528,29,528_the 410_final sucked_410 final_sucked dick,"['the 410', 'final sucked', '410 final', 'sucked dick', 'dick', 'orbiting around', 'nearby star', 'date orbiting', 'orbiting', 'transiting']","['unc graduate student discovers the youngest transiting planet found to date, orbiting around nearby star she’s seen this.', 'unc graduate student discovers the youngest transiting planet found to date, orbiting around nearby star', 'unc graduate student discovers the youngest transiting planet found to date, orbiting around nearby star']"
529,29,529_flowers_flowers in_friendly flowers_get budget,"['flowers', 'flowers in', 'friendly flowers', 'get budget', 'legally get', 'can legally', 'budget friendly', 'in february', 'legally', 'february']","['where can i (legally) get budget friendly flowers in february? 👀', 'where can i (legally) get budget friendly flowers in february?', 'where can i (legally) get budget friendly flowers in february?']"
530,29,530_should stem_for premed_stem classes_classes for,"['should stem', 'for premed', 'stem classes', 'classes for', 'stem', 'premed', 'premed you', 'memorization', '175', 'in stem']","['should i p/f stem classes for premed no, it’ll look really bad on your transcript', ""should i p/f stem classes for premed you can't pass fail any premed reqs unless you plan to retake later"", 'should i p/f stem classes for premed']"
531,29,531_tips or_for full_or advice_time job,"['tips or', 'for full', 'or advice', 'time job', 'any tips', 'full time', 'look for', 'advice on', 'to look', 'on how']","['any tips or advice on how to look for a full time job? what do you mean by that?', 'any tips or advice on how to look for a full time job?', 'any tips or advice on how to look for a full time job?']"
532,29,532_font_the font_that font_2003 below,"['font', 'the font', 'that font', '2003 below', 'nazi', 'poster unc', 'unc 2003', 'above poster', 'poster', 'below you']","['above: poster, unc, 2003. below: you know y’all. we’re talking about font that was used with the earliest western printed texts. it’s a common and classic font. 🙄', ""sorry, i'm not following. what's wrong with the font? it just looks like one of the presets on canva or something, like just a standard stylized font. is there something bad about the font? obciously the holocaust was very very awful and terrible and should never happen again, but what does the font have to do with the holocaust, since you are alluding to that?"", ""above: poster, unc, 2003. below: you know yes, the font was utilized by the nazi party, but claims that it is inherently associated with antisemitism are weak and sensationalized. hitler actually banned the use of the font. i'm including a few resources that confirm the font's history that predates the nazi party by centuries and its reintegration into common graphic design platforms and font choices. i'm pleading with folks to resist the pro-israeli commentators who seek to delegitimize calls for palestinian liberation. this is a distraction. israel bombed refugee camps and gaza's only cancer treatment facility. it is targeting designated safe zones, hospitals, schools, and residential areas. innocent families are being wiped off the map while these guys have us arguing about graphic design. [fraktur writing &amp; font (99% invisible podcast)]( [a brief history of fraktur (walden font co.)]( [a brief history of fraktur (krysten miller, 2020)](""]"
533,29,533_zoom_reminder classes_cancelled your_professor cannot,"['zoom', 'reminder classes', 'cancelled your', 'professor cannot', 'are cancelled', 'cannot make', 'or meet', 'meet on', 'on zoom', 'reminder']","['reminder: classes are cancelled. your professor cannot make you come to class or meet on zoom', 'reminder: classes are cancelled. your professor cannot make you come to class or meet on zoom', 'reminder: classes are cancelled. your professor cannot make you come to class or meet on zoom']"
534,29,534_videre ftw_quam_esse quam_videre,"['videre ftw', 'quam', 'esse quam', 'videre', 'esse', 'quam videre', 'ftw', 'scandal', 'ftw this', 'ftw to']","['esse quam videre ftw my thoughts exactly', 'esse quam videre ftw this will end well.', 'esse quam videre ftw watch this [']"
535,29,535_comp_difficulty_of comp_comp classes,"['comp', 'difficulty', 'of comp', 'comp classes', 'for comp', 'difficulty of', 'comp 110', 'hinks', '110', 'comp 126']","['how to prep for comp 210 hello, i am taking comp 210 in the fall and was wondering if anyone could give me some tips on how to prepare for the course. i took discrete in spring 2022 and comp 110 in fall 2021 so a bit rusty on concepts. any general tips for the class as well as what i should do prior so the class is not as much of a struggle as it is made out to be would be much appreciated.', 'difficulty of comp classes on a scale of 1 to 10,10 being the hardest, i would rate: comp 211 6, comp 301 5, comp 311 8, comp 455/550 9, math 347 4, stor 435 7', ""difficulty of comp classes hi, i'm hoping to balance out my schedule for the upcoming years and was wondering if i could get a difficulty rating for: comp 211 comp 301 comp 311 comp 455 comp 550 math 347 stor 435 and which 5 comp 420+ would you recommend i take if i just want something easy? and how hard are they in comparison to the other core requirements?""]"
536,29,536_classmate_ratemyprofessor_introducing classmate_with ratemyprofessor,"['classmate', 'ratemyprofessor', 'introducing classmate', 'with ratemyprofessor', 'classmate unc', 'score integration', 'planner with', 'ratemyprofessor score', 'course planner', 'unc course']","['introducing classmate: a unc course planner with ratemyprofessor score integration', 'introducing classmate: a unc course planner with ratemyprofessor score integration', 'introducing classmate: a unc course planner with ratemyprofessor score integration']"
537,29,537_zoom_zoom interview_interview call_take zoom,"['zoom', 'zoom interview', 'interview call', 'take zoom', 'campus to', 'call on', 'interview', 'do zoom', 'quiet place', 'quiet']","['best place to take a zoom interview call on campus i have a zoom interview i need to take in between classes. i was hoping to book a nice quiet room for it. anyone have suggestions.', 'quiet place on campus to do a zoom interview? thanks!!', 'quiet place on campus to do a zoom interview?']"
538,29,538_pharmacy_for pharmacy_pharmacy bs_pharmacy school,"['pharmacy', 'for pharmacy', 'pharmacy bs', 'pharmacy school', 'eap', 'some guidance', 'recently admitted', 'admitted into', 'bs and', 'pharmacy program']","['recently admitted into unc for pharmacy bs and i need some guidance there is no pharmacy undergraduate program. i know on the unc application there is an option to be considered for pre admittance to the pharmacy program if that’s what you’re referring to?', 'recently admitted into unc for pharmacy bs and i need some guidance what is the unc pharmacy school like (in terms of classes, schedule, workload, etc.)?', 'recently admitted into unc for pharmacy bs and i need some guidance i think i selected pre-pharmacy back when i applied and basically did all the prerequisites for unc’s pharmacy school but didn’t get an undergraduate degree. i was accepted into the pharmacy school after 3 years of undergrad']"
539,29,539_failing required_before graduation_required class_class before,"['failing required', 'before graduation', 'required class', 'class before', 'failing', 'graduation', 'required', 'failing course', 'out failing', 'course please']","['failing a required class before graduation is this comp 550?', 'failing a required class before graduation thank you i really appreciate it :)', 'failing a required class before graduation thank you']"
540,29,540_roommate_roommate group_switch dorms_assigned,"['roommate', 'roommate group', 'switch dorms', 'assigned', 'dorms between', 'roommate assigned', 'between fall', 'roommate groups', 'people switch', 'room']","['do people switch dorms between fall and spring? you do not switch dorms or roommates between the fall and spring semester. it says aug- dec bc you pay for housing on a semesterly basis so it shows those dates. in the spring it will show the exact same room and roommates and the date will change to january- may. you would only switch dorms/ roommates if you specifically contacted housing for a roommate switch bc for ex you and your roommate do not get along at all, the room you have does not meet an accommodation you have etc.', 'room renewal with new roommate group? hey guys, i am a rising junior and will be living in a 4 bed rams village apartment for the 2023-24 school year. out of a strange coincidence, two of the people in my roommate group for next year are also juniors but will be graduating early, and the third is a senior, so essentially, i will be the only one left in that roommate group if i decide to renew my room for the following year. my question is, assuming that i go ahead with room renewal for the 2024-25 school year, can i only renew my room in the apartment or renew my space with a new roommate group who will replace the graduating ones? any help would be greatly appreciated.', ""no roommate assigned theres a few scenarios where that can happen. some kids back out of their housing assignments at the last moment. you can still be assigned a roommate early in the semester (usually first two weeks). you can also get a roommate assigned in the second semester (kinda sucks), those are either spring transfers or peeps who have gotten kicked out of other dorms (or hate their roommates so much that they transfer blindly). if you have a single the first semester (but paying for a double), they might ask if you want to keep a single...but you'd have to pay that rate for spring. i suspect they dont do this now with the shortage on campus lately. i had a single one semester as did one of my fellow suitemates. my fellow suite mate and i had found a loophole. it was the best set-up you can have with five of us in a suite (third single was an athlete). we rolled the dice, didn't pay the single rate for second semester (who the hell moves halfway through the year?)...each of us ended up with roommates we weren't thrilled about. having said all that, if you're an incoming freshman, having a roommate is probably a good experience early on to help meet people.""]"
541,28,541_campus closed_closed indefinitely_indefinitely_closed,"['campus closed', 'closed indefinitely', 'indefinitely', 'closed', 'campus', 'justice spaces', 'unc admin', 'indefinitely is', 'the protests', 'admin']","['campus y closed indefinitely delete this', 'campus y closed indefinitely it’ll be ok.', 'campus y closed indefinitely yes 😭']"
542,28,542_desperate senior_desperate_swipes_senior,"['desperate senior', 'desperate', 'swipes', 'senior', 'swipes to', 'meal swipes', 'with swipes', 'meal', 'swipes left', 'of swipes']","[""desperate senior damn y'all are harsh. when i was in school we had a big excel sheet in a fb group of people who had extra swipes to give to students who needed them. not a crazy concept, especially given there are a lot of swipes that go to waste by the end of the year...."", 'desperate senior ""unc 2025"" and yet you don\'t know that at the end of the semester there\'s always tons of people trying to give away their leftover swipes? this is a very normal request lmao, why would they pay the expensive door rate when there\'s so many people every semester trying to get rid of their remaining swipes instead of having them go to waste.', 'desperate senior i have so many swipes pls']"
543,28,543_office hours_office_hours_to office,"['office hours', 'office', 'hours', 'to office', 'before coming', 'in office', 'hours issues', 'peer tutoring', 'with class', 'tutoring']","['""before coming to office hours"" thank you, i\'ve tried going to office hours with the tas also, but it seems like for this class there are very strict guidelines on how much they are allowed to explain something and that more detailed explanations are seen as giving answers. i don\'t want them to see me as using them for answers or as a slacker and understand why it might come off that way when i go into office hours completely lost, but it\'s tough when i seem to need those explanations for some topics and assignments. i\'ve tried to either limit my questions for them or try to force myself to figure things out on my own. so far that hasn\'t been working out so great and am already failing a class because i feel like i can\'t ask for more detailed explanations without coming off the wrong way to them. i have used peer tutoring with the learning center before and it was super helpful but unfortunately it isn\'t offered for this class. i\'m not sure why since it\'s a fairly big intro type of class and tons of students take it each semester, but would be open to peer tutoring through other channels at unc if you know of any other resources. i also tried asking the classmates i sit next to if they wanted to study together but so far it hasn\'t panned out and they always say they are busy. i think they are reluctant to study with me since i\'ve been open with them about doing so poorly in the class. do you know of any other tutoring resources available at unc?', '""before coming to office hours"" what is the point of office hours if you are told to go back over lecture material, go back over the textbook, or to try to figure out what you don\'t understand/are stuck on yourself? i don\'t understand why it seems like in every class i\'ve ever been to office hours for they always say things like ""go back over the lecture material"" or ""go back over the textbook"" or ""you really need to try to google it, watch tutorials on it, figure it out yourself"" as if you would be going to office hours if you hadn\'t already done those things and were still stuck on something. isn\'t that kind of the point, so that people who are still confused or stuck can have that chance to ask questions? i get that no one wants a swarm of people in office hours but at the same time i feel afraid to go to them for help because i get that same attitude like i\'m not trying hard enough despite going after being stuck on something for hours or sometimes days, already consulting the textbook and other class resources but still genuinely confused on something. it is disheartening to be treated like no matter how hard i try they see me as a slacker or wasting their time asking questions. not sleeping, staying up until i pass out working on this stuff, and then being treated like i haven\'t even read the material when i hit a wall and try to ask questions is the worst. i try to come prepared as much as i can but its hard when i am stuck on something to be good enough to not annoy them or make them feel like i\'m wasting their time it seems.', 'i\'ve had my fair share of cs-related breakdowns, and i\'ve had many of my friends crying to me late at night or just giving up with due dates approaching; the projects are grueling, and i usually spend 8-10 hours on each assignment (sometimes double that), bent over my computer. if i may ask, what classes are these for? invariably, for each class, i\'m usually in and out of office hours multiple times a week, and whenever i leave confused, i come right back (and usually to different las or tas, because some are better than others; some are just not good at recognizing what a student needs explained). i don\'t know how you\'re approaching office hours, or what classes this is for, but my recommendation is to go to office hours and get clarification on things as soon as you start having any confusion - i\'m saying read the question, start formulating concepts, and if with a little brainstorming it\'s not clear to you where to begin after some ideation, or if there are parts of your plan that you need to formulate a bit more and want feedback, go there well before you ever touch the code. look at any templates they give you to see what you do and don\'t have to do, write down the requirements, and then do pseudocode in a notebook, draw diagrams of data structures and how they relate, and trace through test cases. don\'t ever write code without the entire solution already on paper. if you\'re doing anything other than that, you\'re wasting time trying to solve problems you don\'t fully understand, or are working to try and make solutions work without a plan and absolute certainty that they\'re going to work for all the requirements. you should know that the code works before there is any code by writing the pseudocode out on paper, tracing it through, seeing what works and what doesn\'t. if you know that, and can get it confirmed in oh, then the only other issues are going to be implementation; if your thoughts are organized and the logic is correct, those errors and exceptions become significantly easier to resolve. again, i don\'t presume to know your approach but when i\'ve been in that situation, it\'s because i\'m treating oh like a hospital for my code, trying to revive it and get it working when it\'s only been a hacked-together, almost-right solution to start, and i\'m trying to keep up with the explanation as they pick out all of the little nitty gritty things that contribute to it or hearing that i need to start over because there was some immense flaw in my logic that i didn\'t think through. that\'s not how it\'s supposed to be; oh is as much for getting verification that your approach to the question is correct and are making the right kinds of plans as for getting code fixed. that\'s my little spiel; after i started with that mindset, i stopped feeling stupid. i don\'t presume to know you, but i\'m going to tell you that you are not alone. the assignments themselves may not seem hard from a surface-level and conceptual standpoint, but they are incredibly complex when you get into them - and that\'s a recipe for making you feel stupid when you can\'t manage the complexity properly for tasks that seem relatively intuitive for people. your job is to define algorithmic, definitive, 100% working solutions to things that human beings use heuristics and assumptions for, and when trying to do that it is inevitable that you encounter a disconnect between the logic in your brain and the logic in the computer. you\'re not dumb, you just aren\'t thinking like a computer. sorting algorithms? you can recognize how to sort things instantly as a person. when you tell a computer? you end up with ten different potential solutions that all operate with varying levels of complexities and algorithms that took years to develop and will take hours to understand by just looking at the code. and you end up beating yourself up because of that disparity. you can\'t translate human intuition and ""almost-right"" solutions into code that gets broken down to ones and zeros; it\'s just not possible, and it\'s not your fault for being disheartened with it. you care about the subject, you want it to be your future, you may just need to reframe your way of thinking.']"
544,28,544_do over_winter break_over winter_winter,"['do over', 'winter break', 'over winter', 'winter', 'break', 'do do', 'what do', 'with break', 'break what', 'cuffing']","['what do u do over winter break?', 'what do u do over winter break?', 'what do u do over winter break? what do u do over winter break?']"
545,28,545_homeless_for money_people asking_money in,"['homeless', 'for money', 'people asking', 'money in', 'in student', 'homeless people', 'student union', 'asking for', 'union', 'asking']","['homeless people asking for money in student union where is your sense of charity?', 'homeless people asking for money in student union go tigers', 'homeless people asking for money in student union that’s crazy i’m so sorry 😭']"
546,28,546_greeting_greetings_typo greeting_greeting instead,"['greeting', 'greetings', 'typo greeting', 'greeting instead', 'diploma typo', 'of greetings', 'typo', 'diploma', 'instead of', 'instead']","['diploma typo, ""greeting"" instead of ""greetings""', 'diploma typo, ""greeting"" instead of ""greetings""', 'diploma typo, ""greeting"" instead of ""greetings""']"
547,28,547_market post_job market_having trouble_else having,"['market post', 'job market', 'having trouble', 'else having', 'trouble with', 'market', 'the job', 'post grad', 'is anyone', 'trouble']","['is anyone else having trouble with the job market post-grad? lmfao', 'is anyone else having trouble with the job market post-grad? thank you! \U0001fa75', 'is anyone else having trouble with the job market post-grad? thank you!']"
548,28,548_vending machines_machines_vending_machines are,"['vending machines', 'machines', 'vending', 'machines are', 'being replaced', 'replaced around', 'energy drinks', 'machines on', 'with energy', 'replaced']","['vending machines on campus with energy drinks', 'vending machines on campus with energy drinks', 'vending machines are being replaced around campus where 👁️']"
549,28,549_homesick_home_your family_family,"['homesick', 'home', 'your family', 'family', 'homesickness', 'not alone', 'feel', 'homesick know', 'abandoned', 'at time']","['homesick i know what you mean (i cried all night because i missed my shih tzu yesterday), cry it out and push through. calling your family can help but it can also make things worse when you’re feeling especially homesick. watch some comfort tv shows. sleep early until you feel like you can stay up a bit longer. focus on homework, try to make a friend. hell, even going to office hours helps keep the homesickness from becoming overwhelming. it’ll get easier, you’ll be back soon. don’t visit too often, it only makes the homesickness last longer in my experience. goodluck!!! (this made me cry again lol)', 'homesick i was horribly horribly homesick when i started college. it was a really difficult transition. it\'s especially tough when it seems like everyone else is having the time of their lives. you are not alone though. it will get easier. seriously this is like the hardest part for people who are homesick. everything is new and this doesn\'t feel like home yet. it\'s a lot to take in. everyone is trying to seem sociable, smart, and happy. remember that you don\'t actually know how anybody is really feeling on the inside. if you didn\'t belong, you wouldn\'t have been accepted. for now, talk to your family and make it a priority, even as classes get busy. if you don\'t make the time to do things that are good for you (emotionally, physically), your brain and body will force you to take that time, whether through mental stress, physical illness, fatigue, etc. it\'s tempting to set aside your needs, but it\'s much more sustainable to just take care of yourself, whether that\'s with calling your family/girlfriend, going to caps, trying out a new activity, etc. how do you get through it? take it one day at a time. one class at a time, one meal at a time, one conversation at a time. you don\'t have to make any sweeping statements about your life at unc or your college career or anything-- it\'s way too early for that. for now, just make a commitment to attend your classes and then see how you feel and take it from there. remember that you didn\'t abandon anyone and that you are where you are supposed to be. it\'s ok to honor that grief, but rumination is probably not going to be helpful. try to redirect your attention to things that could interest you throughout the day- things to look forward to, new things to try, new things to look at, the cooler weather this week, that kind of stuff highly recommend the book ""mindfulness for the next generation"" - it\'s geared towards college students and the library should have it', 'homesick i’ve been a grad student here for the past 4 years, and moved away from home for the first time when i decided to come here. i would be lying if i said i didn’t consider leaving my program a couple of times to go back home to my family, my friends, my fiancée (girlfriend back then). it’s been hard, especially because the culture here is very different compared to where i’m from, but building a community with people who feel the same way i do or come from the same place as me has helped a lot. that’s part of what has kept me going strong. i went to caps for my homesickness at some point and it really helped me deal with my emotions, how stressful situations i was going through were not helping me process everything properly, yet realizing that i came here for a reason. i managed to connect with people in a similar situation as me and it helped knowing i wasn’t alone. all the people back home believe in me and i decided to finish this and get back when i’m finished. you’re not alone, you deserve to be here and you can always go back when you finish. whatever or whenever, you’ll do great things and get great experiences from being here.']"
550,28,550_diversity and_diversity_and gpa_latino,"['diversity and', 'diversity', 'and gpa', 'latino', 'latina', 'gpa', 'for diversity', 'gpa oh', 'mini ethnographic', 'ethnographic']","['diversity and gpa i’m not latino so take my opinion w a grain of salt, but imo it’s not the best. while most students are fine, many asian and white students did not grow up around black or latino communities and are honestly just kinda uneducated. from someone who did grow up around those communities, sometimes i notice just small comments or microagressions. the school itself has been at the center of the war on dei in the past few years. you can find several articles on the daily tar heel about the upendo lounge, ice compliance, department cuts, and more. still though, there are latino communities here that seem strong. but you’d probably get the best insight from reaching out to the latino sorority or frat or other clubs to see their perspective.', 'diversity and gpa thank you this is what i was looking for :)', ""diversity and gpa hi, i have just accepted into unc and am latina. i'd like to know what the diversity and respect for diversity are like, as i know it is a pwi. i am also a dual enrollment high school student, so my college gpa will be transferred with my credits, and i was wondering if 3.589 is a good gpa?""]"
551,28,551_video of_roberts walking_of roberts_walking out,"['video of', 'roberts walking', 'of roberts', 'walking out', 'the video', 'the police', 'video', 'police', 'out with', 'roberts']","['anyone have the video of roberts walking out with the police?', 'anyone have the video of roberts walking out with the police?', 'anyone have the video of roberts walking out with the police?']"
552,28,552_off monday_what way_start off_monday,"['off monday', 'what way', 'start off', 'monday', 'to start', 'way to', 'start', 'off', 'way', 'monday it']","[""what a way to start off a monday. wait what happened, i'm sick ):"", 'what a way to start off a monday.', 'what a way to start off a monday.']"
553,28,553_can drink_drink outdoors_drink_outdoors,"['can drink', 'drink outdoors', 'drink', 'outdoors', 'on near', 'places on', 'campus you', 'brewery', 'brewery to', 'good brewery']","['places on/near campus you can drink outdoors? it is a misdemeanor to have an open container in chapel hill.', 'places on/near campus you can drink outdoors? it seems to me that those ""designated areas"" are in reference to sporting events and tailgates on campus. its not like there is some sort of ""drinking picnic zone"" on campus where you can have a drink. you are going to be hard pressed to find a public place that allows you to legally drink alcohol. the practical advice would be to pour your drink into an unmarked container. as long as you don\'t get noticeably drunk and cause issues, you should be fine. tons of people do this without any legal trouble. not exactly a picnic, but franklin motors on franklin street (down towards carrboro) has an outdoor beer garden with picnic tables. you can order food and alcoholic drinks there. also tru deli has an outdoor seating area where you can order food and alcoholic drinks.', 'places on/near campus you can drink outdoors? this is the way.']"
554,28,554_essay_transfer essays_transfer essay_essays,"['essay', 'transfer essays', 'transfer essay', 'essays', 'anyone be', 'my transfer', 'would anyone', 'be free', 'current transfer', 'applicant essay']","['would anyone be free to look at my transfer essays for unc? sure, pm', 'would anyone be free to look at my transfer essays for unc? sure go for it', 'would anyone be free to look at my transfer essays?']"
555,28,555_start apartment_apartment searching_campus housing_apartments,"['start apartment', 'apartment searching', 'campus housing', 'apartments', 'leases', 'apartment', 'when to', 'searching', 'off campus', 'to start']","['when to start apartment searching “when” yes', 'off campus housing search my daughter is currently a freshman, and though they told students to start looking at off campus housing back in october (just 2 months after school starts, insane...), she just now started looking. we are noticing that its impossible to find any information on lease availability for august, most web sites only go out 90 days max. she was looking at a few like autumn woods, notting hill, haven at patterson, etc but all just list stuff going out a max of 90 days. did students going for off campus housing just have to call every place to try and find availability for august, or is the schools recommendation of checking back in october truly making everything in august just unavailable?', 'when to start apartment searching some places catering to students will have already signed their leases last october/november. yeah, it sucks. this seems especially common with standalone houses, which is the only kind of off-campus housing i looked at when i was a student. i don’t know what timetable the apartment complexes right by campus operate on, so i’d start looking now. if you’re willing to live a few minutes (10-15+) away from campus, you’ll be able to find apartment complexes taking leases still come summer. they just likely won’t be the fanciest.']"
556,28,556_concerns biol_biol_user flair_user,"['concerns biol', 'biol', 'user flair', 'user', 'flair', 'automatically', 'comment', 'please', 'message compose', 'flair for']","['can i download a pdf of the biol 101 textbook? your comment has been automatically removed because you do not have user flair for r/unc. please [choose a user flair]( and then comment again. i am a bot, and this action was performed automatically. please [contact the moderators of this subreddit](/message/compose/?to=/r/unc) if you have any questions or concerns.', 'can i download a pdf of the biol 101 textbook? your comment has been automatically removed because you do not have user flair for r/unc. please [choose a user flair]( and then comment again. i am a bot, and this action was performed automatically. please [contact the moderators of this subreddit](/message/compose/?to=/r/unc) if you have any questions or concerns.', 'biol 252 your comment has been automatically removed because you do not have user flair for r/unc. please [choose a user flair]( and then comment again. i am a bot, and this action was performed automatically. please [contact the moderators of this subreddit](/message/compose/?to=/r/unc) if you have any questions or concerns.']"
557,28,557_archery_fencing_club_there fencing,"['archery', 'fencing', 'club', 'there fencing', 'fencing club', 'competitive like', 'anything competitive', 'club not', 'like actually', 'in beginner']","['is there a fencing club? not looking for anything competitive like actually doing it for the school. i think you’re referring to the apex fencing academy, actually used to go there when it first opened.', 'is there a fencing club? not looking for anything competitive like actually doing it for the school.', 'is there a fencing club? not looking for anything competitive like actually doing it for the school.']"
558,28,558_professor your_shooting death_in shooting_qi charged,"['professor your', 'shooting death', 'in shooting', 'qi charged', 'student tailei', 'tailei', 'tailei qi', 'murder in', 'with murder', 'hill grad']","['unc-chapel hill grad student tailei qi charged with murder in shooting death of professor your comment has been automatically removed because you do not have user flair for r/unc. please [choose a user flair]( and then comment again. i am a bot, and this action was performed automatically. please [contact the moderators of this subreddit](/message/compose/?to=/r/unc) if you have any questions or concerns.', 'unc-chapel hill grad student tailei qi charged with murder in shooting death of professor your comment has been automatically removed because you do not have user flair for r/unc. please [choose a user flair]( and then comment again. i am a bot, and this action was performed automatically. please [contact the moderators of this subreddit](/message/compose/?to=/r/unc) if you have any questions or concerns.', 'unc-chapel hill grad student tailei qi charged with murder in shooting death of professor your comment has been automatically removed because you do not have user flair for r/unc. please [choose a user flair]( and then comment again. i am a bot, and this action was performed automatically. please [contact the moderators of this subreddit](/message/compose/?to=/r/unc) if you have any questions or concerns.']"
559,28,559_doctors_amp residents_doctors amp_residents,"['doctors', 'amp residents', 'doctors amp', 'residents', 'resident', 'amp', 'doctor', 'the doctors', 'jerk', 'doctors that']","['doctors &amp; residents it’s still distasteful just like you l - o - l', 'doctors &amp; residents thanks for the suggestion. i just did!', 'doctors &amp; residents i think the doctors that we need to be worried about are the old ass doctors that are still stuck in dinosaur time. or the doctors that are jerks to their residents and are completely dismissive of their findings. i will always appreciate outside of the box thinkers. and those that stand by what they believe in. it’s really not that far fetched to come up with a different diagnosis, and i don’t believe anyone should be treated in a condescending way in regards to that, especially a resident. i’ve had the same issues for over a year. two different licensed specialists (board certified, highly reputable) gave me two completely different diagnoses. and, one of these doctors had a resident, he treated his resident in a respectful way, and explained everything he did, why he was doing it, and was asking for her opinion. this is not what i experienced today. i guess i expect more from unc and their doctors. in addition to the jerk doctor, there was a jerk patient while i was checking in that was being tolerated way too long imo. he was yelling at the female staff working the front desk, being rude &amp; obnoxious, and kept slamming his hands on the counter. when one of the ladies working the front desk went and got this mans doctor, his demeanor completely changed. he then accused the girls at the front desk of being prejudiced! idk what happened with this unruly man, but they should’ve told him to kick rocks once he started slamming his hands on the counter!! it’s really not that hard to be a decent human. to the female resident i’m referring to, don’t sell yourself short. you got this! i could feel the energy change when dr jerk dismissed you. after everyone left and you passively circled back around your findings, you’re not wrong! dr jerk was under some false narrative about my situation, and the right questions/ responses may have not been communicated between dr &amp; me. my chief complaint wasn’t addressed and was not diagnosed. i truly believe you will do great things in your career and i wish you the best.']"
560,28,560_for classes_while out_the country_classes while,"['for classes', 'while out', 'the country', 'classes while', 'country', 'vpn', 'registering', 'registering for', 'over seas', 'seas']","['registering for classes while out of the country i korean too! very good!', ""registering for classes while out of the country so i'm a first-year student and i'm set to register for classes on july 12 but i'll be out of the country then. will i be able to register for classes from there or is the website gonna break? i'm just asking because there are a good amount of american websites that block you out when you're in another country. thanks!"", 'registering for classes while out of the country love the singlish 😂']"
561,28,561_french_french 102_vs french_french 101,"['french', 'french 102', 'vs french', 'french 101', 'en', '101 vs', 'babysitter', 'pas', '102', 'french speaking']","['french 101 vs french 102 i think french is one of the harder languages at unc. i took spanish in hs and started at 101 and it was brutal.', 'french 101 vs french 102 can a person who is a beginner at french do well in french 102?', 'french 101 vs french 102 ok thank you!!']"
562,28,562_cs application_cs_cstep amp_cs letters,"['cs application', 'cs', 'cstep amp', 'cs letters', 'recommendation question', 'amp cs', 'letters of', 'application', 'of recommendation', 'cstep']","[""cs letters of recommendation question yea, that sounds about right, the cs application page didn't mention anything about extra lors, so i think i'm good. thanks for the help, and best of luck to your future application !"", 'cstep &amp; cs application take this with a grain of salt because i don’t have any document or link that says this. someone i know in c-step got rejected from cs and was told by admissions that only 10% of transfer applicants were accepted this cycle. even if you assume that that number is exaggerated, you can still conclude that the acceptance rate is super low. the business school only accepts 8-10% of transfer applicants per their website, just to use another competitive major as an example.', ""cs letters of recommendation question hello y'all, i'm a (transfer) student looking to apply to cs for the fall of 2024, and i got the process of what i have to do down pretty well, but i was wondering if anyone who had previously applied, potentially as a transfer or not, knew if the professional school wanted letters of recommendation besides the ones i already am putting on the common app. currently i have at least 4 letters of recommendation, with the potential to have a few more if need be, but even with the 4 i have now, it feels like overkill. i can at most put three lors on the common app, but i kinda screw myself over if its better to send multiple lors on the cs application. does the separate cs application even require lors? if so, i'd rather send them there than on the common app where the proper department might not even care to read them. super excited to go to this school, regardless of acceptance into the major or not !""]"
563,28,563_requisite issue_enrollment requisite_about 2022_2022 freshman,"['requisite issue', 'enrollment requisite', 'about 2022', '2022 freshman', 'with triple', 'triple course', 'an enrollment', 'triple', 'requisite', 'issue with']","['question about 2022 freshman schedule, and an enrollment requisite issue with a triple i course? comp 110 is taught in python', 'question about 2022 freshman schedule, and an enrollment requisite issue with a triple i course?', 'question about 2022 freshman schedule, and an enrollment requisite issue with a triple i course? me too!']"
564,28,564_concealed_handgun_concealed handgun_handgun permit,"['concealed', 'handgun', 'concealed handgun', 'handgun permit', 'permit rules', 'rules on', 'rules', 'permit', 'carry', 'container']","['concealed handgun permit rules on campus', 'concealed handgun permit rules on campus', 'concealed handgun permit rules on campus']"
565,28,565_science difficulty_ba data_data_data 120,"['science difficulty', 'ba data', 'data', 'data 120', 'difficulty', 'data science', 'ba', 'hsu', 'neil', '120']","['ba data science difficulty what professor did you have', 'data 120 with neil gaikwad vs hsun- ta hsu', 'ba data science difficulty thank you!']"
566,28,566_sophomore guarantee_guarantee_guarantee program_sophomore,"['sophomore guarantee', 'guarantee', 'guarantee program', 'sophomore', 'program credits', 'the sophomore', 'guarantee questions', 'credits question', 'guaranteed', 'credits']","['sophomore guarantee program – credits question well you have to accept the sophomore guarantee they should\'ve sent you an email and you have to tell them that you want to be in that program and then send them the courses you\'re taking so they can confirm that they transfer. i hope you did that. because i think there was a certain period of time you had to do that you don\'t. ""apply again."" if you accepted your place in the guarantee program then they just check to make sure that you hit the necessary gpa at the end. and i think you have to sign something that says that you haven\'t been arrested or something', 'sophomore guarantee program – credits question did you get notified or do you need to ask for a sophomore guarantee consideration ?', 'sophomore guarantee program – credits question i was also offered the sophomore guarantee program so congrats! i chose to attend community college to complete my 30 hours! i am really not sure how this process works but when we apply again, how would they know they offered us this specific program? i’ve been in my head and just wanted to ask to see if you know!']"
567,27,567_my entry_submission_giveaway_entry,"['my entry', 'submission', 'giveaway', 'entry', 'after fact', 'my submission', 'fact after', 'removed by', 'by reddit', 'here my']","[""[here's my entry]( thanks so much for hosting this!!"", 'pokémon switch giveaway reminder - submissions due at midnight with 24 hours left it may be challenging for everyone to have a fair chance to these extra submissions, especially as some may have exams. i think the extra submission chance is a great idea, but it might be best to save it for future giveaways. sprite artwork could be really fun!', 'hello, this is my [entry!]( thank you for the fun giveaway :)']"
568,27,568_freshmen problems_lunch_alone_freshmen,"['freshmen problems', 'lunch', 'alone', 'freshmen', 'eating', 'problems', 'lunch alone', 'eating alone', 'eating lunch', 'eat']","['freshmen problems i second what everyone else here has said, i just want to add some extra reassurance that eating alone is totally okay and normal! i felt the same way my freshman/sophomore year, eating alone always made me nervous. but id go find myself a nice spot, read my book, watch tiktoks, catch up on some work, whatever it was. most of the time it was refreshing to have that alone time to recharge for my next class or social interaction lol. also, if you can get one of those green to-go boxes and eat outside, i always found that to be a nice option too (and made eating alone feel better). eating with friends was always preferred, but if you find yourself having to eat alone, that can be good too!', ""freshmen problems especially because the dining halls are so overstimulating (loud, crowded, horrifying to navigate), i enjoy eating lunch alone there from time to time, and so do lots of people. if you're worried about being perceived when you are alone, many people, including me and the majority of people i know, eat lunch alone sometimes. if you're worried about making friends, the easiest way to get a lunch pal is trying to socialize with people in your classes just before lunch. better yet, if you see someone from one of your classes sitting alone, go strike up a convo with them. being in a new place in always difficult, and you never know what's in anyone else's head just be looking at them, they might be going thinking the same things you are."", 'freshmen problems i ate lunch alone almost everyday on campus but had plenty of friends outside. lunch for me was my alone time to relax before going back to study or class. all my friends had different schedules so i didnt try and see who was available and when. absolutely no shame in eating alone during lunch. but with that being said if you want to make new friends then clubs, suitemates, and dorm mates are a great way to meet new people that doesnt require as much courage of walking up to a random group of people. if you see a group of people hanging out in the dorm then just stop and introduce yourself']"
569,27,569_book recommendations_any book_drop any_book,"['book recommendations', 'any book', 'drop any', 'book', 'recommendations', 'drop', 'fiction', 'historical fiction', 'historical', 'books']","['drop any book recommendations! crime and punishment for sure.', 'drop any book recommendations! i want to try and get back into reading this summer so please share any book recommendations! i like fiction and historical fiction but am open to reading anything!', 'drop any book recommendations! i, claudius']"
570,27,570_most useful_useful computer_useful_visual studio,"['most useful', 'useful computer', 'useful', 'visual studio', 'science classes', 'classes 420', 'best cs', 'ide', 'cs classes', '590']","[""most useful computer science classes? hey! i'm so sorry for my late reply! in case you're still curious, i've found 455 useful in my internships/work in several ways: \\- sometimes, when modeling decisions, i make an fsm. \\- writing code to parse things, create templating structures, generating simple poetry, and more benefits from creating a cfg! for company reasons, i can't link to my internship work, but an example of a grammar from my research work is here: [ \\- understanding compilers requires knowledge of context-sensitive grammars (a complexity class between recursively enumerable (tms) and context-free). i know context-sensitive languages are sadly not covered in 455 due to time constraints, but context-sensitive grammars are everywhere (including in coding languages and modeling natural language). most np-complete problems (seen in everyday life, like in routing and more) are thought to be context-sensitive. \\- reasoning about computing in general benefits from an understanding of tms and larger complexity theory. i'm currently working on a youtube series to dive deeper into the applications/concepts of 455 (and, to a lesser extent, 550), including different modes of regex matching in practice, context-sensitive grammars, and further uses of automata. i don't have a video up on [my channel]( yet, but when i do, i can send you a link if you'd like :)"", 'most useful computer science classes? hey there, so i\'m intending on doing a comp sci major, and aside from the required classes like 110, 210, etc what are the most useful computer science courses to take? if you\'re a cs major, what do you think? i\'ve heard that 421(files and databases) and 426(modern web programming) are pretty practically useful courses, but i haven\'t heard much about other comp courses so i want your opinions on this! i\'ve heard a little bit about 523(software engineering laboratory) and 550(algorithms and analysis), also 393(software engineering practicum) looks pretty interesting and useful. however, beyond these courses i don\'t think i have enough info. i just want to know what you all think are the most useful classes. if you\'re asking for more specificity, then i guess i\'m asking for the most useful classes in software engineering or a.i (although software engineering is preferred because a.i seems more obvious with classes that are literally named ""introduction to machine learning"" and ""artificial intelligence""). thanks! edit: some grammar', 'what are the best cs classes &gt; 420 all of the older posts are probably partially relevant, depending. i\'ll give you my thoughts on every single class offering next semester, based on my personal experiences with the classes, professors, and what i\'ve heard from others: 421: databases (majikes). people don\'t like majikes, for reasons you\'ve probably heard, but i doubt this is a hard class. definitely recommended for internships, general software engineering, and actually if you want to do the ms here, you may have to take it (you have to take 2 out of 3 of databases, os, or compilers, but compilers wasn\'t offered last semester and might not in the spring). (i took this with bishop/mcmillan and had 550 with majikes) 431: networks (kaur). i haven\'t taken it lol but i don\'t think it\'s really as bad as some may paint it to be, but it\'s not easy either. it\'s applicable but not as much as 421. 433: mobile computing systems (nirjon). i don\'t know much about this one but have heard it\'s one of the easier electives. 435: security concepts (sturton). haven\'t had it; rmp rates it very poorly but i really doubt that it\'s that bad. 475: 2d computer graphics (reed). this class is all programming, and all in c++ which mike will not teach you. so i think difficulty is going to depend on your mileage. i am hopefully taking it myself next semester. 523: software engineering lab (stotts). this is a special class that i strongly recommend to everyone; a lot of graduates complain that they didn\'t learn any ""real"" skills while getting their degree, that most cs classes were too theoretical to be applied to the job they ended up in. well, this class is purely software engineering for a client. your experience will depend mainly on your group (invite your friends!) and the client, though. both were good for me. 524: programming language concepts (dewan). i took this class with an instructor who is now elsewhere unfortunately, but i really enjoyed it. but, i haven\'t had prasun before and this class is very different with different instructors. honestly, most of the class is probably not very ""useful"", but it is very cool to use programming languages that force you to think in different ways. required for the ms. 530: operating systems (porter). this is definitely a hard class. if you liked 211, you will definitely like it though. i would recommend brushing up on c programming, and/or finding a friend or two; the labs are quite hard (especially because you can easily get stuck on small things) but he allows small groups. i love don, i\'ve had him for two classes (630/730, i took 530 with brent) and i do research with him, but i wouldn\'t recommend this class for everyone. definitely for future grad students though lol. 537: cryptography (eskandarian). this is a class that\'s very hard/mathy, but people do seem to like saba a lot. 541: digital logic (singh). this is a great class and i loved it; think 311 2.0, but with a little more doing (projects). good luck getting into it though! 40 seats that always fill up. required for the ms. i like montek a lot and so does everyone else; he is now my academic advisor. 562: ml (silva). i\'ve heard meh things about this class. you might learn more in the stats version. 572: computational photography (mcmillan). mcmillan hasn\'t taught this class before, so i\'m pretty curious how it will be (i am likely taking it). i think it will be pretty average in terms of difficulty. 581: robotics (szafir). no idea. rmp is very low; it looks like he taught a class (vr) that was pretty far from his research area and it went badly. well, this isn\'t vr, so maybe it\'ll be different. the 590s i don\'t know as much about and i\'m tired of writing so will cut it off here... lemme know if you want any more specifics...']"
571,27,571_just accepted_accepted to_was just_unc was,"['just accepted', 'accepted to', 'was just', 'unc was', 'accepted', 'congrats was', 'unc congrats', 'congrats', 'into unc', 'to unc']","['i was just accepted to unc', 'i was just accepted to unc', 'i was just accepted to unc']"
572,27,572_gun club_apolitical gun_apolitical_gun,"['gun club', 'apolitical gun', 'apolitical', 'gun', 'club', 'club would', 'join apolitical', 'marksmanship', 'guns', 'the club']","['apolitical gun club would totally join!', 'apolitical gun club that would be so cool!!!', 'apolitical gun club i would join']"
573,27,573_cross register_transfers cross_can transfers_register at,"['cross register', 'transfers cross', 'can transfers', 'register at', 'at duke', 'as investment', 'frats as', 'investment banks', 'unc frats', 'cross']","['can transfers cross register at duke? are you a robertson scholar?', 'can transfers cross register at duke? unc difference™️', 'can transfers cross register at duke? title.']"
574,27,574_all managing_straight since_been angry_seven months,"['all managing', 'straight since', 'been angry', 'seven months', 'angry for', 'months straight', 'for seven', 'angry', 'managing the', 'since coming']","[""i've been angry for seven months straight since coming to unc. how are y'all managing the stress? unc chem department needs to be studied"", ""i've been angry for seven months straight since coming to unc. how are y'all managing the stress? unfortunately i have to agree with this 🥲"", ""i've been angry for seven months straight since coming to unc. how are y'all managing the stress? i disagree""]"
575,27,575_leave my_can leave_car in_hill area,"['leave my', 'can leave', 'car in', 'hill area', 'my car', 'the chapel', 'where can', 'leave', 'car', 'area']","['where can i leave my car in the chapel hill area? found it, thanks!', 'where can i leave my car in the chapel hill area? is it hard to get a spot in the r lot?', 'where can i leave my car in the chapel hill area?']"
576,27,576_dsp_coin_scale_scale and,"['dsp', 'coin', 'scale', 'scale and', 'and coin', 'coin and', 'and dsp', 'between scale', 'amp coin', 'scale amp']","['are there any significant differences between scale &amp; coin and dsp? i think dsp is more fratty and scale and coin is more society. i think dsp is better overall but scale and coin is the most improved sense they are newer. i think there is alot of differences for sure but i recommend rushing both. i am planning on only rushing dsp next semester because i want my experiences to be more fratty. also sense scale and coin is a society they only have connections towards duke scale and coin and is smaller so you could be more connected towards the brothers. dsp is nationwide and more alumni connections and alot of the members are part of more highly selective jobs and internships.', 'are there any significant differences between scale &amp; coin and dsp? being a globe scholar or kenan scholar does not mean anything at all. you must be a scale and coin member or know someone in scale and coin. all you have to do is compare the president of scale and coin and delta sigma pi this semester. the dsp president works at deloitte and ey, and the scale and coin president works at some lab place. dsp has goldman sachs, google, microsoft, and more members. scale and coin do have one of the founders of ktp and the app club, but as for business, dsp is stronger. scale and coin have improved for tech, but as i mentioned, dsp had been out longer, so i could easily see members in tech improving there as well. compare where the officers work at scale and coin and dsp, and you will see who is more potent. i know no member of scale works at goldman sachs or microsoft because if they did, it would have been mentioned already. this is coming from a non bias point of view as well. both are good choices but look at the evidence. also i heard from the grapevine that scale and coin had founding members that was part of akpsi which was the business frat that got shut down. if akpsi got shut down it only a matter of time for scale and coin to get shut down.', ""are there any significant differences between scale &amp; coin and dsp? i didn't realize how much this is blowing over, but i have to put some people in their place. for starters, i am not a member of either dsp or scale and coin, but i researched on my own. i am saying scale and coin is a good organization, but if you want to do business, dsp is stronger. it has many alums, and the first website shows it won several national awards. it is more fratty and would probably have more people in frats, which means more connection towards greek life. scale and coin have many tech-minded business creators, such as the app team and ktp; you do not have to be in scale and coin to join these clubs. now i am not going to compare every single officer of scale and coin and dsp because that would be time-consuming, but all you have to do is go on both of their websites and go into their linkedin profile, and you will see the differences. scale and coin probably have members in top internships, such as apple, bcg, and jp morgan, based on what i saw in their summer series on instagram. still, dsp would have more alumni and higher connections to top internships because it has been at this school longer. as i mentioned, scale and coin have relationships with akpsi, which got shut down. i already showed that link, but i will post it again to make it easier. the founding brothers had already found their degrees and graduated, but their impact could still be around in scale and coin. of course, i am not a member. i do not know how much difference scale and coin and akpsi have because they got shut down in 2019, but that is something to consider joining scale and coin. people should rush both, but dsp is better for business, and scale and coin have an edge in technology. dsp could improve its technology in the upcoming years, and scale and coin could enhance their business. both would get you a job but think about what you want in your college experiences. frats and society are different, but knowing what you want can help you decide which place is for you. i hope this helps my 2025 class and 2026 students.""]"
577,27,577_enjoy living_living things_that enjoy_where are,"['enjoy living', 'living things', 'that enjoy', 'where are', 'enjoy', 'people that', 'things to', 'the people', 'living', 'are the']","['where are the people that enjoy living? things to do? yes 😭 but don’t you agree', 'where are the people that enjoy living? things to do? lifting', 'where are the people that enjoy living? things to do? this is fantastic.']"
578,27,578_from business_drop out_out from_business school,"['from business', 'drop out', 'out from', 'business school', 'business', 'drop', 'gpa', 'school', 'the business', 'curve']","['drop out from business school? if u wanna go to law school don’t do kf', 'drop out from business school? are you trolling', 'drop out from business school? yes']"
579,27,579_nsci_considering switching_nsci double_input appreciated,"['nsci', 'considering switching', 'nsci double', 'input appreciated', 'switching nsci', 'to minor', 'minor input', 'major to', 'switching', 'input']","['considering switching nsci double major to minor - input appreciated!', 'considering switching nsci double major to minor - input appreciated!', 'considering switching nsci double major to minor - input appreciated!']"
580,27,580_celebrating my_school acceptance_celebrating_my grad,"['celebrating my', 'school acceptance', 'celebrating', 'my grad', 'acceptance to', 'grad school', 'acceptance', 'grad', 'unc celebrating', 'to unc']","['celebrating my grad school acceptance to unc 🙏🏽✨\U0001fae2', 'celebrating my grad school acceptance to unc 🙏🏽✨\U0001fae2', 'celebrating my grad school acceptance to unc 🙏🏽✨\U0001fae2']"
581,27,581_hat_everyone getting_rameses_rameses hat,"['hat', 'everyone getting', 'rameses', 'rameses hat', 'is everyone', 'the cute', 'cute rameses', 'hats', 'bucket hats', 'of logo']","['where is everyone getting the cute rameses hat?? got you, thanks!', 'where is everyone getting the cute rameses hat??', 'where is everyone getting the cute rameses hat??']"
582,27,582_failed midterm_quiz to_and quiz_in week,"['failed midterm', 'quiz to', 'and quiz', 'in week', 'quiz', 'midterm and', 'to in', 'failed', 'midterm', 'week failed']","['failed midterm and quiz, a- to a c in 1 week', 'failed midterm and quiz, a- to a c in 1 week', 'failed midterm and quiz, a- to a c in 1 week']"
583,27,583_groceries_on budget_groceries on_get groceries,"['groceries', 'on budget', 'groceries on', 'get groceries', 'best places', 'budget', 'places to', 'target', 'aldi', 'places']","['what are the best places to get groceries on a budget?', 'what are the best places to get groceries on a budget?', 'what are the best places to get groceries on a budget?']"
584,27,584_used car_car_decent used_but decent,"['used car', 'car', 'decent used', 'but decent', 'cheap but', 'get cheap', 'know where', 'cheap', 'where to', 'decent']","['anyone know where to get a cheap but decent used car? what’s up with carvana?', 'anyone know where to get a cheap but decent used car? how you get the car from the seller to the inspection place though?', 'anyone know where to get a cheap but decent used car?']"
585,27,585_making new_friends as_new friends_transfer student,"['making new', 'friends as', 'new friends', 'transfer student', 'as transfer', 'making', 'friends', 'minecraft', 'new', 'transfer']","['making new friends as a transfer student hey i’m a transfer student too! i’d love to be friends', 'making new friends as a transfer student', 'making new friends as a transfer student']"
586,27,586_wake_to wake_wake to_unc to,"['wake', 'to wake', 'wake to', 'unc to', 'return', 'to return', 'at wake', 'step', 'to unc', 'withdraw']","['unc to wake tech to unc thanks', 'unc to wake tech to unc', 'unc to wake tech to unc']"
587,27,587_in f26_s27_f26 or_f26,"['in f26', 's27', 'f26 or', 'f26', 'or s27', 'graduate in', 'graduate', 'enjoy', 's27 definitely', 'life graduate']","['graduate in f26 or s27? i wish i could give this a million likes.', 'graduate in f26 or s27? you could get a double major potentially', 'graduate in f26 or s27? i already have 2']"
588,27,588_alc_caught with_with alc_by ra,"['alc', 'caught with', 'with alc', 'by ra', 'alc by', 'caught', 'ra', 'alcohol', 'by', 'plain sight']","['caught with alc by ra make smarter friends', 'caught with alc by ra it’s always phillips hall… 😔😔😔', 'caught with alc by ra “a friend of mine”']"
589,27,589_else seriously_to inflation_seriously struggling_struggling right,"['else seriously', 'to inflation', 'seriously struggling', 'struggling right', 'now due', 'inflation', 'is anyone', 'seriously', 'struggling', 'right now']","['is anyone else seriously struggling right now due to inflation?', 'is anyone else seriously struggling right now due to inflation?', 'is anyone else seriously struggling right now due to inflation?']"
590,27,590_chancellor roberts_else tremendously_tremendously impressed_with interim,"['chancellor roberts', 'else tremendously', 'tremendously impressed', 'with interim', 'his handling', 'roberts and', 'handling of', 'the protests', 'impressed with', 'interim chancellor']","['anyone else tremendously impressed with interim chancellor roberts and his handling of the protests? no.', 'anyone else tremendously impressed with interim chancellor roberts and his handling of the protests?', 'anyone else tremendously impressed with interim chancellor roberts and his handling of the protests?']"
591,27,591_like missed_out lot_missed out_it felt,"['like missed', 'out lot', 'missed out', 'it felt', 'lot in', 'felt like', 'college it', 'missed', 'in college', 'felt']","['it felt like i missed out a lot in college', 'it felt like i missed out a lot in college', 'it felt like i missed out a lot in college']"
592,27,592_interest according_person of_unc police_of interest,"['interest according', 'person of', 'unc police', 'of interest', 'according to', 'according', 'police', 'interest', 'person', 'police person']","['person of interest according to unc police', 'person of interest according to unc police', 'person of interest according to unc police']"
593,27,593_ac_dorms cold_cold_campus dorms,"['ac', 'dorms cold', 'cold', 'campus dorms', 'the south', 'central', 'adjust', 'temperature', 'dorms', 'the ac']","['are the south campus dorms cold?', 'i turned off the ac during winter and just used the heater to adjust the room temperature. i think window units are much better than central ac because you get much more freedom to adjust. some days i made my room freezing cold and other days i just turned it off. and i never had to wait to use the bathroom all year. and the sinks in the rooms are literally the best. some people had trouble with their sinks getting clogged up but mine was fine.', 'are the south campus dorms cold? morrison has central ac, as do many other dorms. first year communities still have units so u can adjust the heat &amp; cold in your personal room. you can check if your dorm has central or window units on the unc housing page!']"
594,27,594_are ugly_ugly_friends here_here if,"['are ugly', 'ugly', 'friends here', 'here if', 'is hard', 'make friends', 'hard to', 'ugly it', 'to make', 'friends']","['it is hard to make friends here if you are ugly', 'it is hard to make friends here if you are ugly', 'it is hard to make friends here if you are ugly']"
595,27,595_polymer_materials science_polymer chemistry_materials,"['polymer', 'materials science', 'polymer chemistry', 'materials', 'physical science', 'for materials', 'for polymer', 'major applied', 'avelo', 'applied physical']","['unc for polymer chemistry major / applied physical science minor or nc state for materials science? alright, thank you!', 'unc for polymer chemistry major / applied physical science minor or nc state for materials science? :o', 'unc for polymer chemistry major / applied physical science minor or nc state for materials science?']"
596,26,596_garland_ott_ott for_garland vs,"['garland', 'ott', 'ott for', 'garland vs', 'vs ott', 'for biol103', 'biol103', 'kinney', 'nimchuk', 'garland garland']","['garland vs ott for biol103 ott is terrible, take garland', 'garland vs ott for biol103 how was garland?', 'garland vs ott for biol103 ott &gt; garland']"
597,26,597_your fy_credits should_usually take_should you,"['your fy', 'credits should', 'usually take', 'should you', 'you usually', 'many credits', 'take in', 'semester of', 'fy', 'fall semester']","['how many credits should you usually take in the fall semester of your fy? do not do this', 'how many credits should you usually take in the fall semester of your fy? 15', 'how many credits should you usually take in the fall semester of your fy?']"
598,26,598_year schedule_first year_thoughts on_thoughts,"['year schedule', 'first year', 'thoughts on', 'thoughts', 'schedule', 'schedule thoughts', 'manageable first', 'like manageable', 'on first', 'this seem']","['thoughts on this first year schedule? :,)', ""thoughts on this first year schedule? :')"", 'thoughts on this first year schedule? :,)']"
599,26,599_ba in_with ba_good second_pair with,"['ba in', 'with ba', 'good second', 'pair with', 'second majors', 'to pair', 'majors to', 'pair', 'ba', 'concentration']","['good second majors to pair with ba in english do physics education research. it’s more qualitative', 'good second majors to pair with ba in english biomedical engineering', 'good second majors to pair with ba in english']"
600,26,600_recitation_recitations_swap_recitations if,"['recitation', 'recitations', 'swap', 'recitations if', 'change recitation', 'the edit', 'labs', 'recitation time', 'switching labs', 'swap recitations']","['registration question - labs and recitations if you go to the enroll button on connect carolina, use the edit feature to change lab or recitation sections without changing the lecture section', 'switching labs or recitations if you want to switch just the recitation and keep the lecture, you should use the edit tab instead of the swap tab', 'swap recitations? is there a way to swap recitations if the recitation is open but the class is waitlisted? i want to switch recitations without dropping the class and having to go back on the waitlist. i know there’s an edit option on connect carolina but it wouldn’t let me select the class to switch to.']"
601,26,601_alpine order_best alpine_alpine_order,"['alpine order', 'best alpine', 'alpine', 'order', 'what the', 'bagel', 'turkey', 'camper', 'the best', 'customize plus']","['what’s the best alpine order? sausage camper on a garlic bagel', 'what’s the best alpine order? western omelet on everything &gt;&gt;&gt;&gt;', 'what’s the best alpine order? this is the way.']"
602,26,602_falsely reported_selling ticket_falsely_do fix,"['falsely reported', 'selling ticket', 'falsely', 'do fix', 'reported for', 'ticket how', 'for selling', 'fix this', 'reported', 'fix']","['falsely reported for selling ticket... how do i fix this? how’s it going?', 'falsely reported for selling ticket... how do i fix this?', 'falsely reported for selling ticket... how do i fix this?']"
603,26,603_which college_college should_unc nc_should go,"['which college', 'college should', 'unc nc', 'should go', 'psych', 'psychology', 'nc state', 'social work', 'psych program', 'nc']","['which college should i go to? unc v. nc state you are insane if you knew you wouldn’t make a lot of money with a psych degree, nonetheless, you still picked it. what’s the point of wasting opportunity costs for 4 yrs and a considerable sum of money in tuition? just so you can be broke, and incur more debt for grad school (also while working) — all for the opportunity to stand a chance to have a job…? just think before you say things. do you do this? like think? try rendering things through different povs and outcomes first before speaking the next time. maybe then you will realize how insane you are. i am glad, however, that you are brave enough to say stupid beliefs with such convictions. that’s real bravery so kudos to you. be real and wake up. you are too delusional for what’s to come in our economy and general labor trends :/ the jig is up for getting a pointless degree and trying to kick the can further down the road with grad school. it has been up. again, you are just insane enough to recite it like it’s wise.', 'which college should i go to? unc v. nc state you don’t have to get into the psych major at unc you can just declare it.', 'should i even apply here for my masters? depending on your interests, you may want to consider the masters of social work program at unc. i was a psychology major undergrad and wanted to be a mental health therapist to and work with kids. i didn’t realize that social work is a great path to take until my junior or senior year when i worked as a research assistant at a mental health nonprofit and learned that most of their clinicians were licensed clinical social workers. the full time msw program takes 2 years compared to clinical psychology programs, many of which require you get a phd and take ~5-6 years. if you want to go into academia, like as a researcher or a professor, a psychology phd makes sense. clinical psychology can involve psychotherapy but also is very focused on psychological testing (i.e. testing for adhd, learning differences, forensic evaluations, etc.). i was eager to work directly with people and was less interested in 5+ years of grad school, so social work ended up being a good choice for me. there is a huge variety of jobs available within the field of social work; it’s nice to have options. unc has a very strong msw program. i became a mental health clinician initially focusing on working mostly with children and adolescents who have experienced trauma. it’s not everyone’s cup of tea, but 11 years in and i still love it! happy to answer any questions about social work if you’d like more info.']"
604,26,604_cat_cat in_pet_pet cat,"['cat', 'cat in', 'pet', 'pet cat', 'in rams', 'the cat', 'rams', 'animals', 'amp off', 'pet in']","['pet cat in rams? an esa is not a service animal', ""pet cat in rams? hey all, i'm living in rams this coming year and i wanted to bring my new cat! i'll have my own room but i had a few questions -do i need to inform unc? -my cat is registered as an emotional support animal. does this qualify me for a single room apartment in rams through ars? -has anyone had a similar experience with keeping a pet on campus? how'd it go? any advice? thanks!"", ""pet cat in rams? you absolutely need to get permission from housing to have it in your dorm. pets, other than fish, are not allowed unless it meets requirements for service animals or support animals ([here is the policy]( if you want to bring the cat as a support animal for a documented physical or mental disability, you will need to submit a request through ars for accommodation. i don't think the cat itself, even if it is approved through ars, qualifies you for the single room apartment. that may be a separate accommodation, and you already have a single room. you may or may not need to get permission from anyone else in your apartment - though this may only apply to pet fish and not to service or support animals. alternatively, you can sneak the cat in. i know people who have done it before. though, you will probably need the full cooperation of all your roommates in the apartment (and hope no one is allergic). i personally don't think it is worth the risk if you want your cat there just to be there rather than to actually support a disability. edit: just to be real clear here, don't sneak the cat in. it is not fair to anyone living in the apartment or hall with you, and it is completely irresponsible as a pet owner. a cat isn't a decoration that would be nice to have but an actual living being. go through the proper channels. if ars approves your cat as an emotional support animal to help you with a documented mental or physical disability, great. if not, leave the cat at home.""]"
605,26,605_dress_dignity_femme_dressing,"['dress', 'dignity', 'femme', 'dressing', 'to dress', 'gender', 'with dignity', 'man', 'is gender', 'cross']","['""precisely because they are a person they ought to carry themselves with dignity and proper clothing"" implies that you think a man who chooses to wear a dress automatically does not carry themselves with dignity. &amp;#x200b; there\'s a range of reactions you can have when seeing something surprising by another person in public. you can simply try to move on and ignore it, you can gawk and stare, you can take your phone out and record them, you can insult them, you can attack them, etc. obviously just staring at a person and acting a little funny around them is not as bad as the commentors saying they\'ve been harassed and outright called slurs to their face. i\'m not saying you\'re at that level or even close to it. i just hope that the way you treat cross-dressers in public is in line with what you feel is genuinely an appropriate way to treat a person with dignity and respect.', 'i wouldn\'t say i\'m ""comfortable"" being lumped in with being ""perceived as male while dressing feminine,"" but that\'s what people see, so it\'s an accurate description. &amp;#x200b; i am a first year/freshman student from the area. after like the first week of classes i started wearing skirts often again. on top of that i have painted nails, never have facial hair, and wear some jewelry. i am honstly surprised that i have not received any negative comments, even from my male roommate who is from florida. there have been a few times when i am pretty sure that someone was ""disapproving"" or something, but not overt enough that i can be 100% certain (though enough to raise my guard). i do feel like i get a decent amount of who like do a double-take or look at me kinda confused, but it\'s fine enough for me personally. i have not noticed anyone staring at me for longer than a few seconds, and i am typically quite alert to that. &amp;#x200b; i have not noticed any of my professors treating me differently, however it is possible that that is only the case due to my specific classes and/or teachers. &amp;#x200b; in terms of generally ""do i feel safe,"" i would say mostly. when in public places i do not worry for my safety and i often bike so my skirt is tied up and i do not pass people for long often. when i walk alone at night/when it is dark, i pay even more attention to where people are around me and how they are moving. i stay in the lit paths and pay attention to where the nearest bright spot is and where the closest other people are in case i need it. although i have not had anything happen, there have been a few times where i have had to speed up or otherwise change how i am walking because i am worried that someone is following me, however that is not the case. i was legitamtely scared i was going to get jumped once, because a group of white men where walking and as soon as i got near-ish to pass them, one of them said ""hey just wait for me a sec"" and turned my direction. he was only going to take a photo of the scenery, but that legitmately scared me. &amp;#x200b; in terms of advice, i don\'t really have much. i think by nature i am overly cautious and a bit paranoid, so i am extremely aware of my surroundings basically whenever i am alone, but i also know it doesn\'t hurt to be a bit paranoid. if you have femmine-presenting friends, i would definitely encourage you to ask them for style advice if you feel comfortable and/or it is safe to do so, as personally i often find it difficult to know what\'s best, and it means you have someone else with you if you are like shopping physically or the like. i\'m not familiar with any particular place that i would not go on campus, just try and stay in lit areas when it gets dark. on franklin, i have definitely heard some horror stories but have not experienced anything myself. i would mostly just suggest going with someone else if you are going to be there anywhere close to sunset. i never really tried to hide my femme dressing (except when adjusting the first week), so most people either met me while i was dressing femme or saw me not long after. i don\'t know if that will be the case for you though, so i can\'t give much advice if that\'s not the case sorry. &amp;#x200b; in general though, i would say that i feel in general pretty ok, or even good, about presenting femme while in public here. i\'ve received several compliments on my outfits or my nails, which has been very sweet and reassuring. i am pretty sure there are also a few people who gave me compliments related to something of my femme-presentation did so primarily to show support and/or to try and make me feel more comfortable. in general, if you want to dress femme, i would say go for it. at lot goes on in your head when you do, but it makes me happy and i feel largely safe, so it is defintely worth it to me personally. &amp;#x200b; i hope this helps! feel free to pm me if you have other questions that either you or me don\'t necessarily want to put out in this thread. &amp;#x200b; &amp;#x200b; ps: i legit thought this post was about me when i saw it lol. i haven\'t seen many people who appear amab presenting-femme or transfemme, so i was half-expecting for the message to be about me when i clicked on it lol.', ""1. then you're a woman who can dress how you want to dress, but you can't accept a man who chooses to dress how they want? this literally makes no difference, treating people without dignity for personal choices that have absolutely nothing to do with you is wrong regardless of your gender. 2. i didn't tell you how to feel. a racist person will feel uncomfortable around people of certain races. homophobic people feel uncomfortable around gay people. you feel uncomfortable around men who choose to dress like women. my suggestion to the racist, the homophobe, and you are the same: ask yourself why you feel the way you do and if these little things really matter at the end of the day. 3. op is not talking about asking people to be comfortable around them. op is asking to not be harassed or insulted, like some commentators have said their experience has been. feel however you will feel. it's not at all acceptable to express these feelings in a way that threatens the safety of others. i can understand being surprised seeing a man dressed like a woman. i can understand feeling however you feel. it's your job to deal with your own feelings, though. to say that a man who dresses like a woman no longer deserves to be treated with dignity or respect reveals a lot more about you than it does about the cross-dresser.""]"
606,26,606_nyssa_tucker_nyssa tucker_gpsg,"['nyssa', 'tucker', 'nyssa tucker', 'gpsg', 'gpsg pres', 'pres', 'vote nyssa', 'tucker gpsg', 'application bsn', 'explain bad']","['vote nyssa tucker gpsg pres! tl;dr write in nyssa tucker for gpsg pres! •higher stipends💸, admin accountability🏛️, student safety/wellness\U0001faf6, environmental safety testing👩\u200d🔬 •only candidate endorsed by the workers union, and graduate and professional students for the liberation of palestine. the gpsg presidential election is being held today, march 20th from 12:00am to 11:59pm. there are no candidates appearing on the ballot for this race due to actions taken at the unc supreme court against the board of elections. l encourage you to write in nyssa tucker’s name for gpsg president. the election can be found on heellife. nyssa tucker is a 4th year ph.d. student in the toxicology department at unc’s school of medicine. they have served as a senator in the graduate and professional student government (gpsg) for 3 years, where they have consistently advocated for graduate students. they have authored and co-sponsored numerous bills calling for an increase to ph.d. stipends, holding unc administrators accountable, calling for unc to protect international and undocumented students and keep ice off of our campus, and for unc to fully divest from companies that facilitate or enable israel’s bombardment of palestine. nyssa’s gpsg presidential platform focuses on enforcing well-being days in the graduate school, environmental safety testing for lead and pcbs in campus buildings, continuing to advocate for stipends that match the local cost of living, and other measures that put the safety and wellness of graduate students first. nyssa is also the current president of the unc workers’ union. in this role, they organized a massively successful campaign for unc to pay all campus and graduate workers a living wage, delivering a petition with 2,400+ signatures to unc administration on january 31st. they also organized the stand up for science! rally in raleigh on march 7th to protest against federal funding cuts to stem research. nyssa is endorsed by the unc workers’ union and graduate students for the liberation of palestine, both of which can be found on instagram. read more about nyssa’s platform here: nyssa’s campaign instagram: @nyssa_gpsg', 'vote nyssa tucker gpsg pres! 🖤❤️🤍💚', 'vote nyssa tucker gpsg pres! [']"
607,26,607_what year_apply as_year will_be considered,"['what year', 'apply as', 'year will', 'be considered', 'apply', 'can apply', 'considered', 'year', '5th year', 'need necessary']","[""what year will i be considered? if you apply as a first year you're a freshman for things like parking, initial enrollment in the summer, and the first year housing application. for other things like cles, applying for housing again, and enrollment after your very first semester, your credits will be taken into account. if you want to get out in 2 years, that is very doable (depending on the major). if you want to stay for all 4, that's also doable."", 'what year will i be considered? you can apply as a freshman if you want to be considered for first year benefits like more money from scholarships and just stuff like that. but you can also apply as 3rd year it’s up to you', 'in the past, all students had to appeal in order to get a 5th year (or a 9th semester). this was approved in excruciating circumstances when students were not able to graduate with a major. therefore, when such an appeal was approved, there was no option to have minors or other majors. at some point the university changed its policy with regards to transfer students. it was obvious that many of them (especially those who came in as juniors and especially the stem ones) have to take 1 or 2 additional semesters. the policy changed so transfer students (and only transfer students) do not need to appeal for another semester. they can simply take it. after a couple of years running with this new policy, it was determined that we don\'t want to prevent those transfer students from getting a minor or another major and then the rule of ""no more majors/minors after 4 years"" was cancelled. in summary, you can do more than one major if you get approved for an additional semester. however, a need for another major/minor (as well as a need to improve your gpa) will not be a sufficient excuse to have your appeal approved.']"
608,26,608_ambassador_admissions ambassador_phillips ambassador_phillips,"['ambassador', 'admissions ambassador', 'phillips ambassador', 'phillips', 'an admissions', 'ambassador so', 'lead campus', 'ambassadors', 'campus tours', 'tours']","['phillips ambassador acceptance rate and things???', 'tips for applying to nus/ phillips ambassador??', 'how do i apply to be an admissions ambassador so i can lead campus tours? this was very helpful, thank you!!']"
609,26,609_trans_trans housing_housing_pride place,"['trans', 'trans housing', 'housing', 'pride place', 'gender', 'pride', 'this trans', 'joyner', 'other trans', 'to housing']","['trans housing thank you i appreciate this 🙏🏾', ""trans housing my daughter is trans and we are dealing with that now. freshman year she was in pride place, an rlp in joyner hall. that was an application to get in but they reserve half of the beds for freshman. the regular room selection process is tough for transpeople because housing, while empathetic, leaves it up to the students to find an accepting roommate. in other words, transpeople aren't treated any different and are placed based on the gender marker on their documents. last year she ended up off campus because she was on the housing wait list and the gamble of an unknown roommate was too high. this year we are right now trying to decide whether to gamble with room reassignment for a single or go off campus again and take a loss. also joyner is the only hall style dorm with single bathrooms."", 'trans housing limited. you legally cannot dorm with anyone that does not have the same gender marker as yours, so if you haven’t had it updated yet you’ll likely be with someone who is opposite your gender unless you find other trans/nonbinary roommates. pride place is in joyner which is the lgbtq housing on campus but the dorming rules still apply, and it is only one hall in the whole building. the benefit to joyner as a whole though is that the building has single-use bathroom pods, which was a much bigger relief for me as a trans person. your other options are to try to get a single but i wouldn’t count on it. i opted to be an ra, since you get your own single but ofc that comes with having to be an ra (which may or may not be what u want to do) and you don’t have a choice over what dorm your placed in']"
610,26,610_only begin_begin studying_studying my_third year,"['only begin', 'begin studying', 'studying my', 'third year', 'do only', 'my third', 'begin', 'third', 'my major', 'major in']","['do you only begin studying your major in your third year?', ""do i only begin studying my major in my third year? no, it's recommend to start taking classes that will count towards your intended degree requirements in the first semester. you would take a mix of classes for your major and classes that will fulfill general education requirements"", 'do i only begin studying my major in my third year? so if you get an associates degree like the one you get from college, do you skip the freshman classes and go straight to studying your major ?']"
611,26,611_frat court_from frat_court noise_court,"['frat court', 'from frat', 'court noise', 'court', 'sleep from', 'no sleep', 'noise', 'again no', 'frat', 'sleep']","['again, no sleep from frat court noise &gt;granville is literally the only dorm remotely close to frat court again, not true.', 'again, no sleep from frat court noise never said i lived in granville.', 'again, no sleep from frat court noise what dorm?']"
612,26,612_probation_classes scared_failing all_academic probation,"['probation', 'classes scared', 'failing all', 'academic probation', 'of academic', 'scared of', 'my classes', 'all my', 'failing', 'academic']","['failing all my classes, scared of academic probation thank you! may go to caps today and see what i can do.', 'failing all my classes, scared of academic probation this is so kind of you!! 🥺', 'failing all my classes, scared of academic probation']"
613,26,613_thing they_dislike_and thing_can everyone,"['thing they', 'dislike', 'and thing', 'can everyone', 'write thing', 'everyone write', 'they dislike', 'dislike about', 'they like', 'like and']","['can everyone write 1 thing they like and 1 thing they dislike about unc? lots of great restaurants. parking is rough.', 'can everyone write 1 thing they like and 1 thing they dislike about unc? like: the architecture dislike: stem classes are rough', 'can everyone write 1 thing they like and 1 thing they dislike about unc? 1. the people 2. the people.']"
614,26,614_wings_doo wings_doo_wings on,"['wings', 'doo wings', 'doo', 'wings on', 'voo', 'voo doo', 'franklin st', 'st', 'on franklin', 'franklin']","['voo doo wings on franklin st i’ve never had bad service there.', 'voo doo wings on franklin st what?', 'voo doo wings on franklin st disagree']"
615,26,615_nutrition_nutrition major_into nutrition_hard is,"['nutrition', 'nutrition major', 'into nutrition', 'hard is', 'how hard', 'is nutrition', 'major nhs', 'nhs', 'society track', 'get into']","['how hard is it to get into nutrition major? i would assume so, yeah.', 'nutrition major unc how difficult is it to get into the nutrition major here?', 'how hard is it to get into nutrition major? thanks!']"
616,26,616_highest point_point on_the highest_highest,"['highest point', 'point on', 'the highest', 'highest', 'what the', 'point', 'on campus', 'tower', 'campus', 'water tower']","['what’s the highest point on campus? i was there the other day 🥴🥴', 'what’s the highest point on campus? but why do you ask?', 'what’s the highest point on campus? major?']"
617,26,617_to transition_finance law_law engineering_transition into,"['to transition', 'finance law', 'law engineering', 'transition into', 'into finance', 'transition', 'quant', 'finance', 'law', 'engineering']","['how to transition into finance, law, engineering? &gt;quant has passed lol what op is a sophomore', 'how to transition into finance, law, engineering? i will take you up on that offer, thank you', 'how to transition into finance, law, engineering? pm u']"
618,26,618_socially fit_to socially_friends_socially,"['socially fit', 'to socially', 'friends', 'socially', 'make friends', 'transferred', 'fit in', 'in as', 'difficult is', 'friend']","['positive transfer experience don’t let negative posts be the only thing you see! the experience is what you make of it. i’m personally having fun with the activities offered here with their cle. i wanted to brush up on cpr skills and bam! one cpr event right there to get credit for and learn. you also have fun events that give you free things! my friend group is mostly from orientation (try to interact with the group you’re in!) and they take me around franklin street for food! class friends are also a joy to have bc we’re all suffering. classes are fine. they could be better but personal problems are ew. your professors are nerds and will be glad to answer questions tho! choose the right dialogue and you’ll get a yap session about how tim white is a freak (anthro class with dr.hilton if you need a research credit xd) i’m having fun! you just gotta put in more work than before, but you gotta be optimistic about it! good luck! i hope you’re not too jaded by all the negative posts!', ""how difficult is it to socially fit in as a transfer student? i just transferred to unc this year as a junior and honestly it's not too bad at all. most transfers i've met are 20-22, so i really wouldn't worry about age too much. the uni hosts transfer student specific events and unc atmosphere is very friendly in general. oh and a good amount of the transfer students are either out of state or international. i'm only a week in but pretty easy to make friends tbh but yeah if possible, get into the transfer united rlp. you'll be roomed with a bunch of other transfer students and that's been a great pool of friends for me. also the dorms we're in this year are some of the best on campus so that's also a plus. so yeah i really wouldn't worry about it, apparently it's far more welcoming compared to big universities many of my friends came from"", 'i’m transferring in the fall wherever you go there you are! sometimes a transfer can be the best thing but unless you already have a friend at uncg i don’t see that working out better. you will walk in there knowing no one at all. it’s an easier school academically so if you’re having a hard time at unc that could be better for you but otherwise i don’t think it’s a solution to your problems. the easiest places to make friends on campus are 1) the dorms which are hit or miss about having things in common but you can be around other folks frequently, 2) clubs where you have a shared interest with other members, and 3) classes in your major which are usually smaller and again you have a shared interest. i don’t know how many classes you have taken in your major but maybe try to make friends there. talk to someone after class who looks like a potential friend about the assignments. ask them what class they have next. maybe if you don’t have a class right after say “i’m gonna go over to lenoir to grab a bite, you wanna come?” if they say no then it’s “ok see you on thursday.” keep it light no pressure. give it a try — what do you have to lose? you don’t make a friend? well, you said you don’t have any friends anyway so no loss there. hope you can stick it out. in my limited experience information science folks are usually pretty friendly so hope you meet some soon. also go to the game!! everyone wearing carolina blue will be friends!!']"
619,26,619_else ready_move on_ready to_on is,"['else ready', 'move on', 'ready to', 'on is', 'is anyone', 'to move', 'ready', 'anyone else', 'move', 'else']","['is anyone else ready to move on?', 'is anyone else ready to move on?', 'is anyone else ready to move on?']"
620,26,620_bricks_pranked_was pranked_pranked bricks,"['bricks', 'pranked', 'was pranked', 'pranked bricks', 'brick', 'loose', 'tradition', 'stole brick', 'alcoholic war', 'on loose']","['was i pranked? (bricks) no it’s a real thing, i have one too', ""was i pranked? (bricks) '21, i have one in my car."", 'was i pranked? (bricks) i took one']"
621,26,621_stamps_usps_post office_cards,"['stamps', 'usps', 'post office', 'cards', 'sells post', 'post cards', 'that sells', 'mail', 'usps mail', 'send letters']","['anywhere on campus that sells post cards? post office in the student store! they’re like $1', ""where to buy stamps/send letters? there is a post office on franklin st right across from campus. but they are closed and won't open again until monday. sometimes the self-service machines at post offices sell stamps when they are closed. if you can make it to carrboro, the carrboro post office is open from 9:30 until noon tomorrow."", ""unc overdose story the usps is not necessarily an easier target for law enforcement despite what it might seem. there are a few things like a mail cover they can do easily, but actually searching packages requires a much higher bar and can't easily be done by state law enforcement. the uspis gets around some of that by acting under administrative nonmailiability rules that cover controlled substances, allowing them to act more easily as postal authorities and not law enforcement. the packages can be seized but not directly used as evidence in a criminal case. there are also certain classes of mail not sealed against inspection. for a private shipper like ups or fedex, things are far easier. state and federal courts can issue warrants, warrantless searches may be permissible in certain cases, and the carrier can voluntarily provide court-admissible access or data without a warrant.""]"
622,26,622_chat am_am cooked_chat_cooked,"['chat am', 'am cooked', 'chat', 'cooked', 'cooked you', 'transcript', 'booty', 'the transcript', 'kink', 'corny']","['chat am i cooked? i know so many people that use the word chat there', 'chat am i cooked? grow up!', 'chat am i cooked? i ta here and say chat lol']"
623,26,623_drug test_drug_test employees_employees tia,"['drug test', 'drug', 'test employees', 'employees tia', 'unc drug', 'tia', 'employees', 'test', 'does unc', 'jobs drug']","['does unc drug test employees? tia', 'does unc drug test employees? tia', 'does unc drug test employees? tia']"
624,26,624_fake address_verify fake_to verify_verify,"['fake address', 'verify fake', 'to verify', 'verify', 'fake', 'address', 'fakespot', 'o2', 'reviews', 'need to']","['need to verify a fake address use a doctors note. that’s what i did', 'need to verify a fake address could u elaborate for me pls', 'need to verify a fake address could u elaborate on this']"
625,25,625_humanities classes_have terrible_terrible grade_the humanities,"['humanities classes', 'have terrible', 'terrible grade', 'the humanities', 'grade inflation', 'humanities', 'inflation', 'classes have', 'terrible', 'do the']","['do the humanities classes have terrible grade inflation? lol no', 'do the humanities classes have terrible grade inflation? i am not', 'do the humanities classes have terrible grade inflation?']"
626,25,626_2024 classes_not out_out yet_classes not,"['2024 classes', 'not out', 'out yet', 'classes not', '2024', 'fall 2024', 'teaching awards', 'fall', 'yet', 'awards']","['fall 2024 classes not out yet? thank you so so much!!!', 'fall 2024 classes not out yet? thank you!!!', 'fall 2024 classes not out yet?']"
627,25,627_donate_charities_not donate_the charities,"['donate', 'charities', 'not donate', 'the charities', 'charities on', 'donate to', 'to any', 'any of', 'donations', 'asdf']","['do not donate to any of the ""charities"" on campus! i graduated in may and this happened a year ago so still pretty relevant 😭', 'do not donate to any of the ""charities"" on campus! yeah, i was admittedly someone unfortunate enough to fall for this. and like, i never thought i would be that person! it just happened so fast. the guy came out from my peripheral vision and started wanting to shake my hand. that was how they get you. it kind of kicks you into a freeze or flight response. i froze and then next thing i know i was getting pulled off to the side and giving him my name. to increase his credibility as he pulls me off to the side, he gestures and says something along the lines of “let’s step off to the side here to where my associates are helping other students.” i look and there are in fact other students there talking with other people. somehow this makes my brain think this is an okay thing. that i’m not alone. i had a few dollars left over from lunch and i was thinking okay, i can just donate this. but no! next he tells me they only take credit cards! my brain should have kicked in here and told me to just leave but it was weird in that it didn’t. i had committed myself kind of already and i just didn’t know how to back out (it was the weirdest thing ever as my brain was just ignoring all the red flags). by this point my mind is mush. i’ve already committed and i think okay fine, i’ll just donate like $10. here’s where i majorly fcked up. i let them scan my credit card which they wanted to do first before deciding on an amount. like he didn’t specifically say anything about amount. he just said okay let me get your credit card info and my mindless brain was like “okay, here.” then they pull up a screen that shows the donation options. i kid you not the lowest option on that screen was $100.00 and the highest was $500.00! at this point i was panicking internally. like i said things were happening so fast and in retrospect i’m just stunned. anyway i said something like “ i’m a college student do you have anything less?” the guy replies yeah and says they have $30 and $50 dollar donation options. i went with the $30 but i imagine if i had been thinking better i could have got it lower to like $15. showing high amounts to start is a known marketing tactic as it’s easier to convince someone to go with a lower (but still high amount) if they think they are lucking out and not paying a very high amount. granted, if i had had any brainpower i would have just ignored him when he approached me but it was after a long day of back to back classes and so i didn’t have much brainpower left. this is probably me just trying to rationalize my stupidity, however. anyway, i googled asdf after the fact and saw that they had a bad reputation for aggressive solicitations and not spending much on the actual people they claim to help which was just like the cherry on top for my experience. but i guess the point i’m trying to make is that this can happen to anyone no matter how prepared you think you are to resist their tactics. i mean, their literal job is to overcome your resistance and get money. you just have to stand firm and not feel bad about ignoring people who approach you. i mean they literally come to college to prey on you, on us, as college students. stand firm and ignore any and all aholes that approach you and just go to class. that’s the world we live in unfortunately. unless you’re capable of resisting their tactics, but like i said you always think that before they get you.', 'do not donate to any of the ""charities"" on campus! false.']"
628,25,628_best safest_safest way_to raleigh_safest,"['best safest', 'safest way', 'to raleigh', 'safest', 'raleigh', 'get to', 'what the', 'way to', 'the best', 'way']","['what’s the best/safest way to get to raleigh? helicopter.', 'what’s the best/safest way to get to raleigh? even better!', 'what’s the best/safest way to get to raleigh?']"
629,25,629_on statistics_analytics major_and ranking_its prestige,"['on statistics', 'analytics major', 'and ranking', 'its prestige', 'and analytics', 'prestige and', 'statistics and', 'ranking', 'analytics', 'opinions on']","['opinions on statistics and analytics major and its prestige and ranking? is bme the same?', 'opinions on statistics and analytics major and its prestige and ranking? dm’d you a question', 'opinions on statistics and analytics major and its prestige and ranking? thank you!']"
630,25,630_dropping out_of university_dropping_university,"['dropping out', 'of university', 'dropping', 'university', 'failure', 'out of', 'degree', 'springer', 'not failure', 'time off']","[""dropping out of university i'd hate to hear you go and talk about yourself like that. i once felt the same way but i got the support i needed from my cohort and peers. no matter where you choose to go, be it school or a new job, i hope you'll feel better about yourself and see yourself positively. not sure about the springer links, i believe as long as you're still currently registered it's fine. if not - there may be a charge. (take my word for a grain of salt, i'm not completely sure.) i do know a friend who has completed less than two years of school at columbia university. he admits that although some jobs see him as a nondegree holder, he has still have had remarkable job opportunities because having some school is better than having none at all."", 'dropping out of university i think you can word your resume to make partial completion sound less bad. perhaps say “pursued non-academic avenues” or say you couldn’t afford to remain in college, or something. ensure that employers know was your decision and not any lack of ability or skill (even if school was tough, don’t let potential employers know that). your first priority is to focus on acquiring hard skills. i’m unsure what your major is or what your interests are, but there are places like trade schools and community college you can apply to to gain applicable skills. 4-year universities aren’t the end all, not the only option, and not completing a degree at one doesn’t make you less of a person. you can try to find a temporary job and get an online degree for cheaper to gain skills (tech based skills are high in demand these days). from the way you are talking about yourself and titling yourself, i understand that right now you’re not in a good spot, and i want to offer a little encouragement. your life isn’t over. you have some options and ways to make it in this world. i know it’ll be hard, but please don’t let yourself fall into the hole of self-depreciation. you aren’t a failure, you are worthy, and you are good enough. not finishing a unc degree doesn’t determine that for the rest of your life. you’re a human being deserving of love and acceptance and that will never change. please hang in there, there are many, many, many people in your shoes who ended with stable, happy lives. know you are loved, know that you aren’t a failure, and know that you still matter.', ""dropping out of university hey fellas, i'll spare you the story but i am a failure and i'll be dropping out of unc because i'm not good enough. i've got some questions for you all: 1) those familiar with the university libraries / springer link: can i write a script to download every textbook off of springer link before i leave? are there strings attached or are they really free due to the university's subscription? my biggest fear is that every time i download a springer link book there's a hidden charge applied somewhere or i'll need to pay in the future. 2) does anyone know if partially completed school holds any merit in job applications or will i be considered a non-degree holder without any further nuance? 3) share your story or that of someone you know if you think it's relevant. non-traditional students especially. i'll read it no matter how long. thanks for any advice. i wish great things for you all.""]"
631,25,631_north forest_save unc_unc north_forest,"['north forest', 'save unc', 'unc north', 'forest', 'save', 'north', 'increase the', 'forest they', 'made out', 'wood']","['save unc north forest they’re building on south campus. probably should read the most recent master plan.', 'save unc north forest what space?', 'save unc north forest true, however, we are absolutely hurting for money.']"
632,25,632_s11_s11 lot_lot purchase_purchase,"['s11', 's11 lot', 'lot purchase', 'purchase', 'aug', 'pid', 'resident trying', 'use s11', 'aug 1st', 'lot']","[""s11 lot purchase? i was also up trying to see the s11 and couldn't find it, i'll call them now as well"", ""s11 lot purchase? hey guys, i just wonder if anyone knows when s11 will become available to purchase today(a specific time or timeframe) also, i’m the 1st on the waitlist for cd and i wonder if you guys think i can get a cd lot before the semester starts? update: they finally got someone to answer my call but just told me to keep trying online instead of asking for pid and give me a chance to purchase the permit new update at 7 pm: i wasn't able to buy the s11 lot but i did get pulled off the waitlist today for the cd lot."", 's11 lot purchase? was anyone able to buy s11 today?']"
633,25,633_what coding_majors use_language does_coding language,"['what coding', 'majors use', 'language does', 'coding language', 'does comp', 'sci majors', 'coding', 'language', 'java', 'comp sci']","['what coding language does comp sci majors use? so we basically need to know everything', 'what coding language does comp sci majors use? wait did you get assured enrollment', 'what coding language does comp sci majors use? your own language /s']"
634,25,634_guest_guest pass_student guest_at src,"['guest', 'guest pass', 'student guest', 'at src', 'pass at', 'pass tickets', 'tickets for', 'src', 'tickets', 'pass']","['student guest pass tickets for state? yes', 'student guest pass tickets for state?', 'student guest pass tickets for state?']"
635,25,635_new people_to meet_meet new_meet,"['new people', 'to meet', 'meet new', 'meet', 'club', 'free stuff', 'friends', 'good ways', 'new', 'booths']","[""fall fest giveaways and free stuff what is the etiquette for getting free stuff at fall fest? i'm a senior but have never been to it before because i have severe social anxiety and was afraid it would be weird if i went by myself. are most of the giveaways and free stuff from student organizations, and if so, what kind of conversation do i need to make when i go up to all the booths? i don't want to be rude and just walk up to their booths and ask for the free stuff but i'm also not planning on joining any clubs so i was wondering what to say and how to talk to them when going to booths. any tips for a first timer going would also be appreciated in terms of what to do there for fun."", 'what’s the best way to make new friends at unc? hi i’m garrett! i’m 21 (m) i’m here as a performing artist for cirque du soleil for the next month! i want to make new friends and memories while i’m here! (and maybe go on a couple of dates) i don’t have a car, but i live fairly close to campus. i love icekskating, rock climbing, hiking/scenic walks, being outdoors, the gym, movies, trying new things and enjoying good company. could y’all tell me the best way to meet new people while i’m here? places to go, how to meet like minded individuals, etc. thanks!', 'how do you make friends? what do you do on friday nights? a good way to meet people is to find an event happening in the area, go to the event, and talk to someone there and repeat this process in the same place until you become a “frequent” in the established community i know that sounds easier said than done, but to make it easier on yourself find something that happens repeatedly and consistently. for example, if you like rock music go find a club that plays rock music and go maybe once a week and you’ll start to see the same people over and over and they’ll recognize you and you’ll eventually chat with people and get to know them. what are your interests and maybe i can recommend some things happening nearby that you might find interesting and meet likeminded people at? also, do you have any particular circumstances you think might complicate making friends, like being shy, english not being first language, not being from the area, etc?']"
636,25,636_lockers_locker_showers_locker rooms,"['lockers', 'locker', 'showers', 'locker rooms', 'to shower', 'shower on', 'shower', 'are lockers', 'lockers in', 'fetzer']","['lockers in gym? there are lockers in the locker room, which you’d need your own lock for, and lockers on the same floor as the basketball courts, which are similar to the ones at the src and rams. hope this helps!', ""first off, people really aren't watching you even though i know it totally feels like they are. no one's going to be upset with you unless you interrupt their workout or do something really dangerous (mildly dangerous is fine). to answer your questions, the earlier you go the fewer people will be there. definitely avoid 2-5 ish bc that's when a lot of people get out of class and lunch and hit the gym. when you walk in there will be a staff member behind the desk who you should hand your one card to. after checking in you can find a locker to put your stuff in. there are instructions on the lockers for how the locks work. also there are lockers upstairs if the downstairs ones are taken. downstairs has more free weights, racks, and machines. if you want to lift heavy this is the place to go. the machines have diagrams on them explaining how to use them. people tend to line up against the wall closest to the entrance while waiting for racks, benches, or the leg press/hacksquat. if something you want to use is busy you can either wait nearby but a respectful distance away or ask to work in with the person. after you're done with a machine or bench, there are wipes for you to wipe stuff down with. definitely wipe any surfaces you got sweaty. upstairs has a dumbbell area, a crossfit-ish/calisthenics area, a dance studio, and cardio machines. upstairs is more chill (they don't even play music). it's usually less busy than downstairs. if you're only doing dumbbell and bodyweight exercises, or even light barbell movements, then i'd recommend going upstairs. finding a buddy helps with motivation, comfort, and safety. if you feel a sharp, stabbing pain or a grinding pain stop, but soreness is a good sign. give people plenty of space. don't lift more than you can handle to try and impress people. don't throw or drop things unless you have to. always know what you need to do if you fail an exercise (how to safely drop weights, where you'll fall, etc). don't be afraid to ask for help as long as the person you're asking isn't obviously in the middle of something. have fun 👍"", ""lockers in gym? i took lfit in woollen fall of 2021, there are lockers there (you don't need to bring your own lock) but they're not for use for the class however both me and my roommate would stuff our yoga mats (our lfit was yoga) in the lockers and made it fit (barely). so in summary, if whatever you're storing is not as bulky as a yoga mat, then the lockers would be perfect (just don't tell everybody that you're doing it) and as a heads up, they do clean out the lockers every now and then, but if you don't leave your stuff in there overnight you should be fine. my roommate and i always left our mats there so we didn't have to carry them back to our dorm and they were always still there the next day except one time. we just went to the desk and asked about it and got it back. a one-time inconvenience in exchange for never having to carry yoga mats the entire semester, very worth it in my opinion""]"
637,25,637_geog_geog 120_130_or 130,"['geog', 'geog 120', '130', 'or 130', '120 or', 'geog 130', '120', '370', 'geog 370', 'vs geog']","['geog 120 or 130? looks like adrian drummond-cole is new to unc, coming from uc santa cruz. i would just go with whichever class you are more interested in, so sounds like geog 130.', ""geog 120 or 130? i'm deciding between geog 120 or 130 (as you probably got from the title). geog 130 sounds more interesting because the course description includes economic inequality and development, something i'm interested in pursuing in the future. but i can't find the professor on rate my professor, or anywhere else for that matter. does anyone have info about these courses or the elusive professor adrian drummond-cole?"", 'geog 120 or 130? is it hard']"
638,25,638_connectcarolina_access anything_connectcarolina please_my connectcarolina,"['connectcarolina', 'access anything', 'connectcarolina please', 'my connectcarolina', 'can access', 'design problems', 'connectcarolina site', 'site design', 'anything in', 'please help']","[""can't access anything in my connectcarolina-please help! bro got expelled"", 'can\'t access anything in my connectcarolina-please help! hi! i recently got into unc and l\'ve already activated my onyen username and everything. the only thing is, i can\'t access anything in my connectcarolina portal. whenever i try to access my anything, it bring me to a white screen saying ""error getting connect. please contact your system administrator."" i don\'t exactly know who to contact, so i wanted to see if anyone on here could please help me first. thank you!!', ""can't access anything in my connectcarolina-please help! clear your cookies!""]"
639,25,639_major chosen_chosen for_unsure of_desired major,"['major chosen', 'chosen for', 'unsure of', 'desired major', 'chosen', 'high that', 'of major', 'are high', 'the desired', 'unsure']","[""are the chances are high that i don't get the desired major? no problem!"", ""are the chances are high that i don't get the desired major?"", ""are the chances are high that i don't get the desired major?""]"
640,25,640_closed tonight_thursday this_start thursday_this sucks,"['closed tonight', 'thursday this', 'start thursday', 'this sucks', 'finals start', 'tonight and', 'and finals', 'davis is', 'is closed', 'tonight']","['davis is closed tonight and finals start thursday. this sucks … what?', 'davis is closed tonight and finals start thursday. this sucks', 'davis is closed tonight and finals start thursday. this sucks']"
641,25,641_vet_pre vet_vet student_ncsu,"['vet', 'pre vet', 'vet student', 'ncsu', 'ncsu for', 'vs ncsu', 'for pre', 'vet school', 'unc vs', 'pre']","['unc vs ncsu for pre vet student not my experience at all.', 'unc vs ncsu for pre vet student bio!', 'unc vs ncsu for pre vet student n=1']"
642,25,642_ee_ee credit_an ee_internship comm,"['ee', 'ee credit', 'an ee', 'internship comm', 'ee credits', 'the ee', 'credit no', 'no internship', 'credit', 'comm major']","['are the categories ee and e2 the same thing? also what are good ee credits for polisci major? there are lots of options if i remember correctly. but the best way is study abroad. any classes taken abroad count as a ee credit.', 'are the categories ee and e2 the same thing? also what are good ee credits for polisci major? i’m currently trying to plan the rest of my undergrad schedule and i’m confused on if ee (experiential education) is the same thing as e2 (academic internship)? might be a dumb question but i’m stuck because “ee” courses don’t show rlly up on cc. i’m also confused on what ee is tbh. also, if anyone has taken a poli ee credit, which would u rec? thanks in advance!', 'are the categories ee and e2 the same thing? also what are good ee credits for polisci major? [ &amp;#x200b; scroll down to connections&gt;ee. you will find all the classes that count as ee. note that there are sub-categories.']"
643,25,643_gifts_unique gifts_find unique_st to,"['gifts', 'unique gifts', 'find unique', 'st to', 'seeking recommendations', 'deals', 'for places', 'places on', 'unique', 'student deals']","['seeking recommendations for places on franklin st to find unique gifts my muses card shop in carrboro.', ""seeking recommendations for places on franklin st to find unique gifts i'm looking for some places on franklin st to find unique gifts for a few people my family, preferably something non-perishable if you have any food recommendations. does anyone have any recommendations for stores on franklin st?"", 'seeking recommendations for places on franklin st to find unique gifts this and that in carrboro has tons of great gifts!']"
644,24,644_journey with_unc comes_my journey_an end,"['journey with', 'unc comes', 'my journey', 'an end', 'journey', 'comes to', 'with unc', 'to an', 'comes', 'end my']","['my journey with unc comes to an end', 'my journey with unc comes to an end', 'my journey with unc comes to an end']"
645,24,645_spanish_spanish minor_hispanic_linguistics,"['spanish', 'spanish minor', 'hispanic', 'linguistics', 'the spanish', 'minor', 'professions', 'interpretation', 'spanish major', 'hispanic linguistics']","[""having issues with taking classes needed to graduate as hispanic linguistics major and interpretation minor as someone who graduated with those two a few years ago, i'm not surprised it hasn't gotten better. both linguistics &amp; interpreting get ignored by the rest of roms since they are not literature or culture focused (which roms cared about more) tbh there isn't much you can do. i would try asking if you can take any courses in the linguistics department count for the hispanic ling major, though it's possible they will say no. if there are any profs that you have meshed well with, i'd ask them if you can do independent study and/or directed readings. i think dr. aarons did this for one of her translation classes bc it did not quorum one semester. dr. graham would also be a good prof to ask about this. if you really have to drop one, drop the minor. it's nice to have it officially on your degree, but dr. aarons can vouch for you if you need references in the future (she can be kinda harsh in class, but she is more than happy to help anyone who shows interest in pursuing translation in the future!!)."", 'spanish minor for the professions hi, i\'m going to be a freshmen at chapel hill in the fall of this year. right now i am a bio major with a plan to complete the pre-med requirements. however i\'m not sure what to do about spanish, i really enjoyed learning spanish in my highschool and continued it through senior year. at unc i would like to minor in spanish and saw the ""spanish minor for the professions"" which looks useful given that i want to go into a medical field. i\'m worried it will deplete my liking for learning the language but i don\'t want to miss out on a good opportunity to advance my spanish in a medical setting. does anyone that has taken the spanish minor for the professions have any advice on what i should do?', 'having issues with taking classes needed to graduate as hispanic linguistics major and interpretation minor there\'s simply 1. not enough instructors to teach a wide variety of topics. a very narrow selection of the classes in the catalog are being offered for my major. 2. not enough sections that don\'t create time conflicts. i can only sign up for two 600 level classes that count towards my major because they create time conflicts with the third 300 level or above class needed to graduate, along with my last interpretation class needed to graduate with the minor. is there any course of action i can take to deal with this bullshit? it\'s so frustrating and it feels like they don\'t want me to graduate. i already talked with some of the instructors about this and no progress has been made. one of them essentially did the equivalent of ""\\shrug\\ lol ur problem, not changing my section times"". i\'ve worked way too hard to not graduate with this interpretation minor, let alone on time with my major. i would only be enrolled part time for the next semester if nothing changes, and i doubt covenant will give me another extension to account for this. meanwhile, my appointment is open and i\'ve only enrolled in those 2 classes. help.']"
646,24,646_disabled_neurodivergent students_neurodivergent_disabled and,"['disabled', 'neurodivergent students', 'neurodivergent', 'disabled and', 'or neurodivergent', 'unc few', 'about campus', 'few questions', 'students at', 'disability']","['disabled and/or neurodivergent students at unc: a few questions about campus thank you! this is really helpful.', 'disabled and/or neurodivergent students at unc: a few questions about campus', ""disabled and/or neurodivergent students at unc: a few questions about campus i don't""]"
647,24,647_bogus_damage fees_bogus damage_charging bogus,"['bogus', 'damage fees', 'bogus damage', 'charging bogus', 'housing charging', 'damage', 'carolina housing', 'charging', 'fees', 'dispute']","['carolina housing charging bogus damage fees? “it’s a magical place.” - agent coulson', 'carolina housing charging bogus damage fees? thanks for the tip. i emailed to dispute it so i’ll see how that goes.', 'carolina housing charging bogus damage fees?']"
648,24,648_grad has_somehow post_been even_even worse,"['grad has', 'somehow post', 'been even', 'even worse', 'post grad', 'somehow', 'worse', 'post', 'grad', 'worse what']","['somehow, post-grad has been even worse right on!!!', 'somehow, post-grad has been even worse', 'somehow, post-grad has been even worse']"
649,24,649_county_wake county_for wake_county nc,"['county', 'wake county', 'for wake', 'county nc', 'rate for', 'wake', 'acceptance rate', 'rate', 'acceptance', 'rural']","['acceptance rate for wake county (nc) wake county 10-15%', 'acceptance rate for wake county (nc) does anyone know the unc acceptance rate for wake county in nc?? ty!', 'acceptance rate for wake county (nc)']"
650,24,650_our new_congrats to_new students_to our,"['our new', 'congrats to', 'new students', 'to our', 'congrats', 'our', 'new', 'students congrats', 'yes congrats', 'students hope']","['congrats to our new students yes!', 'congrats to our new students congrats!', 'congrats to our new students [']"
651,24,651_with phd_banerjee_abayomi_or banerjee,"['with phd', 'banerjee', 'abayomi', 'or banerjee', 'abayomi or', 'banerjee in', 'professors abayomi', 'phd students', '155 with', 'students over']","['should i take stor 155 with phd students over the summer or with professors abayomi or banerjee in the fall? no', 'should i take stor 155 with phd students over the summer or with professors abayomi or banerjee in the fall? thank u!', 'should i take stor 155 with phd students over the summer or with professors abayomi or banerjee in the fall? thank u!']"
652,24,652_dobbins hill_dobbins_hill apts_at dobbins,"['dobbins hill', 'dobbins', 'hill apts', 'at dobbins', 'large police', 'police activity', 'activity at', 'apts', 'police', 'tower drive']","['large police activity at dobbins hill apts no bond!! crazy', 'large police activity at dobbins hill apts', ""large police activity at dobbins hill apts update 2: while out on his no-bond release, the defendant was charged with leading lenoir county deputies on a chase in a stolen motor vehicle. bond was set at $30k, which means $3k was likely paid to the bondsman, and he was released again. chpd/orange da also added charges for possession of a machine-gun without lawful approval under a state statute enforcing the national firearms act (under which only pre-1986 machine guns may be lawfully owned by civilians with atf approval of each transfer) arising out of the same incident. even after the charges in lenoir county, orange county magistrates again allowed him to promise to appear without further bond on the increased gun charges. update: an 18-year old black male was arrested at 2:12 am saturday on misdemeanor charges alleging that he was seen on video shooting a firearm at the dobbins hill apartment complex and picking up the casings thereafter. he was released with no bond required later that morning by the magistrate and will appear in court next on the 27th. source: 25-cr-252055, orange district court, [charging document]( he was also charged with possession of scales and bags for drug purposes. he was not charged with assault, so it is not clear if the shots were specifically fired at any individual. it's not clear how police became aware of the incident, or what occurred between their initial response and his arrest about 1.5 hours later. notably, his residence is listed as the hamlin park complex, not dobbins hill where the alleged shooting and his arrest occurred. it's also not clear if the video refers to security footage viewed by officers after arriving to the scene, or a social media video that initially alerted them. a significant portion of the town's police responded to dobbins hill apartments, chapel hill (adjacent to 15-501 between sage rd and erwin rd) at around 12:40am today with around ten units still present. not yet reported in any media so far. will update this post when any information is found.""]"
653,24,653_revocations_revocations come_visa revocations_visa,"['revocations', 'revocations come', 'visa revocations', 'visa', 'come to', 'resistance', 'that resistance', 'visas', 'come', 'travel restrictions']","['visa revocations come to unc nazi', 'visa revocations come to unc about time!', 'visa revocations come to unc 😂']"
654,24,654_tents still_the tents_still up_tents,"['tents still', 'the tents', 'still up', 'tents', 'are the', 'vietnam', 'still', 'drafted', 'iraq', 'pointless']","['are the tents still up reddit 😞', 'are the tents still up does it really matter?', 'are the tents still up yes']"
655,24,655_mcgill_mcgill is_canada_to mcgill,"['mcgill', 'mcgill is', 'canada', 'to mcgill', 'in canada', 'at mcgill', 'the us', 'mcgill and', 'mtl', 'difference']","[""i also chose between unc and mcgill, honestly initially the weather and environment made a big difference, which might sound unimportant, but my mental health has been so much better and i think that's in large part due to the relaxed feel and warm weather. i had been set on mcgill and appreciated the french aspect, but i am so happy with my decision. with that being said, unc ended up free for me due to financial aid, and the opportunity to save that much money at mcgill is so worth it. they're both excellent schools with very different feels and i could give you a million reasons to choose carolina, but if the money is important to you, i would choose based on that. going to school debt-free is definitely the best decision i've ever made"", ""from what i hear, mcgill's strength are its academic rigor, its good reputation, the city of montreal, and its cosmopolitan culture; on the other hand, its administration has a bit of an indifferent, sink-or-swim, you're-just-a-number reputation and there's not much that unifies the student body. it also cannot be denied that mcgill has long, cold winters. unc's reputation, in comparison is for being more student-centered and more unified as a student body. it goes without saying that the weather is much more mild. like mcgill, it is considered an academically elite public institution. compared to mcgill, it is not as cosmopolitan, though it is more diverse than ever."", 'hi! i am also class of \'28 trying to decide between unc and mcgill. i was born and raised in chapel hill a mile from campus, and basically everyone i know goes to/has gone to unc. but i\'m currently in mtl touring mcgill! academically, it seems to me that they\'re both comparable. if you are interested in business, the b school at unc is very very very good but difficult to get into because so many people apply. i have no idea about business at mcgill. that being said, once you\'re in the b school, i\'ve heard that classes are not challenging... even though i am someone who wants to leave chapel hill in part because i\'ve grown up on franklin street, i must admit that the unc campus is stunning. it\'s much warmer than the mcgill campus, and it\'s integrated with nature. of course, i\'ve been habituated to the beautiful forests and greenery in north carolina, so maybe i\'m a non-objective judge. as opposed mcgill, at unc you can switch your field of study/""faculty"" with ease, and most people oscillate between majors/fields for their first two years of college. it is very much a liberal arts school. the unc campus and student body are both extremely vibrant. there is certainly a range of students at unc, but it is generally more preppy/entrenched by southern comfort suburbia than mcgill. if it appeals to you, unc retains the stereotypical usa collegiate-sport-tailgate experience - rather than clubbing in downtown mtl, you might pregame football and then hit a smaller but spirited bar in downtown chapel hill. i was also accepted to duke and i must say that i strongly prefer unc to duke solely because the culture at unc is so warm. that being said, i have friends at mcgill, from chapel hill, who absolutely love it. it seems the mcgill student body is very joyful and connected (much more so than uoft 🤣) and within the community there exists a similar vibrant feel as at unc. certainly, however, mcgill students are more stylish than at unc! i don\'t love that everyone wears black in mtl, but i guess that\'s part of city life? i don\'t know, just an observation. i also feel that at mcgill, one will be forced to live independently and take on the role of being an adult much sooner than at unc, where the adolescent spirit thrives. as someone who\'s grown up in chapel hill, if i could attend mcgill for a more affordable price than unc, i think i would. but maybe had i grown up in canada, i\'d want to leave to the states. so i guess to summarize, the academics seem comparable to me. and while the cities in which the universities remain are polar opposite but both lovely, the student spirit within each seem vibrant and welcoming. anyway, i commiserate in being unable to decide. it literally keeps me up at night on a daily basis. 2 months is not enough time to decide but whatever']"
656,24,656_regrets from_your regrets_think others_others should,"['regrets from', 'your regrets', 'think others', 'others should', 'took advantage', 'from undergrad', 'regrets', 'and things', 'things you', 'you took']","['what are your regrets from undergrad and things you took advantage of that you think others should do if i could do it again i would go to every single football game i could', 'what are your regrets from undergrad and things you took advantage of that you think others should do i regret not studying abroad too.', 'what are your regrets from undergrad and things you took advantage of that you think others should do too much drink and drugs']"
657,24,657_graduation_approval for_approval_graduation application,"['graduation', 'approval for', 'approval', 'graduation application', 'for graduation', 'graduation status', 'in cc', 'status', 'will graduation', 'status change']","[""approval for graduation i haven't heard back either."", 'approval for graduation i haven’t heard back either', 'approval for graduation i heard back']"
658,24,658_12 pages_1st day_hw the_day back,"['12 pages', '1st day', 'hw the', 'day back', 'pages of', 'of hw', 'the shooting', 'the 1st', 'pages', 'back from']","['12 pages of hw the 1st day back from the shooting', '12 pages of hw the 1st day back from the shooting', '12 pages of hw the 1st day back from the shooting']"
659,24,659_that mohammed_mohammed_mohammed the_the prophet,"['that mohammed', 'mohammed', 'mohammed the', 'the prophet', 'prophet was', 'pit said', 'prophet', 'he right', 'woman is', 'was white']","['the guy in the pit said that mohammed the prophet was a white woman. is he right? lowkey it makes sense.', 'the guy in the pit said that mohammed the prophet was a white woman. is he right? can someone explain?', 'the guy in the pit said that mohammed the prophet was a white woman. is he right? could be 🤷🏼\u200d♀️']"
660,24,660_carpool_rtp_in rtp_to carpool,"['carpool', 'rtp', 'in rtp', 'to carpool', 'carpool buddy', 'car who', 'anyone working', 'rtp during', 'for carpool', 'who be']","[""is there anyone working in rtp during the summer (with a car) who'd be willing to carpool? yes, here's a video showing how to do it"", ""is there anyone working in rtp during the summer (with a car) who'd be willing to carpool?"", ""is there anyone working in rtp during the summer (with a car) who'd be willing to carpool? thanks for the tips!""]"
661,24,661_get spring_spring break_else not_break,"['get spring', 'spring break', 'else not', 'break', 'did anyone', 'not get', 'anyone else', 'spring', 'break did', 'else']","['did anyone else not get a spring break unfortunately, this is the norm. most of my classes assigned homework over break', 'did anyone else not get a spring break fuck that homework. ""c\'s get degrees"".', 'did anyone else not get a spring break notice how they mentioned, assigned the first day of break.']"
662,24,662_people as_meet people_ways to_transfer to,"['people as', 'meet people', 'ways to', 'transfer to', 'to meet', 'ways', 'as transfer', 'meet', 'transfer', 'instagram']","['ways to meet people as a transfer to unc? just got accepted for fall as well, feel free to pm me', 'ways to meet people as a transfer to unc? i’m in the same boat. i’m coming all the way from cali😭', 'ways to meet people as a transfer to unc? @makennagonzo']"
663,24,663_110 shirt_shirt making_green comp_the green,"['110 shirt', 'shirt making', 'green comp', 'the green', 'making fun', 'shirt', 'guy in', 'fun of', 'green', 'the guy']","['to the guy in the green comp 110 shirt making fun of me in class found the guy in green.', 'to the guy in the green comp 110 shirt making fun of me in class what class is this? sorry', 'to the guy in the green comp 110 shirt making fun of me in class']"
664,24,664_resolutioners_years resolutioners_not packed_gyms not,"['resolutioners', 'years resolutioners', 'not packed', 'gyms not', 'new years', 'packed with', 'the gyms', 'when are', 'packed', 'with new']","['when are the gyms not packed with new years resolutioners? before 1 usually', 'when are the gyms not packed with new years resolutioners? late february', 'when are the gyms not packed with new years resolutioners?']"
665,24,665_masters_masters degree_degree worth_is masters,"['masters', 'masters degree', 'degree worth', 'is masters', 'ux', 'have masters', 'degree', 'worth it', 'unc have', 'ma']","['is a masters degree worth it i guess experience and internships is the main thing holding me back. i joined the bsis as a junior, and was mainly taking pre-reqs to get in first semester junior year, and then electives while i waited to see if i got accepted 2nd semester. i’m planning on doing a lot of self-teaching and projects over the summer to hopefully land a part time internship by next january, but i know it’s going to be hard to. i’ve also considered take a gap year before applying to jobs to also build up my portfolio, maybe do one of those boot camps for ux ui, but i know my parents would be super confused and constantly worried and badgering me about a job since i really had to convince them that switching to bsis this late was good for me, so i was considering a masters since i don’t really know what to do besides continue my education right now', ""is a masters degree worth it could you tell me the reason why you don't recommend it?"", ""is a masters degree worth it i graduated with a bsis from unc and have been working in ux design at a big company for 5 years. i also considered pursing the msis but ended up not going that route, so i'll speak to that. the majority of the ux field is made up of people with a diverse set of backgrounds that pivoted to pursue ux. a lot of people are self-taught, which is super cool. so a masters degree is definitely not required! i'm currently a senior ux designer and have worked at 2 large tech companies. reflecting on the past 5 years, i don't think a masters degree would have helped me any more than my bachelors degree. the hardest part of my job isn't what i learned in the classroom like balancing design principles or conducting research, it's stakeholder management, negotiation, influencing high level strategy, etc, which i don't think can be taught in any level of education. you learn how do to those things by being on the job and doing it. that being said, there are more ux researchers at my company with graduate degrees than ux designers. but i think that's because uxr is a great role for people with a background in academic research, rather than people going to graduate school specifically to pursue uxr. now i don't have a masters degree so i can't say for certain how much higher your pay would be, but imho i think it would be negligible. especially since you'd be forgoing a couple years of experience and full time salary to pursue the graduate degree. lets say you get the msis and enter the workforce in 2027 with a slightly higher pay than those without an msis. if you entered the workforce in 2025 and worked for a couple years, with raises/promotions by 2027 you could be making more than you would have if you started working that year with a masters degree. i would say it all depends. do you have work experience and internships in ux or informatics? if not and you feel like that's going to hold you back from landing a full time job, then maybe a masters is the way to go to just have some more time to get experience and build a solid portfolio/resume. but if you do have work experience or are planning on interning your senior year, i would skip the masters degree and apply for full time jobs. all that being said, if having a masters degree is important to you, then go for it. 5 years post-grad, i can't see myself going back to school, my brain just doesn't work like that anymore :)""]"
666,23,666_the prereqs_optics_appl430_math590,"['the prereqs', 'optics', 'appl430', 'math590', 'prereqs', 'an invitation', 'invitation to', 'prereqs where', '03 without', 'taking math590']","['an invitation to join my optics class (appl430) this semester! this semester, i am offering a course called optical instrumentation for scientists and engineers. (appl 430, tth: 09:30 am-10:45 am). i am advertising it here to encourage anyone interested in optics, computational imaging, and hands-on experience to consider signing up for the class. we have a rather low enrollment (6 people so far), and room to include a few more students. this is a lecture that i am currently expanding with new activities in the lab during lecture hours. you will get a chance to work with lasers, build a microscope, and make holograms !) there are no critical prerequisites (although some experience in cs / math is helpful, it is not critically needed, we also welcome the usage of chatgpt to rapidly create and troubleshoot code). curious, interested? ask me anything!', 'taking math590-03 without the prereqs, where can i learn/refresh on the prereqs? thanks!', 'an invitation to join appl430 hands on course on optics and microscopy for the spring semester, i am offering a course called optical instrumentation for scientists and engineers. (appl 430, tth: 09:30 am-10:45 am). i am advertising it here to encourage anyone interested in optics, computational imaging, and hands-on experience to consider signing up for the class. we have a rather low enrollment (7 people so far), and room to include a few more students. this is a lecture that i am currently expanding with new activities in the lab during lecture hours. you will get a chance to work with lasers, build a microscope, and make holograms !) there are no critical prerequisites and i am happy to waive the listed math prereq - simply email me.(although some experience in cs / math is helpful, it is not critically needed, we also welcome the usage of chatgpt to rapidly edit and troubleshoot code and avoid waisting time troubleshooting syntax). curious, interested? ask me anything! will respond in comments']"
667,23,667_game_the virginia_virginia game_unc duke,"['game', 'the virginia', 'virginia game', 'unc duke', 'duke 11', 'game in', '11 11', '11', 'in porto', 'porto']","['unc duke game in porto, portugal just like the london post, this feels like a long shot, but here it goes. does anyone know of a place to watch the game in porto, portugal? thanks in advance!', 'what time is the virginia tech game? acc announces game times on a week to week basis. it’s mainly to see who is good and who isn’t and which matches have the potential to have a lot of eyes on them. tv contracts rule everything. the league doesn’t care about students watching the game and/or planning their saturday around it. probably plan on either a 12 or 3 kick. i don’t imagine we get any prime time matchups until we can prove we can play some damn defense and compete in the conference.', 'what time is the virginia tech game?']"
668,23,668_msw_msw program_amp questions_program acceptance,"['msw', 'msw program', 'amp questions', 'program acceptance', 'acceptance amp', 'acceptance', 'program', 'online msw', 'amp', 'december 10th']","['msw program acceptance &amp; questions did you guys hear back yet?', 'msw program acceptance &amp; questions yes!', 'msw program acceptance &amp; questions good luck to both of us']"
669,23,669_lottery entries_entries empty_entries_student lottery,"['lottery entries', 'entries empty', 'entries', 'student lottery', 'lottery', 'empty', 'the lottery', 'enter', 'enter the', 'empty yes']","[""student lottery entries empty? no it's random since it's a lottery"", 'student lottery entries empty? yes there is a limit. you can only enter the lottery once.', 'student lottery entries empty? hit done']"
670,23,670_credible pre_vet option_hill credible_vet,"['credible pre', 'vet option', 'hill credible', 'vet', 'credible', 'pre vet', 'is chapel', 'option', 'pre', 'vet school']","['is chapel hill a credible pre-vet option? nc state has a very good vet program. i would look there before chapel hill', 'is chapel hill a credible pre-vet option? ok? unc oos is $29k', 'is chapel hill a credible pre-vet option? ncsu has a vet school and its gpa is much easier']"
671,23,671_best fastest_fastest way_fastest_get around,"['best fastest', 'fastest way', 'fastest', 'get around', 'around campus', 'bike', 'bikes', 'way to', 'what the', 'around']","[""what's the best/fastest way to get around campus? pls don’t get those stupid scooters"", ""what's the best/fastest way to get around campus? i bought a bike too!"", ""what's the best/fastest way to get around campus? i used to bike""]"
672,23,672_did differently_differently as_you wish_wish you,"['did differently', 'differently as', 'you wish', 'wish you', 'freshman at', 'differently', 'things you', 'wish', 'you did', 'as freshman']","['things you wish you did differently as a freshman at unc? use the writing and learning center!', 'things you wish you did differently as a freshman at unc? leave', 'things you wish you did differently as a freshman at unc?']"
673,23,673_acc_the acc_rip acc_sec,"['acc', 'the acc', 'rip acc', 'sec', 'conference', 'the sec', 'rip', 'kentucky', 'the big', 'big ten']","[""rip acc? i don't want unc to leave the acc!"", 'rip acc? uconn- nope. they have the men\'s basketball history but their football program is horrendous. their baseball team has been good in recent years. maryland- nope. recently left the acc for big ten money. vanderbilt- maybe. the sec might want ""room"" in the conference, and making a deal of some sorts with the acc could be advantageous. the men\'s basketball and football programs suck, but the baseball program is excellent. maybe vanderbilt could become a middle of the road acc team in football and basketball. the academics would be a good fit too. kentucky- when hell freezes over (aka nope). kentucky is getting that sec money and they can handle sec football and basketball. the big 12 got three of the promising ""available"" schools (ucf, houston, cincy) after texas and oklahoma announced their sec plans. those three schools aren\'t going anywhere. getting notre dame as a full member is the white whale. west virginia is a possibility, but less likely as right now it seems like the big 12 is more likely to expand, rather than fall apart. memphis seems like a better possibility as they got snubbed by the big 12, and their men\'s basketball and football programs provide value. also fits in academics wise as an r1 university. if the pac-12 folds, the acc could pull a big ten and look west. the resumes of stanford, uc-berkeley, washington, and oregon would all fit in the ""acc"" but i guess you would have to rename the conference (and many fans would hate the oddly timed games). there are ""one-trick ponies"" like appalachian state that could be good acc programs in one sport (i.e. football) but do not fit in otherwise. &amp;#x200b; now to unc leaving the acc. usc and ucla threw tradition in the dumpster going to the big ten, so any sort of ""tradition ties"" a school may have to a conference are further weakened. one tradition that will complicate a move is the unc-duke rivalry. unc and duke want to play each other at least twice a year, and you aren\'t getting that in non-conference play. i think the sec would like unc, but they won\'t take duke. rumor is they would be willing to take virginia and unc would get ""new rivals"" in kentucky, florida, and tennessee (along with virginia) in the sec and play duke in non-conference play. apparently the big ten is more open to taking duke than the sec, so perhaps that is a more likely landing spot.', 'breaking: unc cuts all six area studies research centers, effective 2026 schools like unc and the rest of the acc are still decades ahead of sec schools in terms of academics—by pretty much any metric. they didn’t get there because they have good sports teams. moreover, massive federal funding for schools like duke and unc are the reason that they have premier medical schools and hospitals, etc.—it has absolutely nothing to do with sports. johns hopkins receives the largest amount of federal funds for research—i haven’t seen their football program dominating anyone. anyway, you can see below that the current list of top acc schools is substantially longer than the sec. acc (11 of the top 51 [us news]) 4. stanford 7. duke 15. cal (berkeley) 20. notre dame 26. unc 26. virginia 32. georgia tech 36. boston college 51. florida state 51. virginia tech 51. wake forest sec (5 schools in top 51) 17. vanderbilt 30. florida 30. texas 46. georgia 51. texas a+m the bigger difference is probably in the bottom part of the distribution. there is one acc school outside the top 100 universities in america (louisville). there are 11 sec schools outside the top 100 (auburn, missouri, tennessee, oklahoma, south carolina, kentucky, alabama, lsu, ole miss, arkansas, miss. st.). acc 64. nc state 64. miami 69. pitt 75. clemson 75. syracuse 88. smu 158. louisville sec 102. auburn 102. missouri 102. tennessee 110. oklahoma 127. south carolina 143. kentucky 169. alabama 169. lsu 169. ole miss 183. arkansas 208. miss st.']"
674,23,674_briar_briar chapel_to briar_don move,"['briar', 'briar chapel', 'to briar', 'don move', 'hoa', 'move to', 'neighborhood', 'stormwater', 'hoas', 'the hoa']","['don\'t move to briar chapel briar chapel - nc this post is to share some concerns about the briar chapel neighborhood and its homeowners association (hoa) that potential homebuyers should be aware of. having lived in briar chapel or briar (crappel) for several years, i have experienced firsthand the issues that can arise from the hoa\'s policies and management. while the concept of an hoa can be beneficial for maintaining the aesthetics of a neighborhood, the reality here has been quite different. here are some of the reasons i strongly urge you to reconsider buying a home in this neighborhood: 1. restrictive rules: the hoa enforces a long list of rules and regulations that can be overly restrictive. these rules extend to the smallest details of home appearance, landscaping, and even the color of your front door. they sent out over 200 violations just last week! meanwhile they cannot keep the common hoa controlled areas to the same standard they demand of residents. 2. lack of transparency: the hoa board has been criticized for its lack of transparency in decision-making and expenditure. residents often feel left in the dark about how their money is being spent. 3. ineffective communication: communication with the hoa can be frustratingly slow, unprofessional and rude, making it difficult to address concerns or obtain necessary approvals for home improvements. 4. inflexibility: the hoa can be rigid and unyielding when it comes to accommodating individual homeowner needs or unforeseen circumstances. (one example is of an elderly neighbor cited and sent a $$$ violation for having a few clumps of grass in her mulch bed!) 5. enforcement issues: inconsistent enforcement of rules can lead to disputes among neighbors, creating a tense atmosphere within the community. while briar chapel may have its appeal in terms of location or aesthetics, the restrictive and costly nature of the hoa can outweigh these benefits. before making a decision, i strongly recommend that you thoroughly research and consider the implications of living in a neighborhood with such an hoa. it\'s essential to weigh the advantages and disadvantages carefully and assess whether the hoa\'s policies align with your lifestyle and preferences as a homeowner. i would also encourage you to speak with current residents to gain a more comprehensive understanding of their experiences. an please google the ""sewage"" issue we have here with old state north and chatham co.', 'don\'t move to briar chapel &gt;they\'ve offset a huge portion of responsibilities (road maintenance, stormwater retention, etc.) to neighborhood hoas. first, brier chapel is in unicorporated land, not a municipality, so this (wrong) claim is completely irrelevant to briar chapel. stormwater retention is required by state and federal environmental laws. almost all stormwater retention has been required to be done on site, with expenses borne by the developer/property owner for at least the last 15 years. finally, the entitlement of these claims, as if building a huge residential development for profit should not coincide with ""shouldering"" some of the externalities of such a venture, just patently absurd. &amp;#x200b; hoas are a legacy of the racially discriminatory housing systems of the mid 1900s and should be abolished. most hoa board members are petty tyrannical assholes.', 'don\'t move to briar chapel i\'m going to engage here in good faith, because this is something i\'ve recently had to deal with in my own municipality (carrboro) and my hoa. &gt;first, brier chapel is in unicorporated land, not a municipality, so this (wrong) claim is completely irrelevant to briar chapel. apologies for the slip in terminology. you\'re totally right. brier chapel is not part of a city/town municipality. but it is part of chatham county, which has its own governing body. i don\'t know who specifically paid for the infrastructure in that specific neighborhood, or who pays for its maintenance. some roads, for instance, may be under ncdot, but i imagine many of them are maintained by the residents (i.e., the homeowners association). also, i think you missed my point. local government--state, county, city, whatever--used to be responsible for taking care of a lot of this infrastructure. but it isn\'t anymore. who should be responsible? &gt;stormwater retention is required by state and federal environmental laws. almost all stormwater retention has been required to be done on site, with expenses borne by the developer/property owner for at least the last 15 years. we agree? i think? but initial infrastructure expenses are paid by the developers, but stormwater control measures (scms) are handed off to the residents when a certain percentage of property is purchased. in my neighborhood (which is in carrboro town limits), homeowners pay 100% of the cost to maintain our scms. who else should be responsible? the county? the town? &gt;finally, the entitlement of these claims, as if building a huge residential development for profit should not coincide with ""shouldering"" some of the externalities of such a venture, just patently absurd. i think we might agree on this point, too? developers should bear those initial costs, because they have the most profit to gain. but municipalities and counties (and, to a lesser extent, utilities) have a vested interest in kitting out new housing for residents, so they often work together with developers to provide that infrastructure. when things gets turned over to the residents, someone has to maintain all that infrastructure. so, again, my question: who should be responsible, in your opinion? &gt;hoas are a legacy of the racially discriminatory housing systems of the mid 1900s and should be abolished. most hoa board members are petty tyrannical assholes. totally agree about their legacy. hoas come from heinous systemic racist real estate practices. a lot of municipal and county governments also participated in the same sort of noxious racist shit (redlining, for instance). but, again (and i know i keep coming back to this): who should be responsible for all of these things?']"
675,23,675_thanksgiving break_during thanksgiving_shit due_due during,"['thanksgiving break', 'during thanksgiving', 'shit due', 'due during', 'have shit', 'thanksgiving', 'break', 'do we', 'why do', 'due']","[""why do we have shit due during thanksgiving break? elon's working why are you so lazy? /s"", 'why do we have shit due during thanksgiving break? thumbs up. exactly!', 'why do we have shit due during thanksgiving break?']"
676,23,676_average stats_considered average_oos admission_stats for,"['average stats', 'considered average', 'oos admission', 'stats for', 'are considered', 'for oos', 'oos', 'average', 'considered', 'stats']","['what are considered “average” stats for oos admission? much easier to get in as a sophomore transfer from oos.', 'what are considered “average” stats for oos admission? you got this, champ!', 'what are considered “average” stats for oos admission? pretty sure it’s tomorrow!']"
677,23,677_veteran_as veteran_veterans_unc veterans,"['veteran', 'as veteran', 'veterans', 'unc veterans', 'in as', 'chances of', 'getting in', 'of getting', 'chances', 'rob']","['chances of getting in as a veteran reach out to rob palermo at the carolina veterans resource center. he is the guy. he will help you out', 'chances of getting in as a veteran i’ll definitely look into that! thank you!', 'chances of getting in as a veteran i’ll definitely reach out!']"
678,23,678_how am_am supposed_to class_supposed to,"['how am', 'am supposed', 'to class', 'supposed to', 'supposed', 'get to', 'jones ferry', 'bus', 'and ride', 'park and']","['how am i supposed to get to class? the town of chapel hill has free buses, and there are park and ride lots.', ""how am i supposed to get to class? i think it's more than $50 a year"", 'how am i supposed to get to class? friday center park and ride']"
679,23,679_sport_and sport_about exercise_science sport,"['sport', 'and sport', 'about exercise', 'science sport', 'sport administration', 'sport science', 'exercise and', 'exercise', 'administration', 'ap']","['question about exercise and sport science, b.a. - sport administration not for the sport admin track.', 'question about exercise and sport science, b.a. - sport administration my mistake', 'question about exercise and sport science, b.a. - sport administration']"
680,23,680_fc_fc quant_quant_quant classes,"['fc', 'fc quant', 'quant', 'quant classes', 'easy fc', 'little math', 'math science', 'any easy', 'quant and', 'science person']","['any easy fc quant classes with very little math? math 130', 'fc-quant and fc-lab for non-math/science person thx', 'any easy fc quant classes with very little math?']"
681,23,681_accbf_accbf scam_to accbf_give money,"['accbf', 'accbf scam', 'to accbf', 'give money', 'don give', 'scam', 'money to', 'cancer', 'fund booth', 'american childrens']","[""don't give money to accbf scam uhhh what should i say when i needed to dispute the charge."", ""don't give money to accbf scam those people standing outside lenoir dining and unc stores. if you check between other college subreddits they seem to be a scam. very shady how they hold you and make you feel guilty. then they coerce you into donations starting from 100 to 350. don't give into their scam. just say no thanks and walk past. also if u have given your card info, freeze it and change your card. seems like they take pics of it. also just dispute the charge to get your money back. edit: if u know anybody who's donated or is about to please spread the word edit: if anyone wants to read about what it is like working for accbf i found this post. [ tldr: trashy organization where 40% goes to corporations pockets while 60% goes to charity. also those people get commission for the donations they coerce out of people. based on the post, united breast cancer foundation and autism spectrum disorder foundation is in the same crowd. don't donate to those either. it's like some weird mlm scheme where they go around colleges scamming students"", ""don't give money to accbf scam there’s nothing administration can do, it’s a public campus.""]"
682,23,682_ea stats_state ea_aps_ea,"['ea stats', 'state ea', 'aps', 'ea', 'uw', 'stats', 'in state', 'ecs', 'act', '1k']","['in state ea stats 4.68w, 3.96uw, 1500 sat, 34 act, school doesn’t rank students, 6 aps (-1 in schedule change bc only psych teacher left the school), +1 self study for ap physics 1 exam awards/ecs: nhs, snhs, junior marshal, questbridge college prep scholar (also ncm finalist but forget to update ☠️), tutor, varsity soccer, theatre for 4 years, choir, and volunteering with mom’s charity essays: strong but not insanely good or creative 7.35/10 hooks: low income, dead dad, low academically achieving school', 'acceptance chance rising sophmore in florida hs taking 4 aps next year current stats: 3.96 uw 4.7 w research to be published in a scientific peer review journal highest classes in all subjects 4 aps next year 14 aps planned 31 pact intern at millions dollar company job making 1k a week counselor 250 volunteer hours non profit raised 1k making a new one to raise 1k a month fbla states speech and debate next year robotics chinese nhs with a in honors class did multiple ais one to help a business investments worth 10k ai investing that i trade with business ai to help scale businesses using it at internships and jobs', 'chance rising sophmore in florida hs taking 4 aps next year current stats: 3.96 uw 4.7 w research to be published in a scientific peer review journal highest classes in all subjects 4 aps next year 14 aps planned 31 pact intern at millions dollar company job making 1k a week counselor 250 volunteer hours non profit raised 1k making a new one to raise 1k a month fbla states speech and debate next year robotics chinese nhs with a in honors class did multiple ais one to help a business investments worth 10k ai investing that i trade with business ai to help scale businesses using it at internships and jobs']"
683,23,683_club_hiking_hiking club_running clubs,"['club', 'hiking', 'hiking club', 'running clubs', 'running', 'clubs on', 'marathon', 'beginner', 'outing club', 'outing']","['beginner-friendly hiking club? hi! i’m new to unc and i’m interested in hiking recently. however, i’m a complete beginner with no prior experience. are there any hiking clubs or groups that are open to newcomers? i’d love to join a group that’s beginner-friendly and welcoming. any recommendations would be greatly appreciated! (i reached out to carolina outing club, but i have not received any response from them.)', 'hiking club at unc there is carolina outing club, which i honestly would not recommend if you are looking for more difficult hikes and a consistent community. the sign-ups they open each week are space-limited, and there’s about 300 people in the club, so usually it’s a different group each week. amazing idea for a club and no hate, but it’s simply not a tight-knit group. maybe that’s a bit tangential, but i think it’s relevant when looking into clubs. also, the hikes specifically available through coc are usually more like walks on pretty flat terrain. they do have a lot of cool different outdoors activities though, like paddle boarding or runs. you should definitely start a hiking club!', 'considering joining unc marathon team. would like to hear experiences from current/past members 5pm, m-f, and sunday 9am or 7am (depending on season). always starting outside fetzer (very occassionally in that field nearby if the building will close early, or if it\'s a collab with running club). 2-3 races a semester. first practice is 3 mi - so you should be able to do that. obviously, it does ramp up. the runners range from people training to try to complete their first half marathon, to runners trying to compete and win in their age groups for fulls. if you\'re more in the first category, you might be running with more youngsters. all practices are optional. you also don\'t need to pay dues just to show up and run, but you do if you want race lodging. individually runners might be more or less serious, but the club is definitely very chill. it\'s more of a club than a ""team""... i know a lot of the sport teams here are very intense about commitment, but this one is not.']"
684,23,684_tampering and_drink tampering_carolina drink_tampering,"['tampering and', 'drink tampering', 'carolina drink', 'tampering', 'assault at', 'and assault', 'at pi', 'assault', 'drink', 'kappa phi']","['alert carolina: drink tampering and assault at pi kappa phi do they have a history of this?', ""alert carolina: drink tampering and assault at pi kappa phi shit you're right"", 'alert carolina: drink tampering and assault at pi kappa phi']"
685,23,685_consulting_into consulting_consulting from_from stem,"['consulting', 'into consulting', 'consulting from', 'from stem', 'experience getting', 'have experience', 'stem major', 'getting into', 'anyone have', 'stem']","['anyone have experience getting into consulting from a stem major? just show up to any recruiting events they have and apply. they won’t care that you’re not a business major', 'anyone have experience getting into consulting from a stem major?', 'anyone have experience getting into consulting from a stem major? pmed you! thanks']"
686,22,686_state snow_snow_vs nc_unc vs,"['state snow', 'snow', 'vs nc', 'unc vs', 'nc state', 'nc', 'vs', 'game', 'postpone', 'state']","['unc vs nc state - snow? thanks', 'unc vs nc state - snow?', 'unc vs nc state - snow?']"
687,22,687_uplift_project uplift_project_in project,"['uplift', 'project uplift', 'project', 'in project', 'uplift has', 'uplift results', 'uplift just', 'uplift hey', 'uplift haven', 'uplift plus']","['project uplift i did project uplift yrs ago and got the email end of april/ first week of may. it was basically a tour that’s it with lunch', 'project uplift has anyone received their project uplift results yet? they were supposed to come out april 25th and it’s now may 2nd.', 'project uplift didn’t get in uplift plus 😔.']"
688,22,688_registration_ars_priority registration_registration appointment,"['registration', 'ars', 'priority registration', 'registration appointment', 'appointment', 'priority', 'appointment time', 'time confusion', 'ars registration', 'year registration']","['first-year registration appointment time confusion your registration time starts at 8am on july 8th based on the screenshot shared. that is a priority registration appointment and would have been requested/approved by ars. the 10am appointment is listed for all first-year students.', ""first-year registration appointment time confusion hi! i’m an incoming first-year student set to register next monday. but i’m confused about my registration time. based on my orientation date, the nsfp website says registration session starts july 8th at 10 am. however, i just received an email from ars saying to check my appointment time, and that for students set to register on july 8th, there should now be a registration appointment that says it opens at 8am in connectcarolina, which is the priority registration time. indeed, my connect carolina shows an 8am appointment slot, yet also shows a 10am slot. i'm unsure if this means that i’m supposed to use the 8am slot, or if it’s just a general addition for all students enrollment appointment tabs, not necessarily for me to use since i haven’t requested priority registration with ars. i’ve requested/been approved for ars accommodations, but for housing, not priority registration. has anyone else experienced this or knows what i should do? any responses would be greatly appreciated, thank you!"", 'ars registration for first-year students hmm, so don’t fret too much about spring now. i’ll share a resource below, but sometimes it’s hard for fys to fully grasp this so early into their college careers: priority registration looks a bit different for certain student populations. some students with priority registration will register ahead of the crowd (as in “days before”). continuing students with this ars accommodation are in this priority group. check out the [registration guide]( to see an example of the registration process during the academic year. again, don’t get bogged down with the details of spring. fall is what’s important. you can chat about spring with advising in the fall. here’s what relevant to you now: new students (such as fys enrolling in their first fall semester) are excluded from “days before” access. basically has to deal with how the registrar’s office manages the fy registration experience (enrollment windows that correspond to nso dates). as you can see [here]( there’s no advantage to attending an earlier nso date as it pertains to fy registration.']"
689,22,689_price vs_unc price_vs umich_ucla vs,"['price vs', 'unc price', 'vs umich', 'ucla vs', 'vs ucla', 'ucla', 'umich', 'vs', 'price', 'umich unc']","['unc (1/2 price) vs ucla vs umich', 'unc (1/2 price) vs ucla vs umich', 'unc (1/2 price) vs ucla vs umich']"
690,22,690_hill lee_chancellor of_interim chancellor_interim,"['hill lee', 'chancellor of', 'interim chancellor', 'interim', 'lee roberts', 'lee', 'roberts', 'chancellor', 'of unc', 'unc chapel']","['interim chancellor of unc-chapel hill: lee h. roberts what a tool', 'interim chancellor of unc-chapel hill: lee h. roberts', 'interim chancellor of unc-chapel hill: lee h. roberts']"
691,22,691_user flair_user_flair_automatically,"['user flair', 'user', 'flair', 'automatically', 'comment', 'cs your', 'cs', 'please', 'message compose', 'moderators of']","['unc cs your comment has been automatically removed because you do not have user flair for r/unc. please [choose a user flair]( and then comment again. i am a bot, and this action was performed automatically. please [contact the moderators of this subreddit](/message/compose/?to=/r/unc) if you have any questions or concerns.', 'unc cs your comment has been automatically removed because you do not have user flair for r/unc. please [choose a user flair]( and then comment again. i am a bot, and this action was performed automatically. please [contact the moderators of this subreddit](/message/compose/?to=/r/unc) if you have any questions or concerns.', 'unc cs your comment has been automatically removed because you do not have user flair for r/unc. please [choose a user flair]( and then comment again. i am a bot, and this action was performed automatically. please [contact the moderators of this subreddit](/message/compose/?to=/r/unc) if you have any questions or concerns.']"
692,22,692_to hoping_all us_us transfers_hoping for,"['to hoping', 'all us', 'us transfers', 'hoping for', 'here to', 'for all', 'hoping', 'transfers', 'transfers here', 'us']","['here’s to hoping for all us transfers!!', 'here’s to hoping for all us transfers!!', 'here’s to hoping for all us transfers!!']"
693,22,693_bme_bme majors_in bme_the bme,"['bme', 'bme majors', 'in bme', 'the bme', 'bme grads', 'to bme', 'application advice', 'bme application', 'alternatives to', 'bme competitiveness']","['can some bme majors or bme grads talk about their job opportunities after graduation?', 'i’m ex-bme. i went from bme to physics and now i’m a stats major. all in all i’ve been happy because i’ve really enjoyed the stats program here. it’s easy to get hung up on majors but most people switch at least once. also bme is a notoriously difficult major and the workload makes it quite difficult to graduate in 4 years according to the bme majors i’ve talked to. bme majors can also have difficulties landing jobs because electrical engineers have a wider skill set. i’m sure bme is still a great major, but it is very stressful and not the end of the world if you have to switch out. it worked out ok for me! hope this helps', 'depends on so much. i will say that the major gets easier after you complete the prereq courses (phys 118 and 119 specifically). the major definitely takes a lot of course planning but the classes are very interesting and although some are difficult, all of the professors i’ve had through the program so far are fantastic. job opportunity wise, i know that going into industry the program has a lot of connections with the surrounding rtp area and we have specific faculty in our department that are there to help us for career development, so the undergraduates in the program are well supported. a lot of students like myself also are looking into grad school or med school and i know a lot of bme grads that have been successful in that aspect, which is most likely not related to the bme program itself but rather the activities they do outside, but is nonetheless interesting in showing the wide areas bme majors can go into after graduation. pm me if you have any additional questions but i would say yes i think it is a pretty good major to go into and looking back, i am pretty happy with my decision in majoring in bme.']"
694,22,694_safety on_cameras_security_safety,"['safety on', 'cameras', 'security', 'safety', 'victim', 'petition', 'cameras in', 'residence', 'the victim', 'assault']","['safety on campus there was a comment by a few, that in some residence halls, the same suite key opens multiple suites, so this is what was being referred to regarding access. as for cameras, the discussion was that they could be useful to have at the entrance, much like cctv cameras exist in parking lots. it could aid in identification of this trespassing. other universities do this already. no one mentioned visitors not being allowed but increased security in whatever form it takes can act as a deterrent. sure, it may not stop every perpetrator, but it may stop just one person, and that is one person less whose life would be changed forever. and no, the mother was not suggesting this was ""the"" solution to the problem, but that was not the intention of her petition. it was to brng awareness to the problem and subsequently show the administration that there are many people involved with the university who share that concern, and that they need to do something about it.', 'safety on campus l know that while not mentioned in her petition, security measures like cameras at entry points as used in other universities and more guards were discussed l believe in this case she is trying to get awareness out there and her perspective is that the university will only listen if there are a large number of people calling out the need for change before meeting with university officials. various parents are contacting the chancellor, the board of governors and others to address this huge problem. as the mother said in one of her posts, this has been traumatic for her son and the family, and she wants to try and do whatever she can, to not have this incident swept under the carpet, as has happened with so many others. the victim also wants people to know, in the hope that others will be more vigilant and not become a victim themselves. the fact that a 6\'1"" male was assaulted (and not a female student as we had assumed following the alert), certainly stunned the parents group, and possibly made everyone feel that safety on campus is even worse than suspected. keep in mind too that the peeping tom incident was in the same residence hall - a man went into a bathroom and took a photo while a female student was showering. neither is acceptable. hopefully the university will take families\' concerns more seriously, if there is an outpouring of support. if nothing else, from what l have read, seeing that others care, is certainly bringing some comfort to that family, and if l can do my small part in sharing her message, l am happy to do that.', 'safety on campus unless the solution is to include cameras in all public shared spaces like in hallways and communal gathering areas (where you could immediately figure out where people are when and where the incident took place) i don’t see how cctv at the entrances being a solution for the purposes of catching sexual assault perpetrators. being able to catch someone in this situation would need the person to 1) not be identified by the victim or anyone else 2) immediately leave the residence hall 3) no other residents to leave the dorm at the same time. i find this highly unlikely considering you need to have a key fob to enter a dorm (ie be a resident) or be a friend of a resident. strangers cannot randomly decide to enter a dormitory. i absolutely think something should be done. i think a more valid goal of the petition is taking it up with a potential attitude issue of administration tolerating these presence of these issues on campus. sure, cameras should be added for a level of added security, but it isn’t a catch all solution to this particular issue.']"
695,22,695_rotc_aviation_air force_in aviation,"['rotc', 'aviation', 'air force', 'in aviation', 'aviation after', 'after unc', 'in air', 'force rotc', 'career in', 'force']","['hey unc chapel hill class of 2029! interested in air force rotc? ✈️ 🚀', 'hey unc chapel hill class of 2029! interested in air force rotc? ✈️ 🚀', 'hey unc chapel hill class of 2029! interested in air force rotc? 🚀']"
696,22,696_no job_later update_graduation one_job after,"['no job', 'later update', 'graduation one', 'job after', 'year later', 'one year', 'after graduation', 'update', 'graduation', 'job']","['no job after graduation. one year later update. congrats', 'no job after graduation. one year later update. thank you!', 'no job after graduation. one year later update. thank you!']"
697,22,697_law_prospective law_law student_prospective,"['law', 'prospective law', 'law student', 'prospective', 'louisiana', 'current alum', 'alum law', 'law school', 'law students', 'ube']","['any current/alum law students here? a big thing to consider is that louisiana is the only state in the country that has a law system based on the french napoleonic code rather than english common law. i don’t have any idea how that actually manifests itself in terms of law school and ability to practice law in various states but it is certainly something you should research before making that decision.', 'any current/alum law students here? unc law alum here :) both are good schools however a marked difference is that nc is a ube state and louisiana is not. around 30ish states are ube states which allows much easier transfer of your bar license. if you want to live and practice in louisiana perhaps that won’t matter. but if you don’t have any connection to louisiana i personally wouldn’t go to law school in a non-ube state', 'i graduated a while ago, so take my comments with a grain of salt. pros: it is a tremendous law school with outstanding faculty. the school does a good job of bringing in very talented students and serving the state by being accessible to a diverse student body. job prospects if you want to practice in nc are great. if you want to practice in a bigger market on the east coast, prospects are still good but lag behind compared to some competitors (think uva). cons: the building was very dated and stretched thin even 10-15 years ago. the law school has an attenuated relationship with the unc board of governors and the state legislature which is a challenge since they hold the purse strings. overall, i have zero regrets about going to law school there. i met tremendous people, learned a ton, and set my career on a great trajectory.']"
698,22,698_coursicle_miss coursicle_miss_coursicle co,"['coursicle', 'miss coursicle', 'miss', 'coursicle co', 'shares his', 'with bi', 'apologizes', 'apologizes for', 'unusual notifications', 'his struggle']","['coursicle co-founder shares his struggle with bi-polar and apologizes for the unusual notifications', 'coursicle co-founder shares his struggle with bi-polar and apologizes for the unusual notifications hey! coursicle employee here. joe is happy and doing very well. we appreciate your sympathy &lt;3', 'coursicle co-founder shares his struggle with bi-polar and apologizes for the unusual notifications hey! coursicle employee here. joe is happy and doing very well. we appreciate your sympathy &lt;3']"
699,22,699_chatgpt_midterm question_make midterm_used chatgpt,"['chatgpt', 'midterm question', 'make midterm', 'used chatgpt', 'professor used', 'chatgpt to', 'question very', 'very hard', 'syntax', 'code base']","['professor used chatgpt to make midterm question very hard', 'professor used chatgpt to make midterm question very hard', 'professor used chatgpt to make midterm question very hard']"
700,22,700_return to_return_to carolina_carolina,"['return to', 'return', 'to carolina', 'carolina', 'not listed', 'demanding', 'carolina major', 'at carolina', 'carolina question', 'major not']","[""are you students okay? what could help? a lot of the stress is due to the unending rat race we're constantly running here. personally, as ironic as this is, the exam season has been one of the least stressful times of the year because the assignments, club meetings, group projects, etc have finally stopped. it's a nice breather, but don't get me wrong, the stress of finals is very real. also, because so many departments at unc require applications for the major, it feels like getting into carolina isn't enough. you have to prove yourself once again by applying to your major. i feel like with so many clubs here, students join not out of passion but out of hope it looks good on their resume/application. so we fill our time with club meetings we don't necessarily enjoy. also, lacking the guarantee that you'll be able to major in what you came here for is extremely stressful. uncertainty isn't comfortable, especially if your entire future seemingly depends on it."", 'how rigorous are the classes? it’s a difficult school, you’re going to have to work hard and learn how to study, sometimes you might do poorly on a test, the key is to not let that stop you. you might need to work harder than other students, there is always someone “above us” but you belong and you can handle it. what you’re feeling is called “imposter syndrome” and a lot of people experience it, i went to unc for both undergrad and graduate school and at times i felt that way too (as did many of my peers). carolina knows what you’re capable of, you wouldn’t have been accepted if you couldn’t handle it, the onus will be on you to reach your potential though. if it’s anything like it was when i attended a lot of people are kind so build connections with different types of people. in your classes find people to study and work with. carolina is a special place and it can open a lot of doors/assist a lot of personal growth but it does require you to be proactive. there are avenues to help you around campus but you’re going to have to find out about them and seek them out. many professors are great mentors and want to help their students but you’ll need to put in effort to get their time. it’s a personal choice but i don’t regret a second i spent at carolina despite how tough it could be at times. the work ethic you’ll need to succeed at carolina will be extremely useful after college when you are looking to enter the workforce and once you’re there.', ""something i say to everyone: loneliness, anxiety, and depression are very common college students across the nation right now -- it's a national epidemic with all sorts of cultural causes -- and it affects all types of students, including nontraditional. so it's not just you. it may help you to know that. you're far from alone. something i also say to everyone: get involved in a demanding extracurricular. by demanding, i mean in terms of time-commitment and difficulty. the happiest students at carolina -- by far -- are the ones involved in extracurriculars that are demanding in these ways. demanding extracurriculars are where most of the students are bonding. low-demand activities, on the other hand, that don't meet often and don't require students to team up to achieve goals or overcome difficult obstacles, don't seem to do it. they don't allow students to break through their digital isolation and to overcome their challenged social skills. if i were your coach, i would tell you to start examining extracurriculars and look for the really demanding ones that also look fun or which appeal to your talents or interests. any of them that look low commitment, save for another day. identify the ones that require a big commitment -- that's where you will forge deep and meaningful bonds with your fellow tar heels. i'm wishing you the best.""]"
701,22,701_drawn with_ve drawn_one line_hill ve,"['drawn with', 've drawn', 'one line', 'hill ve', 'map of', 'drawn', 'map', 'with one', 'of chapel', 'pilot mountain']","[""a map of chapel hill i've drawn with one line boss"", ""a map of chapel hill i've drawn with one line thx!"", ""a map of chapel hill i've drawn with one line""]"
702,22,702_tour campus_current undergrad_undergrad to_tour,"['tour campus', 'current undergrad', 'undergrad to', 'tour', 'to tour', 'for current', 'current', 'undergrad', 'looking for', 'looking']","['looking for a current undergrad to tour campus this.', 'looking for a current undergrad to tour campus', 'looking for a current undergrad to tour campus']"
703,22,703_user flair_user_flair_automatically,"['user flair', 'user', 'flair', 'automatically', 'comment', 'please', 'then comment', 'compose to', 'moderators of', 'subreddit message']","['final exam question your comment has been automatically removed because you do not have user flair for r/unc. please [choose a user flair]( and then comment again. i am a bot, and this action was performed automatically. please [contact the moderators of this subreddit](/message/compose/?to=/r/unc) if you have any questions or concerns.', 'best language at unc your comment has been automatically removed because you do not have user flair for r/unc. please [choose a user flair]( and then comment again. i am a bot, and this action was performed automatically. please [contact the moderators of this subreddit](/message/compose/?to=/r/unc) if you have any questions or concerns.', 'best language at unc your comment has been automatically removed because you do not have user flair for r/unc. please [choose a user flair]( and then comment again. i am a bot, and this action was performed automatically. please [contact the moderators of this subreddit](/message/compose/?to=/r/unc) if you have any questions or concerns.']"
704,22,704_class without_take class_paying for_without paying,"['class without', 'take class', 'paying for', 'without paying', 'paying', 'for it', 'auditing', 'without', 'class', 'it take']","['take a class without paying for it?', 'take a class without paying for it?', 'take a class without paying for it?']"
705,22,705_ula_math ula_becoming math_about becoming,"['ula', 'math ula', 'becoming math', 'about becoming', 'ula pedagogy', 'course psyc', 'pedagogy course', 'psyc 391', '391', 'pedagogy']","['questions about becoming a math ula hi! math ula here. applications start closer to the end/start of the semester. maybe expect in sometime in april/august for fall 2026. the application process is easy and because of a ula shortage, they really just take anyone who sounds competent enough.', ""questions about becoming a math ula a lot of good things have already been said. i personally prefer being a ula for recitations specifically, since it is typically much easier to help out smaller groups compared to full lecture halls. as for ula'ing math help center office hours, it seems to me that a very low amount of math undergraduate students, compared to physics undergraduate students, attend mhc office hours. if you want to be a for credit ula, you will need to have at least one lecture session that you are ula'ing for, which can be a pain if you have other classes during the same hours as lectures occur. i think (not sure), its 3 lecture halls a day for each level of math, so if you want to ula calculus 1 specifically, you need to look in connect carolina for times that those 3 lectures will occur next semester, and make sure to draft your next semester schedule around having at least 1, if not 2 open spots during the same hours as the calc 1 lectures. also, the person managing the math ula's is really slow in replying to emails, so i suggest start emailing them 2 weeks in advance."", 'ula pedagogy course (psyc 391) thank you!!']"
706,22,706_theatre_film_arts community_film theatre,"['theatre', 'film', 'arts community', 'film theatre', 'unc film', 'the arts', 'community at', 'improv', 'theater improv', 'arts']","['how is the arts community at unc? (film/theatre) np and good luck!', ""how is the arts community at unc? (film/theatre) not active in the film community but i am a member of the theatre community at unc so that's what i can speak on. i know lots of film/comm/journalism majors who are active in the film scene in chapel hill (in clubs other commenters here have mentioned) who have ventured into theatre and loved it! there is also a drama major and a minor. unc has three student-run theatre organizations: company carolina, pauper players, and lab! theatre. each differ in the types of plays they typically do, venues, etc, but the community around all of them together is close-knit and welcoming. they all have instagram accounts that are p easy to find and scroll through to figure out their vibes. there's also kenan theatre company, the undergrad theatre group that has faculty/professor involvement (typically professors from the drama department will direct the shows). also has an ig. also important to mention playmakers, the professional theatre company in residence at unc. they operate out of the university's dramatic arts building and put on really nice, professional plays that students can get into for $10 (and drama majors/minors get in for free). i believe unc also just made it so that students can receive credit for seeing playmakers shows. drama majors get the chance to do some behind-the-scenes work for them for class, and the casts of the shows are usually filled with grad students from the drama department. last but not least, something non-theatre related i do know about is wxyc, unc's student-run radio station. they broadcast 24/7 with student djs. i knew someone freshman year who worked there and i got to visit the station once or twice, it's in the basement of the student union and absolutely packed with sick music memorabilia because it's been running since the 70s. i'm pretty sure they're always looking for applicants and it's a pretty big org, and either way listening to it is easy and cool. sorry to explode your replies! i'm really happy in the unc theatre community and we always love it when freshmen get involved."", 'how is the arts community at unc? (film/theatre) hope you get in as well. good luck to you!']"
707,22,707_science gpa_for science_class recommendations_recommendations for,"['science gpa', 'for science', 'class recommendations', 'recommendations for', 'science', 'gpa', 'recommendations', 'nsci', 'courses gpa', 'science courses']","['class recommendations for science gpa? i’m looking for classes to raise my science gpa, so any biol, chem, phys, math, nsci, or other class that fits the bcpm requirements. i’m a bio major, chem minor, so i’m already taking those classes but i’m interested in science classes that aren’t necessarily required for my major. does anyone have any recommendations for “easier” classes or any that are interesting or fun?', 'class recommendations for science gpa? neither have exams!', 'class recommendations for science gpa? 💀💀💀']"
708,22,708_easy places_major easy_in biol_101 to,"['easy places', 'major easy', 'in biol', '101 to', 'transfer in', 'biol 101', 'psych major', 'places to', 'to transfer', 'psych']","['psych major: easy places to transfer in biol 101 to unc? sandhills', 'psych major: easy places to transfer in biol 101 to unc? how much work was involved?', 'psych major: easy places to transfer in biol 101 to unc? thanks!']"
709,21,709_comments your_launch see_see comments_unc global,"['comments your', 'launch see', 'see comments', 'unc global', 'global launch', 'concerns unc', 'launch', 'global', 'comments', 'user flair']","['unc global launch (see comments) your comment has been automatically removed because you do not have user flair for r/unc. please [choose a user flair]( and then comment again. i am a bot, and this action was performed automatically. please [contact the moderators of this subreddit](/message/compose/?to=/r/unc) if you have any questions or concerns.', 'unc global launch (see comments) your comment has been automatically removed because you do not have user flair for r/unc. please [choose a user flair]( and then comment again. i am a bot, and this action was performed automatically. please [contact the moderators of this subreddit](/message/compose/?to=/r/unc) if you have any questions or concerns.', 'unc global launch (see comments) your comment has been automatically removed because you do not have user flair for r/unc. please [choose a user flair]( and then comment again. i am a bot, and this action was performed automatically. please [contact the moderators of this subreddit](/message/compose/?to=/r/unc) if you have any questions or concerns.']"
710,21,710_fundraising_history project_at fundraising_fundraising not,"['fundraising', 'history project', 'at fundraising', 'fundraising not', 'oral history', 'just desperate', 'desperate attempt', 'alumni this', 'attempt at', 'an oral']","['alumni — this just a desperate attempt at fundraising, not actually an oral history project me too! i think it was right before covid.', 'alumni — this just a desperate attempt at fundraising, not actually an oral history project figured… @-holes…', 'alumni — this just a desperate attempt at fundraising, not actually an oral history project sleazy.']"
711,21,711_same songs_songs_chase keep_does chase,"['same songs', 'songs', 'chase keep', 'does chase', 'keep playing', 'playing the', 'just me', 'me or', 'or does', 'chase']","['is it just me or does chase keep playing the same 7-8 songs? eras tour vibes', 'is it just me or does chase keep playing the same 7-8 songs?', 'is it just me or does chase keep playing the same 7-8 songs?']"
712,21,712_survey_gift_gift card_for completing,"['survey', 'gift', 'gift card', 'for completing', 'survey for', 'short surveys', 'completing two', 'two short', 'the survey', 'health literacy']","[""invitation to participate in oral health literacy research hello everyone! i am posting to invite any nc college/university students to be part of my research project about oral health literacy. this survey aims to evaluate oral health literacy of college-aged students from across north carolina’s counties. the survey is estimated to take approximately 10 minutes. eligibility criteria: 18-years-old or older currently enrolled in a north carolina college or university have lived in north carolina for the past 10 years by participating in this survey, you may choose to be entered into a lottery drawing for one of three visa gift cards in the amount of $100, $75, or $50. you may also choose to receive your scores and correct answers to learn more about your own oral health literacy. for more information, or to sign up, please follow this link to the survey in qualtrics: [ the survey will close on january 1st 2026. make sure you complete it before then! if you have any questions or concerns, you can contact the study's pi, sophia petrini-poli, at [scpetrin@ad.unc.edu](mailto:scpetrin@ad.unc.edu). this study was determined exempt by unc irb on 10/24/2025 (unc irb #25-2481) thank you for participating!"", 'research study irb # 24-2522 the purpose of this research study is to gain a better understanding of how college students perceive pharmacist-led tobacco and nicotine cessation services, their motivations to quit, and what barriers to quitting they face. obtaining this information will help community pharmacies be better equipped to build a service that aligns with the needs of students and delivers higher-quality care. you may enter in for a drawing of one of twenty $25 amazon gift cards once you have completed the survey. [', 'research study irb # 24-2522 the purpose of this research study is to gain a better understanding of how college students perceive pharmacist-led tobacco and nicotine cessation services, their motivations to quit, and what barriers to quitting they face. obtaining this information will help community pharmacies be better equipped to build a service that aligns with the needs of students and delivers higher-quality care. you may enter in for a drawing of one of twenty $25 amazon gift cards once you have completed the survey. [']"
713,21,713_for life_courses for_life_life skill,"['for life', 'courses for', 'life', 'life skill', 'courses', 'skill classes', 'useful life', 'skill', '520 courses', 'useful']","['courses for life i’ll have to look at it haha!', 'courses for life math 521 🤪', ""courses for life what's your major lmao""]"
714,21,714_umd_vt_college park_umd college,"['umd', 'vt', 'college park', 'umd college', 'vt vs', 'vs umd', 'vs vt', 'park for', 'for computer', 'vs']","['unc vs. vt vs. umd college park for computer science thank you!', 'unc vs. vt vs. umd college park for computer science', 'unc vs. vt vs. umd college park for computer science']"
715,21,715_bell tower_tower_the bell_bell,"['bell tower', 'tower', 'the bell', 'bell', 'white tents', 'tents they', 'those white', 'tower for', 'are those', 'tents']","['what are those white tents they have on the bell tower for? i see white tents on bell tower on the game day, what are those for? i only need to go kenan stadium for the football game on this saturday right?', 'what are those white tents they have on the bell tower for? is it alumni weekend?', 'what are those white tents they have on the bell tower for? yes']"
716,21,716_many ecs_bad if_it bad_have too,"['many ecs', 'bad if', 'it bad', 'have too', 'ecs', 'if have', 'now that', 'too many', 'college is', 'that in']","['now that i’m in college, is it bad if i have too many ecs? i just did. i’m in my second semester', 'now that i’m in college, is it bad if i have too many ecs?', 'now that i’m in college, is it bad if i have too many ecs?']"
717,21,717_psyc_psyc major_psyc classes_zero psyc,"['psyc', 'psyc major', 'psyc classes', 'zero psyc', 'brb gonna', 'classes brb', 'into zero', 'go cry', 'brb', 'gonna go']","['i’m a psyc major and got into zero psyc classes. brb gonna go cry summer classes are our only hope', 'i’m a psyc major and got into zero psyc classes. brb gonna go cry welcome to unc and congrats!', 'i’m a psyc major and got into zero psyc classes. brb gonna go cry it gets worse.']"
718,21,718_over bombing_bombing an_internship interview_get over,"['over bombing', 'bombing an', 'internship interview', 'get over', 'bombing', 'internship', 'backing out', 'interview', 'better offer', 'receiving better']","['how do you get over bombing an internship interview', 'how do you get over bombing an internship interview', 'how do you get over bombing an internship interview']"
719,21,719_admission notifications_early admission_19th or_saturday the,"['admission notifications', 'early admission', '19th or', 'saturday the', 'notifications on', 'or saturday', '19th', 'friday the', 'the 19th', 'the 20th']","['early admission notifications on friday the 19th or saturday the 20th? it’s always the friday', 'early admission notifications on friday the 19th or saturday the 20th? stats?', 'early admission notifications on friday the 19th or saturday the 20th? stats?']"
720,21,720_alumni status_undergrad alumni_status here_any effect,"['alumni status', 'undergrad alumni', 'status here', 'any effect', 'school professional', 'admissions at', 'effect on', 'your undergrad', 'on grad', 'school admissions']","['does your undergrad alumni status here have any effect on grad school/professional school admissions at carolina? what is the interview process like and when does it happen?', 'does your undergrad alumni status here have any effect on grad school/professional school admissions at carolina? this is disheartening to read :(', 'does your undergrad alumni status here have any effect on grad school/professional school admissions at carolina? i think it helped me for social work.']"
721,21,721_language credit_language_203 to_requirements pass,"['language credit', 'language', '203 to', 'requirements pass', 'what grade', 'credit requirements', 'credit', 'in spanish', 'minimum grade', 'grade do']","['what grade do i have to get in spanish 203 to get the credit for it? i think just pass', 'what grade do i have to get in spanish 203 to get the credit for it?', ""language credit minimum grade requirement does anyone know the minimum grade you need to get the language credit for a class? i can't find it anywhere online.""]"
722,21,722_handcuffed_was handcuffed_sending love_guy who,"['handcuffed', 'was handcuffed', 'sending love', 'guy who', 'who was', 'the guy', 'sending', 'guy', 'love to', 'love']","['sending love to the guy who was handcuffed', 'sending love to the guy who was handcuffed', 'sending love to the guy who was handcuffed']"
723,21,723_buy stuff_for apartment_at baity_stuff for,"['buy stuff', 'for apartment', 'at baity', 'stuff for', 'apartment at', 'baity hill', 'baity', 'where is', 'best place', 'to buy']","['where is the best place to go to buy stuff for apartment at baity hill? thank you!', 'where is the best place to go to buy stuff for apartment at baity hill? thank you!', 'where is the best place to go to buy stuff for apartment at baity hill?']"
724,21,724_take someone_someone on_where to_campus thank,"['take someone', 'someone on', 'where to', 'campus thank', 'campus where', 'you where', 'on campus', 'campus', 'to take', 'someone']","['where to take someone on campus?', 'where to take someone on campus?', 'where to take someone on campus?']"
725,21,725_think belong_belong here_belong_here thank,"['think belong', 'belong here', 'belong', 'here thank', 'these bros', 'don think', 'much love', 'bros', 'to these', 'happy holiday']","['i don’t think i belong here thank you \U0001f979', 'i don’t think i belong here thank you!', 'i don’t think i belong here thank you!']"
726,21,726_finals your_again your_concerns imagine_finals,"['finals your', 'again your', 'concerns imagine', 'finals', 'no library', 'past 8pm', '8pm friday', 'open past', 'library', 'library open']","['imagine having no library open past 8pm, friday and saturday before finals. your comment has been automatically removed because you do not have user flair for r/unc. please [choose a user flair]( and then comment again. i am a bot, and this action was performed automatically. please [contact the moderators of this subreddit](/message/compose/?to=/r/unc) if you have any questions or concerns.', 'imagine having no library open past 8pm, friday and saturday before finals. your comment has been automatically removed because you do not have user flair for r/unc. please [choose a user flair]( and then comment again. i am a bot, and this action was performed automatically. please [contact the moderators of this subreddit](/message/compose/?to=/r/unc) if you have any questions or concerns.', 'imagine having no library open past 8pm, friday and saturday before finals. your comment has been automatically removed because you do not have user flair for r/unc. please [choose a user flair]( and then comment again. i am a bot, and this action was performed automatically. please [contact the moderators of this subreddit](/message/compose/?to=/r/unc) if you have any questions or concerns.']"
727,21,727_not choose_unc advice_scared to_choose unc,"['not choose', 'unc advice', 'scared to', 'choose unc', 'to not', 'scared', 'advice', 'choose', 'advice scared', 'critical thinking']","['scared to not choose unc/advice exactly.', 'scared to not choose unc/advice that’s true.', 'scared to not choose unc/advice i']"
728,21,728_are out_decisions are_out decisions_else got,"['are out', 'decisions are', 'out decisions', 'else got', 'who else', 'out who', 'decisions', 'got in', 'in decisions', 'in got']","['decisions are out!!! who else got in!', 'decisions are out!!! who else got in!', 'decisions are out!!! who else got in!']"
729,21,729_deck_craige deck_craige_get craige,"['deck', 'craige deck', 'craige', 'get craige', 'craig deck', 'deck parking', 'likely am', 'craig', 'parking pass', 'am to']","['how likely am i to get a craige deck parking pass? with the lottery opening up soon, i was wondering how likely it is to get a parking pass for craige deck? i’ve only ever gotten a parking pass for the rr lot, though i’d prefer craige deck being that it’s on campus. additionally, if i enter the lottery and don’t get the permit i wished for, am i able to reapply for another location, or am i just out of luck? thanks in advance!', 'how likely am i to get a craige deck parking pass? when does the lottery open up??', 'how likely am i to get a craige deck parking pass? following']"
730,21,730_cyberstalking_cyberstalking resources_resources on_passwords,"['cyberstalking', 'cyberstalking resources', 'resources on', 'passwords', 'devices', 'campus police', 'resources', 'your devices', 'yubikey', 'hacked']","['hold on, ""i can still see his stuff in my feeds as if i\'m signed in his accounts even though i blocked him on all platforms"". this doesn\'t make sense, if you blocked him, how can you see his posts? as you said, you\'d have to be signed into his account, but you can check which account you\'re signed into to make sure you aren\'t? i talked with a friend who is works in cybersecurity. he said that assuming that you 1. factory reset 2. yubikey/2fa, then if this guy\'s skilled, he could have software on your computer after a reset only if he installed a bootkit or rootkit that could survive the os reset, but again, that\'s only if he\'s skilled. if this is the case, then it seems you should get (another) new computer... it\'s very likely he just has a password, access to your email/phone for 2fa, etc. let\'s deal with the low-hanging fruit first. do you use a password manager and have random passwords?', ""cyberstalking resources on campus does anyone know of any resources for cyberstalking on campus? i have been hacked and stalked repeatedly online for over a year now by someone and the person will not stop. i found macspy on my computer over the summer which had been on there for an unknown amount of time with full remote access to my online activities and my cell phone was also hacked. prior to moving on campus this fall i purchased a new laptop and cell phone which i did not set up until moving here to try and make sure he could not find me. even with brand new devices he seems to have found me (the only possible explanation i can think of is that my website was defaced with my bank account number and derogatory photos last year while i was on campus, and if it was the same person doing it he might have the ip since i'm in the same dorm/location as i was when i was hacked then). i didn't bring my car with me to campus because i was afraid he would track my location and made sure there were no unfamiliar airtags or anything in my belongings. i am not sure how he has regained access to my device but he will not stop. i thought i was finally safe from him moving back on campus but i am 99% sure he has either regained access to one of my devices or the router near my dorm room. i have asked him profusely to stop and he will not leave me alone but proceeds to do these things secretly in a way i can not trace it back to him or get him to stop. i am a senior and can not afford to delay my education any longer as i am already retaking important classes this semester due to the long term impacts this situation has had on my life and my future. does anyone know of any cyberstalking resources on campus or in the area that would be willing to investigate or help in this situation. i had to have my new computer fully reset last week which i have only had a few weeks now that the repair technician agreed seemed to have been tampered with and had unusual activity compared to other devices he worked on. it took 2 days to get all the software for my classes back on my computer set up properly and was very stressful setting up everything again from scratch. i can not let this impact my classes in any way and this person will not stop."", 'i\'m no cybersecurity expert, just a cs major, so take this with several grains of salt. do you know how he\'s able to hack into your devices? is he physically accessing your devices, remotely accessing (requires password or i guess no password needed if there\'s malicious software on your device), and/or has already installed malicious software, such as the macspy program you mentioned? given what you said, i think physical access is a concern, and resolving that is obviously of highest priority. if he\'s already installed malicious software on your devices, then you should factory reset your devices. there\'s a chance some malicious software could remain, but that\'s not super likely (if you\'re concerned about that, then you\'d need a new device). obviously, backing up your data and restoring will take some time, but this should help provide the peace of mind you\'re seeking. we have a very large amount of cloud storage using onedrive provided by the university via your onyen. hard drive storage is also very cheap, if you need more storage or want to speed up data download speed (compared to cloud). i assume he must have at least some of your passwords. this should be less tedious than resetting your devices - please change your important passwords, including your device passwords, and use a password manager (which can generate random passwords for you - never use duplicate passwords, and you shouldn\'t make your own passwords). i personally use [ which is free and open source (a good property for a security system). it stores all passwords in an encrypted database file (.kdbx). decryption requires, at minimum, a master password, and you can configure it to require a key file (i.e., an xml file that you should be able to keep private) and a hardware key such as yubikey. yubikey is similar to 2fa (except this scheme technically isn\'t ""authentication"") in that if you want to decrypt, the physical yubikey needs to be plugged into the computer. with these in place, your passwords would be very, very safe. after doing so, for important sites, force log out from all accounts. some details: if you think he can see your screen and/or log your keystrokes, then do this on a device he doesn\'t have access to. don\'t decrypt the database on a device he could have software on. also, the usability of keepassxc is pretty good compared to your built-in chrome/safari password managers. it has a [chrome extension]( for automatically filling out passwords on websites, just like chrome/safari. of course, you need to decrypt the database for it to fill out passwords for you. i would recommend using a hardware key to unlock all important devices that you don\'t always have on you, such as your laptop. yubikey works with macbook: [ .']"
731,21,731_refund_off campus_aid_housing,"['refund', 'off campus', 'aid', 'housing', 'for housing', 'get financial', 'aid refund', 'living off', 'if living', 'financial aid']","[""if i'm living off campus my sophomore year will i get financial aid refund for housing? i just got my financial aid package, and it had the cost for on campus housing (like 7000 and something) and someone told me that i would get that money to go towards off campus housing...is this true or am i delusional? and if it's true, when would i get it?"", ""if i'm living off campus my sophomore year will i get financial aid refund for housing? yes you'll get it a few days before the start of the semester usually."", ""if i'm living off campus my sophomore year will i get financial aid refund for housing? sounds great""]"
732,21,732_minimum age_age to_at dorm_stay at,"['minimum age', 'age to', 'at dorm', 'stay at', 'age', 'minimum', 'to stay', 'stay', 'dorm', '13 year']","['minimum age to stay at a dorm? “5 hours a day can make you finish in 3 months” what', 'minimum age to stay at a dorm? just lol', 'minimum age to stay at a dorm?']"
733,21,733_else sooo_sooo exhausted_exhausted_sooo,"['else sooo', 'sooo exhausted', 'exhausted', 'sooo', 'is anyone', 'anyone else', 'else', 'serotonin', 'time change', 'exhausted feel']","['is anyone else sooo exhausted?? exact same situation i’m in', 'is anyone else sooo exhausted?? how’s it going ?', 'is anyone else sooo exhausted?? i feel this too']"
734,21,734_best milk_milk shake_shake on_which place,"['best milk', 'milk shake', 'shake on', 'which place', 'place has', 'milk', 'shake', 'has the', 'cookout', 'cookout is']","['which place has the best milk shake on campus cookout', 'which place has the best milk shake on campus cookout is open!!', 'which place has the best milk shake on campus']"
735,21,735_appl_appl 110_110_110 thoughts,"['appl', 'appl 110', '110', '110 thoughts', 'taken appl', 'with bai', 'bai', 'engineering minor', 'bai and', 'appl 260']","['appl 110 thoughts? son took it last year with bai and enjoyed it. you will need to get signed off on various pieces of equipment, such as 3d printer. there are some group assignments and individual work. fairly chill class from what he said.', 'fc-aesth and fc-create recommendations taking appl 110 for create and wouldn’t recommend if you don’t have a lot of time to put into the class. it’s really cool material and fun to learn about, but unless you have prior experiences with beam, illustrator, and 3d software it will be time consuming to learn if you want a high grade in the course. there are other course i would take before it like comm 130 if you just wanna satisfy the credit, but if you have time to give and wanna learn new things appl 110 will for sure teach you new things if your not into engineering or arts', ""are these the same class? same lectures and exams. the honors students will have to do some questions on assignments that are optional for non-honors students. usually i have a handful of students that register for the honors section, but this semester it is currently 15, which is 10% of the class, so i'm looking forward to offering interesting options for them to help create educational experiences for the entire class (i've been inspired by mit's computational science classes, so i'm exploring julia and pluto notebooks, and also spaced repetition memory systems like anki and orbitz.) unfortunately, my wife had covid in early july, i had it in late july, and my dad was diagnosed with cancer in between, so i am not as prepared for this semester as i had intended be. but i can at least link to the last version of my book at [ which (read the preface) has sections in different font size and color to indicate what is basic and advanced material. if you enroll (which i encourage you to do, since it will change the way you think, and will help all your subsequent comp classes), this may be the hardest class you take at unc, because i teach the vocabulary, grammar, and idioms of the language of discrete mathematics, which requires you to communicate with more precision than we are used to. see eugenia cheng's talk at google on how mathematical abstraction makes thinking more precise: [""]"
736,21,736_gov_honors civics_civics_us gov,"['gov', 'honors civics', 'civics', 'us gov', 'ap us', 'civics or', 'gov stem', 'or ap', 'ap', 'honors']","['honors civics or ap us gov (stem path)', 'honors civics or ap us gov? (stem) thanks!', 'honors civics or ap us gov? (stem) thanks']"
737,21,737_connor_connor vs_vs old_old west,"['connor', 'connor vs', 'vs old', 'old west', 'west', 'conner', 'mciver', 'joyner', 'the distance', 'connor is']","['connor vs old west i loved my time in connor community, idk much about old west but being right next to davis was was so clutch + the breezeway lounges i loved', 'connor vs old west to add on, i loved living in mciver. the rooms were on the bigger side compared to conner. the distance is okay all things considered. it’s close enough to franklin st that i would get dinner every other day, and close enough to class that i would leave like 20 minutes early. i really love the distance to franklin st. it is pretty much equal walking distance from the dining hall and habachi &amp; co. the community is pretty average socially. i’m not the social type but it can be pretty social. i’d recommend mciver over conner just because of the room size difference.', 'connor vs old west mciver \U0001faf6\U0001faf6\U0001faf6\U0001faf6']"
738,21,738_share program_bike share_anyone miss_the bike,"['share program', 'bike share', 'anyone miss', 'the bike', 'miss the', 'miss', 'bike', 'share', 'dm anyone', 'bikes']","['anyone miss the bike share program? sent you a dm', 'anyone miss the bike share program?', 'anyone miss the bike share program?']"
739,21,739_she_her_for exams_she is,"['she', 'her', 'for exams', 'she is', 'exams', 'reviews', 'her exams', 'my professor', 'rate my', 'way she']","['i took her for 2 classes. i personally really like her. she’s pretty good at teaching imo, the biggest problem that i think people have is the way she words questions on exams. you basically have to ensure that you’re properly reading the questions and answers because of things like sometimes there’s one minor thing thats wrong and then you have to choose false in a true or false scenario. the way she writes her exams is actually really similar to questions that you’ll find on the gre or mcat, which makes this a skill that is very useful to have if you plan on going into higher education', 'yeah, i’d agree with this, tentatively. its not that you’re learning the material in a different way though, its that you’re learning how to apply it in a different way. the way you learn should still be the same, its just that you’re applying it on a different (usually deeper) level than you were before. it’s definitely hard for some people to get used to that change, but its better to start getting used to that change sooner rather than later as it better prepares you for your future. this is part of why i liked her—her exams weren’t just about regurgitating material, it was about helping you get prepared for your future. again though, that shift in exam style can definitely be jarring if you’re not a very good test taker', 'i had a great time! she basically formatted her lectures around slides, and would describe the experiments (some of which were her own turtle research!!!) by telling the story of what happened (why they wanted to do it, why they did it the way they did, whether it worked and if so what was proven/learned) and i just loved how i could learn the information based on the story rather than trying to cram based on individual facts etc. i don’t remember much about her exams, so they must’ve been fair enough that i wasn’t mad. i’m a total animal lover tho so maybe that factors into how much i was able to put up with/absorb in the class.']"
740,21,740_bucket list_before leaving_list before_bucket,"['bucket list', 'before leaving', 'list before', 'bucket', 'leaving', 'list', 'before', 'the cows', 'maple view', 'cows']","['bucket list before leaving? visit gimghoul castle at night :)', 'bucket list before leaving? wait faculty streaking?!', 'bucket list before leaving? steal a brick!']"
741,21,741_campus your_user flair_user_flair,"['campus your', 'user flair', 'user', 'flair', 'automatically', 'concerns new', 'concerns parking', 'comment', 'please', 'parking']","['private parking near campus your comment has been automatically removed because you do not have user flair for r/unc. please [choose a user flair]( and then comment again. i am a bot, and this action was performed automatically. please [contact the moderators of this subreddit](/message/compose/?to=/r/unc) if you have any questions or concerns.', 'parking for summer classes? your comment has been automatically removed because you do not have user flair for r/unc. please [choose a user flair]( and then comment again. i am a bot, and this action was performed automatically. please [contact the moderators of this subreddit](/message/compose/?to=/r/unc) if you have any questions or concerns.', 'off campus parking? your comment has been automatically removed because you do not have user flair for r/unc. please [choose a user flair]( and then comment again. i am a bot, and this action was performed automatically. please [contact the moderators of this subreddit](/message/compose/?to=/r/unc) if you have any questions or concerns.']"
742,21,742_refund_refunds_disbursed_be disbursed,"['refund', 'refunds', 'disbursed', 'be disbursed', 'refund checks', 'checks be', 'refunds back', 'get refunds', 'will refund', 'direct deposit']","['when will refund checks be disbursed? i received my full refund at the beginning of this semester though', 'when will refund checks be disbursed? hey guys, this will be my second semester, i am a transfer student so i am still new to this process. during this fall(2024), i got my refund check about a week before classes. given that some of you have been at the school longer than i have? when do you estimate that our refund checks will be disbursed to us for the spring 2025 semester?', 'e-refund and direct deposit setup question hey everyone, i got an email today with the subject line ""unc cashier: pending refund- action required within 10 days."" the email essentially instructed me to set up direct deposit on my connectcarolina and that i would be able to view how much the refund was once i had set it all up. i followed the instructions and got a confirmation email from connectcarolina confirming that my account was successfully added, but when i go to my refunds tab, it says i have no pending refunds. there also aren\'t any indicators of a refund on my statements tab. was this just a ploy to get me to set up direct deposit? if not, how can i see/get my refund?']"
743,21,743_peer_mentor_peer mentor_been peer,"['peer', 'mentor', 'peer mentor', 'been peer', 'as peer', 'map or', 'you serve', 'covenant map', 'mentor for', 'mentoring']","['has anyone ever been a peer mentor for covenant, map, or c-step? thank you!', 'has anyone ever been a peer mentor for covenant, map, or c-step?', 'has anyone ever been a peer mentor for covenant, map, or c-step?']"
744,21,744_concerns kenan_flagler_kenan flagler_kenan,"['concerns kenan', 'flagler', 'kenan flagler', 'kenan', 'flagler your', 'user flair', 'user', 'flair', 'automatically', 'comment']","['international internships through kenan-flagler your comment has been automatically removed because you do not have user flair for r/unc. please [choose a user flair]( and then comment again. i am a bot, and this action was performed automatically. please [contact the moderators of this subreddit](/message/compose/?to=/r/unc) if you have any questions or concerns.', 'international internships through kenan-flagler your comment has been automatically removed because you do not have user flair for r/unc. please [choose a user flair]( and then comment again. i am a bot, and this action was performed automatically. please [contact the moderators of this subreddit](/message/compose/?to=/r/unc) if you have any questions or concerns.', 'kenan-flagler question your comment has been automatically removed because you do not have user flair for r/unc. please [choose a user flair]( and then comment again. i am a bot, and this action was performed automatically. please [contact the moderators of this subreddit](/message/compose/?to=/r/unc) if you have any questions or concerns.']"
745,21,745_state admission_admission question_admission_in state,"['state admission', 'admission question', 'admission', 'in state', 'question', 'state', 'question yes', 'pm in', 'well well', 'county in']","['in state admission question very helpful, thank you!', 'in state admission question can i pm u?', 'in state admission question why is that?']"
746,20,746_review of_the campus_review_ugly,"['review of', 'the campus', 'review', 'ugly', 'architecture', 'phillips', 'buildings', 'the outside', 'campus', 'beautiful on']","['review of the campus? this lol', 'review of the campus? phillips \U0001f979', 'review of the campus? i don\'t think very many would find the campus as a whole ""ugly"" architecturally, with most buildings being at least pleasant on the outside. but there are definitely a few ones built in a time that isn\'t super popular now (ul, the labs). there\'s not much futurist or all glass (mostly just genome sciences, which despite the name has large auditoriums used by many undergrad classes) if that\'s your thing. particularly, the libraries don\'t impress -- with the obvious exception of wilson, which could belong at harvard or duke, but isn\'t used for much except its quiet study room, the rest is rare books and other occasional things. the modern concept of a a library building as a space of inspiration, energy, and collaboration, which is the design language of ncsu\'s hunt library, didn\'t seem to be the main concept when unc\'s were built. the libraries have built some cool spaces inside, but no major architectural changes. from a more operational perspective, the buildings aren\'t always well maintained (even the chancellors building had a leaking roof until recently). there are also some that don\'t handle traffic flow well or are confusing (dey and phillips). and while almost all universities have some old dorms, uncs are basically all old depending on your definition. again, real work has taken place (total wifi replacement in all buildings for example), but the ""bones"" haven\'t changed much. so in summary, i\'d challenge anyone who says it is ugly, or even not attractive, from the viewpoint of a walk across campus. but it\'s definitely fair to call it old or just unimpressive from a daily use perspective.']"
747,20,747_games alone_to football_common is_how common,"['games alone', 'to football', 'common is', 'how common', 'football games', 'alone', 'games', 'football', 'common', 'it to']","['how common is it to go to football games alone? did you go?', 'how common is it to go to football games alone? yes', 'how common is it to go to football games alone? yes i did']"
748,20,748_no prospects_prospects self_to neuro_inflicted unsure,"['no prospects', 'prospects self', 'to neuro', 'inflicted unsure', 'self inflicted', 'inflicted', 'neuro', 'neuro major', 'locked in', 'of next']","['locked in to neuro major with no prospects (self-inflicted) - unsure of next steps you can get a research tech position without undergrad experience, that’s what i would do (and did as a neuro major (i did have a neuro lab work study position for a year). i’m now a tech/master’s student)', 'locked in to neuro major with no prospects (self-inflicted) - unsure of next steps you can do plenty of jobs in sales, hr', 'locked in to neuro major with no prospects (self-inflicted) - unsure of next steps']"
749,20,749_racist_am stunned_stunned_bias,"['racist', 'am stunned', 'stunned', 'bias', 'towards white', 'body racist', 'automatic bias', 'white', 'racist what', 'your racist']","['you don’t have an automatic bias. you have a learned and reinforced bias that you did not try to stop. you weren’t born bias towards white people. huge levels of ignorance as an adult.', 'is this a troll post or a shitpost? if not, then no, there are no programs for changing the mind of extremely racist folks. i suggest a healthy dose of education, hanging with people of different skin colors, and therapy. also, the people from your pre-existing/past are most likely not helping the situation. i can’t imagine you grew up around tolerant people and single-handedly developed into a racist.', 'after reading your edited post, it is clear that you have a lot of repressed anger. the main answer to how you can improve your attitude is by going to therapy. you’ll also need a tremendous amount of time to put serious reflection into what you have been taught in the past by those close to you. the issue is that you have most likely been raised in a culture that, wrongly, believes therapy is only for the weak or crazy. i’ll end by saying there is a reason many of the most successful people in the world regularly talk to therapists. it is a way to solve issues that is tried and true. those who refuse help often get stuck in the mud and can not pull themselves out. the comment of “i didn’t ask to be born biracial” is a crock of shit thing to say. the only reason it matters to you is because the people who you surround yourself with make you feel it matters and, again, most likely speak negatively about it. to those who are open-minded, generally educated, or healthy in mind, it matters zero percent what racial make-up you are. the only thing that matters is who you are as a person and how you choose to spend your time with your finite amount of time in this world.']"
750,20,750_imposter syndrome_imposter_syndrome_intelligence,"['imposter syndrome', 'imposter', 'syndrome', 'intelligence', 'of intelligence', 'fine imposter', 'you imposter', 'intelligence some', 'intelligences', 'syndrome know']","[""imposter syndrome there's some truth in both things. there are some classes here that are ridiculously hard, there are some that are normal, and some that are quite easy (though not a ton of them). i had one class that i spent literally eight hours on for the entire semester in one day to receive an a, but that is definitely the exception. there are definitely a lot of smart people here but on the whole, it's not like you have to be some rare genius to succeed. most people who get in are going to do perfectly fine. try to make good impressions on all professors, sometimes it won't matter but sometimes it will. and be selective in the courses/profs you choose, look at rmp and try to get irl opinions or experience if possible."", ""it's all relative. there is a huge range of intelligence at every level... students, professors, etc. it's something to get used to. but don't forget this, which i'm not saying to make you feel better so much as because it's true: there are many kinds of intelligence. some people are good at math problems. that's a kind of intelligence. others are good at navigating the world socially. they have social intelligence. some are physically gifted. that, too, is a kind of intelligence. don't be over-impressed by one kind of intelligence, and feel comforted to know that very few people are exemplary in more than one kind of intelligence. there are a few with multiple extreme intelligences, and we can be in awe of them. but the rest of us have a strong intelligence here or there, and in most areas of life, we have to work at it. chin up, my friend, and know that most of us have to grind. and whenever you can, play to your natural intelligences, which you most certainly have. because we all have them."", 'first of all i want to say thank you. thank you for sharing this an acknowledging that there\'s something you\'re not happy about or something that makes you feel vulnerable. secondly, even though you may feel ""dumb"" or ""stupid"" you made it into unc and that\'s not an easy feat. i know that sometimes ""imposter syndrome "" can become very prominent when you don\'t do good on a test or in a class, but that does not dictate your worth nor your intelligence. just like everyone else you worked hard to get here and made it into unc. it\'s important to sometimes take a step back and acknowledge yourself and give yourself credit for things. often times like yourself i\'m hard on myself and end up feeling worthless, but there\'s always people who remind me of everyday things i do that seem like ordinary things to me, but are precious and special to others. you\'re worth does not depend on a test or a sheet of paper. it\'s so much more than that and you are so much more than you see yourself. i\'m always open to be a sound board or just a support if you need it, even if it\'s late at night. i want you to hopefully understand that you\'re an extraordinary person and you putting effort in your short comings is already showing that you\'re a great person and perseverance is such a key especially in today\'s world and i admire you for holding that dear and i hope you can admire yourself too. feel free to reach out anytime.']"
751,20,751_realistically how_realistically_bad is_how bad,"['realistically how', 'realistically', 'bad is', 'how bad', 'is this', 'bad', 'lmao realistically', 'screenshot', 'this lol', 'joke']","['realistically how bad is this? brutal', 'realistically how bad is this? lol', 'realistically how bad is this? f']"
752,20,752_30 protest_hospitals role_april 30_role in,"['30 protest', 'hospitals role', 'april 30', 'role in', 'unc hospitals', 'in april', 'hospitals', 'role', 'april', 'protest']","['unc hospitals role in april 30 protest', 'unc hospitals role in april 30 protest', 'unc hospitals role in april 30 protest 🇮🇱']"
753,20,753_summer_summer classes_students worth_the summer,"['summer', 'summer classes', 'students worth', 'the summer', 'are summer', 'incoming students', 'over the', 'summer to', '105 over', 'summer are']","['are summer classes for incoming students worth it? depends on what class it is. if it’s an easy seminar, or college thriving then go for it because you’ll get a good integration into the university and a feel for how classes are here somewhat. otherwise if it’s a stem or harder gen ed, i don’t recommend it.', 'depends on what your needs are. if you want a long break over the summer to focus on fun stuff: don’t need it. if you, like me, want to take some summer classes so you don’t have to take as many classes in the fall/spring semesters - then take a couple here and there and you still can have some time to relax. if you’re itching to get unc done as fast as possible, maxing out in summer is a good way to knock a couple semesters off - but it’s intense.', ""summer courses at unc i'm currently a rising freshman debating as to whether i should take engl 105 over the summer. from what i've heard, it seems like a pretty easy beginner class and the professors available have great reviews. the only thing i'm concerned about is the pacing of a summer course since it's conducted in such a short timespan. i don't want to lose my entire summer to this course, and i know it does cost money to take summer classes; however, i am also trying to apply to honors carolina as a first-year and i don't know if this would help my chances. for those who have taken a summer course, do you think taking engl 105 over the summer is worth it? does it place me in a better position for a smoother fall &amp; spring or for getting into honors carolina? i know this sounds like a typical naïve freshman post, i'm sorry.""]"
754,20,754_net price_price back_my net_as refund,"['net price', 'price back', 'my net', 'as refund', 'net', 'refund', 'back as', 'get my', 'price', 'will get']","['will i get my net price back as a refund? out of state maybe?', 'will i get my net price back as a refund? sure', 'will i get my net price back as a refund? ^this']"
755,20,755_enjoyers_exam enjoyers_am exam_morning all,"['enjoyers', 'exam enjoyers', 'am exam', 'morning all', 'good morning', 'all am', 'morning', 'exam', 'sick missed', 'missed my']","['good morning all 8 am exam enjoyers lets get that grade', 'good morning all 8 am exam enjoyers good luck guys!!!!!', 'good morning all 8 am exam enjoyers morehead']"
756,20,756_on fake_fake ids_are bars_strict are,"['on fake', 'fake ids', 'are bars', 'strict are', 'bars at', 'ids', 'how strict', 'hill on', 'fake', 'bars']","['how strict are bars at chapel hill on fake ids lol fair enough', 'how strict are bars at chapel hill on fake ids lmaooo', 'how strict are bars at chapel hill on fake ids probably take it']"
757,20,757_graduation worth_are alone_is walking_at graduation,"['graduation worth', 'are alone', 'is walking', 'at graduation', 'walking at', 'it especially', 'graduation', 'especially if', 'walking', 'worth it']","['is walking at graduation worth it, especially if you are alone? right, forgot about that...', 'is walking at graduation worth it, especially if you are alone? you only get your undergrad once.', 'is walking at graduation worth it, especially if you are alone?']"
758,20,758_graham memorial_of operation_memorial_graham,"['graham memorial', 'of operation', 'memorial', 'graham', 'cut graham', 'memorial hours', 'just cut', 'operation', 'hours of', 'really just']","[""they really just cut graham memorial's hours of operation..."", ""they really just cut graham memorial's hours of operation..."", ""they really just cut graham memorial's hours of operation...""]"
759,20,759_sprite_sprite on_pepsi_is pepsi,"['sprite', 'sprite on', 'pepsi', 'is pepsi', 'is coke', 'coke', 'on campus', 'some want', 'starry', 'sprite in']","['sprite on campus the sell sprite in the pit stop in the union', 'sprite on campus what does it take for a girl to get a sprite around here? none of the vending machines i’ve seen have sprite in them. i really need a sprite so if someone has seen a sprite in a certain building please let me know i will walk to baity hill if need be i just really need a friggen sprite', 'sprite on campus sprite is a coke product']"
760,20,760_tam_euro_euro tam_tam dual,"['tam', 'euro', 'euro tam', 'tam dual', 'degree program', 'dual degree', 'dual', 'european', 'the euro', 'program']","[""euro-tam dual-degree program i was just accepted in carolina and i'm so excited! as part of my acceptance, i was also granted assured enrollment in the euro-tam dual degree program. i would need to be a contemporary european studies major (which is awesome!), but i was also thinking i could do a double major in econ or poli sci. i was just wondering if anyone was a part of this program and could speak about it. i also have about a semester's worth of ap credits, so i was wondering if it would require the full five or six years to complete. also, is this a prestigious honor, or just something everyone gets who applies? thanks for any and all information!"", 'you should contact the euro-tam people directly. the european studies major is small, and tam itself is (usually) two years - one here and one in europe. the euro-tam program website says it would take 5-6 years, which is the same amount of time as someone who did undergrad in 3 or 4 years, applied to tam in their senior year, and then did the 2 tam years. it is extremely common to double major with european studies, and the ba and bs in econ are not very large either, with the econ minor being another option. i think the only reason they would not allow you to do so is if you are restricted to being at unc for less than five years as a transfer and just would not have the time to get all the classes done, even with your transfer credits. admissions may not know the particulars of the program, especially since euro-tam is fairly new. if you met with a tam academic advisor and planned out how the classes would go, you may be able to figure something out.', 'euro-tam dual-degree program how competitive is it?']"
761,20,761_act_scores_test scores_gpa,"['act', 'scores', 'test scores', 'gpa', 'extracurriculars', 'what helped', 'the act', 'stand out', 'helped you', 'you stand']","['what helped you stand out? you would have to be pretty exceptional or have a very good reason as to why your grades weren’t higher. one of my friends with a low gpa got in but he had a stacked background in many extracurriculars, perfect scores in act and sat, dual enrollment in college, etc. another got in with a lower gpa around (3.5) due to a being in extraordinary situation outside of school and still doing decent in school. ok test scores, good extra-circulars, lots personal reason outside of school, amazing essays and recommendations.', 'i had a really good gpa (4.0) but i think my test scores were pretty average. i took my sat before they changed the grading scale, so i’m not really sure how it compares to the current sat. i think it was somewhere in the 1500 or 1600s out of 2400 &amp; my act was maybe a 25-27? again, i had other things that i think made me a strong applicant, but plenty of my friends i ended up going to unc with had lesser gpas &amp; test scores, but still got in. some people i know that applied w similar stats didn’t get in &amp; i got rejected from a school that imo isn’t nearly as academically challenging as unc. i’d say it’s pretty hard to predict. might as well just work hard on the essay(s)/showing that you’re a well-rounded student &amp; hope for the best!', 'what helped you stand out? hi! graduating senior here. although i had a higher gpa than you asked about, i think i have advice to give. you want to show the application reviewing committee several things. 1. you are well-rounded. this means sports, music, whatever your fancy. see edit before you freak out 2. volunteer, volunteer, volunteer! i was a girl scout and also heavily involved in my high school’s chapter of key club. public service of any form is a win on your application. 3. recommendations are important but probably not the deciding factor. i honestly can hardly remember that part of my application. whoever you ask to be your recommender, make sure they’re able to write you a strong letter, preferably a teacher or mentor who can discuss your growth. 4. essays are your best friend. do not wait too late to start. go ahead and look up past prompts so you can be brainstorming. this is your chance to show your personality through a writing lens. i cannot stress enough how valuable these essays are. to answer your specific question about test scores, i think they may still be optional to submit? but with a gpa of 3.5 or lower you pretty much need to submit them and they need to be good. granted i had a higher gpa and my year was the second year they were optional, but i still submitted mine because i did well. (1530 on sat and 31 on act). not that the high test scores will make up for poor letter grades, but it’ll definitely better your odds. best of luck! edit: it seems my words were misunderstood which might be my fault. when i said well rounded i did not mean half ass a bunch of clubs and extracurriculars. what i meant is showing that you have hobbies and passions, not just strong academics. personally, i have a love of music and service. that’s how i showed i was involved elsewhere. nowhere did i say you have to be a musician, have to be an athlete. these were suggestions of what i did. the post asked what people did so i responded to that question. ✌️']"
762,20,762_standby line_standby_line_line for,"['standby line', 'standby', 'line', 'line for', 'for football', 'football', 'the standby', 'football games', 'games', 'game']","[""standby line for football games? waited for over an hour in the standby line at the last game, and they didn't have any room left at kick-off, we were all turned away. was not a good experience lol"", 'i can’t really speak on much of this except to say that i know a couple people who got into the game off the standby line last year, so it is possible, and everyone got in off the duke football game standby line, but that was football. also the bama game standby line was pretty quick, i got there about 15 minutes early, then got in maybe 10ish minutes late. no idea how bad the duke line is though, probably pretty tough', 'standby line for football games? so there’s actually a good chance of getting in through the standby line?']"
763,20,763_soci_soci class_122 with_with straubel,"['soci', 'soci class', '122 with', 'with straubel', 'straubel', 'soci 273', 'upper than', 'is soci', '273', '400 level']","[""any recommendations for soci class that's upper than 400 level guys i'm a sociology major and i'm looking for recommendations on soci class upper than 400 level! i'm also looking for suggestions on which class sucks and i need to avoid it haha."", ""any recommendations for soci class that's upper than 400 level"", 'how is soci 122 with straubel? iirc there are two reading quizzes a week (online prior to class) which are actually helpful because they make you do the readings which are pretty important. she drops the lowest two quizzes and you can make them up at the end of the semester if you miss them. she has four sections so there are four section papers but they are not hard. they are more like summaries. the last one she gave the option of doing with a group. she grades participation but she lets you set your own goals in the beginning of class and then you evaluate yourself. there is a research paper that she guides you through all semester. she breaks it into pieces so its manageable. the final exam was semi- take home. she gives you the prompts ahead of time and then all you had to do was show up on exam day and hit submit. it was actually a lot of work for a 100 level class but she makes it easy and is one of the most accommodating and kindest teachers on campus. so if people got behind or were struggling she worked with them with whatever they needed.']"
764,20,764_get at_this school_at this_school how,"['get at', 'this school', 'at this', 'school how', 'how to', 'school', 'to get', 'how', 'check to', 'school had']","['how to get a’s at this school?', 'how to get a’s at this school?', 'how to get a’s at this school?']"
765,20,765_night what_super loud_dorm next_loud at,"['night what', 'super loud', 'dorm next', 'loud at', 'loud', 'person in', 'me is', 'in dorm', 'at night', 'is super']","['person in dorm next to me is super loud at night, what should i do hold this w', 'person in dorm next to me is super loud at night, what should i do what dorm is this', 'person in dorm next to me is super loud at night, what should i do']"
766,20,766_decisions come_ra decisions_when ra_come out,"['decisions come', 'ra decisions', 'when ra', 'come out', 'rd decisions', 'do rd', 'decisions', 'ra', 'know when', 'rd']","['does anyone know when ra decisions come out?', 'does anyone know when ra decisions come out?', 'does anyone know when ra decisions come out?']"
767,20,767_you despise_fellow stats_math stor_what math,"['you despise', 'fellow stats', 'math stor', 'what math', 'majors what', 'stats math', 'despise', 'classes did', 'stor classes', 'math majors']","['fellow stats/math majors, what math/stor classes did you despise? who was your 381 prof?', 'fellow stats/math majors, what math/stor classes did you despise? thank you thank you !', 'fellow stats/math majors, what math/stor classes did you despise? thank you so much']"
768,20,768_qualtrics_qualtrics mail_thread thank_mail thread,"['qualtrics', 'qualtrics mail', 'thread thank', 'mail thread', 'mail', 'you please', 'please stop', 'thread', 'stop', 'unsubscribe']","['qualtrics e-mail thread, thank you, please stop thank you for all the e-mails. now please stop—stop the e-mail spam from the qualtrics e-mail chain before it gets out of hand. i survived the listserv e-mail spam; please not another.', 'qualtrics e-mail thread, thank you, please stop romance languages', ""qualtrics e-mail thread, thank you, please stop what's roml?""]"
769,20,769_one summer_credits in_summer session_session,"['one summer', 'credits in', 'summer session', 'session', 'in one', 'summer', 'session credits', 'credits', 'for summer', 'maximum']","['8 credits in one summer session?', '8 credits in one summer session?', '8 credits in one summer session?']"
770,20,770_veganism_chalktivism_aims to_aims,"['veganism', 'chalktivism', 'aims to', 'aims', 'campus chalktivism', 'promote veganism', 'unc aims', 'chalktivism at', 'to promote', 'promote']","[""on-campus 'chalktivism' at unc aims to promote veganism"", ""on-campus 'chalktivism' at unc aims to promote veganism"", ""on-campus 'chalktivism' at unc aims to promote veganism""]"
771,20,771_students spend_on homework_day week_week do,"['students spend', 'on homework', 'day week', 'week do', 'hours day', 'homework', 'do students', 'many hours', 'spend on', 'spend']","['how many hours a day/week do students spend on homework? honestly, a lot of your free time will be homework.', 'how many hours a day/week do students spend on homework? 3 a day. my major is hard though lol.', 'how many hours a day/week do students spend on homework? 1-6 hours every day as a stem major']"
772,20,772_vaccine_immunizations_immunization_the vaccine,"['vaccine', 'immunizations', 'immunization', 'the vaccine', 'records', 'immunization records', 'submitting immunizations', 'quarantine', 'were sent', 'submitting']","['does anyone know how to access the immunization records that were sent in to unc as a freshman?', 'unc chancellor says unc will comply with ice to comment on the vaccine - there\'s plenty of data showing that folks who got the vaccine were much less likely to have severe icu-requiring disease. also, there are pretty limited adverse effects from the vaccine, and far fewer than from actually getting the disease. at some point, a huge swath of the population was getting infected manifesting disease, so a vaccine mandate was more valid, and basically lifted after that was no longer the case. re: ""the nih performing x y x resesrch"" - they weren\'t necessarily aware of every little thing going on in the lab, that\'s not how research funding works. it\'s not like they actually micromanage the pis and tell them exactly which experiments they should and shouldn\'t do. of course, there are guidelines around what is and isn\'t allowed, but maybe those weren\'t followed. i actually imagined someone in med tech would know this stuff. the quarantine question is a whole other thing, but when your hospitals are operating way over max capacity and full of patients with one infectious disease, a blanket quarantine can make sense as a temporary measure. just because the young healthy people were less likely to die themselves, it doesn\'t mean they wouldn\'t spread the disease to others at home, for example, who could be vulnerable. the dakotas, for example, had fairly lax covid policies, and they had pretty bad infection and death burdens from the virus. you could make the argument that people should have the autonomy to make risky decisions as part of their rights, and that\'s fair. but there was a logic behind some of the initial management strategies implemented. you\'re either stuck in an information silo, or are being disingenuous with many of your talking points. disagreeing is one thing, which is a fair argument to have, but to call the measures taken nonsensical is a lie.', 'unc chancellor says unc will comply with ice hey buddy for all your supposed smarts you failed to have the basic reading comprehension to notice i did not fail those courses. by the way i truly hope you aren’t an actual cardiologist. now since you want to talk science let’s do it. do you have any explanation based in science instead of your emotional political shitposting as to why the american healthcare industrial complex demanded that healthy young individuals quarantine themselves for two years when quarantine has only ever been proven to be effective for those who either already sick or at high risk? can you mention a single other time in history in which, again, healthy young uninfected people were required to quarantine? do you have any explanation based in science as to why everyone was heavily socially pressured and in some occupations mandated to take this experimental vaccine, even recommending them to literal infants, when the entire concept of a vaccine is that it is meant to provide you with some level of immunity from a virus, regardless of whether or not anyone around you has been inoculated, as was common knowledge for the entirety of the time vaccines have existed up until just a few years ago? keep in mind, it was expressly advertised as being 100% safe and effective with joe biden even being seen stating “if you get the vaccine you won’t catch covid” and similar sentiments being initially expressed by healthcare professionals before it eventually revealed it was barely more effective than washing your hands? do you have any explanation based in some form of logic or another why the nih would lie about continuing to perform the previously banned gain of function testing through the wuhan laboratory, which was specifically studying coronaviruses, and by now is clearly the actual source of the pandemic instead of the oddly racist blaming of traditional chinese food markets at first? you see the difference between you and i is that if you are a medical doctor of some sort you are clearly among the lowest common denominator of your kind, whereas i have been working in the medical field after graduating for nearly 8 years now as a molecular med tech and have excelled at every single project or task i was thrown into. by the way i find it hilarious you actually called some women’s studies course to be a “flagship” course at unc when the school is clearly known for basketball and stem education, perhaps you could have said the kenan flagner school of business as well but certainly not one of the liberal arts so shortly after the african american studies department was literally busted for artificially passing football players to boost our teams.']"
773,20,773_262 at_or community_and 262_261 and,"['262 at', 'or community', 'and 262', '261 and', 'take chem', '262', 'chem 261', '261', 'unc or', 'community college']","['should i take chem 261 and 262 at unc or a community college? do you mind if i ask why?', 'should i take chem 261 and 262 at unc or a community college? premed?', 'should i take chem 261 and 262 at unc or a community college? was it that bad?']"
774,20,774_2030 acceptance_acceptance packages_2030_packages,"['2030 acceptance', 'acceptance packages', '2030', 'packages', 'acceptance', 'gotten mine', 'yet 2030', 'packages haven', 'mine yet', 'haven gotten']","['2030 acceptance packages me either also oos', '2030 acceptance packages i haven’t gotten mine yet.', '2030 acceptance packages haven’t gotten mine yet']"
775,20,775_towel guy_towel_the quad_guy in,"['towel guy', 'towel', 'the quad', 'guy in', 'quad', 'guy', 'quad he', 'flow star', 'he', 'flow']","['towel guy in the quad believe that’s a flow star', 'towel guy in the quad the goat', 'towel guy in the quad true']"
776,20,776_hiking club_club at_concerns hiking_hiking,"['hiking club', 'club at', 'concerns hiking', 'hiking', 'unc your', 'club', 'user flair', 'user', 'flair', 'automatically']","['hiking club at unc your comment has been automatically removed because you do not have user flair for r/unc. please [choose a user flair]( and then comment again. i am a bot, and this action was performed automatically. please [contact the moderators of this subreddit](/message/compose/?to=/r/unc) if you have any questions or concerns.', 'hiking club at unc your comment has been automatically removed because you do not have user flair for r/unc. please [choose a user flair]( and then comment again. i am a bot, and this action was performed automatically. please [contact the moderators of this subreddit](/message/compose/?to=/r/unc) if you have any questions or concerns.', 'hiking club at unc your comment has been automatically removed because you do not have user flair for r/unc. please [choose a user flair]( and then comment again. i am a bot, and this action was performed automatically. please [contact the moderators of this subreddit](/message/compose/?to=/r/unc) if you have any questions or concerns.']"
777,20,777_110 super_super slow_slow_comp 110,"['110 super', 'super slow', 'slow', 'comp 110', '110', 'super', 'comp', 'the pace', 'sylly', 'slow see']","['comp 110 super slow 💀, you are asking for things to get bad', 'comp 110 super slow i see that makes sense', 'comp 110 super slow i see i see']"
778,20,778_concerns computer_user flair_user_flair,"['concerns computer', 'user flair', 'user', 'flair', 'automatically', 'comment', 'please', 'message compose', 'automatically removed', 'then comment']","['computer science decisions your comment has been automatically removed because you do not have user flair for r/unc. please [choose a user flair]( and then comment again. i am a bot, and this action was performed automatically. please [contact the moderators of this subreddit](/message/compose/?to=/r/unc) if you have any questions or concerns.', 'information science major your comment has been automatically removed because you do not have user flair for r/unc. please [choose a user flair]( and then comment again. i am a bot, and this action was performed automatically. please [contact the moderators of this subreddit](/message/compose/?to=/r/unc) if you have any questions or concerns.', 'information science major your comment has been automatically removed because you do not have user flair for r/unc. please [choose a user flair]( and then comment again. i am a bot, and this action was performed automatically. please [contact the moderators of this subreddit](/message/compose/?to=/r/unc) if you have any questions or concerns.']"
779,20,779_concerns carolina_carolina your_only carolina_concerns the,"['concerns carolina', 'carolina your', 'only carolina', 'concerns the', 'flair', 'user flair', 'user', 'automatically', 'comment', 'camp your']","['the one and only carolina 😎 your comment has been automatically removed because you do not have user flair for r/unc. please [choose a user flair]( and then comment again. i am a bot, and this action was performed automatically. please [contact the moderators of this subreddit](/message/compose/?to=/r/unc) if you have any questions or concerns.', 'the one and only carolina 😎 your comment has been automatically removed because you do not have user flair for r/unc. please [choose a user flair]( and then comment again. i am a bot, and this action was performed automatically. please [contact the moderators of this subreddit](/message/compose/?to=/r/unc) if you have any questions or concerns.', 'the one and only carolina 😎 your comment has been automatically removed because you do not have user flair for r/unc. please [choose a user flair]( and then comment again. i am a bot, and this action was performed automatically. please [contact the moderators of this subreddit](/message/compose/?to=/r/unc) if you have any questions or concerns.']"
780,20,780_feedback worried_about biol_schedule feedback_103,"['feedback worried', 'about biol', 'schedule feedback', '103', 'biol 103', 'worried about', 'feedback', 'biol', 'worried', '103 is']","[""schedule feedback - worried about biol 103 i couldn't get one :("", 'schedule feedback - worried about biol 103 thanks!', 'schedule feedback - worried about biol 103']"
781,20,781_stacy_which dorm_cobb_stacy or,"['stacy', 'which dorm', 'cobb', 'stacy or', 'or cobb', 'dorm has', 'has better', 'better environment', 'environment stacy', 'dorm']","[""which dorm's community is better? stacy or cobb? i am planning to live in either stacy or cobb, so was just wondering which dorm has a better environment and/or community. e.g. students in which dorm tend to be more connected, more sociable, and form a better study ambiance?"", ""which dorm's community is better? stacy or cobb? cobb"", ""which dorm has a better environment? stacy or cobb? they're all on unc website...""]"
782,20,782_kenan music_music scholarship_music_scholarship,"['kenan music', 'music scholarship', 'music', 'scholarship', 'the kenan', 'kenan', 'competitive is', 'how competitive', 'audition', 'jospeh and']","['how competitive is the kenan music scholarship?', 'how competitive is the kenan music scholarship?', 'how competitive is the kenan music scholarship?']"
783,20,783_windows your_concerns alert_armed dangerous_now avoid,"['windows your', 'concerns alert', 'armed dangerous', 'now avoid', 'emergency armed', 'inside now', 'avoid windows', 'carolina emergency', 'dangerous person', 'go inside']","['!alert carolina! emergency: armed, dangerous person on or near campus. go inside now; avoid windows. your comment has been automatically removed because you do not have user flair for r/unc. please [choose a user flair]( and then comment again. i am a bot, and this action was performed automatically. please [contact the moderators of this subreddit](/message/compose/?to=/r/unc) if you have any questions or concerns.', '!alert carolina! emergency: armed, dangerous person on or near campus. go inside now; avoid windows. your comment has been automatically removed because you do not have user flair for r/unc. please [choose a user flair]( and then comment again. i am a bot, and this action was performed automatically. please [contact the moderators of this subreddit](/message/compose/?to=/r/unc) if you have any questions or concerns.', '!alert carolina! emergency: armed, dangerous person on or near campus. go inside now; avoid windows. your comment has been automatically removed because you do not have user flair for r/unc. please [choose a user flair]( and then comment again. i am a bot, and this action was performed automatically. please [contact the moderators of this subreddit](/message/compose/?to=/r/unc) if you have any questions or concerns.']"
784,19,784_playlist_music_while studying_and relaxation,"['playlist', 'music', 'while studying', 'and relaxation', 'playlist of', 'backdrop for', 'backdrop', 'relaxation', 'studying here', 'study sessions']","['to stay relaxed and focused while studying here is ""something else"", a carefully curated playlist regularly updated with atmospheric, poetic, soothing and slightly myterious soundscapes. the ideal backdrop for concentration and relaxation. perfect for staying focused and relax during my study sessions. [ h-music', 'to stay relaxed and focused while studying here is ""pure ambient"", a carefully curated playlist regularly updated with beatless ambient electronic soundscapes. the ideal backdrop for concentration and relaxation. perfect for staying focused and relax during my study sessions. hope this can help you too! h-music', ""for those like me who need background music for studying here's mental food, a carefully curated playlist with chill and mellow electronica, downtempo, idm, and ambient electronic music. the ideal backdrop for concentration and relaxation. perfect for staying focused during my study sessions. hope this can help you too :) [ curious to discover yours. feel free to share yours if you have any. h-music""]"
785,19,785_smoothie_food under_under plus_best food,"['smoothie', 'food under', 'under plus', 'best food', 'plus swipes', 'la farm', 'farm smoothie', 'swipes', 'farm', 'acai']","['best food under plus swipes? personally, med deli', 'best food under plus swipes? cholanad order?', 'best food under plus swipes? med deli']"
786,19,786_chemistry department_phd how_how living_the chemistry,"['chemistry department', 'phd how', 'how living', 'the chemistry', 'chemistry phd', 'chemistry', 'for chemistry', 'accepted for', 'unc how', 'got accepted']","[""just got accepted for a chemistry phd. how's living in unc? how's the chemistry department? also look at other property management companies!"", ""just got accepted for a chemistry phd. how's living in unc? how's the chemistry department? an understatement 🙃"", ""just got accepted for a chemistry phd. how's living in unc? how's the chemistry department?""]"
787,19,787_suck up_large classes_in large_to suck,"['suck up', 'large classes', 'in large', 'to suck', 'to professors', 'know professors', 'professors in', 'large', 'suck', 'professors']","['how to get to know professors in large classes? as someone who has at least 600 students a semester, it’s a really depressing fact that we just can’t make ourselves fully available to every student and have enough time to devote to making our class a rewarding experience for many students. it’s a tough pill for us to swallow as well, i assure you, because the bonds we build with you students are the best part of the job! a big part of my first year teaching was learning how to set and accept these boundaries. what i recommend is being involved in your class-sitting in the front, asking questions, etc. this will make you stand out and they will likely remember you! those involved students also just bring such a good energy to the class! :) also, if you’re looking to make connections to be a part of a research lab, the professors who teach large classes often don’t have labs (teaching faculty like me) or have smaller ones so they have the bandwidth to devote energy to teaching the large class!', 'how to suck up to professors? ✍🏻🤣', ""how to get to know professors in large classes? any advice for getting to know the professor/stand out if you’re in a large class (200+ people)? i've always heard that you're supposed to get to know your professor and go to their office hours for help, but for large classes we've been told to go to ulas and tas for help first and the professor last so i'm not too sure how to get to know them. any help would be appreciated!! :)""]"
788,19,788_registration_of sht_why registration_sht,"['registration', 'of sht', 'why registration', 'sht', 'just piece', 'registration process', 'process is', 'piece of', 'piece', 'is just']","['why registration process is just a piece of sht you better be more prepared than me', 'why registration process is just a piece of sht thank you！', ""why registration process is just a piece of sht &gt; as a freshman majoring in psychology with a neuroscience minor, i spent so much time planning my schedule, yet the classes were already closed or out of spots before my registration window even began. it's frustrating, but this is the universal college freshman experience. doesn't matter where you go or who you are, if you're a freshman, your registration will be as shitty as can be. &gt; the website said there were 70–80 reserved spots open for psychology and neuroscience minors, but that honestly feels meaningless. i asked my advisor, and he basically knew nothing. what was there to ask? not to be rude, but there isn't much to say about that. people got there before you. as a freshman, you probably still have gen ed requirements to get through first &gt; why do different people get different registration times? why are honors students eligible to register earlier? it feels completely unfair. more credits = earlier registration. certain accomodations = earlier registration. honors student = earlier registration. it's frustrating, for sure, but all of these are things you could attempt to change for yourself. get community college credits, apply for the honors college, see if you're eligible for accomodations. if everyone registered at the same time, the website would crash and seniors would never get classes they need to graduate &gt; and the advising system is terrible. my advisor is extremely hard to reach and has offered almost no help. this is fair. request to switch advisors. advocate for yourself, it's one of the biggest things you learn in college. &gt; why is a public university like this? every university is like this. &gt; i’m starting to hate this place. there’s no diversity, no sense of community, nobody seems to care about students’ mental health, find the diversity, join clubs for the groups you're interested in, take classes about them, go to on campus diversity related events (rha has a multicultural test tonight!!). who do you want to care about your mental health? again, i don't mean that in a mean way, but at a school with tens of thousands of students, you have to be your own advocate. there are far too many people around for your specific needs to be focused in on unless you say something. talk to caps, reach out to professors, etc. &gt; and the classes are ridiculously hard. i had a straight 4.0 in high school, but here every class has three midterms and a final. them's the breaks at the university level. you're at a public ivy, not in highschool. it's supposed to be harder. you're getting a top tier education. not every class has 3 midterms and a final either. that's highly dependent on your classes (so kinda your major determines it). you aren't going to have a straight 4.0 at the university level because you're not being graded on the 10 point system anymore, and you're taking hard classes &gt; is it just me, or does this school feel unfair and biased, with no real community at all? it sounds like you potentially had unreasonable expectations about what college is. that's fine, it's probably the most common thing students come to reckon with as they start at the university level. nobody is looking after you and telling you what to you, you have to advocate for yourself, you have to build your own community, you have to speak up about things that feel unfair. you've also only been here for a semester, it will get easier""]"
789,19,789_elevators_broken elevators_elevators on_broken,"['elevators', 'broken elevators', 'elevators on', 'broken', 'elevator', 'of service', 'the building', 'on campus', 'elevators were', 'elevators in']","['broken elevators on campus the two main elevators in rosenau are being replaced this spring/summer.', ""broken elevators on campus a bit late, but near the end of last semester all 3 of hinton james' elevators were broken for at least a few hours."", 'broken elevators on campus hi everyone, i’m a writer with the daily tar heel currently working on a story about accessibility on campus, specifically broken or out-of-service elevators. right now, i’m trying to get a better sense of how widespread elevator issues are. i’m aware of problems in places like carroll hall, dey hall, and morrison hall, but i know there may be others. if you notice elevators that are currently broken or frequently out of service, especially during fdoc or the start of the semester, i’d really appreciate if you could comment below or dm me with: the building name whether the issue is ongoing or intermittent roughly how long it’s been an issue (if you know) if you’re someone who has been personally affected by these outages and are open to sharing your experience (on or off the record), i would love to hear from you. dms are open :)']"
790,19,790_gap_gap year_to intern_unc gap,"['gap', 'gap year', 'to intern', 'unc gap', 'taking gap', 'intern', 'gap semester', 'year to', 'considering gap', 'internship']","['taking a gap year to intern', 'taking a gap year to intern', ""taking a gap year to intern what is the point of taking a break right in the middle of your undergrad, if it is not an actual university-affiliated co-op program? is that what you want to do or do you intend to just work full-time as an intern? usually, full-time, paid internships (that aren't co-ops) for full years are for recent grads, not current students. depending on your industry, there are programs or positions that are meant as a transition point for recent grads - where the bar for entry isn't super high and it is intended for use as a resume-builder. for example, bioscience recent b.s. grads can work as a research assistant/technician if they want to get into research, even if they don't have a strong lab background. if you want to build your resume, i can imagine there are definitely things you can do at unc in pretty much any department, like research with a professor, or you can find a part-time internship. there are often classes intended for industry-focused skills in your major, and you can probably check out nc state, duke, and other nc system classes for them, too. most majors tend to have senior capstones intended to engage you with industry or research in some fashion. you are only halfway through your undergrad! you definitely have time to build your resume as a student before you graduate, and your last two years are usually the time where you can actually to so, since you now have a foundation in your major.""]"
791,19,791_usc_umich usc_unc umich_usc for,"['usc', 'umich usc', 'unc umich', 'usc for', 'umich', 'for undergrad', 'undergrad', 'vs usc', 'undergrad umich', 'undergrad michigan']","['unc v. umich v. usc for undergrad! umich', 'unc v. umich v. usc for undergrad! umich', 'unc v. umich v. usc for undergrad!']"
792,19,792_transfers this_us transfers_mean for_this cycle,"['transfers this', 'us transfers', 'mean for', 'this cycle', 'this mean', 'for us', 'what does', 'cycle', 'does this', 'transfers']","['what does this mean for us transfers this cycle ? thanks for your sharing.', 'what does this mean for us transfers this cycle ? we are cooked', 'what does this mean for us transfers this cycle ?']"
793,19,793_hannah jones_hannah_nikole hannah_nikole,"['hannah jones', 'hannah', 'nikole hannah', 'nikole', 'fallout continues', 'lost nikole', 'jones the', 'school lost', 'unc journalism', 'the fallout']","['a year after unc’s journalism school lost nikole hannah-jones, the fallout continues ?', 'a year after unc’s journalism school lost nikole hannah-jones, the fallout continues', 'a year after unc’s journalism school lost nikole hannah-jones, the fallout continues']"
794,19,794_trustees_hill trustees_admissions information_senior staff,"['trustees', 'hill trustees', 'admissions information', 'senior staff', 'trustees pressed', 'pressed senior', 'staff for', 'for admissions', 'pressed', 'the chancellor']","['unc-chapel hill trustees pressed senior staff for admissions information word', 'unc-chapel hill trustees pressed senior staff for admissions information', 'unc-chapel hill trustees pressed senior staff for admissions information [']"
795,19,795_khalil_mahmoud_mahmoud khalil_holding rally,"['khalil', 'mahmoud', 'mahmoud khalil', 'holding rally', 'detainment as', 'roberts commitment', 'dhs voluntarily', 'ice dhs', 'local organizations', 'protest mahmoud']","[""33 campus and local organizations are holding a rally on wednesday at 1 pm to protest mahmoud khalil's detainment as well as lee roberts' commitment to work with ice/dhs voluntarily deport mahmoud khalil."", ""33 campus and local organizations are holding a rally on wednesday at 1 pm at unc to protest mahmoud khalil's detainment as well as lee roberts' commitment to work with ice/dhs voluntarily"", ""33 campus and local organizations are holding a rally on wednesday at 1 pm to protest mahmoud khalil's detainment as well as lee roberts' commitment to work with ice/dhs voluntarily""]"
796,19,796_tattoo_tattoo artists_artists in_artists,"['tattoo', 'tattoo artists', 'artists in', 'artists', 'the triangle', 'triangle', 'line work', 'piercing', 'nostril', 'at spica']","['tattoo artists in the triangle hi guys! i’m looking to get a tattoo done soon that would require some good line work. i’m not as much into shading as i am into lines and fine line work specifically. does anyone have any recommendations for local tattoo artists? i’d love to get an ancient greek-style piece done.', 'tattoo artists in the triangle super happy!', 'tattoo artists in the triangle great to hear!!']"
797,19,797_requirement due_without meeting_health concerns_lfit requirement,"['requirement due', 'without meeting', 'health concerns', 'lfit requirement', 'graduate without', 'meeting the', 'the lfit', 'to mental', 'can graduate', 'lfit']","['can i graduate without meeting the lfit requirement due to mental health concerns? thank you!!', 'can i graduate without meeting the lfit requirement due to mental health concerns?', 'can i graduate without meeting the lfit requirement due to mental health concerns?']"
798,19,798_for secluded_secluded place_secluded_woods,"['for secluded', 'secluded place', 'secluded', 'woods', 'the woods', 'place in', 'place', 'looking for', 'woods looking', 'looking']","['looking for a secluded place in the woods', 'looking for a secluded place in the woods', 'looking for a secluded place in the woods']"
799,19,799_abroad_studying abroad_sublease_studying,"['abroad', 'studying abroad', 'sublease', 'studying', 'abroad in', 'study abroad', 'abroad fall', 'on studying', 'abroad and', 'and housing']","['study abroad sublease hi everyone! i’m planning on studying abroad next fall, so i’m thinking of picking up a sublease for the spring (2025). pm me if you’re interested or are studying abroad in the spring and would like to “swap” rooms for the semester (looking to live with other girls). edit: clarifying date', 'off campus housing in ch when planning on studying abroad in spring does anyone have any advice on how i should go about figuring out my housing for next fall if im planning on studying abroad spring 2024? i feel like getting a place and then having to sublease might be too big of a risk, bc what if nobody subleases (thoughts on this?). also duh living on campus would solve my problems but i just cannot bring myself to do that. do you think my best bet is to look for a fall sublease with some fun strangers? has anyone gone through this before? help pleaseeee! thanks!', 'studying abroad fall 2024 yes, i subleased! i got a place from someone who was studying abroad in the spring semester. tons of people sublease either bc of studying abroad or graduating early. i recommend finding someone who’s studying abroad if you don’t want to be responsible for summer rent though! that’s what i did, the person wanted to come back in may/june so it worked perfectly.']"
800,19,800_lsat_test location_lsat test_the lsat,"['lsat', 'test location', 'lsat test', 'the lsat', 'tutoring', 'lsat tutoring', 'location', 'test', 'test center', 'person tutoring']","['lsat tutoring hi tar heels, i am a current masters student at unc chapel hill who is attending law school in 2025. i am looking to do remote and in person tutoring for the lsat. i am a 180 scorer who has a diverse history of tutoring experiences, and i plan to offer affordable and effective tutoring services. if you have any interest, reach out to me via private message or comment below! share this with any friends and family that may be in need of help as well. good luck!', 'lsat test location does anyone have any suggestions on where to take the lsat? i don’t think it’s safe to go to a hotel alone without a car and home is far away.', ""lsat tutor i'm a unc (undergrad, grad, law) graduate with over 20 years of experience teaching and tutoring the lsat and have openings for new students currently. i started teaching for kaplan in 2002 while i was applying to law school and after graduation i moved to nyc where i took a full time job as the national lsat product manager for kaplan - i have over 20 years of experience as a lsat teacher and tutor, much of it full time. i'm admitted to the bar in ny and nc (moved back in 2010) and currently do lsat tutoring and bar exam prep. without too many boring details, i'm offering tutoring sessions at a much lower rate than what you'll pay if you go through a big prep company - with way more experience, no need to buy a huge package of hours, etc - i know the lsat inside and out, have written countless explanations, designed and revised courses, etc. i'd go head to head with anyone else around in terms of my knowledge and understanding of the course, and i've worked with many thousands of students over the years. my approach is to work smarter, not harder, on what is a very learnable skills test. i'm currently offering remote (preferred) and in-person tutoring. my base rate is $75/hour for a two hour session, and i generally work between 12 and 6 pm, tuesday-saturday. remote is over facetime or google meets, and in person is generally at a starbucks or similar location around the southpoint area (i usually don't travel, so i can spend my time tutoring instead of in the car, but this could be negotiated if need be). if you're interested, please email me at julielamberth @ [mac.com]( (without the spaces - trying to not end up on mailing lists) with questions, availability, etc.""]"
801,19,801_mccombs_mccombs for_for calc_calc,"['mccombs', 'mccombs for', 'for calc', 'calc', 'calc he', 'had mccombs', 'for calc2', 'uma', 'calc mccombs', 'he the']","['mccombs for calc 3 i had mccombs for calc2 nearly 20 years ago. he’s the man. a very relatable, understandable, and approachable nerd. at the time he was a real gem in an otherwise intermediating math department. i think he’s the only prof i ever went to office hours for.', 'mccombs for calc 3 mccombs gets the best ratings!', 'mccombs for calc 3 he’s great']"
802,19,802_pre_pa_that overlaps_overlaps pre,"['pre', 'pa', 'that overlaps', 'overlaps pre', 'pa pre', 'pre pa', 'best public', 'overlaps', 'pre med', 'med pre']","['best public health major that overlaps w/ pre-med/pre-pa pre-reqs nutrition - science &amp; research track', 'best public health major that overlaps w/ pre-med/pre-pa pre-reqs nutrition', 'best public health major that overlaps w/ pre-med/pre-pa pre-reqs']"
803,19,803_actual consequences_consequences to_after deadline_getting for,"['actual consequences', 'consequences to', 'after deadline', 'getting for', 'you dropped', 'consequences', 'class because', 'dropped it', 'to getting', 'it after']","[""what are the actual consequences to getting a w for a class because you dropped it after deadline? it wouldn't impact grad school if you only have one"", 'what are the actual consequences to getting a w for a class because you dropped it after deadline? i have one w and got into law school, no issue', 'what are the actual consequences to getting a w for a class because you dropped it after deadline?']"
804,19,804_poetry_engl_to poetry_poems,"['poetry', 'engl', 'to poetry', 'poems', '131', 'engl 131', 'engl 125', 'fc create', '125', 'poetry workload']","['easy fc-create, global, or values? for fc-create, i highly recommend poetry (eng 131). it is a really enjoyable course with a great professor. the class is workshop style, so you have to be prepared to participate in each class by reading 2-3 other students poems the night before and giving feedback adn then sharing it in class. each week you write a poem and give feedback to 4-5 other poems (1-2 hours of work total). you also have to attend 2 poetry readings and read 2 poetry books and write about each (all short assignments).', ""engl 207 has anyone taken engl 207, intermediate poetry writing? i need a creative gen ed and engl 131, introduction to poetry writing, is all filled up, and was wondering if this was significantly harder. i'm trying to take an easy gen ed to wondering if engl 207 is a lot of work (yes even though its poetry you never know). thanks!"", 'engl 125 intro to poetry workload? are you asking about engl 131 intro to poetry writing? 125 isn’t offered this fall. also 131 is reserved for freshmen and sophomores so idk if it’ll let you take it (i tried to enroll for my fc-create credit and it wouldn’t let me 🥲). i’m also in cell bio 240 this fall tho if you need a study buddy!']"
805,19,805_ta_ta grades_grades hard_tas,"['ta', 'ta grades', 'grades hard', 'tas', 'grading', 'grades', 'gies are', 'does grading', 'they tough', 'same assignment']","['ta grades hard yes there are', ""ta grades hard what do i do when my ta grades really difficult compared to the other tas in the class. my friends can turn in the same assignment as me, but they'll get a way better grade. do i talk to my professor about unfair grading or ?"", ""ta grades hard so, your biggest issue is how you will demonstrate that this is unfair grading. you'll have to acknowledge that you and your friends are turning in work that is similar enough that you feel you should get the same grade. unless you've been given explicit instructions that you are allowed to collaborate, you might be digging yourself a hole here as, at the very least, they are going to wonder whether there is potential plagiarism happening. even if that isn't the case, you can bet the tas will be paying much closer attention to that possibility. second, most supervising professors are going to back their ta unless there is something egregiously wrong. different tas will have different levels of experience and expectations (the same as faculty), and odds are that while you are part of a single class, each ta probably oversees their own section which is considered structurally separate from all of the others as far as the university is concerned. now, that isn't to say that the professor shouldn't have made efforts to make expectations known to both the students, and their tas. i think your best course of action would be to ask the ta about specific things you can do better, and make a good faith effort to make those improvements. if you feel you've made the improvements but still aren't getting the grade you feel you deserve, contact the professor and ask for more clarification - do not lead with an accusation of unfair grading (this is much more likely to hurt you than help you). i would also be careful about getting caught up in comparing results with your friends in different sections. i get that grades are important, but it may also be the case that your ta's standards are more conducive to you actually learning the material and that your friends' tas are lax in areas beyond the grading.""]"
806,19,806_rescind offer_rescind_felony_offer,"['rescind offer', 'rescind', 'felony', 'offer', 'offer if', 'it felony', 'tell them', 'don tell', 'thing unless', 'do background']","['rescind offer?? if it’s a felony, you need to tell unc. then they review your case and decide whether or not to rescind your offer', 'rescind offer?? if it’s a felony then don’t tell them but if it is, you have to', 'rescind offer?? if it isn’t a felony, don’t tell them?']"
807,19,807_transfers by_admit transfers_unc admit_by major,"['transfers by', 'admit transfers', 'unc admit', 'by major', 'admit', 'does unc', 'transfers', 'economics', 'major no', 'do economics']","['does unc admit transfers by major no.', 'does unc admit transfers by major no', 'does unc admit transfers by major']"
808,19,808_duke_or duke_unc or_duke does,"['duke', 'or duke', 'unc or', 'duke does', 'med school', 'duke as', 'med', 'public health', 'duke is', 'duke has']","['unc or duke so i’ve always wanted to go to carolina. ever since i stepped foot on campus two years ago it felt like home and where i would wanna study and a good amount of my friends are coming. i was given honors and an accelerated research opportunity and i signed with granville already enrolled out of excitement. i didn’t expect to get into duke and almost everyone and my dads clients are saying i should take the opportunity to duke so i’m looking my for insight from others, hopefully upperclassmen opinions. duke gave me an extension i’m thinking of studying biology and hopefully doing something in healthcare, maybe medicine but i know a lot can happen in 3-4 years and applying for med school is all about the persons initiative aside from the name/major on the diploma. (i have been blessed to receive many scholarships to the point where cost is not an issue) thanks!', 'unc or duke as a unc grad and parent of a current duke student i’ll give you my perspective. unc has in the past 5 years lost a significant amount of dept heads. the faculty is consistently at odds with the board of governors whom make decisions. you’ve had 2 of the highest level administrators leave relatively quickly. these are aspects that should be considered. i’d attempt to discuss with a recent grad how the academic and career placement was at unc. i’d also begin to look at the percentage of students admitted to med school from each school. if there’s a significant financial cost then choose the less expensive since med school is gpa+ mcat, which you could attain at any school honestly. if this were econ/ finance, duke is a target and it’s network is one of the institutions sought after by any bank. i’d also throw in depending on your parents income and in state status, duke and unc could be free tuition( duke below 100 or 150k, unc below 80k) as a parent all things being equal id emphasize attending duke, their resources are amazing from tutoring, to career placement to abroad opportunities(all which unc may have but the vol of students is less at duke and the aid is greater. both great schools. if you feel you can handle larger classes and possibly having to self guide a bit they are similar for premed.', '&gt;assured enrollment to gillings public health school for health management and policy this is a big deal. hpm is the most competitive undegrad gillings application from what i have heard. you\'ve already locked up the major that aligns with your interests. &gt;i have always wanted to study public health and mix medicine with management unc has a public health school (one of the very best in the nation). duke does not. yes, duke has ""global health"", but if you ever want to work in public health you want a public health degree. also, unc has a very good business school. you could minor in business administration or just take a few courses that interest you. &gt;duke is a lot more prestigious generic ""prestige"" doesn\'t matter if the school isn\'t better for what you want to study (or doesn\'t even offer it). ex. unc is ""more prestigious"" than nc state, but i wouldn\'t tell someone who wanted to be an aerospace engineer to come to unc and major in physics.']"
809,19,809_betta kappa_kappa invites_phi betta_betta,"['betta kappa', 'kappa invites', 'phi betta', 'betta', 'invites', 'kappa', 'phi', '75 credit', '75', 'unc phi']","['phi betta kappa invites are all 75 credit hours from unc?', 'phi betta kappa invites got it. thanks!', 'phi betta kappa invites thank you!']"
810,19,810_roof_roof access_the roof_access,"['roof', 'roof access', 'the roof', 'access', 'roof of', 'up there', 'access you', 'rooftop', 'rooftop study', 'of venable']","[""roof access hi. i have a goal / bucket list item here at unc. i would like to find my way onto the roof of a university building. does anyone have any leads or tips? i've heard there's a door onto the roof of genome but i believe it's locked. if you can help out at all with my quest that would be greatly appreciated. thanks."", 'roof access you can access the roof of that tall dorm building with 10 floors from the 10th floor by having the keys to the stairwell, which you can get as a member of student govt - or unlock it with a card swipe the traditional way people unlock electric gated doors also i think you can get to the ""roof"" of venable (i think thats the genome building?) by going up the outside stairs and if you want to get to the roof roof you can climb up cuz its not that high disclaimer: these are just rumors that i\'ve heard and i have not done either of these things and doing them could result in you getting in trouble and having to do community service and write a letter to the dorm community manager (or worse!)', 'roof access i’ve heard you can get on the roof of hamilton']"
811,19,811_university near_near home_to university_transferring to,"['university near', 'near home', 'to university', 'transferring to', 'home transferring', 'transferring', 'home', 'near', 'university', 'rash']","['transferring to a university near home', 'transferring to a university near home', 'transferring to a university near home']"
812,19,812_ap physics_in ap_revoked if_admission revoked,"['ap physics', 'in ap', 'revoked if', 'admission revoked', 'revoked', 'my admission', 'if get', 'have my', 'ap', 'physics']","['will i have my admission revoked if i get a c in ap physics?? no lol', 'will i have my admission revoked if i get a c in ap physics??', 'will i have my admission revoked if i get a c in ap physics??']"
813,19,813_211_comp_210_comp 211,"['211', 'comp', '210', 'comp 211', 'take comp', '211 as', 'non major', 'cs', 'as non', 'cs minor']","['should i take comp 211 as a non major? hello! i’m a sophomore math major ba and i’m considering taking comp 211. i’ve already taken 110, 210 and math 381 in my freshman year, but i took 210 last spring, and i haven’t taken any cs course since. i’ve been thinking about taking 211 just to see if i may want to consider a cs minor. i’m also taking phys 231 this upcoming semester, which is kinda cs-related. what is 211 like? do you think it would be okay for me to take this class even though it’s been a semester since 210? thanks for the help! :) edit: the course is being taught by connor mcmahon this semester', 'should i take comp 211 as a non major? i am a former comp 211 ula. if you want to get the cs minor, you will have to take 211, 301 and 2 other cs electives. most electives require you to complete 211 and 301 so they are gateway courses for a lot of the electives. you will not need most of the prerequisite knowledge from 210 for 211 since the class focuses on memory management, fundamental tools for software engineering and programming in c. prof mcmahon (also goes by cece) is a great professor and the class is pretty manageable if you pay attention in class and do your assignments. one of the other comments made a point about how you may want to take a more theoretical course which may be true but i will note that those courses are significantly more difficult than the “code monkey” courses. there is still value in improving your coding skills since there are many interdisciplinary applications of programming and it useful in research, industry and other coursework (ex. math566)', ""i took a lot of comp590s when i was a sophomore and i think they were the most formative. however, i do regret not taking enough industry-track courses back then. i would suggest a 50/50 balance between comp 590s and traditional swe courses. if a swe job is your goal, prioritize taking comp 550. you should also consider taking comp 421, 426, and 431 (unc professors who teach 421 and 431 suck though - the same dudes every semester. you might consider jumping these and learn the tools on your own asap). comp 590 with kris jordan and comp 523 with paul stotts can give you experience in software engineering. a lot of jobs these days require some background in deep learning. you can take comp 562, comp 590s, or steal some courses from stor to learn about them. if doing research is your thing, go take one of the comp 590s and talk with the professor. comp 530 is a must-take course in most cs programs. don is a great guy but could be a little disorganized. the projects from comp 530 are challenging and rewarding. comp 541 builds upon material from comp 311 - if you want to go into embedded systems, fpga or hardware, this is a must-take. if you can take comp 541 with professor montek, take it! he is one of the best professors in the department. comp 520 and comp 524 are also important courses that makes you a computer scientist instead of just an engineer, but they aren't required and could be challenging.""]"
814,19,814_hogan left_dr hogan_that dr_hogan,"['hogan left', 'dr hogan', 'that dr', 'hogan', 'sad that', 'left for', 'for duke', 'sad', 'dr', 'left']","['sad that dr. hogan left for duke :( begun? it’s been nearly a 20 year run.', 'sad that dr. hogan left for duke :( duke always steals our good professors.', 'sad that dr. hogan left for duke :( the transfer portal is really insane these days…']"
815,19,815_chances hurt_hurt significantly_applying ed_significantly by,"['chances hurt', 'hurt significantly', 'applying ed', 'significantly by', 'ea', 'by applying', 'are my', 'my chances', 'hurt', 'significantly']","['are my chances hurt significantly by applying ed? oh ok i will thank you for the response', 'are my chances hurt significantly by applying ed? and out of state (nv)', 'are my chances hurt significantly by applying ed? i applied rd']"
816,19,816_info re_re attack_franklin 10_10 31,"['info re', 're attack', 'franklin 10', '10 31', 'attack on', '31', 'attack', 'on franklin', 'franklin', 'info']","['info re: attack on franklin 10/31 you know best.', 'info re: attack on franklin 10/31 cope', 'info re: attack on franklin 10/31']"
817,19,817_pole dancing_pole_dancing_for pole,"['pole dancing', 'pole', 'dancing', 'for pole', 'dancing class', 'girrrllls anybody', 'the girrrllls', 'girrrllls', 'anybody up', 'anybody']","['for the girrrllls!! anybody up for pole dancing class?', 'for the girrrllls!! anybody up for pole dancing class?', 'for the girrrllls!! anybody up for pole dancing class?']"
818,18,818_rmp_is rmp_reliable is_how reliable,"['rmp', 'is rmp', 'reliable is', 'how reliable', 'ratings', 'reliable', 'on rmp', 'prof', 'reviews', 'prof is']","['how reliable is rmp? if it’s notoriously hard classes like the chem classes, most of the reviews are gonna be bad regardless because of how the chem department classes are set up and people just aren’t used to it and they’re crying about it on rmp. context matters!!! if the professor is like a philosophy or comm professor and they still have bad ratings, it might be a red flag. but take stem rmp ratings with a grain of salt. granted, there are still some horrible professors in the stem departments, but you can usually tell which professors are actually bad and which ones just have people whining by reading a good amount of the reviews', 'how reliable is rmp? i’ve found it to be pretty accurate', ""how reliable is rmp? here's how i think you should interpret rmp: high ratings mean the class/prof is easy. not necessarily that they're a good prof or that they teach effectively, but that it's easy to get a high grade. there are a few profs who have high ratings despite their classes having a reputation for being difficult, but they are few and far between. middle of the road ratings mean the class is slightly harder but the prof is good, meaning a reasonable person who's good at teaching. sometimes there'll be a few mediocre/poor profs with easy classes here too. low ratings are generally much less reliable, and you need to read the ratings carefully to understand what they mean. sometimes they just mean that students found the class hard, or that the prof doesn't give homework extensions, and sometimes they mean the prof is legitimately terrible or unreasonable. for stem courses, it's usually the former. look at rmp but take it with a grain of salt. if possible, ask people who you know and trust who have taken that professor (ideally but not necessarily for the same class as you're looking at) and ask their experience. people say all sorts of crazy things on rmp. anecdotally, my experience as someone who's taken mostly quantitative and math-heavy courses (not counting my gen eds here) has been that the only thing rmp ratings are a good predictor of is course difficulty, with a negative correlation between the two.""]"
819,18,819_social work_rehabilitation counseling_rehabilitation_counseling,"['social work', 'rehabilitation counseling', 'rehabilitation', 'counseling', 'in social', 'clinical rehabilitation', 'crc', 'counseling and', 'and masters', 'masters in']","['clinical rehabilitation counseling and masters in social work sure thing!', 'clinical rehabilitation counseling and masters in social work', 'clinical rehabilitation counseling and masters in social work']"
820,18,820_empty classrooms_classrooms_empty_using empty,"['empty classrooms', 'classrooms', 'empty', 'using empty', 'classrooms after', 'after hours', 'classrooms for', 'for friday', 'friday night', 'using']","[""using empty classrooms after hours? you can do anything as long as you're not a dick about it"", 'using empty classrooms after hours? which classroom is your classroom?', 'empty classrooms for a friday night murphey :)']"
821,18,821_classic carolina_carolina quality_classic_quality,"['classic carolina', 'carolina quality', 'classic', 'quality', 'carolina', 'shirts', 'the shirt', 'shirt', 'already started', 'bought']","['classic carolina quality? 39 - 10', 'classic carolina quality? so how was that nc state game', 'classic carolina quality? 6 in a row']"
822,18,822_make money_money side_side hustles_hustles,"['make money', 'money side', 'side hustles', 'hustles', 'students how', 'you make', 'grad students', 'side', 'how do', 'money']","['grad students- how do you make money? side hustles? tutoring. i also worked at the mall (southpoint)', 'grad students- how do you make money? side hustles? this is awesome. signing up for it as we speak', 'grad students- how do you make money? side hustles? i ta and i ra and i have a roommate']"
823,18,823_add_student service_service manager_add students,"['add', 'student service', 'service manager', 'add students', 'instructor', 'to add', 'add form', 'help asap', 'still add', 'permission to']","['registration issue we passed the add deadline. at this point and until the 23rd, the departments are the ones that add students and after that- a drop/add form is needed. contact the instructors (you will need their approval) and the student service manager of that specific department that is is responsible for the course.', ""class registration while departmental student service managers can add students manually after aug 5th, some departments have a policy that they don't add students manually and students can only waitlist and get into the classes if spots become available. i know psych has such policy. maybe math has a similar one. if the professor cannot add you through their student service manager, you will need to wait until the credit from cc kicks in and then to register. i would still recommend to check the instructor since there is a chance they don't know how to add you (again, only through the student service manager) and maybe it's not a departmental policy."", 'i don\'t think you should be scared, but i can shed light on your confusion (""how this is possible""). instructors are typically assigned to classes at least a semester in advance. however, life is life. people decide to move out or there is uncertainty whether a faculty member would leave for a sabbatical or not, or simply someone is sick for a long period. in addition, sometimes departments are able to get a short term budget to add another section to an existing course due to high demand. all of these cases require a temporary hire of an instructor or re-organizing the teaching assignments. sometimes this can be done in advance, but sometimes you cannot do anything formal until the beginning of the semester. in addition, for the last two months, connect carolina was locked down not only to students who are not fy, but also to departments. so, ""tba"" is not common, but it does happen. more common are tbas for labs/recitations since the identity of the specific ta is not known at the time. one practical thing that you can do is to keep your spot until the first week of the semester, see who is teaching and make a decision at that point. if you decide to swap to another section, don\'t be discouraged by seat availability. contact the instructors and ask to sit in during the first week. there is always a chance that enough seats will become available.']"
824,18,824_subleasing startup_roomadillo unc_of roomadillo_unc subleasing,"['subleasing startup', 'roomadillo unc', 'of roomadillo', 'unc subleasing', 'roomadillo', 'honest review', 'review of', 'startup', 'an honest', 'unc psa']","['how did you get accepted into unc? psa: it is inadvisable to engage op in a conversation. the author of this post is a known sitewide spammer with over 2500 banned reddit accounts. snooroar (r/snooroartracker) is not interested in good-faith discussion; his primary goal is to waste as much of your time as possible. everything he says is a disingenuous lie.', 'how did you get accepted into unc? psa: it is inadvisable to engage op in a conversation. the author of this post is a known sitewide spammer with over 2500 banned reddit accounts. snooroar (r/snooroartracker) is not interested in good-faith discussion; his primary goal is to waste as much of your time as possible. everything he says is a disingenuous lie.', 'how did you get accepted into unc? psa: it is inadvisable to engage op in a conversation. the author of this post is a known sitewide spammer with over 2500 banned reddit accounts. snooroar (r/snooroartracker) is not interested in good-faith discussion; his primary goal is to waste as much of your time as possible. everything he says is a disingenuous lie.']"
825,18,825_video interview_interview_video_interview questions,"['video interview', 'interview', 'video', 'interview questions', 'business video', 'kf', 'school application', 'business', 'application interview', 'interview for']","['business video interview questions i am in the process of applying to the b-school and a video interview is part of the application. the video consists of two questions, with the first one being something about ""tell us about yourself,"" and the second one being randomized. does anyone have a list of potential questions that the video interview might ask? does anyone who has applied to the b-school before have any suggestions or tips to offer? thanks!', 'business video interview questions thank you again!', ""business video interview questions i didn't apply to the kf, but i did watch a recording of their application workshop they did this past spring. not necessarily specific to just the interview, but here is a summary of some of the tips they highlighted: • start early using save/edit • read instructions thoroughly • make use of resources over the summer (undergraduate business program admissions, writing center, career services) • spend time learning about and connecting to kf's values • reflection questions ○ why this program? ○ what do you hope to achieve? ○ what do you know about ubp/kf? ○ what do you hope to contribute to kf/the world? ○ when were you most effective as a leader? a team player? ○ when is a time you've made an impact? ○ when is a time you've learned from a mistake? ○ what makes you unique? ○ what gets you excited? ○ why do you do what you do? ○ how have you impacted others? ○ why would you be a good representative of kf? • edit your essay drafts ○ make sure your response answers every aspect of the question, is easy to follow, demonstrates what your sharing, adheres to the word limit, and has depth • focus on examples that are from the last 12-18 months • relate your learning to that broader world use university career services big interview to practice""]"
826,18,826_admin right_unc admin_admin_right now,"['admin right', 'unc admin', 'admin', 'right now', 'right', 'now', 'be together', 'follow up', 'follow', 'more crises']","[""unc admin right now an unintended consequence of condition 3 on tuesday and wednesday is that staff have largely been isolated from each other. we didn't have the opportunity to be together to support each other and process all this. i think this needed more consideration. i would certainly grant any staff leave, but i would have encouraged staff to be together rather than ordering them to stay home."", 'unc admin right now i just might 🤭', 'unc admin right now you got on this so fast']"
827,18,827_shutdown general_within communities_jan 30th_increasing presence,"['shutdown general', 'within communities', 'jan 30th', 'increasing presence', 'national shutdown', 'ice increasing', 'today jan', 'violence within', '30th is', 'communities across']","[""today (jan 30th) is the national shutdown general in protest of ice's increasing presence and violence within communities across the country. masked because crazies on the internet will doxx and target the families of federal agents for doing their job in vans because it’s the best way to transport dozens of agents to area of operations inhumanely is a baseless claim us citizens may be detained if they obstruct justice, but ice is not arresting citizens nor are they deporting them i will concede that alex pretti was shot in the back for no reason and those officers need to be fired, investigated, and charged with murder. however, pretti would be alive if he did not attempt to interfere, harass, and shove armed ice agents. most deportations are taking place in texas and there have been no incidents because tim walz is not encouraging texans to riot in the streets over lawful operations. this is the fault of minnesota’s elected officials asking their citizens to throw their life away to protect illegal immigrant rapists, murderers, and drug dealers"", ""today (jan 30th) is the national shutdown general in protest of ice's increasing presence and violence within communities across the country. lol"", ""today (jan 30th) is the national shutdown general in protest of ice's increasing presence and violence within communities across the country. you guys ever think that maybe, just maybe they’re trying to deport the bad guys?""]"
828,18,828_passport_getting passport_places with_experience getting,"['passport', 'getting passport', 'places with', 'experience getting', 'good experience', 'with good', 'post office', 'office', 'appointment', 'deeds']","['places with good experience getting a passport? i recommend the register of deeds in hillsborough. i made an appointment and didn’t have to wait at all.', 'places with good experience getting a passport? you can make an appointment to get one at the post office in carrboro at 1500 main st.', 'places with good experience getting a passport?']"
829,18,829_combinatorics_548_complex analysis_523 complex,"['combinatorics', '548', 'complex analysis', '523 complex', 'combinatorics or', '548 combinatorics', '523', 'math 548', 'math 523', 'complex']","['math 548 (combinatorics) or math 523 (complex analysis) it’s not cherednik… how’s smirnov?😅😅😅', 'math 548 (combinatorics) or math 523 (complex analysis) gotcha, thanks!', 'math 548 (combinatorics) or math 523 (complex analysis)']"
830,18,830_professors care_about undergrads_undergrads at_do professors,"['professors care', 'about undergrads', 'undergrads at', 'do professors', 'undergrads', 'care', 'professors', 'care about', 'teaching', 'office hours']","['do professors care about undergrads at unc almost no professors at any university care unless you’re a good student in a small class.', 'do professors care about undergrads at unc i have had more professors care/neutral than not. but you will have to put in the effort to talk to them.', 'do professors care about undergrads at unc that sounds nice thanks']"
831,18,831_cricket_cup finals_cricket world_finals watch,"['cricket', 'cup finals', 'cricket world', 'finals watch', 'world cup', 'bounc', 'watch party', 'cricket club', 'cup', 'official cricket']","['cricket world cup finals watch party!!! will be there fs!', 'cricket world cup finals watch party!!! so it’s basically in 7 hours?', 'cricket world cup finals watch party!!! and counting']"
832,18,832_horny_get weirdly_horny in_weirdly horny,"['horny', 'get weirdly', 'horny in', 'weirdly horny', 'weirdly', 'any one', 'else get', 'one else', 'in hojo', 'hojo']","['any one else get weirdly horny in hojo? nah, i’m experienced.', 'any one else get weirdly horny in hojo? excuse me what', 'any one else get weirdly horny in hojo? please let me out']"
833,18,833_fridge_microwave_refrigerator_mini fridge,"['fridge', 'microwave', 'refrigerator', 'mini fridge', 'and microwave', 'mini', 'refrigerator and', 'for sale', 'hand refrigerator', 'yuxli unc']","['unc second-hand refrigerator and microwave oven for sale please!!!', 'unc second-hand refrigerator and microwave oven for sale unc freshman year ends. there are small refrigerator and microwave for dormitory use are for sale where 27514 you can pick them up. refrigerator for $80 and microwave for $25. the refrigerator bought from target and microwave bought from walmart. price is negotiable. the refrigerator is 3.1 cubic feet, separate freezer space, and reversible shelves. small size is great for your dorm room or apartment. lf you are interested, please contact [yuxli@unc.edu](mailto:yuxli@unc.edu) or just message me in reddit.', 'unc second-hand refrigerator and microwave oven for sale unc freshman year ends. there are small refrigerator and microwave for dormitory use are for sale, where 27514 you can pick them up. refrigerator for $80 and microwave for $25. the refrigerator bought from target and microwave bought from walmart. price is negotiable. the refrigerator is 3.1 cubic feet, separate freezer space, and reversible shelves. small size is great for your dorm room or apartment. if interested, please contact [yuxli@unc.edu](mailto:yuxli@unc.edu)']"
834,18,834_you switched_switched majors_times have_switched,"['you switched', 'switched majors', 'times have', 'switched', 'many times', 'times', 'have you', 'how many', 'majors', 'too late']","[""how many times have you switched majors? one time. it's too late when you're a junior"", 'how many times have you switched majors? do you mind if i ask what you switched between?', 'how many times have you switched majors?']"
835,18,835_muslim student_muslim_with knife_knife,"['muslim student', 'muslim', 'with knife', 'knife', 'was attacked', 'attacked with', 'knife on', 'attacked', 'student was', 'on franklin']","['a muslim student was attacked with a knife on franklin. if it was on social media it has to be true. /s', 'a muslim student was attacked with a knife on franklin. inflammatory post', 'a muslim student was attacked with a knife on franklin.']"
836,18,836_booster classes_gpa booster_booster_for stem,"['booster classes', 'gpa booster', 'booster', 'for stem', 'stem major', 'classes for', 'stem', 'gpa', 'readings', 'major']","['gpa booster classes for a stem major? following', 'gpa booster classes for a stem major? bro…', 'gpa booster classes for a stem major?']"
837,18,837_scuba_phya_227_phya 227,"['scuba', 'phya', '227', 'phya 227', '427', 'scuba class', 'phya 427', 'diving', 'padi', 'class phya']","['can i join the scuba diving class when i have the padi license already?( phya 227 and phya 427) cool, still thanks for the info!', 'can i join the scuba diving class when i have the padi license already?( phya 227 and phya 427) i took both classes at unc. it will be a complete waste of your time and money if you are already certified. you will have to pay some of the course fee because it costs money to fill up the tanks, maintain gear, etc. plus, there is a fair shot that greg (the instructor) will tell you to drop the class. phya 227 meets twice a week, typically tuth. one day will be in the pool, while the other will be in the classroom. phya 427 meets like once every three weeks for a classroom video and you only get in the pool once for a practice night dive. both courses have optional certification dive trips to key largo. if you want to make diving friends at unc, i would suggest joining the scuba club when you get here.', ""experience with scuba class (phya 227)? phya 227 (scuba, gives you padi open water diver certification) and phya 427 (advanced scuba, gives you padi advanced open water diver certification) are both great classes. the instructor (greg) is a great, very experienced instructor and cool guy. phya classes do not count towards graduation hours but they do count in your gpa (should be an easy a if you show up and put some effort into the classwork). phya 227 meets twice a week with a classwork day (usually doesn't last the full 1.5 hours) and a pool day (usually lasts the full 1.5 hours). phya 427 doesn't have as much work, and meets once every three weeks or so with a single pool day at the end of the semester (a night dive). the class fee is worth it because many dive shops are going to charge you more than that. plus you get a semester long experience (which is good for building a strong skillset) instead of cramming everything into a few days. the trip is worth it as well imo as you get to do some really cool dives and have a good time in key largo. i went with a couple friends, but i made many more during the trip. the operation (sea dwellers) has a long relationship with the unc scuba class and they are a great crew. yeah, you could get certified in some random quarry for cheaper, but that isn't as fun. tl;dr if you want to get scuba certified, take the classes with unc and if you want to have a great time, go on the key largo trip.""]"
838,18,838_daughters freshman_my daughters_daughters_think of,"['daughters freshman', 'my daughters', 'daughters', 'think of', 'freshman schedule', 'what do', 'you think', 'of my', 'schedule', 'do you']","['what do you think of my daughters freshman schedule? it looks good, pretty manageable', 'what do you think of my daughters freshman schedule?', 'what do you think of my daughters freshman schedule?']"
839,18,839_boyd_sarah_sarah boyd_146 sarah,"['boyd', 'sarah', 'sarah boyd', '146 sarah', 'engl 146', '146', 'engl', 'boyd oh', 'an major', 'boyd thank']","['engl 146 w/ sarah boyd? oh ok cool thanks so much!', 'engl 146 w/ sarah boyd? thank you so much for the info, i appreciate it !!', 'engl 146 w/ sarah boyd? oh okay, thanks for all the info!']"
840,18,840_project need_over group_stressed over_group project,"['project need', 'over group', 'stressed over', 'group project', 'project', 'stressed', 'need advice', 'group', 'the work', 'the project']","['stressed over group project, need advice no we were assigned groups', 'stressed over group project, need advice did you pick your partners?', ""stressed over group project, need advice i have a group project due next week and am very stressed right now. i intentionally did my share of the work last weekend so that i could spend time with my family the rest of the week and would have time to prepare for the interview i have monday, the midterm i have on tuesday, and the other midterm i have on friday next week. we had previously agreed they would do their share this week and we would go over the finished project on monday. i have attempted to make contact with the other person a few times this week but have been unable to. the project is due this upcoming thursday and i can't cram all the work in myself thursday night before its due because i have a midterm on friday that i need to study for in advance which is why i did my share of the work ahead of time. if i have to cram all of the work in myself thursday night, i will not pass the midterm on friday because i won't have enough time to prepare for it. we have a meeting scheduled for monday to go over the finished project, but so far none of the other work on it has been started and that is the night before the first midterm i have next week on tuesday, so i can't just do the rest of the work myself that night, skip studying the day and night beforehand and fail it. i haven't been able to get in touch with them all week and i was up all night on stress overload about this. if you were me how would you deal with this and what would you do?""]"
841,18,841_collectors at_coin collectors_collectors_any numismatists,"['collectors at', 'coin collectors', 'collectors', 'any numismatists', 'numismatists and', 'numismatists', 'coin', 'and coin', 'mandopop', 'tea']","['any numismatists and coin collectors at unc?', 'any numismatists and coin collectors at unc?', 'any numismatists and coin collectors at unc?']"
842,18,842_need alternative_recs rejected_major recs_alternative major,"['need alternative', 'recs rejected', 'major recs', 'alternative major', 'from school', 'recs', 'alternative', 'rejected from', 'rejected', 'it need']","[""need alternative major recs (rejected from b-school) that's the plan for next year!"", 'need alternative major recs (rejected from b-school) econ', 'need alternative major recs (rejected from b-school) maybe english?']"
843,18,843_lawyers_good lawyers_speeding_speeding ticket,"['lawyers', 'good lawyers', 'speeding', 'speeding ticket', 'know any', 'any good', 'iticket', 'ticket advice', 'ticket', 'reduced']","['anyone know any good lawyers? iticket was great. everything was done online.', 'speeding ticket advice i got a speeding ticket going 65 on 45 yesterday and i was wondering if anyone has any experience with that? i’d like to ideally get it dismissed so i’m looking for a lawyer or a website that specializes in speeding ticket lawyers and stuff but i’m not sure where to start…', 'anyone know any good lawyers? i got a speeding ticket on friday heading home for break near wadesboro in anson county and am in need of a good lawyer. i’ve been stressing out so much about this that i haven’t been able to actually enjoy spring break and i would really appreciate if anyone knew some good lawyers that i can call 🙏🏼']"
844,18,844_110 over_should prepare_comp 110_how should,"['110 over', 'should prepare', 'comp 110', 'how should', '110', 'prepare for', 'prepare', 'for comp', 'comp', 'the summer']","['how should i prepare for comp 110 over the summer? good to know, thanks!', 'how should i prepare for comp 110 over the summer? good to know, thank you!', 'how should i prepare for comp 110 over the summer? don’t']"
845,18,845_is deciding_despite phenomenal_deciding against_phenomenal grades,"['is deciding', 'despite phenomenal', 'deciding against', 'phenomenal grades', 'cousin could', 'help cousin', 'her family', 'it despite', 'be first', 'cousin']","[""looking for help, cousin could be first in her family to go to college but is deciding against it despite phenomenal grades thanks! i'll definitely ask her about it."", 'looking for help, cousin could be first in her family to go to college but is deciding against it despite phenomenal grades she’s from out of state?', 'looking for help, cousin could be first in her family to go to college but is deciding against it despite phenomenal grades ok']"
846,18,846_cholanad_cholanad rant_rant_gravy,"['cholanad', 'cholanad rant', 'rant', 'gravy', 'paneer', 'quantity', 'entree', 'they give', 'rant for', 'more watery']","['cholanad b.o.l. rant ^ you gotta ask for more', ""cholanad b.o.l. rant to rephrase, i don't believe cholanad's quantity is low, and i find myself leaving full. it just sucks to get the large glob of rice with like barely any gravy (and even if they give me extra gravy, what about the loss of paneer pieces.) not to mention, the drop in quality. the other people talking about the loss in quality means i'm not sure i was incorrect about the gravy feeling more watery."", 'cholanad b.o.l. rant dudes at cholanad think no one sees their reductions in serving quantity. i could plot every time i’ve been to cholanad as y=-x where y is the quantity of their food and x is the days i visit them. dude covered only half my rice with like a quarter of a scoop of gravy today, paneer pieces have like halved in quantity over the last semester (and size, i’m pretty sure.) there’s also been a decrease in rice, but there was always a lot of it so i don’t mind that. the gravy’s also more watery? but that could just be me. rant over: tl;dr make cholanad great again.']"
847,18,847_with tar_1s with_of jordan_made pair,"['with tar', '1s with', 'of jordan', 'made pair', 'them goheels', 'flair hope', 'hand made', 'heel flair', 'jordan 1s', 'all live']","['hey all, i live in durham and hand made a pair of jordan 1s with tar heel flair. hope you like them #goheels appreciate it!', 'hey all, i live in durham and hand made a pair of jordan 1s with tar heel flair. hope you like them #goheels', 'hey all, i live in durham and hand made a pair of jordan 1s with tar heel flair. hope you like them #goheels']"
848,18,848_fountains_lead has_library drinking_been found,"['fountains', 'lead has', 'library drinking', 'been found', 'the wilson', 'found in', 'wilson library', 'drinking fountains', 'wilson', 'drinking']","['lead has been found in the wilson library drinking fountains:', 'lead has been found in the wilson library drinking fountains:', 'lead has been found in the wilson library drinking fountains:']"
849,18,849_berkeley_berkeley is_in berkeley_berkeley and,"['berkeley', 'berkeley is', 'in berkeley', 'berkeley and', 'public health', 'to berkeley', 'ucb', 'at berkeley', 'cal', 'uc']","['i went to uc berkeley undergrad (graduated in 2008 though) and just graduated from a unc ph.d. program (in the humanities for both). if you like the atmosphere of berkeley—you either really like it or you really don’t—i would go to berkeley and consider unc for grad school down the line. both are great schools, of course, but as an undergrad, i think i got more out of cal because of its very slight academic edge overall and vibrant community. good luck!', 'i got into berkeley and ucla. visited both. liked ucla, hated berkeley. you obv know better as a native ca, but the vibes of berkeley just sent me off. everyone i came into contact with had a purpose, had an agenda, had an edge. i chose unc over many options, and one of the reasons was just that it felt like a fun, light campus where kids were there to go to college as opposed to make a statement. again, ymmv, but i wanted to be an 18 yr old worried about myself and my experience. unc is awesome. berkeley is an amazing academic institution but if you’re looking for a fulfilling experience unc blows it away.', ""i grew up in berkeley and did my undergrad at unc and i've never regretted it. it was much more of a college experience than uc would have been, even though i had previously imprinted on cal as what college should be. my friends from hs don't have the affection i have for my alma mater for their schools. coming home once a year was tough. i had an initial culture shock coupled with homesickness. there will be far fewer east asian people on campus at unc. the weather could be a struggle. berkeley's mild all year round will be replaced by early on oppressive heat and humidity, and it's much colder in the winter, but that leaves little impression in my long-term memory. i moved back to california. housing in chapel hill is much cheaper than in berkeley, so much so that when i went there, the cost of housing made up the out of state tuition. that may not be true now that dinosaurs don't roam the earth. you can't make a wrong choice between the two schools.""]"
850,18,850_screaming_sorority house_raleigh st_on raleigh,"['screaming', 'sorority house', 'raleigh st', 'on raleigh', 'screaming music', 'house on', 'sorority', 'sirens', 'murphy', 'music coming']","[""screaming/music coming from sorority house on raleigh st you mean a rental where some sorority girls live? that's not a sorority house."", 'screaming/music coming from sorority house on raleigh st there isn’t a sorority house on raleigh st…?', 'screaming/music coming from sorority house on raleigh st']"
851,18,851_management and_and society_management_society,"['management and', 'and society', 'management', 'society', 'society major', 'gotten management', 'society degree', 'graduating what', 'like after', 'jobs like']","['people who have gotten a management and society degree or are getting the degree what were the jobs like after graduating/ what jobs are you planning to get? also join the unc gaa. you can look up people in alumni directory. i did not study management and society. i think one of my friends did and he did sales at oracle', 'people who have gotten a management and society degree or are getting the degree what were the jobs like after graduating/ what jobs are you planning to get? that is such a good idea thank you', 'people who have gotten a management and society degree or are getting the degree what were the jobs like after graduating/ what jobs are you planning to get? people who have gotten a management and society degree or are getting the degree what were the jobs like after graduating/ what jobs are you planning to get?']"
852,18,852_discover_it card_does discover_discover it,"['discover', 'it card', 'does discover', 'discover it', 'card work', 'at lenoir', 'lenoir', 'work at', 'card', 'amex']","['does discover it card work at lenoir ? it does not take amex either', 'does discover it card work at lenoir ? thanks for confirming', 'does discover it card work at lenoir ? good to know 👍']"
853,18,853_fedex_fedex global_global center_rooftop,"['fedex', 'fedex global', 'global center', 'rooftop', 'global', 'global education', 'rooftop access', 'the fedex', 'at fedex', 'access at']","['fedex global center do you know the hours for the fedex building?', 'rooftop access at fedex global center down the hall and turn right.', 'rooftop access at fedex global center']"
854,18,854_writing center_the writing_my paper_proofread,"['writing center', 'the writing', 'my paper', 'proofread', 'proofread my', 'paper without', 'can proofread', 'there anyone', 'without the', 'paper']","['is there anyone who can proofread my paper without the writing center? did you get help?', 'is there anyone who can proofread my paper without the writing center?', 'is there anyone who can proofread my paper without the writing center? thank you!!!!']"
855,18,855_windows in_the windows_you open_unc dorms,"['windows in', 'the windows', 'you open', 'unc dorms', 'open the', 'to open', 'windows', 'open', 'actually open', 'dorm possibly']","['can you open the windows in unc dorms? yes', ""do dorm room windows actually open? tonight i realized that my dorm room window seems to be superglued shut or something. it won't open no matter how hard i try to open it. i'm wondering if this is a safety thing and they don't actually open if you are on a higher floor of the building or if there is a way to open it that i'm not seeing. i just see a middle lever but it doesn't do anything and i don't see the locks on the side of the window to unlock and open it. i have a window unit on mine. does anyone know how to open dorm windows with a window unit?"", ""dorm possibly broken into this morning when i opened the door it made a very loud creaking noise it has never made before when opening and closing the door (i lived in this exact same room all year last year). it now happens repeatedly any time i open or close it. when i attempted to put my key in the door to open it, the lock was extremely loose and it was harder to open the door as if it had been tampered with. do you think someone picked the lock because i don't know any other reason this would just happen with the lock being loosened. should i report it or would there be any natural causes of this?""]"
856,18,856_trip_overnight trip_trip for_or overnight,"['trip', 'overnight trip', 'trip for', 'or overnight', 'trip or', 'day trip', 'for day', 'ideas for', 'spring break', 'overnight']","['ideas for a day trip or overnight trip for spring break', 'ideas for a day trip or overnight trip for spring break', 'ideas for a day trip or overnight trip for spring break']"
857,17,857_calc_for calc_calc ii_elizabeth mclaughlin,"['calc', 'for calc', 'calc ii', 'elizabeth mclaughlin', 'ii math232', 'mclaughlin for', 'elizabeth', 'mclaughlin', 'math232', 'ii']","['elizabeth mclaughlin for calc ii (math232)? i love her so much she is so nice and funny, and her exams were always very fair. i had her for calc 1 and 3.', ""elizabeth mclaughlin for calc ii (math232)? does anyone have any input for prof. elizabeth mclaughlin for calc ii? or any other calc ii prof suggestions. i'm an incoming first year planning out my schedule rn. for reference, i plan to double major in stats analytics &amp; business admin. math isn't that hard to me &amp; i got a 95-98% from my previous dual-enrollment math classes of business calc &amp; intro stats. but of course those are lower-level &amp; more basic math classes so i'm not sure how well i'll do in the regular calc sequence."", 'elizabeth mclaughlin for calc ii (math232)? does anyone have the syllabus for calc 2 with mc combs ?']"
858,17,858_past 8pm_8pm friday_no library_open past,"['past 8pm', '8pm friday', 'no library', 'open past', 'library open', 'saturday before', 'having no', 'imagine having', 'and saturday', 'before finals']","['imagine having no library open past 8pm, friday and saturday before finals.', 'imagine having no library open past 8pm, friday and saturday before finals.', 'imagine having no library open past 8pm, friday and saturday before finals.']"
859,17,859_student government_government_treasurer_in student,"['student government', 'government', 'treasurer', 'in student', 'student gov', 'senate', 'role', 'the treasurer', 'finance committee', 'the consequence']","['hi, i asked for information about the student gov, not unwanted advice! 1. i didn’t care about it in hs because my school was a literal joke. i am not a politically inclined person so that’s why i’m not extremely interested in it but i still want to develop leadership skills and connections that shall come along with joining the student government. you cannot determine who will/will not make the most impact. though i am not political, i will do the job and give it my all. the first sentence was totally stupid. i do not care to work, am i supposed to just not do if because i don’t care much about it? no. i do not want to take english, should i just ignore it, no. it’s called pushing yourself out of your comfort zone. the best experiments tend to come from those moments. 2. i have gone to apply for specific jobs that interest me and they had a requirement that the worker had past experience in student government. especially with my major, i feel like it would be very helpful. 3. ok thank you. do you know where i could find info on it. or is it just like a once in a while thing where you either see it or you don’t', 'ok i thought you meant jobs outside of student government. it makes sense that a position in unc student government would ask for experience in student government. i would look into how much those positions pay. the student body treasurer gets a $200/month stipend, so those ""assistant to the treasurer"" might pay less. i\'ve got a feeling that you can get better pay for similar positions elsewhere on campus (or just working/interning off campus), but i could be wrong. even if the pay is the same, those positions would have the advantage of not requiring/asking for student government experience. for that other position (is it also in student government?), it seems like the way to meet the ""student government experience"" requirement during your freshman year would be to get elected as an undergraduate senator. i think you can serve as an undergraduate senator in the second semester of your freshman year. elections for clubs/organizations are often near the end of the school year (ex. the election for club treasurer for the 2024-25 school year is held at the end of the 2023-24 school year). also, the application is typically due a couple weeks into the fall semester, so by then you would have officially started your role. unless the club does summer planning activities, you wouldn\'t have much experience in the role, but you would have the role. you could point towards the involvement that lead to you getting that official role.', '&gt;i didn’t care about it in hs because my school was a literal joke. well i\'ve got some bad news to tell you... &gt;the first sentence was totally stupid. i do not care to work, am i supposed to just not do if because i don’t care much about it? their first sentence is about things that you don\'t have to do (such as join student government). the consequence of not working is you won\'t have money to pay the bills. the consequence of not taking english is that you won\'t graduate from college. the consequence of not participating in student government is ??? in my experience, it\'s better to seek leadership experience outside of student government. you can get good experience that will look nice on your resume without dealing with the drama/scandal/corruption of student government (something didn\'t smell right last year...). related to student government, there are ""external appointments"" made by the student body president. you would serve on a campus committee of faculty/grad students/undergrads/etc. and not have to deal with the bs part of student government. you can apply at this link ( it looks like freshmen can apply, but your chances would probably be low. getting involved with clubs/campus organizations that you are interested in would help your chances for when you apply as a rising sophomore/junior/senior. official leadership roles will be difficult to come across as a freshman, but that doesn\'t prevent you from getting heavily involved. let\'s say you help out a ton with a club fundraiser, that will help your chances of getting an official position the next year.']"
860,17,860_geeky_weeby_geeky weeby_find geeky,"['geeky', 'weeby', 'geeky weeby', 'find geeky', 'weeby friends', 'where can', 'can find', 'friends', 'where', 'find']","['where can i find geeky/weeby friends? omg i love the witcher 3!!!!', 'where can i find geeky/weeby friends?', 'where can i find geeky/weeby friends?']"
861,17,861_shooting your_concerns please_shooting_saying today,"['shooting your', 'concerns please', 'shooting', 'saying today', 'stop saying', 'was shooting', 'today was', 'concerns 12', 'please stop', '1st day']","['please stop saying today was a shooting. your comment has been automatically removed because you do not have user flair for r/unc. please [choose a user flair]( and then comment again. i am a bot, and this action was performed automatically. please [contact the moderators of this subreddit](/message/compose/?to=/r/unc) if you have any questions or concerns.', 'please stop saying today was a shooting. your comment has been automatically removed because you do not have user flair for r/unc. please [choose a user flair]( and then comment again. i am a bot, and this action was performed automatically. please [contact the moderators of this subreddit](/message/compose/?to=/r/unc) if you have any questions or concerns.', 'please stop saying today was a shooting. your comment has been automatically removed because you do not have user flair for r/unc. please [choose a user flair]( and then comment again. i am a bot, and this action was performed automatically. please [contact the moderators of this subreddit](/message/compose/?to=/r/unc) if you have any questions or concerns.']"
862,17,862_to fdoc_bring to_fdoc_to bring,"['to fdoc', 'bring to', 'fdoc', 'to bring', 'bring', 'what to', 'fdoc thank', 'notebook and', 'lah', 'notebook']","['what to bring to fdoc? oh good thinking. thank you!', 'what to bring to fdoc? thank you! i’m so nervous 🥲', 'what to bring to fdoc? thank you!']"
863,17,863_unc chapel_drop comment_demise_hill please,"['unc chapel', 'drop comment', 'demise', 'hill please', 'help about', 'its demise', 'republican crusade', 'crusade to', 'convert unc', 'demise opinion']","['republican crusade to convert unc-chapel hill will lead to its demise | opinion great piece. 100% agree.', 'republican crusade to convert unc-chapel hill will lead to its demise | opinion sharing for the content contained in the article and the details around recent news. i think the headline, suggesting the demise of unc-chapel hill, is far-reaching and embellished.', 'republican crusade to convert unc-chapel hill will lead to its demise | opinion']"
864,17,864_hours late_application 13_and marked_15th jan,"['hours late', 'application 13', 'and marked', '15th jan', 'officers common', 'as 15th', 'hill application', 'marked the', 'app did', 'date as']","[""i submitted my unc- chapel hill application 13 hours late, do i have to tell the admissions officers? common app did take in my application and i marked the date as 15th jan i haven't received an application acknowledgement email from them yet"", 'i submitted my unc- chapel hill application 13 hours late, do i have to tell the admissions officers? common app did take in my application and i marked the date as 15th jan no', 'i submitted my unc- chapel hill application 13 hours late, do i have to tell the admissions officers? common app did take in my application and i marked the date as 15th jan yeah sure dm me']"
865,17,865_tips hacks_unc tips_tricks anything_hacks tricks,"['tips hacks', 'unc tips', 'tricks anything', 'hacks tricks', 'hacks', 'tricks', 'tips', 'anything', 'ways to', 'focus focus']","['unc tips, hacks, tricks, anything go to office hours. just do it.', 'unc tips, hacks, tricks, anything 😭😭😭', 'unc tips, hacks, tricks, anything ok makes sense, thank you!']"
866,17,866_switch econ_2nd midterm_semester going_fail at,"['switch econ', '2nd midterm', 'semester going', 'fail at', 'got 60', '60 on', '101 to', 'the 2nd', 'to miss', 'possible for']","[""is it possible for me to switch econ 101 to pass/fail at this point in the semester? i'm going to have to miss the 2nd midterm and i got a 60 on the first. title"", ""is it possible for me to switch econ 101 to pass/fail at this point in the semester? i'm going to have to miss the 2nd midterm and i got a 60 on the first. yes."", ""is it possible for me to switch econ 101 to pass/fail at this point in the semester? i'm going to have to miss the 2nd midterm and i got a 60 on the first.""]"
867,17,867_tuition_to qualify_qualify for_qualify,"['tuition', 'to qualify', 'qualify for', 'qualify', 'state affect', 'will moving', 'state tuition', 'for in', 'moving out', 'my tuition']","['would i still be able to qualify for in state tuition? i have heard of people at both unc and usc/clemson that qualify for in state tuition as a sophomore if they work over the summer and stay in the state.', ""will moving out of state affect my tuition? help!!!! i am transferring this fall to unc as a sophomore, but am not sure i'll be able to anymore. my family is moving to va mid-semester, and then for the next two years i'll be considered out of state (or so it seems according to the rds guidelines). however, when i reached out to the unc residency office over email, they said that i'll maintain in state status for the remainder of studies. is this true??? is that just someone misunderstanding rds guidelines or misrepresenting? can anyone who has gone through a similar situation explain?"", 'would i still be able to qualify for in state tuition?']"
868,17,868_pritchard_on pritchard_shots fired_pritchard ave,"['pritchard', 'on pritchard', 'shots fired', 'pritchard ave', 'fired on', 'ave', 'fired', 'shots', 'rosemont', 'ave thanks']","['shots fired on pritchard ave? yes, sorry.', 'shots fired on pritchard ave? thanks.', 'shots fired on pritchard ave? thank you']"
869,17,869_in these_these classes_sometimes biased_found rmp,"['in these', 'these classes', 'sometimes biased', 'found rmp', 'any firsthand', 'firsthand experiences', 'biased so', 'rmp doesn', 'professors taking', 'classes specifically']","[""any advice to be successful in these classes? i've found rmp doesn't always give the best advice and is sometimes biased, so i'm curious if anyone has any firsthand experiences in these classes, specifically with the professors i'm taking it with who's your prof for 383?"", ""any advice to be successful in these classes? i've found rmp doesn't always give the best advice and is sometimes biased, so i'm curious if anyone has any firsthand experiences in these classes, specifically with the professors i'm taking it with tamim"", ""any advice to be successful in these classes? i've found rmp doesn't always give the best advice and is sometimes biased, so i'm curious if anyone has any firsthand experiences in these classes, specifically with the professors i'm taking it with""]"
870,17,870_pilates_pilates near_near unc_near,"['pilates', 'pilates near', 'near unc', 'near', 'unc chapel', 'chapel hill', 'hill', 'chapel', 'the 5s', '2s']","[""pilates near unc chapel hill? best pilates near unc chapel hill (rdu area) is pilates at the core. the co-owner and head teacher/trainer is penelope wyer barrow. she has 30 years of teaching experience and 25 years of teacher training experience, most notably as an assistant to romana kryzanowksa in the development of the first certified national training center in the southeast. she is, quite simply, amazing and well worth the drive out to pittsboro. there aren't too many teachers out there who studied in direct lineage to joseph pilates himself. she is one - and she's in the triangle!"", 'pilates near unc chapel hill? thanks!!', ""pilates near unc chapel hill? thank you, i'll look into those!""]"
871,17,871_he has_spammer_dms as_out snooroartracker,"['he has', 'spammer', 'dms as', 'out snooroartracker', 'admin please', '1000 banned', 'report posts', 'posting stuff', 'engages in', 'engages']","[""it felt like i missed out a lot in college don't waste your time engaging with him. this is a mentally ill spammer with over 1000 banned accounts who engages in nonstop harassment and fetishized whining. everything he says is a disingenuous lie. he has spent the last three years gaslighting people trying to help while posting stuff like this: if he continues to harass you in dms as he has in the past, alert a reddit admin. please report posts that sound like this. check out /r/snooroartracker if you are interested in more information."", ""it felt like i missed out a lot in college don't waste your time engaging with him. this is a mentally ill spammer with over 1000 banned accounts who engages in nonstop harassment and fetishized whining. everything he says is a disingenuous lie. he has spent the last three years gaslighting people trying to help while posting stuff like this: if he continues to harass you in dms as he has in the past, alert a reddit admin. please report posts that sound like this. check out /r/snooroartracker if you are interested in more information."", ""it felt like i missed out a lot in college don't waste your time engaging with him. this is a mentally ill spammer with over 1000 banned accounts who engages in nonstop harassment and fetishized whining. everything he says is a disingenuous lie. he has spent the last three years gaslighting people trying to help while posting stuff like this: if he continues to harass you in dms as he has in the past, alert a reddit admin. please report posts that sound like this. check out /r/snooroartracker if you are interested in more information.""]"
872,17,872_leather_featuring the_made pen_pen featuring,"['leather', 'featuring the', 'made pen', 'pen featuring', 'leather coaster', 'featuring', 'old well', 'made leather', 'coaster for', 'coaster']","['i made a pen featuring the old well thank you, i will!', 'i made a pen featuring the old well', 'i made a leather coaster for someone going to the unc school of medicine']"
873,17,873_revoked_my admission_enrollment class_in dual,"['revoked', 'my admission', 'enrollment class', 'in dual', 'will in', 'class get', 'admission revoked', 'dual enrollment', 'dual', 'be revoked']","['will a d in a dual enrollment class get my admission revoked? yes 😄', 'will a d in a dual enrollment class get my admission revoked? [', 'will a d in a dual enrollment class get my admission revoked?']"
874,17,874_203 waitlist_spanish 203_203_spanish,"['203 waitlist', 'spanish 203', '203', 'spanish', 'waitlist how', 'likely am', 'am to', 'the spanish', 'waitlist', 'how likely']","['i’m #1 on the spanish 203 waitlist. how likely am i to get in? odds are in your favor', 'i’m #1 on the spanish 203 waitlist. how likely am i to get in? you’re getting in', 'i’m #1 on the spanish 203 waitlist. how likely am i to get in? yep']"
875,17,875_canvas_grade_connectcarolina compared_lower letter,"['canvas', 'grade', 'connectcarolina compared', 'lower letter', 'to canvas', 'grade in', 'check my', 'in connectcarolina', 'have lower', 'letter grade']","['how to check my grades and gpa? if assignments are submitted on canvas, the professor will likely enter grades there. they may also record non-electronic assignment grades there. if you want the ""final"" grade as of now you may need to calculate yourself based on the syllabus unless both all grades are in canvas and the professor has programmed it to calculate the grade based on the syllabus rules. syllabus should also address grade curves, drops, or any other unusual situations that may not be programmed on canvas. the syllabus should also tell you how the numeric grades are converted to a letter grade. if there is something unclear you can certainly ask the professor in office hours/by appointment. typically they would tell you in class or by email when they have finished grading a large assignment especially if they put feedback/rubrics into canvas that they want you to read. final letter grades are listed in connectcarolina within a week or so of the end of the day. final grades are one of a, a-, b+ . . . d+, d, f.', 'what should i do if i have a lower letter grade in connectcarolina compared to canvas? canvas grade does not matter. check the grading scale in the syllabus.', ""what should i do if i have a lower letter grade in connectcarolina compared to canvas? one possible explanation is that the professor did not use the canvas grading scale but forgot/failed to update their own grading scale. canvas has its default grading scale (e.g. a =94-100). if an instructors wants to change it, the instructor can modify the canvas default grading scale. many professors will not use canvas for grade calculation but would rather us excel (i do that in my classes). one can hide the canvas total scores. the issue is that canvas is relatively new and some professors are not necessarily familiar with all the minute tips and twicks. so, it might be that the professor simply didn't use the canvas total scores and letter grades and had their own calculations but did not hide canvas grades from you. alternatively, it might just be a simple mistake when they added the grade to cc.""]"
876,17,876_friends your_ugly your_are ugly_concerns making,"['friends your', 'ugly your', 'are ugly', 'concerns making', 'introvert your', 'concerns it', 'user flair', 'user', 'flair', 'automatically']","['unc friends! your comment has been automatically removed because you do not have user flair for r/unc. please [choose a user flair]( and then comment again. i am a bot, and this action was performed automatically. please [contact the moderators of this subreddit](/message/compose/?to=/r/unc) if you have any questions or concerns.', 'unc friends! your comment has been automatically removed because you do not have user flair for r/unc. please [choose a user flair]( and then comment again. i am a bot, and this action was performed automatically. please [contact the moderators of this subreddit](/message/compose/?to=/r/unc) if you have any questions or concerns.', 'unc friends! your comment has been automatically removed because you do not have user flair for r/unc. please [choose a user flair]( and then comment again. i am a bot, and this action was performed automatically. please [contact the moderators of this subreddit](/message/compose/?to=/r/unc) if you have any questions or concerns.']"
877,17,877_spend getting_have requirement_can spend_years you,"['spend getting', 'have requirement', 'can spend', 'years you', 'getting your', 'for how', 'many years', 'requirement for', 'your degree', 'unc have']","['does unc have a requirement for how many years you can spend getting your degree? gotcha, does this also include summer semesters?', 'does unc have a requirement for how many years you can spend getting your degree? oh so 10 semesters total, not 10 semesters additionally', 'does unc have a requirement for how many years you can spend getting your degree?']"
878,17,878_linking_wells fargo_fargo_getting wells,"['linking', 'wells fargo', 'fargo', 'getting wells', 'fargo account', 'card linking', 'wells', 'guys recommend', 'unc one', 'account for']","['do you guys recommend getting a wells fargo account for unc one card linking? no way', 'do you guys recommend getting a wells fargo account for unc one card linking? 👍', 'do you guys recommend getting a wells fargo account for unc one card linking? 👍']"
879,17,879_but live_in raleigh_difficult is_raleigh,"['but live', 'in raleigh', 'difficult is', 'raleigh', 'school at', 'how difficult', 'to school', 'unc but', 'live in', 'it to']","['how difficult is it to go to school at unc but live in raleigh? the hardest part would just be that most commuters feel disconnected from unc and student body and the constant driving. raleigh is 40 min away, you would have to manage your classes, extracurriculars, and time overall very well to be able to manage a job in raleigh at the same time. if you end up with an evening class (common for labs), an extracurricular in the evening, professional events, or perhaps you want to hang out with new friends at unc, you can’t do those things bc you had to drive 40 min to work or go home. (for ex business program here has many recruiting events happen in the evenings) the people i know who commuted said the hardest part was being able to maintain friendships at school bc the time their friends hung out were after class and missing out on traditions/ big events (big games, living walking distance from friends, rushing franklin, etc). considering you will be a freshman and commuting i feel like you will miss out on when everyone in your yr is the most social and most willing to make friends then they ever will be in all of college. it will be harder to make friends since you won’t be in the dorms or the dining hall. honestly i think you should live on campus your first yr but apply for hardship parking so you have your car to drive to work if you really really want to keep this job. (i would also consider if a similar role to the job you have now exists at unc too and try to get a job closer to campus) then i would look into commuting for the remaining 3 yrs after you’ve established friends here and decided how important being connected to campus is to you.', 'how difficult is it to go to school at unc but live in raleigh?', 'how difficult is it to go to school at unc but live in raleigh?']"
880,17,880_with psych_psych bs_good second_pair with,"['with psych', 'psych bs', 'good second', 'pair with', 'second majors', 'to pair', 'majors to', 'pair', 'psych', 'bs']","['good second majors to pair with psych (bs)? thank you for the recommendation! i will definitely check it out!', 'good second majors to pair with psych (bs)? that sounds really interesting, thank you for sharing!', 'good second majors to pair with psych (bs)? that is great advice, i will definitely look into the health and society minor!']"
881,17,881_ipad and_my ipad_lost_lost my,"['ipad and', 'my ipad', 'lost', 'lost my', 'iphone', 'find my', 'ipad', 'lost phone', 'an iphone', 'phone']","['i lost my ipad and i don’t know what to do.', 'i lost my ipad and i don’t know what to do.', 'i lost my ipad and i don’t know what to do. find my???']"
882,17,882_what books_books are_are needed_for engl,"['what books', 'books are', 'are needed', 'for engl', '105', 'needed for', 'engl 105', 'books', 'writing guide', 'engl']","['what books are needed for engl 105 so usually there is a tar heel writing guide that they make you buy it’s online about $40 there is no other textbook. not sure about engl 105i', 'what books are needed for engl 105 ok, thank you for this!', 'what books are needed for engl 105 depends on the section']"
883,17,883_part time_undergrad for_else part_you been,"['part time', 'undergrad for', 'else part', 'you been', 'been an', 'tuition waiver', 'time student', 'waiver program', 'classes part', 'an undergrad']","['is anyone else a part time student at unc or have you been an undergrad for 4+ years? i was an undergrad for 7 years.', 'is anyone else a part time student at unc or have you been an undergrad for 4+ years? thanks for the advice!', 'is anyone else a part time student at unc or have you been an undergrad for 4+ years?']"
884,17,884_concerns easy_classes your_concerns easiest_easy classes,"['concerns easy', 'classes your', 'concerns easiest', 'easy classes', 'unc your', 'easiest', 'user flair', 'user', 'flair', 'automatically']","['easy classes? your comment has been automatically removed because you do not have user flair for r/unc. please [choose a user flair]( and then comment again. i am a bot, and this action was performed automatically. please [contact the moderators of this subreddit](/message/compose/?to=/r/unc) if you have any questions or concerns.', 'easy classes? your comment has been automatically removed because you do not have user flair for r/unc. please [choose a user flair]( and then comment again. i am a bot, and this action was performed automatically. please [contact the moderators of this subreddit](/message/compose/?to=/r/unc) if you have any questions or concerns.', 'easy classes? your comment has been automatically removed because you do not have user flair for r/unc. please [choose a user flair]( and then comment again. i am a bot, and this action was performed automatically. please [contact the moderators of this subreddit](/message/compose/?to=/r/unc) if you have any questions or concerns.']"
885,17,885_femboys or_or feminine_transwomen or_feminine leaning,"['femboys or', 'or feminine', 'transwomen or', 'feminine leaning', 'transwomen', 'any transwomen', 'or femboys', 'femboys', 'lululemon', 'leaning people']","['are there any transwomen or femboys or feminine leaning people or people who would be willing to help i’d be happy to help with makeup!', 'are there any transwomen or femboys or feminine leaning people or people who would be willing to help really! that would be amazing!', 'are there any transwomen or femboys or feminine leaning people or people who would be willing to help thank you so much! &lt;3']"
886,17,886_this resignation_sudden what_awfully sudden_was awfully,"['this resignation', 'sudden what', 'awfully sudden', 'was awfully', 'resignation at', 'flagler was', 'resignation', 'awfully', 'sudden', 'the deal']","[""this resignation at kenan-flagler was awfully sudden. what's the deal?"", ""this resignation at kenan-flagler was awfully sudden. what's the deal?"", ""this resignation at kenan-flagler was awfully sudden. what's the deal?""]"
887,17,887_rounding_no rounding_cutoff_rounding policies,"['rounding', 'no rounding', 'cutoff', 'rounding policies', 'round', '89', 'up grade', 'rounding up', 'got 89', '93']","['rounding up a grade doesn’t hurt to ask. i’ve asked my professors a couple times before and it’s has happened where they round up. i.e. 93.47 -&gt; 93.5, where the grade would be rounded to the nearest whole number. good luck!', ""but that's not really fair to the students who got 89.4. let's be honest, they are exactly at the same level as those who got 0.03 point above them. and if you going to give them the a-, you need to think about those that got 89.33 and so on and so foth. and the game goes on and on. for every student who is just so close to the cutoff, there are 3 others who are 0.02 point shy away of the latter's score. whatever you try to do, you will always need to determine a cutoff and there will always be frustrated students who were just so close to that cutoff. at the end of the day, i find that the best way is to follow the traditional cutoffs that represent the student mastery of the material and skills taught in this class. otherwise, we are just giving grades for a good feeling, and that should not be the story here."", 'you’re right in that any cutoff you choose is arbitrary. and you’re right that there would be students just shy of any cutoff you choose. that’s why i don’t know if blanket no rounding policies are productive. maybe this could be a place where discretion is warranted. like if there was a particular extenuating circumstance, or if the student was especially engaged in the class—things of that nature. if anything i think that teaches a better lesson than strict no rounding policies, because it introduces a culture of more consideration and care into an often taxing academic environment. and it could reward good attitude in the situations where, like you mentioned, the academic performance level is essentially the same either side of the barrier.']"
888,17,888_physics bs_help switch_from physics_to engineering,"['physics bs', 'help switch', 'from physics', 'to engineering', 'bs to', 'switch from', 'engineering', 'physics', 'switch', 'bs']","[""help: switch from physics bs to engineering?? this might be the result of a massive mind spiral on my part, but i'm having second thoughts. i'll be starting my physics bs at unc this fall because i decided that i wanted to involve myself with math in some way, and physics was the more concrete option. it also gives me a feasible transition into med school if i ever start to seriously consider it again. however, i've been thinking about the hiring potential of my chosen path, as well as how much i loved my engineering intro classes senior year studying tangible machinery, and to me eng seems to be an equally enjoyable yet more employable line of work. for clarification, my goal is to enter industry; i do not want to go into teaching, nor do i plan to do research for a living. this would all be less complicated if unc had a robust engineering program, but if i made the switch i would transfer to ncsu and maybe cost myself a timely graduation. i've also read about physics grads having trouble getting into the engineering field because they lack the hands-on applied knowledge. so, long story short, i got a few qs: - should i stick with phys while i figure out what i really want because it gives me a wider array of options later on? - is entering the engineering field/grad program with a physics degree not as bad as i think, even if i have to take a few extra classes to qualify myself? i really love learning physical concepts, i just think that learning about them in a less abstract manner will serve me job-wise later on. - do physics grads have decent job prospects in various fields? physics, data sci, eng, tech, finance... any stem, really i would really really appreciate answers to any of these questions, as well as insight from phys/eng grads who might've been in my position. am i overthinking? should i give myself time to try it out first? thank you in advance!"", 'help: switch from physics bs to engineering??', 'help: switch from physics bs to engineering??']"
889,17,889_unrenovated spots_unrenovated_favorite bizarrely_bizarrely unrenovated,"['unrenovated spots', 'unrenovated', 'favorite bizarrely', 'bizarrely unrenovated', 'bizarrely', 'spots on', 'favorite', 'spots', 'on campus', 'water fountain']","['favorite bizarrely unrenovated spots on campus? gimghoul castle', 'favorite bizarrely unrenovated spots on campus? most of davis', 'favorite bizarrely unrenovated spots on campus?']"
890,16,890_math 115_equivalent course_115_and info,"['math 115', 'equivalent course', '115', 'and info', '115 and', 'to math', 'course to', 'info about', 'equivalent', 'math']","['equivalent course to math 115 and info about the class no for the major', 'equivalent course to math 115 and info about the class', 'equivalent course to math 115 and info about the class']"
891,16,891_women basketball_carmichael_women_basketball,"['women basketball', 'carmichael', 'women', 'basketball', 'bleachers', 'general admission', 'away fan', 'ga', 'to watch', 'at carmichael']","[""women’s basketball it's a combination of a few different things: reynolds is about 20% smaller than carmichael, ncsu mbb isn't as good as wbb is, especially recently, so their fanbase tends to put their basketball energy towards wbb. the general admission also helps. save for the four (smallest) sections right on the sideline behind the benches which are typically sent exclusively to parents, visitor allotment, and rams club season ticket holders, the entire arena at carmichael is ga, so ticket re-sellers aren't able to jump on seats with a good view and re-sell when demand goes up. carmichael fills up for big games, it just doesn't have the same re-sell market as state because of those things."", 'women’s basketball we recently went to an nc state women’s basketball game and has a great time, but it wasn’t the easiest thing in the world getting tickets. a lot of them were resold and they were not cheap. in the end we found friends who gave us their tickets for a game they couldn’t attend. reynolds was a great place to watch them play, and our daughter also enjoyed being seated close to the cheerleaders. we wanted to take the kids to a unc women’s basketball game, and the tickets are suspiciously cheap and easy to buy for the very next game on goheels. i also noticed they’re not for specific seats, just all general admission. is this right? is carmichael a dump to watch a game in or something? why the disparity? isn’t unc nationally ranked? asking honestly since this is our first attempt to buy wbb tickets here.', ""carmichael bleachers as away fan yes you'll be fine. that side usually has opposing fans and parents behind the away bench. i'd sit on closer to that side, near the vt bench. the fans are intense but normally not rude. should be a great game, kitley and amoore are amazing to watch. i'm a carolina fan but married a vt family so we've been to many games at carmichael, smith center and cassell with mixed groups (and kenan stadium and lane). only place we ever had an issue was cassell but it was just a drunk student heckling a bit who didn't like losing to carolina and me yelling scoreboard back at him. heck our daughter has even been to hokie club events in carolina gear when she was small. carmichael is old and full of history, this is the men's former home court so many cool memories there from them too. this was jordan's home court. carmichael was renovated a few years back and is quite nice now, it's women's hoops, volleyball and wrestling now. the building next to carmichael (attached really) is woolen gym and it was the men's home court before carmichael - from 1939-1965! so a lot of tremendous hoops have been played on that block!""]"
892,16,892_bio103 class_deadass ruined_bio deadass_mainly bio,"['bio103 class', 'deadass ruined', 'bio deadass', 'mainly bio', 'but mainly', 'my self', 'self esteem', 'ruined my', 'esteem', 'bio103']","['bio103 class (maybe even the entire college but mainly bio) deadass ruined my self esteem nope', 'bio103 class (maybe even the entire college but mainly bio) deadass ruined my self esteem', 'bio103 class (maybe even the entire college but mainly bio) deadass ruined my self esteem']"
893,16,893_repeat transfer_unc repeat_transfer questions_not transfer,"['repeat transfer', 'unc repeat', 'transfer questions', 'not transfer', 'repeat', 'college course', 'take community', 'unc gpa', 'transfer', 'tr']","['can you take a community college course and not transfer it to unc? i don\'t know of any requirements as you\'re currently enrolled. first-year admissions are ""required"" and transfer applicants are ""suggested"" to submit post-secondary transcripts. your grade will not transfer. all transfer credits are tr on your transcript as long as you passed (c or higher). it will give you credit, but not be reflected in your gpa.', ""unc repeat transfer questions i believe all classes that you took at unc count towards your gpa. if the class was not taken at unc, then it's not going to count in your unc gpa"", 'unc repeat transfer questions idk this person was asking about counting it twice. my understanding was that only classes taken at unc count towards unc gpa. i was a transfer student and nothing from my first school went into my unc gpa. only the classes taken at unc count for that.']"
894,16,894_unofficial transcript_transcript_unofficial_get transcript,"['unofficial transcript', 'transcript', 'unofficial', 'get transcript', 'an unofficial', 'official vs', 'vs unofficial', 'my unofficial', 'official', 'copy']","[""official vs unofficial transcript it's basically the same."", ""how do we get an unofficial transcript? for an application, i have to submit an unofficial transcript. i don't really see an option for that on connectcarolina, so where would i be able to find that?"", 'official vs unofficial transcript amcas there is not really a difference, but it does include more information, including information about the grading scale. it is also nicely laid out, and i think it had more complete names for the courses? i did end up paying the $10 to get that nice digital copy to send in as my ""unofficial transcript"" to multiple schools (you can send it to yourself or to the schools directly). i guess it just depends on if you think it is worth it to use a copy of the official or if you think your connectcarolina one looks readable enough.']"
895,16,895_professor index_index launches_launches at_index,"['professor index', 'index launches', 'launches at', 'index', 'launches', 'the app', 'reviews', 'bias', 'app', 'biases']","['professor index launches at unc chapel hill', 'professor index launches at unc chapel hill', 'professor index launches at unc chapel hill the app is equipped with an ai summarization engine to compile and summarize reviews as they come in. this feature will kick in as soon as the app receives enough reviews. the app will then be making course and professor recommendations based on your preferences as a student. the app also uses ai to assess the quality of incoming reviews and weigh them accordingly. i am experimenting with several bias mitigation algorithms that monitor trends in reviews. for instance, existing course evaluation systems have a serious bias problem against female professors or professors with an accent (including myself). once such forms of bias are detected and confirmed, they can be adjusted for. this could include, for example, downgrading reviews from accounts that are commonly associated with biased reviews. of course, the problem is multidementail in nature; there is no silver bullet for completely eliminating bias, but mitigation strategies can be developed once more data becomes available.']"
896,16,896_well dry_dry up_old well_up one,"['well dry', 'dry up', 'old well', 'up one', 'the old', 'dry', 'will the', 'one day', 'old', 'water']","['will the old well dry up one day? what the hell!', 'will the old well dry up one day?', 'will the old well dry up one day? this']"
897,16,897_hostages rally_the hostages_hostages_release the,"['hostages rally', 'the hostages', 'hostages', 'release the', 'rally', 'rally this', 'release', 'this week', 'free the', 'week']","['date and time for the free the hostages rally', 'release the hostages rally this week?', 'release the hostages rally this week? does anyone know the location and date/time for the release the hostages rally on campus this week? many thanks!']"
898,16,898_118 doable_220 math_doable together_233 and,"['118 doable', '220 math', 'doable together', '233 and', 'is biol', 'biol 220', 'and phys', '220', 'phys 118', 'math 233']","['is biol 220, math 233, and phys 118 doable together?', 'is biol 220, math 233, and phys 118 doable together?', 'is biol 220, math 233, and phys 118 doable together?']"
899,16,899_kenan twice_do investing_denied into_down hill,"['kenan twice', 'do investing', 'denied into', 'down hill', 'hope or', 'were denied', 'twice is', 'all down', 'hill from', 'any hope']","['to people who were denied into kenan twice, is there any hope or is it all down hill from here if you want to work in finance and actually do investing? go on [alumni.unc.edu]( they have the email addresses in the alumni directory. or else start blasting unc alumni on linkedin. need to set up informational interviews with them and get them to refer you to their companies.', 'to people who were denied into kenan twice, is there any hope or is it all down hill from here if you want to work in finance and actually do investing?', ""to people who were denied into kenan twice, is there any hope or is it all down hill from here if you want to work in finance and actually do investing? what are some good ways to make up for it all? because at this rate i'm just going to switch to a history major or try for duke as a longshot.""]"
900,16,900_stuff because_because graduating_selling stuff_selling,"['stuff because', 'because graduating', 'selling stuff', 'selling', 'graduating', 'jug', 'stuff', 'electric jug', 'electric', 'graduating what']","['selling stuff because graduating when you plug in an electric jug, what happens?', 'selling stuff because graduating is the electric jug -a water purifier jug? if so, how much for it?', 'selling stuff because graduating thank you!']"
901,16,901_soundproof_find soundproof_soundproof room_rent near,"['soundproof', 'find soundproof', 'soundproof room', 'rent near', 'for rent', 'room for', 'near unc', 'where can', 'can find', 'rent']","['where can i find a soundproof room for rent near unc? media art studio on franklin', 'where can i find a soundproof room for rent near unc? is there something like that in the basement of the undergrad library?', 'where can i find a soundproof room for rent near unc? oh gotcha, my bad']"
902,16,902_data literacy_literacy_literacy lab_the data,"['data literacy', 'literacy', 'literacy lab', 'the data', 'data', 'lab', 'cant find', 'lab on', 'connect carolina', 'on connect']","['how do you add data literacy lab to connect carolina?', 'i cant find the data literacy lab on connect carolina does anyone know how to add the data literacy lab for idst triple i? it does not show and my registration is coming monday', 'i cant find the data literacy lab on connect carolina']"
903,16,903_syllabus_488_comp 488_recent syllabi,"['syllabus', '488', 'comp 488', 'recent syllabi', 'syllabi', 'syllabus for', 'course syllabus', 'the syllabus', 'syllabus did', '488 or']","['upload your recent syllabi syllabus.network, the unofficial unc syllabus repository this is really cool! i hope people use it.', 'upload your recent syllabi syllabus.network, the unofficial unc syllabus repository', ""comp 488 or busi 488 syllabus (grading) hi ! i am an incoming exchange student to unc and planning to take comp 488. anyone here who took the course before (doesn't have to be current or latest syllabus) can provide a breakdown of the grading (assignment, quizzes, exams) of comp 488 or busi 488 course ? i need the grading breakdown to submit the course mapping document from my end. i tried emailing the professors but unfortunately didn't get their replies. any help would be greatly appreciated, thanks a lot !""]"
904,16,904_parking rules_rules apply_wellness_wellness days,"['parking rules', 'rules apply', 'wellness', 'wellness days', 'for wellness', 'do parking', 'rules', 'on wellness', 'do weekday', 'weekday parking']","['do parking rules apply for wellness days? yes!', 'do parking rules apply for wellness days?', 'do parking rules apply for wellness days?']"
905,16,905_by union_out charges_hill apartments_move out,"['by union', 'out charges', 'hill apartments', 'move out', 'charges by', 'union chapel', 'charges', 'union', 'move', 'apartments']","[""move-out charges by union chapel hill apartments -- $$$? i'll keep this in mind. thanks!"", 'move-out charges by union chapel hill apartments -- $$$?', 'move-out charges by union chapel hill apartments -- $$$?']"
906,16,906_hit and_hit_and run_im sad,"['hit and', 'hit', 'and run', 'im sad', 'run and', 'hit my', 'someone hit', 'and im', 'my car', 'sad']","['hit and run and im sad yes, i had a hit and run at a coffee shop. you need to call the police asap to get a police report. then call your insurance and tell them you were in a hit and run - they’ll want the police report case number, so make sure you get that from the police. it sucks, but insurance should find you not at fault. i had to have two doors completely replaced, $3000 total, but i only had a $200 deductible and my premiums didn’t go up. it’ll be okay :)', 'hit and run and im sad', 'hit and run and im sad']"
907,16,907_public policy_policy more_employable compared_employable,"['public policy', 'policy more', 'employable compared', 'employable', 'to poli', 'more employable', 'is public', 'poli sci', 'poli', 'policy']","['is public policy more employable compared to poli sci?', 'is public policy more employable compared to poli sci?', 'is public policy more employable compared to poli sci?']"
908,16,908_abayomi_oluremi_dr oluremi_oluremi abayomi,"['abayomi', 'oluremi', 'dr oluremi', 'oluremi abayomi', 'abayomi for', 'for 120', 'on dr', '155 professors', '120', 'dr']","['thoughts on dr. oluremi abayomi for 120? good idea. will clarify in post desc. ty!', 'thoughts on dr. oluremi abayomi for 120? thanks for the help!', 'thoughts on dr. oluremi abayomi for 120?']"
909,16,909_drinks before_before studying_drinks_studying,"['drinks before', 'before studying', 'drinks', 'studying', 'taking shots', 'before', 'studying no', 'an alcoholic', 'shots', 'alcoholic']","['drinks before studying this only works if you go to class after taking shots.', 'drinks before studying no ur an alcoholic', 'drinks before studying no bro 🤣']"
910,16,910_overload_pay extra_to overload_extra to,"['overload', 'pay extra', 'to overload', 'extra to', 'extra', 'overload requests', 'are overload', 'requests granted', 'to pay', 'anyone know']","['does anyone know if you need to pay extra to overload? will do that thanks', 'does anyone know if you need to pay extra to overload? i’m trying to figure out my plan for the next semester and i would prob need to overload. does anyone know about if you overload do you pay extra tuition and how’s it calculated?', 'does anyone know if you need to pay extra to overload? bump']"
911,16,911_communication beyond_beyond carolina_carolina course_easy communication,"['communication beyond', 'beyond carolina', 'carolina course', 'easy communication', 'public speaking', 'communication', 'beyond', 'recommendations for', 'any recommendations', 'an easy']","[""any recommendations for an easy “communication beyond carolina” course? poli 476 is my favorite class i've ever taken!"", 'any recommendations for an easy “communication beyond carolina” course? public speaking was great, super easy and i think it’s a very transferable skill with a lot of practical applications', 'any recommendations for an easy “communication beyond carolina” course? i am looking to do a communications course and i was wondering if you guys have any suggestions? also has anyone taken public speaking and was it easy?']"
912,16,912_new chancellor_kevin step_step down_kevin,"['new chancellor', 'kevin step', 'step down', 'kevin', 'and new', 'chancellor', 'down and', 'step', 'good chancellor', 'down']","[""kevin's step down and new chancellor let’s just hope we can get a good chancellor"", ""kevin's step down and new chancellor lfmaoo"", ""kevin's step down and new chancellor owner""]"
913,16,913_representatives other_housing representatives_ras housing_folks look,"['representatives other', 'housing representatives', 'ras housing', 'folks look', 'room during', 'do ras', 'other folks', 'representatives', 'look through', 'during winter']","['do ras/housing representatives/other folks look through your room during winter break? who said i had anything to hide? (thank you)', 'do ras/housing representatives/other folks look through your room during winter break? awesome thanks', 'do ras/housing representatives/other folks look through your room during winter break? thanks!']"
914,16,914_korean_korean at_na fan_na,"['korean', 'korean at', 'na fan', 'na', 'chin', 'the korean', 'is na', 'chin 101', 'fan for', 'korean placement']","[""has anyone taken the korean placement test? i was wondering how hard the korean placement test is because i would rather get my language requirements out of the way quickly + learn more about a language i'm more likely to use since i'm korean. i would say my korean is ok since i can understand native speakers and talk to them without too many problems, watch youtube videos or entertainment programs without much difficulty but i don't know very much about reading or writing."", ""korean at unc? hi! i took korean at unc and can share some thoughts with you. i also came in knowing hangeul and some basic phrases. i will say, it is very fast-paced, homework-heavy, and rigorous. however, if you have a lot of time to work, study, and memorize (sadly, i was already double majoring in biology and linguistics, so i didn't!), you can do well. i find myself being able to understand conversational korean, music, and kdramas better after going through the program (about 50%), and native speakers can understand me ok. i had all three teachers as well. giseung lee was my favorite, he was always really encouraging and helpful to me. i also liked eunji lee, she is very sweet and lenient. i never had an issue with dongsoo bang other than that she was hard and not very helpful, but some other students in my class noticed favoritism and that she was mean to some students. the study abroad options are really good as well - sadly, i couldn't afford them, but i had many class mates go and give raving reviews. i hope this helps - feel free to message me if you have any specific questions!"", ""has anyone taken the korean placement test? i passed the placement exam and got placed into fourth year korean. if you have parents or someone good at writing, it would be very helpful. you first take a multiple choice exam that allows you to move onto the second part of the process if you get a good enough grade (this was pretty easy but jic you can have a parent or someone next to you). for the second part of the process, they gave me essay prompts to write in korean while on a zoom call with multiple people. you write like half, three quarters of the page of korean to answer the question, but the camera is faced towards your paper, so i had my mom write the answers on an ipad outside the screen and i just copied down what she wrote. there is a speaking portion as well, where she brings you to a breakout room and just asks your name background, and certain questions, one of mine was who is your idol, or who do you look up to. i spoke better korean than the professor herself, so overall i don't think it will be too hard if you can speak korean already.""]"
915,16,915_linguistics_linguistics major_also accommodations_student also,"['linguistics', 'linguistics major', 'also accommodations', 'student also', 'traditional student', 'non traditional', 'accommodations', 'major for', 'traditional', 'for non']","[""linguistics major for non-traditional student? also accommodations? hi! i recently graduated from the unc linguistics major. overall, i had a great experience! however, there is a culture of obsession around linguistics at unc in which people tend to sacrifice their physical, mental, and spiritual health to spend all their time with linguistics, and i have seen devastating consequences of that culture including emotional breakdowns. so i would advise being on guard as far as that goes and carefully avoiding that culture. as long as you avoid that and the pressure surrounding it, it's a great and really fascinating program! as for accommodations, i am diagnosed with ocd myself, and although the disability office itself was not very good about accomodations and requires extensive documentation, professors were great and very understanding if you explain yourself and your issues well. professors have given me extensions many times if i explain how my ocd is acting out and affecting my work quality. i also have several friends with autism who have said similar things! it's also definitely not super unusual to be an older student - i had a friend and classmate who was 32! best of luck to you, and go heels!!"", 'linguistics major for non-traditional student? also accommodations? linguistics major here who also entered with an associate of arts, the department isn’t bad. you learn a lot but a few professors in this department like to ramble. however all the linguistics professors i’ve met, from personal experience as someone with different accommodations from yours, have been super understanding and even kinder than i expected. the homework is not much compared to other departments’ classes i’ve had. the major definitely requires a lot of thinking and studying. there’s the option of getting a ba and a ma at the same time but your grades have to be good. i’ll say if you don’t put in effort, it’s very easy to average at a c or even failing. some instructors drop your lowest grades, some instructors from my own experience (no matter how bad your grade is) won’t let you fail the class. in other words, they’re often willing to work with you. there are professors that i have yet to meet but rate my professors has helped a lot with getting kind teachers. it’s a good department, but if i could do it all again, i would’ve chosen something else. once i learned what linguistics is truly like, it was too late to turn back and it’s simply isn’t for everyone. best of luck! my ling teachers have been the most understanding out of all my teachers.', 'linguistics major for non-traditional student? also accommodations? hey everyone, i’m a non-traditional/older-than-average student (29 yo), and i’m thinking about finishing a bachelors degree at unc. long story short is that i graduated from wake tech with an associate of arts, then took a couple of years off and afterwards went to nc state but didn’t finish. i’ve since moved from raleigh to chapel hill. tried going back to nc state to finish this year, but it didn’t work out between the drive and my mental health issues/getting things straightened out with my medication. i guess i have a bunch of possibly unrelated questions, haha. 1) is the linguistics department at unc good? i’m interested in hearing from both current students and people who have graduated. for graduates, have you had luck getting jobs in a related field after graduation? i’m particularly interested in teaching english as a foreign language but am open to other options. 2) how is unc for older students? i’m fortunate enough to live near campus, but i have to work to pay my rent and things like that. is the school at all understanding of students who want to be part time so they don’t get overwhelmed between school and work? are there online options for classes, especially in the linguistics department, or are the classes mainly in person and during the day? 3) is unc actually good and understanding about disability accommodations? i’m autistic and have adhd and multiple mental illnesses, so that’s affected my ability to complete classwork on time before. i had accommodations at nc state for these things, so i could probably get them at unc too. however, i’m interested in hearing people’s experiences about whether the disability services at unc are good and whether the professors tend to be understanding about disabilities, particularly mental health issues. sorry for the wall of text, and thank you to anyone who takes the time to answer this. it’s okay if you can only answer one question; any information i can get is helpful. hope everyone has a great semester!']"
916,16,916_rea_anne rea_anne_rea bio103,"['rea', 'anne rea', 'anne', 'rea bio103', 'bio103 got', 'my 103', 'the insanely', 'insanely bad', 'thoughts should', '103 class']","['anne rea? bio103? i got her for my 103 class but i just saw the insanely bad reviews. any thoughts? should i drop the class i’m in her class rn for bio 240, and it is the most unstructured class i’ve ever had. she’s really nice, but all over the place. if you need more structure i would recommend taking it with another professor.', 'anne rea? bio103? i got her for my 103 class but i just saw the insanely bad reviews. any thoughts? should i drop the class form a study group early &amp; make your own structure', 'anne rea? bio103? i got her for my 103 class but i just saw the insanely bad reviews. any thoughts? should i drop the class ty!']"
917,16,917_majors_precalc_mat115_math,"['majors', 'precalc', 'mat115', 'math', 'envr', 'it majors', 'hate math', 'hate', 'in precalc', 'in highschool']","[""b.e.s.t majors? 100% i used to hate math and had horrible math anxiety and then i became a math teacher lol. math is incredible and 100% critical to all stem fields. you can't have stem without math"", ""b.e.s.t majors? also my bad, i think i misread another person's comment for your own. but if you got an a in precalc i'm sure you'll be fine with whatever math reqs are headed your way. if you go with biology, i suggest taking psyc210 for your stats requirement. maybe envr will take it too"", 'b.e.s.t majors? information science! i had to take one math class (mat115 reasoning with data) and i hate math, i got a c in highschool precalc. i really applied myself in mat115 and got a 94! other than that it’s some programming, 4 core classes and 5 broad electives. thoroughly enjoyed']"
918,16,918_concerns phd_unc your_phd_phd at,"['concerns phd', 'unc your', 'phd', 'phd at', 'user flair', 'user', 'flair', 'automatically', 'comment', 'please']","['phd at unc your comment has been automatically removed because you do not have user flair for r/unc. please [choose a user flair]( and then comment again. i am a bot, and this action was performed automatically. please [contact the moderators of this subreddit](/message/compose/?to=/r/unc) if you have any questions or concerns.', 'phd at unc your comment has been automatically removed because you do not have user flair for r/unc. please [choose a user flair]( and then comment again. i am a bot, and this action was performed automatically. please [contact the moderators of this subreddit](/message/compose/?to=/r/unc) if you have any questions or concerns.', 'phd at unc your comment has been automatically removed because you do not have user flair for r/unc. please [choose a user flair]( and then comment again. i am a bot, and this action was performed automatically. please [contact the moderators of this subreddit](/message/compose/?to=/r/unc) if you have any questions or concerns.']"
919,16,919_registration_classes first_enroll_enroll in,"['registration', 'classes first', 'enroll', 'enroll in', 'registration drop', 'to enroll', 'other classes', 'drop', 'class first', 'or try']","['freshman registration - drop a class first or try to enroll in other classes first? i would immediately try to enroll in your other 3 classes first. would the class you are wanting to drop satisfy a focus capacity or something?', ""freshman registration - drop a class first or try to enroll in other classes first? freshman here. i was placed in 2 classes ahead of registration (7 units total), one of which i'm planning to keep and the other i'm planning to drop. when my registration window opens would it be a better strategy to immediately try to enroll in my top 3 other classes with my 10 remaining units, then go back and drop the preassigned class and replace it with something else or should i begin by dropping the class i don't want and then trying for all 4 classes i do want all at once? i'm assuming every second counts when the registration window opens, but if it's more chill please let me know. thanks!"", 'it’s a really sad reality but yes, you kinda just have to do your best and click the enroll button right when registration opens and hope you get the classes that you wanted. what you can do is if you don’t get a class you need, you can try to email the professors that are teaching that class that semester and explain your situation and sometimes, they might be able to give you enroll you. if that doesn’t work, you can just wait till open enrollment and see if people drop out of that class and you can enroll in. also i would keep an eye on those classes the first week of the semester as people will drop the class if they’re more quite ready and you might be able to enroll. those are just back ups tho and don’t really give you a high chance of getting a particular class but knowing your situation, you have to just try every path you can. however, your best chance would be to be on time and click the enroll button right at 10:00:00 am. don’t wait till 10:00:01. it gets that close sometimes so just be ready. i know it sucks and it’s a flawed system but just try your best.']"
920,16,920_homes near_seniors living_in homes_homes,"['homes near', 'seniors living', 'in homes', 'homes', 'near unc', 'seniors', 'unc campus', 'living in', 'living', 'near']","['seniors living in homes near unc campus', 'seniors living in homes near unc campus', 'seniors living in homes near unc campus']"
921,16,921_bugs_bug_floor_parker dorm,"['bugs', 'bug', 'floor', 'parker dorm', 'spiders', 'ladybug', 'lady bugs', 'ehaus', 'bug problem', 'parker']","['i live in ehaus right now, and first semester bugs weren’t an issue but now there are bugs appearing in my dorm. in both semesters though, moths and spiders would get in the suite hallway since the door leads directly outside!!', 'ra here for ehringhaus, only bug problem we’ve had this year is lady bugs love a specific room on the 6th floor. but other then that there has been many more complaints of cockroaches and koury this year', ""i lived in koury and we never had a bug problem (no ladybugs or anything). the rooms are also huge and surprisingly you get privacy from your roommate while still having room because of how the beds can be set up. koury also has the desk (ehaus does not have one) so i'd honestly go with that - i loved it there. you can always scan into ehaus to mingle with people too - your flex pass will work there too.""]"
922,15,922_kf_in larger_expansion_to result,"['kf', 'in larger', 'expansion', 'to result', 'larger undergrad', 'major population', 'expansion going', 'kf expansion', 'undergrad major', 'the kf']","['when is the kf expansion going to result in a larger undergrad b-major population? thanks so much, sending him your response', ""when is the kf expansion going to result in a larger undergrad b-major population? as other commenters have said, your son's is the first year for whom the kf expansions will result in a larger class of undergrad business majors. with that said, i want to make two points: first, seeing as your son intends to major in business, i'm going to assume he wants to pursue a typical business major career, like consulting or high finance. these are some of the only fields out there where the brand name and prestige of your undergraduate school matters a lot, and it usually matters more than what your major was. in fact, it's not even clear that your major even matters very much, because even though traditional majors like business and econ have higher placement there, they also have a lot more interest in those careers, so of course more people will end up working in them. even if your son doesn't get into kf, the unc brand name is significantly stronger on a national scale than that of terry at uga, and if he's interested in the aforementioned careers it will carry him much further. if those are indeed his interests, then barring financial considerations i would strongly lean towards coming to unc. &gt;so his decision is go to unc with a ~30-40% of getting into kf, or go to uga with an already guaranteed slot as a business major. second, the acceptance rate is the probability that a random applicant gets in, not a specific applicant's probability of admission. for example, if you apply to harvard with a 4.0, 1600, and nobel prize, your probability of admission is way higher than the acceptance rate, whereas with a 1.0, 500, and felony, it's effectively zero. in other words, if, after admissions decisions are made, you pick a random person from the applicant pool, then the acceptance rate is the probability that person was admitted. it's not a probability of admission, but rather an ex post facto measure of how many students applied and how many spots there were. all of this is to say that your son is oos and likely has a significantly more qualified profile than the average kf applicant. if he does come here, his chance of getting into kf is probably higher than the acceptance rate."", 'when is the kf expansion going to result in a larger undergrad b-major population? it’s 42% typically']"
923,15,923_survey your_my survey_concerns please_survey,"['survey your', 'my survey', 'concerns please', 'survey', 'please help', 'me with', 'help me', 'please', 'minute survey', 'user flair']","['please help me with my survey! your comment has been automatically removed because you do not have user flair for r/unc. please [choose a user flair]( and then comment again. i am a bot, and this action was performed automatically. please [contact the moderators of this subreddit](/message/compose/?to=/r/unc) if you have any questions or concerns.', 'please help me with my survey! your comment has been automatically removed because you do not have user flair for r/unc. please [choose a user flair]( and then comment again. i am a bot, and this action was performed automatically. please [contact the moderators of this subreddit](/message/compose/?to=/r/unc) if you have any questions or concerns.', 'please help me with my survey! your comment has been automatically removed because you do not have user flair for r/unc. please [choose a user flair]( and then comment again. i am a bot, and this action was performed automatically. please [contact the moderators of this subreddit](/message/compose/?to=/r/unc) if you have any questions or concerns.']"
924,15,924_libraries_known libraries_lesser known_lesser,"['libraries', 'known libraries', 'lesser known', 'lesser', 'librarians', 'library', 'unc libraries', 'known', 'subscribed', 'subscribed to']","[""lesser-known libraries? the classics library is on the 3rd floor of murphey hall! it's a little hard to find because the door looks like a normal classroom door, but it's labeled as the ullman library! i think the art library they're referring to is the one in hanes art center."", ""lesser-known libraries? what are some libraries to study in aside from the ul/davis? i'm looking for smaller libraries more along the lines of the classics library or the art library."", 'what journals are unc libraries subscribed to at this point? i mainly noticed this after my first year here, so it is probably due to a post-covid lack of funds, but why is unc subscribed to so few journals at this point? i feel like at least 50%, if not more, of the resources i want to access are not available through unc libraries. i think that this is one of the more important places to spend money if the university wants students to excel at their research assignments. just a rant/wondering if anyone else had the same experience (and not targeted at the hardworking librarians).']"
925,15,925_open today_center open_the gaming_the econaid,"['open today', 'center open', 'the gaming', 'the econaid', 'econaid center', 'econaid', 'gaming', 'gaming arena', 'arena', 'open']","['is the econaid center open today? it is open today!', 'hi! i currently work at the gaming arena and can try to provide you some more information. we are open wed-sat from 5-11pm. i would say wednesday and saturday are fairly empty throughout the whole evening. thursdays and fridays are a bit busier, specifically as the night goes on. if you want to come on one of those days, i recommend coming before 730-8 because the pcs and consoles typically fill up. we also are going to be implementing a reservation system soon, so when that comes out, it will be easier to monitor how busy it is and guarantee you have a spot. but for now, it’s first come first serve. additionally, your boyfriend would be able to play on the consoles but not on the pc because each individual onyen can only be logged in to one computer at a time. feel free to stop by any time to ask us questions and get a feel for how busy it is!', 'is the econaid center open today?']"
926,15,926_professor_like professor_quiet private_private testing,"['professor', 'like professor', 'quiet private', 'private testing', 'level professors', 'learning styles', 'bad professor', 'professors', 'know them', 'styles']","['100 level professors: “please address me by dr. biology. i do not accept late work under any circumstances. there will be no extra credit.” 500 level professors: “what’s up, i’m john, just letting you know now that i really don’t want to grade essays so please just show up to class”', 'i’ve had great experiences with professors, but i do take a lot of time getting to know them even when it feels awkward. i talk to them after class and try to really get to know them, and because of that, they have been so nice to me and helped me a lot. i had one bad professor though that i think may be getting fired for being super inappropriate in class. you have to work super hard for a’s especially in stem classes but it’s worth it i guess, although i took one class on climate science and the professor literally told the whole lecture that he’s only allowed to give 10% of us an a as our final grade which was weird. my friend in the class got a’s on everything and ended up with a b+ so that was definitely an instance of grade deflation.', 'huh i hadn\'t heard about that with the conventional learning styles being debunked, seems like that\'s true! but it does sound like the studies specifically refer to media based preferences. like learning best by listening or reading, the prototypical definition. but in ops post it sounds like they mean ""learning style"" in a broader sense, like preferring to learn in a comfortable space without having to quell anxiety about closeness to people. i think that\'s pretty different, and that it\'s more legit. if that kind of preference weren\'t valid, why would some students receive accomodations such as a quiet, private testing environment? anyway, even though i feel like a professor has the right to ask this, i agree that i\'d absolutely hate that class set up lol. i\'m one of the kids who unlocked having a quiet, private testing accomodation. and i studied math in part because attendance is almost always optional']"
927,15,927_parker_parker dorms_the parker_parker dorm,"['parker', 'parker dorms', 'the parker', 'parker dorm', 'how are', 'rooms', 'dorms', 'are the', 'large rooms', 'chase but']","['parker dorm hey everyone!! i’m going to be a sophomore next year, and i’ll be living in parker. i was wondering if anyone could tell me more about the dorm/how you liked it/how far the walk is from things/the window ac? gonna be honest, when my roommate and i chose last october we were really just stressed about choosing housing, and went with what seemed like had large rooms etc but i don’t know much about it. we were in cobb last year, so i know it’s going to be a very different dorm/experience, so i just wanted to see the general opinions on it!', 'how are the parker dorms i lived in teague which is almost a copy of parker. i loved it! spacious rooms. frequently cleaned. convenient location. i don’t have a pic but it’s like a bigger (longer) hojo/ehaus/craige room.', 'how are the parker dorms i am an upcoming sophomore and am looking into housing. i have only heard cons on parker but on the website, it is known to have bigger rooms. if you live in parker, what are the pros and cons, and can you send me a picture of what the layout looks like from the inside? it would be appreciated 🙏']"
928,15,928_this college_so sick_sick of_sick,"['this college', 'so sick', 'sick of', 'sick', 'college thanks', 'college', 'college you', 'only talking', 'reason now', 'college damn']","['i’m so sick of this college thanks for the encouragement ❤️', 'i’m so sick of this college thanks lol', 'i’m so sick of this college']"
929,15,929_transfers having_time making_other transfers_having hard,"['transfers having', 'time making', 'other transfers', 'having hard', 'hard time', 'making friends', 'any other', 'transfers', 'making', 'having']","['any other transfers having a hard time making friends?', 'any other transfers having a hard time making friends?', 'any other transfers having a hard time making friends?']"
