topic,2022-07,2022-08,2022-09,2022-10,2022-11,2022-12,2023-01,2023-02,2023-03,2023-04,2023-05,2023-06,2023-07,2023-08,2023-09,2023-10,2023-11,2023-12,2024-01,2024-02,2024-03,2024-04,2024-05,2024-06,2024-07,2024-08,2024-09,2024-10,2024-11,2024-12,2025-01,2025-02,2025-03,2025-04,2025-05,2025-06,2025-07,2025-08,2025-09
-1,0.0,0.2,0.0,0.2,0.0,0.0,0.0,0.0,0.0,0.1,0.0,0.0,0.0,0.0,0.0,0.0,0.1,0.0,0.0,0.0,0.0,0.1,0.0,0.0,0.0,0.1,0.0,0.0,0.2,0.0,0.0,0.0,0.0,0.0,0.0,0.0,0.0,0.0,0.0
0,0.0026455026455026454,0.02072310405643739,0.025573192239858905,0.0445326278659612,0.018077601410934743,0.03064373897707231,0.01455026455026455,0.03152557319223986,0.019400352733686066,0.026234567901234566,0.03042328042328042,0.019400352733686066,0.02821869488536155,0.02358906525573192,0.014991181657848324,0.059082892416225746,0.018738977072310405,0.017195767195767195,0.0427689594356261,0.05202821869488536,0.01895943562610229,0.025352733686067018,0.06525573192239859,0.033950617283950615,0.00837742504409171,0.047839506172839504,0.04254850088183421,0.01300705467372134,0.042328042328042326,0.02667548500881834,0.015652557319223985,0.011022927689594356,0.03791887125220458,0.06018518518518518,0.004629629629629629,0.003968253968253968,0.0011022927689594356,0.0008818342151675485,0.0
1,0.0,0.0004628558204119417,0.0009257116408238834,0.0009257116408238834,0.0,0.0,0.0,0.0004628558204119417,0.01643138162462393,0.054385558898403144,0.03286276324924786,0.017819949085859755,0.03008562832677621,0.03610275399213145,0.03610275399213145,0.03540847026151354,0.03633418190233742,0.040268456375838924,0.04003702846563296,0.03263133533904189,0.03841703309419116,0.047211293682018055,0.03587132608192548,0.0277713492247165,0.03471418653089563,0.047211293682018055,0.0333256190696598,0.045591298310576255,0.03610275399213145,0.04142559592686878,0.042119879657486696,0.04142559592686878,0.043277019208516544,0.05808840546169868,0.01619995371441796,0.0,0.0,0.0,0.0
2,0.0,0.001838235294117647,0.0009191176470588235,0.0009191176470588235,0.0,0.00045955882352941176,0.00045955882352941176,0.0,0.03216911764705882,0.07720588235294118,0.029411764705882353,0.0234375,0.02803308823529412,0.03308823529411765,0.021599264705882353,0.0234375,0.03354779411764706,0.034926470588235295,0.035845588235294115,0.03860294117647059,0.06066176470588235,0.0625,0.046875,0.029871323529411766,0.03676470588235294,0.03308823529411765,0.02803308823529412,0.02619485294117647,0.024356617647058824,0.03216911764705882,0.027573529411764705,0.042738970588235295,0.05652573529411765,0.06112132352941176,0.015625,0.0,0.0,0.0,0.0
3,0.0,0.0,0.0,0.0012004801920768306,0.0024009603841536613,0.0,0.0012004801920768306,0.0,0.027611044417767107,0.062424969987995196,0.03241296518607443,0.009603841536614645,0.024009603841536616,0.03601440576230492,0.01800720288115246,0.05162064825930372,0.04561824729891957,0.04921968787515006,0.062424969987995196,0.022809123649459785,0.014405762304921969,0.062424969987995196,0.03241296518607443,0.02040816326530612,0.025210084033613446,0.05162064825930372,0.026410564225690276,0.028811524609843937,0.058823529411764705,0.055222088835534214,0.06362545018007203,0.022809123649459785,0.014405762304921969,0.062424969987995196,0.014405762304921969,0.0,0.0,0.0,0.0
4,0.003246753246753247,0.03463203463203463,0.02813852813852814,0.0183982683982684,0.015151515151515152,0.0183982683982684,0.05194805194805195,0.010822510822510822,0.015151515151515152,0.048701298701298704,0.00974025974025974,0.004329004329004329,0.008658008658008658,0.046536796536796536,0.004329004329004329,0.007575757575757576,0.025974025974025976,0.13528138528138528,0.05303030303030303,0.049783549783549784,0.0367965367965368,0.05411255411255411,0.07467532467532467,0.006493506493506494,0.01406926406926407,0.012987012987012988,0.032467532467532464,0.017316017316017316,0.08658008658008658,0.008658008658008658,0.022727272727272728,0.008658008658008658,0.016233766233766232,0.007575757575757576,0.005411255411255411,0.0010822510822510823,0.003246753246753247,0.0010822510822510823,0.0
5,0.0,0.0012437810945273632,0.006218905472636816,0.0012437810945273632,0.0,0.0024875621890547263,0.0012437810945273632,0.0,0.0024875621890547263,0.0012437810945273632,0.0012437810945273632,0.0,0.0012437810945273632,0.0,0.022388059701492536,0.03980099502487562,0.12064676616915423,0.09950248756218906,0.008706467661691543,0.03731343283582089,0.011194029850746268,0.10820895522388059,0.041044776119402986,0.0,0.0012437810945273632,0.01990049751243781,0.004975124378109453,0.0037313432835820895,0.05721393034825871,0.10323383084577115,0.0012437810945273632,0.008706467661691543,0.006218905472636816,0.1853233830845771,0.09950248756218906,0.0,0.0,0.0012437810945273632,0.0
6,0.010062893081761006,0.033962264150943396,0.03647798742138365,0.01761006289308176,0.02012578616352201,0.012578616352201259,0.061635220125786164,0.01761006289308176,0.022641509433962263,0.006289308176100629,0.1069182389937107,0.0440251572327044,0.018867924528301886,0.03270440251572327,0.01509433962264151,0.011320754716981131,0.01761006289308176,0.013836477987421384,0.06792452830188679,0.02389937106918239,0.028930817610062894,0.027672955974842768,0.027672955974842768,0.012578616352201259,0.010062893081761006,0.05408805031446541,0.011320754716981131,0.007547169811320755,0.02389937106918239,0.021383647798742137,0.06540880503144654,0.026415094339622643,0.02389937106918239,0.05660377358490566,0.006289308176100629,0.0025157232704402514,0.0,0.0025157232704402514,0.0
7,0.004573170731707317,0.06402439024390244,0.0899390243902439,0.07469512195121951,0.004573170731707317,0.03201219512195122,0.039634146341463415,0.03048780487804878,0.009146341463414634,0.006097560975609756,0.003048780487804878,0.0,0.01524390243902439,0.025914634146341462,0.010670731707317074,0.019817073170731708,0.010670731707317074,0.024390243902439025,0.012195121951219513,0.009146341463414634,0.021341463414634148,0.12195121951219512,0.019817073170731708,0.004573170731707317,0.004573170731707317,0.021341463414634148,0.07774390243902439,0.11128048780487805,0.004573170731707317,0.001524390243902439,0.010670731707317074,0.028963414634146343,0.012195121951219513,0.0701219512195122,0.001524390243902439,0.001524390243902439,0.0,0.0,0.0
8,0.0,0.0030120481927710845,0.002008032128514056,0.004016064257028112,0.001004016064257028,0.002008032128514056,0.1285140562248996,0.002008032128514056,0.0050200803212851405,0.007028112449799197,0.004016064257028112,0.001004016064257028,0.019076305220883535,0.11144578313253012,0.002008032128514056,0.0030120481927710845,0.0,0.004016064257028112,0.008032128514056224,0.035140562248995984,0.0963855421686747,0.007028112449799197,0.0030120481927710845,0.001004016064257028,0.012048192771084338,0.08835341365461848,0.0030120481927710845,0.07429718875502007,0.04216867469879518,0.010040160642570281,0.008032128514056224,0.03112449799196787,0.08734939759036145,0.009036144578313253,0.02610441767068273,0.0391566265060241,0.050200803212851405,0.06927710843373494,0.0
9,0.002277904328018223,0.0,0.002277904328018223,0.002277904328018223,0.0,0.0,0.0,0.0,0.004555808656036446,0.0,0.0,0.0,0.0,0.0,0.002277904328018223,0.002277904328018223,0.011389521640091117,0.0,0.0,0.004555808656036446,0.0,0.004555808656036446,0.0,0.0,0.0,0.002277904328018223,0.004555808656036446,0.9248291571753986,0.018223234624145785,0.0,0.004555808656036446,0.004555808656036446,0.002277904328018223,0.002277904328018223,0.0,0.0,0.0,0.0,0.0
10,0.0,0.10914927768860354,0.0593900481540931,0.05457463884430177,0.02086677367576244,0.03210272873194221,0.10272873194221509,0.008025682182985553,0.016051364365971106,0.012841091492776886,0.011235955056179775,0.0,0.01765650080256822,0.014446227929373997,0.006420545746388443,0.030497592295345103,0.006420545746388443,0.011235955056179775,0.1332263242375602,0.04975922953451043,0.09951845906902086,0.012841091492776886,0.0032102728731942215,0.008025682182985553,0.011235955056179775,0.03531300160513644,0.07223113964686999,0.012841091492776886,0.0,0.006420545746388443,0.012841091492776886,0.004815409309791332,0.006420545746388443,0.016051364365971106,0.0016051364365971107,0.0,0.0,0.0,0.0
11,0.00909090909090909,0.06818181818181818,0.013636363636363636,0.025,0.0022727272727272726,0.03636363636363636,0.03409090909090909,0.011363636363636364,0.004545454545454545,0.025,0.020454545454545454,0.00909090909090909,0.02727272727272727,0.020454545454545454,0.020454545454545454,0.004545454545454545,0.020454545454545454,0.020454545454545454,0.031818181818181815,0.01818181818181818,0.006818181818181818,0.029545454545454545,0.11136363636363636,0.0022727272727272726,0.013636363636363636,0.0022727272727272726,0.004545454545454545,0.006818181818181818,0.020454545454545454,0.17272727272727273,0.09090909090909091,0.011363636363636364,0.011363636363636364,0.00909090909090909,0.08409090909090909,0.0,0.0,0.0,0.0
12,0.013888888888888888,0.18253968253968253,0.001984126984126984,0.005952380952380952,0.025793650793650792,0.011904761904761904,0.06349206349206349,0.04563492063492063,0.005952380952380952,0.031746031746031744,0.02976190476190476,0.005952380952380952,0.001984126984126984,0.13293650793650794,0.0,0.001984126984126984,0.007936507936507936,0.007936507936507936,0.0496031746031746,0.023809523809523808,0.011904761904761904,0.01984126984126984,0.01984126984126984,0.013888888888888888,0.007936507936507936,0.061507936507936505,0.0,0.0,0.04563492063492063,0.001984126984126984,0.07738095238095238,0.001984126984126984,0.013888888888888888,0.02976190476190476,0.00992063492063492,0.00992063492063492,0.00992063492063492,0.013888888888888888,0.0
13,0.0,0.005361930294906166,0.002680965147453083,0.029490616621983913,0.3646112600536193,0.0,0.01876675603217158,0.005361930294906166,0.005361930294906166,0.024128686327077747,0.002680965147453083,0.002680965147453083,0.00804289544235925,0.024128686327077747,0.005361930294906166,0.0,0.013404825737265416,0.002680965147453083,0.005361930294906166,0.005361930294906166,0.0,0.005361930294906166,0.0,0.0,0.0,0.002680965147453083,0.0,0.029490616621983913,0.005361930294906166,0.010723860589812333,0.002680965147453083,0.002680965147453083,0.0,0.26005361930294907,0.1554959785522788,0.0,0.0,0.0,0.0
14,0.0,0.0,0.0,0.0,0.0,0.0,0.002702702702702703,0.002702702702702703,0.008108108108108109,0.0,0.0,0.0,0.0,0.0,0.0,0.34054054054054056,0.32972972972972975,0.002702702702702703,0.005405405405405406,0.008108108108108109,0.0,0.10540540540540541,0.013513513513513514,0.002702702702702703,0.0,0.002702702702702703,0.0,0.17297297297297298,0.0,0.0,0.0,0.0,0.0,0.002702702702702703,0.0,0.0,0.0,0.0,0.0
15,0.0,0.00558659217877095,0.0,0.0111731843575419,0.05772811918063315,0.035381750465549346,0.027932960893854747,0.08379888268156424,0.1266294227188082,0.0260707635009311,0.0335195530726257,0.0223463687150838,0.03910614525139665,0.0260707635009311,0.01675977653631285,0.0037243947858473,0.0446927374301676,0.035381750465549346,0.00931098696461825,0.00931098696461825,0.040968342644320296,0.06517690875232775,0.04655493482309125,0.0186219739292365,0.03910614525139665,0.0186219739292365,0.01303538175046555,0.0111731843575419,0.020484171322160148,0.0186219739292365,0.0111731843575419,0.00931098696461825,0.0186219739292365,0.0297951582867784,0.01303538175046555,0.00558659217877095,0.00186219739292365,0.0037243947858473,0.0
16,0.0,0.022779043280182234,0.02050113895216401,0.015945330296127564,0.002277904328018223,0.06378132118451026,0.011389521640091117,0.00683371298405467,0.002277904328018223,0.11389521640091116,0.018223234624145785,0.00683371298405467,0.0,0.0,0.0,0.0,0.1070615034168565,0.07061503416856492,0.01366742596810934,0.009111617312072893,0.0,0.01366742596810934,0.09567198177676538,0.004555808656036446,0.018223234624145785,0.0,0.009111617312072893,0.1070615034168565,0.022779043280182234,0.03644646924829157,0.02050113895216401,0.0,0.04328018223234624,0.11845102505694761,0.018223234624145785,0.0,0.002277904328018223,0.004555808656036446,0.0
17,0.0,0.10569105691056911,0.0,0.13821138211382114,0.005420054200542005,0.051490514905149054,0.08401084010840108,0.0027100271002710027,0.005420054200542005,0.0027100271002710027,0.0,0.0,0.0027100271002710027,0.037940379403794036,0.0,0.016260162601626018,0.05962059620596206,0.02710027100271003,0.0,0.10569105691056911,0.04336043360433604,0.008130081300813009,0.0,0.0,0.008130081300813009,0.005420054200542005,0.0027100271002710027,0.04878048780487805,0.0,0.0,0.21138211382113822,0.008130081300813009,0.008130081300813009,0.0027100271002710027,0.008130081300813009,0.0,0.0,0.0,0.0
18,0.0,0.017902813299232736,0.010230179028132993,0.08184143222506395,0.0025575447570332483,0.005115089514066497,0.010230179028132993,0.0076726342710997444,0.023017902813299233,0.010230179028132993,0.015345268542199489,0.0025575447570332483,0.02557544757033248,0.015345268542199489,0.0076726342710997444,0.0025575447570332483,0.058823529411764705,0.03836317135549872,0.06905370843989769,0.015345268542199489,0.1534526854219949,0.01278772378516624,0.005115089514066497,0.0025575447570332483,0.03580562659846547,0.01278772378516624,0.28388746803069054,0.005115089514066497,0.017902813299232736,0.015345268542199489,0.005115089514066497,0.0,0.0025575447570332483,0.02557544757033248,0.0025575447570332483,0.0,0.0,0.0,0.0
19,0.0,0.004338394793926247,0.02386117136659436,0.03036876355748373,0.06941431670281996,0.0,0.01735357917570499,0.006507592190889371,0.015184381778741865,0.09327548806941431,0.03470715835140998,0.01735357917570499,0.015184381778741865,0.006507592190889371,0.0,0.019522776572668113,0.006507592190889371,0.0021691973969631237,0.0455531453362256,0.03036876355748373,0.0368763557483731,0.05856832971800434,0.021691973969631236,0.0,0.04772234273318872,0.013015184381778741,0.015184381778741865,0.03470715835140998,0.0,0.052060737527114966,0.03036876355748373,0.021691973969631236,0.1475054229934924,0.039045553145336226,0.04121475054229935,0.0,0.0021691973969631237,0.0,0.0
20,0.0,0.014962593516209476,0.23940149625935161,0.00997506234413965,0.007481296758104738,0.0024937655860349127,0.007481296758104738,0.004987531172069825,0.004987531172069825,0.004987531172069825,0.0024937655860349127,0.0,0.0024937655860349127,0.06483790523690773,0.04987531172069826,0.004987531172069825,0.06483790523690773,0.004987531172069825,0.017456359102244388,0.07481296758104738,0.0,0.007481296758104738,0.0024937655860349127,0.0,0.0024937655860349127,0.0199501246882793,0.32917705735660846,0.0024937655860349127,0.004987531172069825,0.0024937655860349127,0.04239401496259352,0.0024937655860349127,0.0,0.0,0.0,0.0,0.0,0.0,0.0
21,0.019230769230769232,0.014423076923076924,0.2980769230769231,0.01201923076923077,0.11298076923076923,0.009615384615384616,0.016826923076923076,0.009615384615384616,0.009615384615384616,0.27884615384615385,0.007211538461538462,0.0,0.01201923076923077,0.007211538461538462,0.007211538461538462,0.004807692307692308,0.002403846153846154,0.009615384615384616,0.01201923076923077,0.01201923076923077,0.009615384615384616,0.007211538461538462,0.014423076923076924,0.01201923076923077,0.021634615384615384,0.009615384615384616,0.004807692307692308,0.009615384615384616,0.009615384615384616,0.004807692307692308,0.007211538461538462,0.002403846153846154,0.016826923076923076,0.004807692307692308,0.009615384615384616,0.0,0.0,0.0,0.0
22,0.0,0.006578947368421052,0.013157894736842105,0.625,0.0,0.23684210526315788,0.0,0.013157894736842105,0.003289473684210526,0.0,0.003289473684210526,0.0,0.003289473684210526,0.0,0.0,0.019736842105263157,0.003289473684210526,0.003289473684210526,0.0,0.0,0.0,0.006578947368421052,0.0,0.003289473684210526,0.0,0.003289473684210526,0.003289473684210526,0.006578947368421052,0.029605263157894735,0.003289473684210526,0.0,0.003289473684210526,0.006578947368421052,0.003289473684210526,0.0,0.0,0.0,0.0,0.0
23,0.0,0.008130081300813009,0.12737127371273713,0.17344173441734417,0.013550135501355014,0.0027100271002710027,0.04336043360433604,0.04607046070460705,0.0,0.0,0.0,0.008130081300813009,0.0,0.005420054200542005,0.0,0.005420054200542005,0.13550135501355012,0.0027100271002710027,0.0,0.0027100271002710027,0.0027100271002710027,0.0,0.0,0.0,0.0,0.06233062330623306,0.14634146341463414,0.032520325203252036,0.013550135501355014,0.0,0.0,0.14634146341463414,0.01084010840108401,0.008130081300813009,0.0027100271002710027,0.0,0.0,0.0,0.0
24,0.009456264775413711,0.04964539007092199,0.030732860520094562,0.04491725768321513,0.03546099290780142,0.028368794326241134,0.0425531914893617,0.02127659574468085,0.03309692671394799,0.02127659574468085,0.0070921985815602835,0.0,0.05673758865248227,0.009456264775413711,0.0425531914893617,0.009456264775413711,0.016548463356973995,0.009456264775413711,0.03309692671394799,0.0070921985815602835,0.004728132387706856,0.054373522458628844,0.02127659574468085,0.002364066193853428,0.09692671394799054,0.08037825059101655,0.03309692671394799,0.004728132387706856,0.0070921985815602835,0.0070921985815602835,0.08983451536643026,0.014184397163120567,0.01182033096926714,0.04964539007092199,0.0070921985815602835,0.0,0.0070921985815602835,0.0,0.0
25,0.0,0.06231454005934718,0.011869436201780416,0.01483679525222552,0.05341246290801187,0.020771513353115726,0.05934718100890208,0.017804154302670624,0.0,0.10385756676557864,0.07418397626112759,0.05341246290801187,0.0,0.0,0.005934718100890208,0.011869436201780416,0.0,0.0,0.0,0.09198813056379822,0.17804154302670624,0.002967359050445104,0.002967359050445104,0.011869436201780416,0.08605341246290801,0.07418397626112759,0.005934718100890208,0.002967359050445104,0.0,0.008902077151335312,0.011869436201780416,0.0,0.017804154302670624,0.01483679525222552,0.0,0.0,0.0,0.0,0.0
26,0.015350877192982455,0.010964912280701754,0.010964912280701754,0.006578947368421052,0.013157894736842105,0.19517543859649122,0.08552631578947369,0.0,0.0021929824561403508,0.008771929824561403,0.013157894736842105,0.02631578947368421,0.0021929824561403508,0.006578947368421052,0.0,0.0021929824561403508,0.013157894736842105,0.013157894736842105,0.06359649122807018,0.0021929824561403508,0.0043859649122807015,0.12938596491228072,0.013157894736842105,0.019736842105263157,0.046052631578947366,0.0043859649122807015,0.0021929824561403508,0.0043859649122807015,0.06140350877192982,0.08991228070175439,0.006578947368421052,0.06578947368421052,0.015350877192982455,0.010964912280701754,0.03508771929824561,0.0,0.0,0.0,0.0
27,0.0,0.07837837837837838,0.0972972972972973,0.010810810810810811,0.024324324324324326,0.002702702702702703,0.0,0.0,0.002702702702702703,0.005405405405405406,0.0,0.002702702702702703,0.002702702702702703,0.02972972972972973,0.02972972972972973,0.02702702702702703,0.23513513513513515,0.024324324324324326,0.010810810810810811,0.008108108108108109,0.002702702702702703,0.0,0.002702702702702703,0.0,0.008108108108108109,0.14594594594594595,0.010810810810810811,0.12972972972972974,0.043243243243243246,0.013513513513513514,0.013513513513513514,0.010810810810810811,0.0,0.02702702702702703,0.0,0.0,0.0,0.0,0.0
28,0.02120141342756184,0.01060070671378092,0.0706713780918728,0.053003533568904596,0.04240282685512368,0.007067137809187279,0.045936395759717315,0.12367491166077739,0.0176678445229682,0.10600706713780919,0.024734982332155476,0.0176678445229682,0.007067137809187279,0.014134275618374558,0.04946996466431095,0.045936395759717315,0.0176678445229682,0.007067137809187279,0.007067137809187279,0.0636042402826855,0.0353356890459364,0.01060070671378092,0.0035335689045936395,0.0035335689045936395,0.0035335689045936395,0.03180212014134275,0.02120141342756184,0.02120141342756184,0.0176678445229682,0.0035335689045936395,0.02120141342756184,0.028268551236749116,0.01060070671378092,0.03180212014134275,0.0035335689045936395,0.0,0.0,0.0,0.0
29,0.0028328611898017,0.0226628895184136,0.35127478753541075,0.04815864022662889,0.0821529745042493,0.0028328611898017,0.028328611898016998,0.0,0.053824362606232294,0.0,0.0056657223796034,0.0,0.0028328611898017,0.0,0.0056657223796034,0.0028328611898017,0.0028328611898017,0.0113314447592068,0.1671388101983003,0.17280453257790368,0.0,0.0,0.0,0.0,0.0,0.0084985835694051,0.0,0.0028328611898017,0.0028328611898017,0.0028328611898017,0.0,0.0169971671388102,0.0028328611898017,0.0,0.0,0.0,0.0,0.0,0.0
30,0.0,0.007067137809187279,0.02120141342756184,0.02120141342756184,0.01060070671378092,0.0,0.11307420494699646,0.02120141342756184,0.01060070671378092,0.0176678445229682,0.0,0.0035335689045936395,0.07420494699646643,0.0035335689045936395,0.014134275618374558,0.4558303886925795,0.0,0.0,0.0,0.01060070671378092,0.014134275618374558,0.0035335689045936395,0.007067137809187279,0.007067137809187279,0.007067137809187279,0.007067137809187279,0.0,0.01060070671378092,0.0,0.0035335689045936395,0.014134275618374558,0.08480565371024736,0.0,0.028268551236749116,0.028268551236749116,0.0,0.0,0.0,0.0
31,0.008,0.052,0.048,0.076,0.048,0.028,0.032,0.064,0.016,0.124,0.02,0.024,0.004,0.028,0.012,0.04,0.028,0.008,0.028,0.032,0.044,0.02,0.012,0.008,0.016,0.012,0.012,0.016,0.032,0.012,0.016,0.016,0.032,0.024,0.008,0.0,0.0,0.0,0.0
32,0.0,0.037815126050420166,0.004201680672268907,0.0,0.0,0.0,0.0,0.004201680672268907,0.0,0.004201680672268907,0.0,0.0,0.0,0.004201680672268907,0.0,0.0,0.004201680672268907,0.0,0.0,0.004201680672268907,0.0,0.004201680672268907,0.012605042016806723,0.01680672268907563,0.04201680672268908,0.008403361344537815,0.008403361344537815,0.008403361344537815,0.004201680672268907,0.004201680672268907,0.8109243697478992,0.004201680672268907,0.008403361344537815,0.004201680672268907,0.0,0.0,0.0,0.0,0.0
33,0.003861003861003861,0.003861003861003861,0.003861003861003861,0.0,0.0,0.0,0.0,0.0,0.0,0.0,0.0,0.0,0.0,0.0,0.5637065637065637,0.4015444015444015,0.0,0.0,0.003861003861003861,0.0,0.0,0.0,0.0,0.003861003861003861,0.0,0.003861003861003861,0.003861003861003861,0.0,0.003861003861003861,0.0,0.0,0.0,0.0,0.003861003861003861,0.0,0.0,0.0,0.0,0.0
34,0.0,0.2052401746724891,0.017467248908296942,0.0,0.004366812227074236,0.021834061135371178,0.008733624454148471,0.004366812227074236,0.0,0.0,0.017467248908296942,0.0,0.008733624454148471,0.10043668122270742,0.22270742358078602,0.03056768558951965,0.008733624454148471,0.0,0.0,0.03056768558951965,0.004366812227074236,0.0,0.10480349344978165,0.008733624454148471,0.0,0.0,0.0,0.004366812227074236,0.0,0.13537117903930132,0.004366812227074236,0.0,0.056768558951965066,0.0,0.0,0.0,0.0,0.0,0.0
35,0.029411764705882353,0.0546218487394958,0.01680672268907563,0.02100840336134454,0.008403361344537815,0.02100840336134454,0.19747899159663865,0.046218487394957986,0.012605042016806723,0.004201680672268907,0.03361344537815126,0.046218487394957986,0.012605042016806723,0.004201680672268907,0.02100840336134454,0.0,0.008403361344537815,0.004201680672268907,0.008403361344537815,0.012605042016806723,0.012605042016806723,0.008403361344537815,0.13025210084033614,0.029411764705882353,0.0,0.004201680672268907,0.008403361344537815,0.004201680672268907,0.03361344537815126,0.029411764705882353,0.008403361344537815,0.012605042016806723,0.04201680672268908,0.03361344537815126,0.07983193277310924,0.0,0.0,0.0,0.0
36,0.0,0.0,0.004424778761061947,0.004424778761061947,0.0,0.0,0.0,0.0,0.0,0.0,0.0,0.0,0.0,0.0,0.0,0.004424778761061947,0.3008849557522124,0.03982300884955752,0.0,0.0,0.0,0.5707964601769911,0.008849557522123894,0.0,0.01327433628318584,0.0,0.004424778761061947,0.017699115044247787,0.004424778761061947,0.004424778761061947,0.0,0.0,0.022123893805309734,0.0,0.0,0.0,0.0,0.0,0.0
37,0.0038022813688212928,0.0076045627376425855,0.0,0.1482889733840304,0.0076045627376425855,0.03802281368821293,0.022813688212927757,0.03802281368821293,0.0038022813688212928,0.011406844106463879,0.022813688212927757,0.0038022813688212928,0.053231939163498096,0.0076045627376425855,0.026615969581749048,0.09125475285171103,0.0,0.015209125475285171,0.0,0.019011406844106463,0.09505703422053231,0.0038022813688212928,0.07984790874524715,0.0076045627376425855,0.0038022813688212928,0.049429657794676805,0.015209125475285171,0.12927756653992395,0.030418250950570342,0.0076045627376425855,0.015209125475285171,0.015209125475285171,0.019011406844106463,0.0038022813688212928,0.0038022813688212928,0.0,0.0,0.0,0.0
38,0.0,0.026717557251908396,0.0,0.0,0.003816793893129771,0.2480916030534351,0.0,0.0,0.003816793893129771,0.04961832061068702,0.0,0.0,0.0,0.03816793893129771,0.0,0.0,0.0,0.18702290076335878,0.0,0.0,0.0,0.10687022900763359,0.030534351145038167,0.0,0.0,0.003816793893129771,0.0,0.0,0.0,0.05343511450381679,0.0,0.0,0.0,0.23282442748091603,0.015267175572519083,0.0,0.0,0.0,0.0
39,0.009389671361502348,0.004694835680751174,0.0,0.0,0.0,0.0,0.0,0.0,0.0,0.539906103286385,0.0,0.0,0.0,0.0,0.004694835680751174,0.0,0.0,0.0,0.004694835680751174,0.004694835680751174,0.0,0.0,0.0,0.0,0.004694835680751174,0.0,0.0,0.0,0.0,0.0,0.0,0.004694835680751174,0.04225352112676056,0.1643192488262911,0.07511737089201878,0.04225352112676056,0.09389671361502347,0.004694835680751174,0.0
40,0.004098360655737705,0.004098360655737705,0.08196721311475409,0.27049180327868855,0.0860655737704918,0.01639344262295082,0.004098360655737705,0.0,0.0,0.004098360655737705,0.0,0.0,0.0,0.0,0.004098360655737705,0.004098360655737705,0.012295081967213115,0.0,0.045081967213114756,0.004098360655737705,0.004098360655737705,0.004098360655737705,0.004098360655737705,0.0,0.004098360655737705,0.045081967213114756,0.0860655737704918,0.2581967213114754,0.028688524590163935,0.004098360655737705,0.004098360655737705,0.004098360655737705,0.004098360655737705,0.00819672131147541,0.0,0.0,0.0,0.0,0.0
41,0.00980392156862745,0.06862745098039216,0.016339869281045753,0.016339869281045753,0.0032679738562091504,0.00980392156862745,0.06862745098039216,0.006535947712418301,0.013071895424836602,0.00980392156862745,0.03594771241830065,0.016339869281045753,0.032679738562091505,0.042483660130718956,0.0032679738562091504,0.0032679738562091504,0.02287581699346405,0.00980392156862745,0.032679738562091505,0.0032679738562091504,0.02287581699346405,0.0392156862745098,0.026143790849673203,0.0392156862745098,0.13725490196078433,0.17320261437908496,0.0032679738562091504,0.006535947712418301,0.00980392156862745,0.029411764705882353,0.032679738562091505,0.0,0.00980392156862745,0.02287581699346405,0.02287581699346405,0.0,0.0,0.0,0.0
42,0.0,0.011811023622047244,0.20078740157480315,0.09448818897637795,0.1220472440944882,0.0,0.0,0.003937007874015748,0.003937007874015748,0.0,0.0,0.0,0.0,0.003937007874015748,0.1062992125984252,0.047244094488188976,0.05511811023622047,0.007874015748031496,0.0,0.007874015748031496,0.011811023622047244,0.003937007874015748,0.003937007874015748,0.0,0.0,0.06692913385826772,0.10236220472440945,0.05905511811023622,0.07086614173228346,0.0,0.003937007874015748,0.0,0.003937007874015748,0.007874015748031496,0.0,0.0,0.0,0.0,0.0
43,0.0,0.00966183574879227,0.004830917874396135,0.033816425120772944,0.0,0.004830917874396135,0.014492753623188406,0.0,0.0,0.0,0.0,0.0,0.0,0.00966183574879227,0.0,0.004830917874396135,0.7391304347826086,0.004830917874396135,0.00966183574879227,0.0,0.05314009661835749,0.0821256038647343,0.0,0.0,0.004830917874396135,0.0,0.0,0.004830917874396135,0.0,0.00966183574879227,0.0,0.00966183574879227,0.0,0.0,0.0,0.0,0.0,0.0,0.0
44,0.012711864406779662,0.0,0.0211864406779661,0.00423728813559322,0.01694915254237288,0.0,0.00423728813559322,0.012711864406779662,0.0,0.00423728813559322,0.029661016949152543,0.0211864406779661,0.0,0.0,0.0,0.01694915254237288,0.0,0.00847457627118644,0.00423728813559322,0.00847457627118644,0.038135593220338986,0.15254237288135594,0.012711864406779662,0.00423728813559322,0.0,0.4322033898305085,0.01694915254237288,0.012711864406779662,0.00423728813559322,0.012711864406779662,0.07627118644067797,0.06779661016949153,0.0,0.0,0.00423728813559322,0.0,0.0,0.0,0.0
45,0.03873239436619718,0.2147887323943662,0.035211267605633804,0.05985915492957746,0.0035211267605633804,0.014084507042253521,0.06338028169014084,0.0035211267605633804,0.0035211267605633804,0.02464788732394366,0.007042253521126761,0.0035211267605633804,0.007042253521126761,0.017605633802816902,0.0035211267605633804,0.0035211267605633804,0.017605633802816902,0.04225352112676056,0.017605633802816902,0.07042253521126761,0.1056338028169014,0.007042253521126761,0.0,0.02464788732394366,0.0035211267605633804,0.04225352112676056,0.04225352112676056,0.01056338028169014,0.017605633802816902,0.03169014084507042,0.03169014084507042,0.01056338028169014,0.0,0.01056338028169014,0.01056338028169014,0.0,0.0,0.0,0.0
46,0.0,0.048295454545454544,0.005681818181818182,0.03977272727272727,0.005681818181818182,0.19318181818181818,0.002840909090909091,0.002840909090909091,0.002840909090909091,0.014204545454545454,0.18181818181818182,0.005681818181818182,0.0,0.0,0.005681818181818182,0.008522727272727272,0.014204545454545454,0.07386363636363637,0.005681818181818182,0.011363636363636364,0.0,0.017045454545454544,0.11363636363636363,0.005681818181818182,0.0,0.008522727272727272,0.005681818181818182,0.005681818181818182,0.005681818181818182,0.1278409090909091,0.008522727272727272,0.002840909090909091,0.0,0.019886363636363636,0.056818181818181816,0.0,0.0,0.0,0.0
47,0.0,0.005291005291005291,0.005291005291005291,0.015873015873015872,0.026455026455026454,0.031746031746031744,0.010582010582010581,0.010582010582010581,0.005291005291005291,0.0,0.005291005291005291,0.0,0.010582010582010581,0.010582010582010581,0.005291005291005291,0.042328042328042326,0.6666666666666666,0.0,0.010582010582010581,0.010582010582010581,0.010582010582010581,0.042328042328042326,0.0,0.0,0.010582010582010581,0.010582010582010581,0.015873015873015872,0.005291005291005291,0.010582010582010581,0.005291005291005291,0.0,0.0,0.0,0.015873015873015872,0.0,0.0,0.0,0.0,0.0
48,0.007874015748031496,0.23622047244094488,0.0,0.0,0.011811023622047244,0.03543307086614173,0.011811023622047244,0.0,0.051181102362204724,0.1732283464566929,0.007874015748031496,0.0,0.0,0.06692913385826772,0.003937007874015748,0.007874015748031496,0.09448818897637795,0.003937007874015748,0.05511811023622047,0.0,0.007874015748031496,0.007874015748031496,0.01968503937007874,0.06299212598425197,0.007874015748031496,0.011811023622047244,0.0,0.0,0.06299212598425197,0.0,0.01968503937007874,0.0,0.0,0.027559055118110236,0.0,0.0,0.003937007874015748,0.0,0.0
49,0.01818181818181818,0.014545454545454545,0.01090909090909091,0.007272727272727273,0.03272727272727273,0.05090909090909091,0.025454545454545455,0.0,0.05090909090909091,0.0,0.007272727272727273,0.0036363636363636364,0.05454545454545454,0.007272727272727273,0.007272727272727273,0.007272727272727273,0.014545454545454545,0.11272727272727273,0.007272727272727273,0.04727272727272727,0.01090909090909091,0.01090909090909091,0.12,0.014545454545454545,0.09090909090909091,0.01818181818181818,0.02181818181818182,0.04363636363636364,0.007272727272727273,0.04,0.05090909090909091,0.0036363636363636364,0.0036363636363636364,0.025454545454545455,0.05454545454545454,0.0,0.0036363636363636364,0.0,0.0
50,0.0036363636363636364,0.025454545454545455,0.15272727272727274,0.03272727272727273,0.014545454545454545,0.0036363636363636364,0.02909090909090909,0.007272727272727273,0.01090909090909091,0.01818181818181818,0.10181818181818182,0.0,0.0,0.05090909090909091,0.04,0.007272727272727273,0.01090909090909091,0.007272727272727273,0.05818181818181818,0.01818181818181818,0.01090909090909091,0.01090909090909091,0.10909090909090909,0.04727272727272727,0.0036363636363636364,0.0036363636363636364,0.08363636363636363,0.0,0.01090909090909091,0.01818181818181818,0.025454545454545455,0.02909090909090909,0.02909090909090909,0.02181818181818182,0.0036363636363636364,0.0,0.0,0.0,0.0
51,0.0,0.04405286343612335,0.048458149779735685,0.07488986784140969,0.08370044052863436,0.048458149779735685,0.07929515418502203,0.022026431718061675,0.048458149779735685,0.02643171806167401,0.0,0.0,0.004405286343612335,0.022026431718061675,0.039647577092511016,0.00881057268722467,0.039647577092511016,0.022026431718061675,0.01762114537444934,0.022026431718061675,0.13656387665198239,0.022026431718061675,0.04405286343612335,0.004405286343612335,0.0,0.030837004405286344,0.04405286343612335,0.01762114537444934,0.013215859030837005,0.004405286343612335,0.004405286343612335,0.004405286343612335,0.00881057268722467,0.00881057268722467,0.004405286343612335,0.0,0.0,0.0,0.0
52,0.004464285714285714,0.03571428571428571,0.026785714285714284,0.049107142857142856,0.03125,0.017857142857142856,0.017857142857142856,0.022321428571428572,0.049107142857142856,0.049107142857142856,0.04017857142857143,0.026785714285714284,0.03125,0.022321428571428572,0.022321428571428572,0.022321428571428572,0.013392857142857142,0.017857142857142856,0.026785714285714284,0.017857142857142856,0.013392857142857142,0.022321428571428572,0.008928571428571428,0.013392857142857142,0.017857142857142856,0.0625,0.03571428571428571,0.03571428571428571,0.03571428571428571,0.022321428571428572,0.04017857142857143,0.05357142857142857,0.044642857142857144,0.049107142857142856,0.0,0.0,0.0,0.0,0.0
53,0.0,0.0,0.005235602094240838,0.0,0.005235602094240838,0.0,0.0,0.0,0.010471204188481676,0.07853403141361257,0.005235602094240838,0.005235602094240838,0.0,0.0,0.0,0.0,0.0,0.0,0.005235602094240838,0.041884816753926704,0.02617801047120419,0.38219895287958117,0.10471204188481675,0.005235602094240838,0.005235602094240838,0.005235602094240838,0.010471204188481676,0.010471204188481676,0.0,0.0,0.041884816753926704,0.010471204188481676,0.010471204188481676,0.1518324607329843,0.07853403141361257,0.0,0.0,0.0,0.0
54,0.0,0.0,0.18947368421052632,0.02631578947368421,0.16842105263157894,0.010526315789473684,0.1736842105263158,0.010526315789473684,0.005263157894736842,0.19473684210526315,0.0,0.005263157894736842,0.005263157894736842,0.010526315789473684,0.03684210526315789,0.010526315789473684,0.08947368421052632,0.005263157894736842,0.0,0.0,0.0,0.0,0.0,0.005263157894736842,0.005263157894736842,0.005263157894736842,0.010526315789473684,0.005263157894736842,0.005263157894736842,0.0,0.005263157894736842,0.015789473684210527,0.0,0.0,0.0,0.0,0.0,0.0,0.0
55,0.010948905109489052,0.01824817518248175,0.0072992700729927005,0.014598540145985401,0.043795620437956206,0.058394160583941604,0.0364963503649635,0.0,0.01824817518248175,0.0072992700729927005,0.0072992700729927005,0.0,0.0,0.029197080291970802,0.01824817518248175,0.010948905109489052,0.0072992700729927005,0.072992700729927,0.021897810218978103,0.0036496350364963502,0.0036496350364963502,0.11313868613138686,0.0,0.025547445255474453,0.058394160583941604,0.06569343065693431,0.0364963503649635,0.058394160583941604,0.15693430656934307,0.032846715328467155,0.0072992700729927005,0.0036496350364963502,0.010948905109489052,0.029197080291970802,0.0,0.0,0.0036496350364963502,0.0072992700729927005,0.0
56,0.0,0.0,0.0,0.0053475935828877,0.0053475935828877,0.0,0.0053475935828877,0.0213903743315508,0.0053475935828877,0.0,0.0,0.0,0.0,0.0,0.0053475935828877,0.0,0.0,0.026737967914438502,0.0213903743315508,0.016042780748663103,0.03208556149732621,0.0748663101604278,0.0427807486631016,0.053475935828877004,0.0855614973262032,0.016042780748663103,0.016042780748663103,0.026737967914438502,0.0427807486631016,0.026737967914438502,0.053475935828877004,0.058823529411764705,0.1443850267379679,0.19786096256684493,0.016042780748663103,0.0,0.0,0.0,0.0
57,0.0,0.005291005291005291,0.005291005291005291,0.010582010582010581,0.005291005291005291,0.005291005291005291,0.0,0.015873015873015872,0.010582010582010581,0.005291005291005291,0.0,0.0,0.0,0.005291005291005291,0.005291005291005291,0.0,0.005291005291005291,0.010582010582010581,0.005291005291005291,0.0,0.015873015873015872,0.0,0.0,0.0,0.0,0.0,0.005291005291005291,0.005291005291005291,0.005291005291005291,0.010582010582010581,0.8095238095238095,0.031746031746031744,0.015873015873015872,0.0,0.005291005291005291,0.0,0.0,0.0,0.0
58,0.005291005291005291,0.0,0.0,0.0,0.010582010582010581,0.005291005291005291,0.0,0.005291005291005291,0.0,0.05291005291005291,0.005291005291005291,0.0,0.0,0.005291005291005291,0.015873015873015872,0.015873015873015872,0.005291005291005291,0.0,0.0,0.0,0.005291005291005291,0.0,0.005291005291005291,0.0,0.0,0.010582010582010581,0.005291005291005291,0.7883597883597884,0.026455026455026454,0.010582010582010581,0.005291005291005291,0.005291005291005291,0.005291005291005291,0.005291005291005291,0.0,0.0,0.0,0.0,0.0
59,0.0,0.04390243902439024,0.004878048780487805,0.04878048780487805,0.03414634146341464,0.0,0.03902439024390244,0.004878048780487805,0.09268292682926829,0.12195121951219512,0.0,0.0,0.0,0.004878048780487805,0.12682926829268293,0.004878048780487805,0.00975609756097561,0.024390243902439025,0.0,0.15609756097560976,0.004878048780487805,0.01951219512195122,0.014634146341463415,0.0,0.004878048780487805,0.004878048780487805,0.04390243902439024,0.06829268292682927,0.004878048780487805,0.0,0.004878048780487805,0.04390243902439024,0.03414634146341464,0.02926829268292683,0.0,0.0,0.004878048780487805,0.0,0.0
60,0.0,0.03418803418803419,0.004273504273504274,0.05982905982905983,0.004273504273504274,0.11965811965811966,0.008547008547008548,0.008547008547008548,0.008547008547008548,0.05555555555555555,0.1111111111111111,0.0,0.004273504273504274,0.004273504273504274,0.004273504273504274,0.004273504273504274,0.004273504273504274,0.07264957264957266,0.017094017094017096,0.008547008547008548,0.0,0.03418803418803419,0.03418803418803419,0.01282051282051282,0.021367521367521368,0.01282051282051282,0.0,0.0,0.008547008547008548,0.02564102564102564,0.1581196581196581,0.008547008547008548,0.008547008547008548,0.08974358974358974,0.04700854700854701,0.0,0.0,0.004273504273504274,0.0
61,0.01060070671378092,0.0353356890459364,0.0176678445229682,0.03180212014134275,0.05653710247349823,0.03180212014134275,0.024734982332155476,0.028268551236749116,0.06007067137809187,0.06007067137809187,0.053003533568904596,0.007067137809187279,0.007067137809187279,0.0176678445229682,0.0035335689045936395,0.01060070671378092,0.01060070671378092,0.0035335689045936395,0.12014134275618374,0.0035335689045936395,0.03180212014134275,0.028268551236749116,0.07773851590106007,0.0176678445229682,0.0035335689045936395,0.014134275618374558,0.0035335689045936395,0.007067137809187279,0.0353356890459364,0.03180212014134275,0.0176678445229682,0.01060070671378092,0.02120141342756184,0.0636042402826855,0.0353356890459364,0.0,0.0,0.007067137809187279,0.0
62,0.0,0.011904761904761904,0.005952380952380952,0.15476190476190477,0.023809523809523808,0.017857142857142856,0.011904761904761904,0.047619047619047616,0.0,0.125,0.03571428571428571,0.03571428571428571,0.005952380952380952,0.0,0.0,0.005952380952380952,0.005952380952380952,0.0,0.005952380952380952,0.05952380952380952,0.0,0.011904761904761904,0.03571428571428571,0.0,0.0,0.023809523809523808,0.05357142857142857,0.011904761904761904,0.07738095238095238,0.0,0.011904761904761904,0.06547619047619048,0.041666666666666664,0.011904761904761904,0.10119047619047619,0.0,0.0,0.0,0.0
63,0.0,0.16535433070866143,0.01968503937007874,0.027559055118110236,0.08267716535433071,0.09448818897637795,0.08661417322834646,0.047244094488188976,0.03937007874015748,0.031496062992125984,0.07086614173228346,0.0,0.007874015748031496,0.03937007874015748,0.023622047244094488,0.0,0.027559055118110236,0.07874015748031496,0.003937007874015748,0.015748031496062992,0.007874015748031496,0.015748031496062992,0.0,0.007874015748031496,0.03937007874015748,0.007874015748031496,0.015748031496062992,0.0,0.003937007874015748,0.0,0.015748031496062992,0.015748031496062992,0.0,0.007874015748031496,0.0,0.0,0.0,0.0,0.0
64,0.0,0.031914893617021274,0.005319148936170213,0.03723404255319149,0.010638297872340425,0.031914893617021274,0.0,0.0425531914893617,0.010638297872340425,0.047872340425531915,0.0,0.0,0.05319148936170213,0.0425531914893617,0.03723404255319149,0.0,0.02127659574468085,0.02127659574468085,0.03723404255319149,0.005319148936170213,0.026595744680851064,0.015957446808510637,0.010638297872340425,0.09042553191489362,0.026595744680851064,0.015957446808510637,0.010638297872340425,0.02127659574468085,0.0,0.010638297872340425,0.06382978723404255,0.14893617021276595,0.0851063829787234,0.026595744680851064,0.005319148936170213,0.0,0.005319148936170213,0.0,0.0
65,0.0,0.030927835051546393,0.010309278350515464,0.041237113402061855,0.005154639175257732,0.030927835051546393,0.061855670103092786,0.0,0.015463917525773196,0.02577319587628866,0.005154639175257732,0.005154639175257732,0.010309278350515464,0.020618556701030927,0.0,0.015463917525773196,0.005154639175257732,0.010309278350515464,0.010309278350515464,0.04639175257731959,0.02577319587628866,0.15979381443298968,0.02577319587628866,0.0,0.010309278350515464,0.015463917525773196,0.030927835051546393,0.010309278350515464,0.08247422680412371,0.015463917525773196,0.11855670103092783,0.0,0.05670103092783505,0.09278350515463918,0.005154639175257732,0.0,0.0,0.0,0.0
66,0.0,0.0,0.043209876543209874,0.018518518518518517,0.0,0.0,0.006172839506172839,0.0,0.0,0.006172839506172839,0.0,0.0,0.043209876543209874,0.0,0.037037037037037035,0.10493827160493827,0.0,0.012345679012345678,0.2037037037037037,0.16049382716049382,0.1419753086419753,0.006172839506172839,0.0,0.0,0.037037037037037035,0.043209876543209874,0.030864197530864196,0.030864197530864196,0.06172839506172839,0.0,0.012345679012345678,0.0,0.0,0.0,0.0,0.0,0.0,0.0,0.0
67,0.0045045045045045045,0.009009009009009009,0.03153153153153153,0.06306306306306306,0.05855855855855856,0.0045045045045045045,0.0,0.06756756756756757,0.04054054054054054,0.06756756756756757,0.0045045045045045045,0.018018018018018018,0.0,0.0045045045045045045,0.05405405405405406,0.036036036036036036,0.04954954954954955,0.02702702702702703,0.009009009009009009,0.04054054054054054,0.03153153153153153,0.04054054054054054,0.009009009009009009,0.009009009009009009,0.036036036036036036,0.018018018018018018,0.04954954954954955,0.03153153153153153,0.04954954954954955,0.013513513513513514,0.0045045045045045045,0.09009009009009009,0.013513513513513514,0.013513513513513514,0.0,0.0,0.0,0.0,0.0
68,0.0,0.0,0.0,0.0,0.0,0.0,0.007194244604316547,0.0,0.0,0.007194244604316547,0.0,0.9496402877697842,0.0,0.007194244604316547,0.007194244604316547,0.0,0.0,0.0,0.0,0.0,0.007194244604316547,0.0,0.0,0.0,0.007194244604316547,0.007194244604316547,0.0,0.0,0.0,0.0,0.0,0.0,0.0,0.0,0.0,0.0,0.0,0.0,0.0
69,0.0,0.0,0.006896551724137931,0.020689655172413793,0.027586206896551724,0.0,0.0,0.0,0.0,0.0,0.0,0.0,0.0,0.006896551724137931,0.0,0.006896551724137931,0.0,0.0,0.0,0.0,0.0,0.7103448275862069,0.027586206896551724,0.006896551724137931,0.006896551724137931,0.0,0.0,0.013793103448275862,0.08275862068965517,0.0,0.0,0.0,0.0,0.08275862068965517,0.0,0.0,0.0,0.0,0.0
70,0.0,0.0,0.0,0.006535947712418301,0.006535947712418301,0.0,0.0,0.0,0.013071895424836602,0.006535947712418301,0.0,0.0,0.058823529411764705,0.0,0.0196078431372549,0.0457516339869281,0.0392156862745098,0.0,0.006535947712418301,0.0,0.006535947712418301,0.673202614379085,0.026143790849673203,0.0,0.0196078431372549,0.0,0.0196078431372549,0.013071895424836602,0.0,0.0,0.0,0.006535947712418301,0.0196078431372549,0.013071895424836602,0.0,0.0,0.0,0.0,0.0
71,0.0,0.060810810810810814,0.0,0.0,0.05405405405405406,0.05405405405405406,0.06756756756756757,0.17567567567567569,0.0,0.006756756756756757,0.0945945945945946,0.006756756756756757,0.0,0.0,0.0,0.0,0.06756756756756757,0.1554054054054054,0.0472972972972973,0.0,0.0,0.0,0.04054054054054054,0.0,0.05405405405405406,0.07432432432432433,0.0,0.006756756756756757,0.02027027027027027,0.006756756756756757,0.0,0.006756756756756757,0.0,0.0,0.0,0.0,0.0,0.0,0.0
72,0.2254335260115607,0.20809248554913296,0.017341040462427744,0.017341040462427744,0.2023121387283237,0.005780346820809248,0.005780346820809248,0.005780346820809248,0.0,0.011560693641618497,0.011560693641618497,0.0,0.0,0.017341040462427744,0.011560693641618497,0.017341040462427744,0.005780346820809248,0.046242774566473986,0.017341040462427744,0.0,0.0,0.017341040462427744,0.005780346820809248,0.005780346820809248,0.0,0.0,0.017341040462427744,0.0,0.06936416184971098,0.0,0.005780346820809248,0.0,0.03468208092485549,0.017341040462427744,0.0,0.0,0.0,0.0,0.0
73,0.057803468208092484,0.023121387283236993,0.005780346820809248,0.023121387283236993,0.017341040462427744,0.07514450867052024,0.15606936416184972,0.005780346820809248,0.011560693641618497,0.011560693641618497,0.017341040462427744,0.0,0.08092485549132948,0.03468208092485549,0.0,0.005780346820809248,0.005780346820809248,0.011560693641618497,0.028901734104046242,0.0,0.011560693641618497,0.023121387283236993,0.017341040462427744,0.023121387283236993,0.011560693641618497,0.15028901734104047,0.05202312138728324,0.023121387283236993,0.017341040462427744,0.023121387283236993,0.005780346820809248,0.0,0.011560693641618497,0.04046242774566474,0.005780346820809248,0.0,0.005780346820809248,0.005780346820809248,0.0
74,0.0,0.007042253521126761,0.014084507042253521,0.007042253521126761,0.02112676056338028,0.007042253521126761,0.0,0.0,0.0,0.0,0.0,0.0,0.007042253521126761,0.014084507042253521,0.014084507042253521,0.0,0.007042253521126761,0.02112676056338028,0.014084507042253521,0.0,0.007042253521126761,0.0,0.04225352112676056,0.007042253521126761,0.0,0.06338028169014084,0.04225352112676056,0.007042253521126761,0.0,0.0,0.4647887323943662,0.2112676056338028,0.007042253521126761,0.014084507042253521,0.0,0.0,0.0,0.0,0.0
75,0.005988023952095809,0.029940119760479042,0.017964071856287425,0.005988023952095809,0.0,0.0,0.005988023952095809,0.023952095808383235,0.041916167664670656,0.0,0.0,0.20359281437125748,0.011976047904191617,0.005988023952095809,0.0,0.0,0.0,0.0,0.0,0.0,0.005988023952095809,0.10179640718562874,0.017964071856287425,0.31137724550898205,0.0,0.08982035928143713,0.0,0.09580838323353294,0.005988023952095809,0.011976047904191617,0.0,0.0,0.0,0.005988023952095809,0.0,0.0,0.0,0.0,0.0
76,0.031746031746031744,0.010582010582010581,0.0,0.06349206349206349,0.07407407407407407,0.010582010582010581,0.047619047619047616,0.0,0.047619047619047616,0.06878306878306878,0.005291005291005291,0.0,0.031746031746031744,0.037037037037037035,0.021164021164021163,0.037037037037037035,0.047619047619047616,0.005291005291005291,0.07936507936507936,0.0,0.0,0.026455026455026454,0.031746031746031744,0.005291005291005291,0.031746031746031744,0.06878306878306878,0.0,0.010582010582010581,0.010582010582010581,0.042328042328042326,0.06878306878306878,0.037037037037037035,0.0,0.042328042328042326,0.005291005291005291,0.0,0.0,0.0,0.0
77,0.0,0.0,0.0125,0.00625,0.00625,0.0,0.0125,0.0,0.01875,0.01875,0.00625,0.0,0.00625,0.0,0.0,0.0,0.0125,0.00625,0.0,0.00625,0.0,0.00625,0.0,0.0,0.03125,0.7125,0.0875,0.01875,0.00625,0.0,0.0,0.00625,0.0,0.0125,0.00625,0.0,0.0,0.0,0.0
78,0.0,0.0,0.0,0.0,0.0,0.0,0.007246376811594203,0.007246376811594203,0.0,0.0,0.32608695652173914,0.0,0.0,0.0,0.0,0.0,0.0,0.0,0.0,0.0,0.0,0.0,0.6521739130434783,0.007246376811594203,0.0,0.0,0.0,0.0,0.0,0.0,0.0,0.0,0.0,0.0,0.0,0.0,0.0,0.0,0.0
79,0.0,0.02142857142857143,0.014285714285714285,0.03571428571428571,0.014285714285714285,0.0,0.014285714285714285,0.21428571428571427,0.02142857142857143,0.02857142857142857,0.007142857142857143,0.007142857142857143,0.0,0.0,0.0,0.0,0.007142857142857143,0.0,0.05,0.0,0.007142857142857143,0.12142857142857143,0.02142857142857143,0.0,0.014285714285714285,0.007142857142857143,0.04285714285714286,0.014285714285714285,0.0,0.0,0.0,0.007142857142857143,0.0,0.32142857142857145,0.0,0.0,0.0,0.0,0.007142857142857143
80,0.0,0.0,0.05263157894736842,0.007518796992481203,0.007518796992481203,0.015037593984962405,0.0,0.007518796992481203,0.015037593984962405,0.11278195488721804,0.08270676691729323,0.0,0.0,0.0,0.03007518796992481,0.022556390977443608,0.08270676691729323,0.03007518796992481,0.03759398496240601,0.007518796992481203,0.07518796992481203,0.0,0.0,0.0,0.06015037593984962,0.0,0.015037593984962405,0.06766917293233082,0.0,0.007518796992481203,0.0,0.15789473684210525,0.045112781954887216,0.06015037593984962,0.0,0.0,0.0,0.0,0.0
81,0.0,0.0,0.0,0.005494505494505495,0.0,0.0,0.01098901098901099,0.005494505494505495,0.0,0.005494505494505495,0.0,0.0,0.0,0.0,0.0,0.0,0.0,0.005494505494505495,0.0,0.0,0.0,0.005494505494505495,0.9175824175824175,0.005494505494505495,0.0,0.005494505494505495,0.016483516483516484,0.0,0.005494505494505495,0.0,0.005494505494505495,0.005494505494505495,0.0,0.0,0.0,0.0,0.0,0.0,0.0
82,0.0,0.020134228187919462,0.006711409395973154,0.026845637583892617,0.006711409395973154,0.006711409395973154,0.006711409395973154,0.0,0.0,0.006711409395973154,0.013422818791946308,0.0,0.087248322147651,0.0,0.0,0.006711409395973154,0.006711409395973154,0.013422818791946308,0.006711409395973154,0.006711409395973154,0.0,0.006711409395973154,0.006711409395973154,0.0,0.013422818791946308,0.026845637583892617,0.006711409395973154,0.020134228187919462,0.006711409395973154,0.006711409395973154,0.0,0.0,0.006711409395973154,0.5436241610738255,0.1342281879194631,0.0,0.0,0.0,0.0
83,0.0,0.08904109589041095,0.0136986301369863,0.02054794520547945,0.0,0.0,0.0136986301369863,0.0136986301369863,0.00684931506849315,0.0136986301369863,0.0,0.0,0.0,0.00684931506849315,0.0,0.0136986301369863,0.0,0.0,0.0273972602739726,0.03424657534246575,0.0273972602739726,0.0,0.00684931506849315,0.0,0.02054794520547945,0.547945205479452,0.0958904109589041,0.0410958904109589,0.0,0.0,0.0,0.00684931506849315,0.0,0.0,0.0,0.0,0.0,0.0,0.0
84,0.0,0.024691358024691357,0.006172839506172839,0.2777777777777778,0.09876543209876543,0.018518518518518517,0.0,0.043209876543209874,0.024691358024691357,0.024691358024691357,0.0,0.006172839506172839,0.006172839506172839,0.018518518518518517,0.006172839506172839,0.006172839506172839,0.018518518518518517,0.06172839506172839,0.006172839506172839,0.006172839506172839,0.006172839506172839,0.05555555555555555,0.018518518518518517,0.037037037037037035,0.043209876543209874,0.0,0.0,0.006172839506172839,0.012345679012345678,0.09876543209876543,0.037037037037037035,0.018518518518518517,0.006172839506172839,0.006172839506172839,0.0,0.0,0.0,0.0,0.0
85,0.0,0.012121212121212121,0.030303030303030304,0.04242424242424243,0.048484848484848485,0.06060606060606061,0.06666666666666667,0.0,0.024242424242424242,0.06666666666666667,0.012121212121212121,0.01818181818181818,0.006060606060606061,0.030303030303030304,0.0,0.006060606060606061,0.012121212121212121,0.048484848484848485,0.006060606060606061,0.01818181818181818,0.048484848484848485,0.03636363636363636,0.09090909090909091,0.012121212121212121,0.0,0.006060606060606061,0.0,0.012121212121212121,0.006060606060606061,0.006060606060606061,0.006060606060606061,0.15151515151515152,0.10909090909090909,0.006060606060606061,0.0,0.0,0.0,0.0,0.0
86,0.0,0.0375,0.2625,0.05,0.01875,0.0,0.0625,0.0375,0.04375,0.00625,0.0,0.025,0.0,0.11875,0.01875,0.09375,0.00625,0.0,0.0,0.0375,0.0375,0.00625,0.00625,0.0,0.0,0.03125,0.0125,0.0,0.0125,0.0,0.0,0.0,0.075,0.0,0.0,0.0,0.0,0.0,0.0
87,0.012738853503184714,0.03184713375796178,0.11464968152866242,0.03821656050955414,0.12738853503184713,0.044585987261146494,0.012738853503184714,0.025477707006369428,0.006369426751592357,0.0,0.0,0.0,0.006369426751592357,0.03821656050955414,0.10191082802547771,0.0,0.24203821656050956,0.012738853503184714,0.0,0.05732484076433121,0.0,0.006369426751592357,0.006369426751592357,0.0,0.0,0.03821656050955414,0.006369426751592357,0.01910828025477707,0.01910828025477707,0.01910828025477707,0.0,0.0,0.0,0.006369426751592357,0.006369426751592357,0.0,0.0,0.0,0.0
88,0.0,0.0,0.0,0.09375,0.0,0.0,0.0,0.0,0.0,0.0,0.0,0.0,0.0,0.0,0.0,0.0,0.0,0.0,0.0,0.0,0.0,0.0,0.0078125,0.0,0.0,0.0,0.015625,0.015625,0.0,0.0,0.015625,0.0,0.0078125,0.84375,0.0,0.0,0.0,0.0,0.0
89,0.0,0.0,0.012422360248447204,0.006211180124223602,0.09316770186335403,0.0,0.024844720496894408,0.018633540372670808,0.012422360248447204,0.0,0.0,0.0,0.0,0.0,0.0,0.38509316770186336,0.006211180124223602,0.07453416149068323,0.006211180124223602,0.012422360248447204,0.006211180124223602,0.0,0.0,0.0,0.0,0.006211180124223602,0.037267080745341616,0.09937888198757763,0.18633540372670807,0.012422360248447204,0.0,0.0,0.0,0.0,0.0,0.0,0.0,0.0,0.0
90,0.017341040462427744,0.057803468208092484,0.005780346820809248,0.005780346820809248,0.06936416184971098,0.0,0.05202312138728324,0.005780346820809248,0.023121387283236993,0.06358381502890173,0.04046242774566474,0.0,0.10404624277456648,0.03468208092485549,0.005780346820809248,0.017341040462427744,0.0,0.005780346820809248,0.11560693641618497,0.0,0.017341040462427744,0.05202312138728324,0.005780346820809248,0.0,0.005780346820809248,0.1676300578034682,0.0,0.0,0.03468208092485549,0.0,0.04046242774566474,0.0,0.0,0.046242774566473986,0.0,0.0,0.0,0.005780346820809248,0.0
91,0.0,0.0,0.0,0.038461538461538464,0.0,0.0,0.007692307692307693,0.007692307692307693,0.0,0.0,0.007692307692307693,0.0,0.015384615384615385,0.007692307692307693,0.0,0.007692307692307693,0.0,0.0,0.7076923076923077,0.0,0.007692307692307693,0.06153846153846154,0.0,0.0,0.06153846153846154,0.015384615384615385,0.0,0.007692307692307693,0.015384615384615385,0.023076923076923078,0.007692307692307693,0.0,0.0,0.0,0.0,0.0,0.0,0.0,0.0
92,0.0,0.33519553072625696,0.1005586592178771,0.0223463687150838,0.00558659217877095,0.0,0.0335195530726257,0.00558659217877095,0.0,0.01675977653631285,0.0,0.0,0.0,0.0782122905027933,0.061452513966480445,0.00558659217877095,0.0223463687150838,0.0,0.0111731843575419,0.00558659217877095,0.0,0.0335195530726257,0.0,0.0446927374301676,0.0,0.10614525139664804,0.00558659217877095,0.0111731843575419,0.00558659217877095,0.00558659217877095,0.00558659217877095,0.05027932960893855,0.00558659217877095,0.0111731843575419,0.0111731843575419,0.0,0.0,0.0,0.0
93,0.0,0.0,0.0,0.0,0.0,0.0,0.008130081300813009,0.0,0.008130081300813009,0.024390243902439025,0.04878048780487805,0.008130081300813009,0.016260162601626018,0.056910569105691054,0.07317073170731707,0.06504065040650407,0.056910569105691054,0.07317073170731707,0.07317073170731707,0.024390243902439025,0.024390243902439025,0.056910569105691054,0.032520325203252036,0.008130081300813009,0.032520325203252036,0.032520325203252036,0.04878048780487805,0.016260162601626018,0.08943089430894309,0.04065040650406504,0.032520325203252036,0.0,0.024390243902439025,0.024390243902439025,0.0,0.0,0.0,0.0,0.0
94,0.0,0.0,0.0,0.0,0.0,0.0,0.0078125,0.0078125,0.0,0.0078125,0.234375,0.0390625,0.015625,0.03125,0.0,0.0,0.0390625,0.015625,0.0078125,0.0,0.03125,0.015625,0.1796875,0.09375,0.109375,0.0390625,0.0,0.015625,0.0078125,0.046875,0.046875,0.0078125,0.0,0.0,0.0,0.0,0.0,0.0,0.0
95,0.0,0.0,0.0,0.0,0.0,0.0,0.00819672131147541,0.0,0.0,0.0,0.0,0.0,0.0,0.0,0.0,0.0,0.0,0.02459016393442623,0.03278688524590164,0.02459016393442623,0.06557377049180328,0.08196721311475409,0.03278688524590164,0.01639344262295082,0.05737704918032787,0.1721311475409836,0.040983606557377046,0.06557377049180328,0.09836065573770492,0.07377049180327869,0.04918032786885246,0.05737704918032787,0.040983606557377046,0.040983606557377046,0.01639344262295082,0.0,0.0,0.0,0.0
96,0.0,0.0,0.0,0.02097902097902098,0.027972027972027972,0.027972027972027972,0.03496503496503497,0.0,0.04195804195804196,0.006993006993006993,0.006993006993006993,0.0,0.0,0.03496503496503497,0.04195804195804196,0.006993006993006993,0.02097902097902098,0.0,0.0,0.08391608391608392,0.09090909090909091,0.07692307692307693,0.11888111888111888,0.027972027972027972,0.0,0.0,0.006993006993006993,0.07692307692307693,0.04895104895104895,0.04895104895104895,0.0,0.006993006993006993,0.09090909090909091,0.04895104895104895,0.0,0.0,0.0,0.0,0.0
97,0.0,0.20689655172413793,0.06896551724137931,0.006896551724137931,0.0,0.020689655172413793,0.006896551724137931,0.0,0.013793103448275862,0.0,0.013793103448275862,0.0,0.006896551724137931,0.13793103448275862,0.0,0.0,0.0,0.020689655172413793,0.013793103448275862,0.0,0.020689655172413793,0.0,0.013793103448275862,0.006896551724137931,0.21379310344827587,0.1793103448275862,0.006896551724137931,0.020689655172413793,0.006896551724137931,0.0,0.006896551724137931,0.0,0.006896551724137931,0.0,0.0,0.0,0.0,0.0,0.0
98,0.007751937984496124,0.015503875968992248,0.06976744186046512,0.007751937984496124,0.06201550387596899,0.007751937984496124,0.0,0.0,0.007751937984496124,0.015503875968992248,0.0,0.0,0.0,0.0,0.6589147286821705,0.0,0.007751937984496124,0.015503875968992248,0.015503875968992248,0.007751937984496124,0.0,0.015503875968992248,0.007751937984496124,0.0,0.0,0.0,0.015503875968992248,0.007751937984496124,0.007751937984496124,0.0,0.023255813953488372,0.007751937984496124,0.007751937984496124,0.007751937984496124,0.0,0.0,0.0,0.0,0.0
99,0.005154639175257732,0.0,0.005154639175257732,0.010309278350515464,0.005154639175257732,0.015463917525773196,0.02577319587628866,0.0,0.020618556701030927,0.29381443298969073,0.015463917525773196,0.030927835051546393,0.005154639175257732,0.005154639175257732,0.005154639175257732,0.005154639175257732,0.020618556701030927,0.005154639175257732,0.010309278350515464,0.015463917525773196,0.03608247422680412,0.05154639175257732,0.18041237113402062,0.041237113402061855,0.015463917525773196,0.0,0.010309278350515464,0.015463917525773196,0.0,0.0,0.010309278350515464,0.02577319587628866,0.03608247422680412,0.015463917525773196,0.020618556701030927,0.041237113402061855,0.0,0.0,0.0
100,0.0,0.005747126436781609,0.017241379310344827,0.0,0.15517241379310345,0.0,0.0,0.017241379310344827,0.011494252873563218,0.0,0.005747126436781609,0.0,0.0,0.005747126436781609,0.022988505747126436,0.06896551724137931,0.040229885057471264,0.017241379310344827,0.0,0.011494252873563218,0.005747126436781609,0.0,0.017241379310344827,0.005747126436781609,0.005747126436781609,0.05747126436781609,0.011494252873563218,0.0,0.4425287356321839,0.022988505747126436,0.005747126436781609,0.005747126436781609,0.011494252873563218,0.022988505747126436,0.005747126436781609,0.0,0.0,0.0,0.0
101,0.0,0.19327731092436976,0.03361344537815126,0.025210084033613446,0.0,0.0,0.06722689075630252,0.0,0.008403361344537815,0.15966386554621848,0.0,0.01680672268907563,0.0,0.06722689075630252,0.05042016806722689,0.0,0.008403361344537815,0.008403361344537815,0.01680672268907563,0.008403361344537815,0.0,0.0,0.008403361344537815,0.0,0.008403361344537815,0.058823529411764705,0.03361344537815126,0.07563025210084033,0.09243697478991597,0.03361344537815126,0.01680672268907563,0.0,0.0,0.008403361344537815,0.0,0.0,0.0,0.0,0.0
102,0.0,0.0,0.0,0.008333333333333333,0.016666666666666666,0.008333333333333333,0.0,0.0,0.008333333333333333,0.0,0.0,0.0,0.0,0.016666666666666666,0.0,0.0,0.0,0.0,0.0,0.008333333333333333,0.0,0.008333333333333333,0.0,0.0,0.008333333333333333,0.008333333333333333,0.008333333333333333,0.0,0.0,0.0,0.0,0.8916666666666667,0.008333333333333333,0.0,0.0,0.0,0.0,0.0,0.0
103,0.0,0.008547008547008548,0.2564102564102564,0.1623931623931624,0.0,0.008547008547008548,0.0,0.10256410256410256,0.017094017094017096,0.0,0.0,0.0,0.0,0.3162393162393162,0.0,0.008547008547008548,0.017094017094017096,0.0,0.0,0.02564102564102564,0.017094017094017096,0.008547008547008548,0.0,0.0,0.0,0.0,0.008547008547008548,0.017094017094017096,0.0,0.0,0.008547008547008548,0.0,0.0,0.017094017094017096,0.0,0.0,0.0,0.0,0.0
104,0.0,0.05263157894736842,0.007518796992481203,0.007518796992481203,0.007518796992481203,0.015037593984962405,0.0,0.631578947368421,0.007518796992481203,0.007518796992481203,0.07518796992481203,0.0,0.0,0.015037593984962405,0.05263157894736842,0.0,0.007518796992481203,0.015037593984962405,0.0,0.0,0.022556390977443608,0.0,0.007518796992481203,0.015037593984962405,0.0,0.007518796992481203,0.0,0.0,0.007518796992481203,0.0,0.015037593984962405,0.007518796992481203,0.007518796992481203,0.0,0.007518796992481203,0.0,0.0,0.0,0.0
105,0.0,0.006578947368421052,0.006578947368421052,0.013157894736842105,0.006578947368421052,0.013157894736842105,0.006578947368421052,0.0,0.046052631578947366,0.039473684210526314,0.013157894736842105,0.013157894736842105,0.019736842105263157,0.046052631578947366,0.05921052631578947,0.013157894736842105,0.039473684210526314,0.03289473684210526,0.039473684210526314,0.05263157894736842,0.05921052631578947,0.046052631578947366,0.013157894736842105,0.0,0.02631578947368421,0.006578947368421052,0.08552631578947369,0.05921052631578947,0.06578947368421052,0.02631578947368421,0.039473684210526314,0.03289473684210526,0.013157894736842105,0.046052631578947366,0.013157894736842105,0.0,0.0,0.0,0.0
106,0.011695906432748537,0.011695906432748537,0.029239766081871343,0.04678362573099415,0.023391812865497075,0.04093567251461988,0.09941520467836257,0.04093567251461988,0.017543859649122806,0.011695906432748537,0.011695906432748537,0.011695906432748537,0.017543859649122806,0.023391812865497075,0.005847953216374269,0.017543859649122806,0.023391812865497075,0.07017543859649122,0.03508771929824561,0.04093567251461988,0.03508771929824561,0.14035087719298245,0.023391812865497075,0.011695906432748537,0.011695906432748537,0.03508771929824561,0.029239766081871343,0.005847953216374269,0.017543859649122806,0.005847953216374269,0.011695906432748537,0.05263157894736842,0.005847953216374269,0.023391812865497075,0.0,0.0,0.0,0.0,0.0
107,0.0,0.0,0.049586776859504134,0.6694214876033058,0.008264462809917356,0.0,0.0,0.01652892561983471,0.0,0.0,0.0,0.0,0.01652892561983471,0.0,0.0,0.008264462809917356,0.0,0.03305785123966942,0.01652892561983471,0.008264462809917356,0.008264462809917356,0.0,0.03305785123966942,0.008264462809917356,0.0,0.008264462809917356,0.008264462809917356,0.024793388429752067,0.0,0.08264462809917356,0.0,0.0,0.0,0.0,0.0,0.0,0.0,0.0,0.0
108,0.00641025641025641,0.05128205128205128,0.02564102564102564,0.0641025641025641,0.02564102564102564,0.0641025641025641,0.04487179487179487,0.038461538461538464,0.01282051282051282,0.019230769230769232,0.038461538461538464,0.00641025641025641,0.019230769230769232,0.02564102564102564,0.02564102564102564,0.02564102564102564,0.0,0.04487179487179487,0.01282051282051282,0.00641025641025641,0.04487179487179487,0.05128205128205128,0.038461538461538464,0.019230769230769232,0.02564102564102564,0.02564102564102564,0.07692307692307693,0.01282051282051282,0.03205128205128205,0.04487179487179487,0.02564102564102564,0.00641025641025641,0.01282051282051282,0.01282051282051282,0.01282051282051282,0.0,0.0,0.0,0.0
109,0.03608247422680412,0.04639175257731959,0.041237113402061855,0.010309278350515464,0.13402061855670103,0.10309278350515463,0.04639175257731959,0.015463917525773196,0.0,0.03608247422680412,0.0,0.020618556701030927,0.015463917525773196,0.015463917525773196,0.005154639175257732,0.0,0.010309278350515464,0.05670103092783505,0.015463917525773196,0.015463917525773196,0.010309278350515464,0.010309278350515464,0.020618556701030927,0.010309278350515464,0.005154639175257732,0.03608247422680412,0.0,0.015463917525773196,0.020618556701030927,0.05154639175257732,0.14948453608247422,0.010309278350515464,0.010309278350515464,0.015463917525773196,0.005154639175257732,0.005154639175257732,0.0,0.0,0.0
110,0.0,0.0,0.017241379310344827,0.4827586206896552,0.3879310344827586,0.0,0.0,0.0,0.008620689655172414,0.0,0.0,0.0,0.0,0.04310344827586207,0.0,0.0,0.0,0.0,0.0,0.0,0.0,0.0,0.0,0.0,0.0,0.0,0.0,0.02586206896551724,0.008620689655172414,0.008620689655172414,0.0,0.0,0.0,0.0,0.017241379310344827,0.0,0.0,0.0,0.0
111,0.027149321266968326,0.013574660633484163,0.14027149321266968,0.10407239819004525,0.01809954751131222,0.004524886877828055,0.01809954751131222,0.0,0.004524886877828055,0.013574660633484163,0.004524886877828055,0.0,0.004524886877828055,0.11764705882352941,0.11312217194570136,0.03167420814479638,0.00904977375565611,0.004524886877828055,0.013574660633484163,0.0,0.0,0.004524886877828055,0.013574660633484163,0.0,0.02262443438914027,0.01809954751131222,0.00904977375565611,0.00904977375565611,0.21266968325791855,0.02262443438914027,0.0,0.0,0.027149321266968326,0.013574660633484163,0.004524886877828055,0.0,0.0,0.0,0.0
112,0.0,0.1693548387096774,0.04838709677419355,0.0,0.008064516129032258,0.04838709677419355,0.016129032258064516,0.0,0.008064516129032258,0.08064516129032258,0.024193548387096774,0.03225806451612903,0.008064516129032258,0.0967741935483871,0.0,0.008064516129032258,0.0,0.04032258064516129,0.03225806451612903,0.008064516129032258,0.0,0.008064516129032258,0.016129032258064516,0.008064516129032258,0.016129032258064516,0.12903225806451613,0.08870967741935484,0.0,0.0,0.008064516129032258,0.024193548387096774,0.016129032258064516,0.03225806451612903,0.016129032258064516,0.008064516129032258,0.0,0.0,0.0,0.0
113,0.0,0.0,0.01639344262295082,0.0,0.0,0.0,0.0,0.0,0.0,0.0,0.0,0.00819672131147541,0.0,0.0,0.0,0.9426229508196722,0.0,0.0,0.0,0.00819672131147541,0.0,0.00819672131147541,0.0,0.0,0.0,0.00819672131147541,0.0,0.0,0.00819672131147541,0.0,0.0,0.0,0.0,0.0,0.0,0.0,0.0,0.0,0.0
114,0.0,0.0,0.0,0.0,0.0,0.009259259259259259,0.0,0.0,0.0,0.8703703703703703,0.0,0.0,0.0,0.0,0.0,0.0,0.009259259259259259,0.0,0.0,0.009259259259259259,0.0,0.0,0.0,0.0,0.0,0.0,0.009259259259259259,0.0,0.09259259259259259,0.0,0.0,0.0,0.0,0.0,0.0,0.0,0.0,0.0,0.0
115,0.0,0.04065040650406504,0.024390243902439025,0.008130081300813009,0.0,0.0,0.0,0.0,0.008130081300813009,0.016260162601626018,0.04878048780487805,0.008130081300813009,0.0,0.0,0.04065040650406504,0.008130081300813009,0.008130081300813009,0.016260162601626018,0.0,0.0,0.0,0.032520325203252036,0.04065040650406504,0.0,0.008130081300813009,0.008130081300813009,0.0,0.0,0.008130081300813009,0.44715447154471544,0.008130081300813009,0.21951219512195122,0.0,0.0,0.0,0.0,0.0,0.0,0.0
116,0.0,0.007142857142857143,0.014285714285714285,0.0,0.014285714285714285,0.007142857142857143,0.09285714285714286,0.014285714285714285,0.007142857142857143,0.08571428571428572,0.0,0.007142857142857143,0.007142857142857143,0.007142857142857143,0.0,0.014285714285714285,0.2,0.02142857142857143,0.02142857142857143,0.04285714285714286,0.08571428571428572,0.007142857142857143,0.0,0.0,0.0,0.02857142857142857,0.02142857142857143,0.007142857142857143,0.02142857142857143,0.014285714285714285,0.06428571428571428,0.1357142857142857,0.0,0.007142857142857143,0.04285714285714286,0.0,0.0,0.0,0.0
117,0.009174311926605505,0.0,0.0,0.0,0.0,0.0,0.027522935779816515,0.0,0.0,0.027522935779816515,0.0,0.0,0.0,0.0,0.7889908256880734,0.06422018348623854,0.0,0.01834862385321101,0.0,0.009174311926605505,0.0,0.0,0.0,0.0,0.009174311926605505,0.0,0.01834862385321101,0.0,0.0,0.0,0.009174311926605505,0.0,0.01834862385321101,0.0,0.0,0.0,0.0,0.0,0.0
118,0.013513513513513514,0.06756756756756757,0.05405405405405406,0.033783783783783786,0.006756756756756757,0.0,0.07432432432432433,0.05405405405405406,0.02702702702702703,0.013513513513513514,0.0,0.0,0.0,0.060810810810810814,0.006756756756756757,0.08108108108108109,0.006756756756756757,0.08108108108108109,0.14864864864864866,0.02702702702702703,0.0,0.02027027027027027,0.006756756756756757,0.0,0.013513513513513514,0.02702702702702703,0.0,0.033783783783783786,0.04054054054054054,0.0,0.033783783783783786,0.0472972972972973,0.006756756756756757,0.013513513513513514,0.0,0.0,0.0,0.0,0.0
119,0.0,0.007874015748031496,0.16535433070866143,0.023622047244094488,0.0,0.0,0.0,0.12598425196850394,0.07874015748031496,0.05511811023622047,0.023622047244094488,0.047244094488188976,0.0,0.0,0.0,0.0,0.007874015748031496,0.0,0.0,0.007874015748031496,0.0,0.05511811023622047,0.0,0.007874015748031496,0.0,0.007874015748031496,0.007874015748031496,0.007874015748031496,0.31496062992125984,0.0,0.047244094488188976,0.0,0.007874015748031496,0.0,0.0,0.0,0.0,0.0,0.0
120,0.015503875968992248,0.031007751937984496,0.015503875968992248,0.015503875968992248,0.0,0.007751937984496124,0.015503875968992248,0.09302325581395349,0.5193798449612403,0.007751937984496124,0.0,0.0,0.0,0.0,0.007751937984496124,0.0,0.007751937984496124,0.11627906976744186,0.0,0.007751937984496124,0.007751937984496124,0.007751937984496124,0.0,0.0,0.007751937984496124,0.007751937984496124,0.03875968992248062,0.0,0.0,0.03875968992248062,0.015503875968992248,0.007751937984496124,0.007751937984496124,0.0,0.0,0.0,0.0,0.0,0.0
121,0.0,0.014598540145985401,0.0,0.0072992700729927005,0.0,0.014598540145985401,0.0072992700729927005,0.0072992700729927005,0.0072992700729927005,0.014598540145985401,0.0,0.014598540145985401,0.0072992700729927005,0.0072992700729927005,0.029197080291970802,0.029197080291970802,0.0072992700729927005,0.0072992700729927005,0.0072992700729927005,0.0,0.0072992700729927005,0.11678832116788321,0.145985401459854,0.13138686131386862,0.08759124087591241,0.072992700729927,0.06569343065693431,0.072992700729927,0.014598540145985401,0.043795620437956206,0.021897810218978103,0.0,0.021897810218978103,0.014598540145985401,0.0,0.0,0.0,0.0,0.0
122,0.0,0.0625,0.0,0.0234375,0.15625,0.0546875,0.046875,0.09375,0.0,0.0,0.0078125,0.0234375,0.0078125,0.0,0.0,0.0,0.0,0.015625,0.0390625,0.015625,0.046875,0.0078125,0.0,0.0078125,0.0078125,0.015625,0.0625,0.0625,0.0078125,0.0546875,0.1015625,0.015625,0.0546875,0.0078125,0.0,0.0,0.0,0.0,0.0
123,0.0,0.009009009009009009,0.0,0.009009009009009009,0.0,0.009009009009009009,0.018018018018018018,0.04504504504504504,0.0,0.018018018018018018,0.7117117117117117,0.0,0.0,0.0,0.0,0.009009009009009009,0.0,0.0,0.0,0.009009009009009009,0.02702702702702703,0.02702702702702703,0.009009009009009009,0.0,0.0,0.018018018018018018,0.0,0.018018018018018018,0.018018018018018018,0.009009009009009009,0.018018018018018018,0.0,0.0,0.018018018018018018,0.0,0.0,0.0,0.0,0.0
124,0.0078125,0.0,0.0,0.0,0.0,0.015625,0.0234375,0.0078125,0.015625,0.0625,0.0,0.0,0.0,0.0078125,0.0,0.0625,0.015625,0.0078125,0.0078125,0.1171875,0.015625,0.0703125,0.125,0.0078125,0.0,0.0078125,0.0234375,0.0,0.0,0.2890625,0.0078125,0.03125,0.03125,0.0078125,0.0234375,0.0,0.0078125,0.0,0.0
125,0.0,0.01652892561983471,0.01652892561983471,0.008264462809917356,0.01652892561983471,0.024793388429752067,0.11570247933884298,0.0,0.0743801652892562,0.1487603305785124,0.008264462809917356,0.008264462809917356,0.008264462809917356,0.04132231404958678,0.09090909090909091,0.0,0.14049586776859505,0.0,0.024793388429752067,0.0,0.008264462809917356,0.04132231404958678,0.01652892561983471,0.0,0.05785123966942149,0.03305785123966942,0.024793388429752067,0.024793388429752067,0.01652892561983471,0.008264462809917356,0.008264462809917356,0.0,0.008264462809917356,0.008264462809917356,0.0,0.0,0.0,0.0,0.0
126,0.0,0.0,0.027777777777777776,0.0,0.0,0.0,0.018518518518518517,0.037037037037037035,0.0,0.009259259259259259,0.0,0.0,0.0,0.0,0.0,0.037037037037037035,0.009259259259259259,0.0,0.0,0.0,0.0,0.009259259259259259,0.0,0.0,0.0,0.0,0.0,0.0,0.0,0.0,0.009259259259259259,0.7962962962962963,0.0,0.046296296296296294,0.0,0.0,0.0,0.0,0.0
127,0.0,0.1941747572815534,0.23300970873786409,0.0,0.0,0.009708737864077669,0.0,0.0,0.18446601941747573,0.009708737864077669,0.0970873786407767,0.0,0.0,0.009708737864077669,0.14563106796116504,0.0,0.009708737864077669,0.009708737864077669,0.0,0.0,0.019417475728155338,0.038834951456310676,0.0,0.0,0.0,0.009708737864077669,0.019417475728155338,0.0,0.0,0.0,0.0,0.0,0.009708737864077669,0.0,0.0,0.0,0.0,0.0,0.0
128,0.0,0.0,0.02608695652173913,0.0,0.0,0.0,0.0,0.008695652173913044,0.0,0.0,0.0,0.0,0.02608695652173913,0.6260869565217392,0.008695652173913044,0.0,0.008695652173913044,0.017391304347826087,0.034782608695652174,0.0,0.0,0.09565217391304348,0.02608695652173913,0.0,0.0,0.0,0.0,0.0,0.008695652173913044,0.0,0.0,0.0,0.043478260869565216,0.06086956521739131,0.008695652173913044,0.0,0.0,0.0,0.0
129,0.0,0.0,0.0,0.02830188679245283,0.0,0.0,0.0,0.0,0.009433962264150943,0.0,0.0,0.0,0.0,0.0,0.03773584905660377,0.12264150943396226,0.05660377358490566,0.009433962264150943,0.018867924528301886,0.1509433962264151,0.14150943396226415,0.0,0.009433962264150943,0.018867924528301886,0.08490566037735849,0.04716981132075472,0.02830188679245283,0.04716981132075472,0.009433962264150943,0.009433962264150943,0.08490566037735849,0.018867924528301886,0.018867924528301886,0.009433962264150943,0.02830188679245283,0.0,0.009433962264150943,0.0,0.0
130,0.009174311926605505,0.0,0.0,0.03669724770642202,0.009174311926605505,0.045871559633027525,0.0,0.0,0.01834862385321101,0.0,0.0,0.0,0.0,0.009174311926605505,0.0,0.0,0.0,0.009174311926605505,0.0,0.0,0.7614678899082569,0.0,0.0,0.0,0.0,0.009174311926605505,0.0,0.0,0.027522935779816515,0.0,0.045871559633027525,0.009174311926605505,0.009174311926605505,0.0,0.0,0.0,0.0,0.0,0.0
131,0.009174311926605505,0.009174311926605505,0.009174311926605505,0.01834862385321101,0.0,0.0,0.009174311926605505,0.0,0.0,0.0,0.0,0.0,0.0,0.0,0.027522935779816515,0.0,0.0,0.009174311926605505,0.0,0.0,0.01834862385321101,0.0,0.009174311926605505,0.0,0.3302752293577982,0.1651376146788991,0.0,0.01834862385321101,0.11009174311926606,0.009174311926605505,0.009174311926605505,0.0,0.23853211009174313,0.0,0.0,0.0,0.0,0.0,0.0
132,0.0,0.0,0.0,0.02631578947368421,0.008771929824561403,0.0,0.017543859649122806,0.0,0.5263157894736842,0.02631578947368421,0.0,0.03508771929824561,0.02631578947368421,0.0,0.008771929824561403,0.008771929824561403,0.0,0.008771929824561403,0.03508771929824561,0.008771929824561403,0.008771929824561403,0.12280701754385964,0.0,0.0,0.02631578947368421,0.008771929824561403,0.0,0.017543859649122806,0.0,0.008771929824561403,0.0,0.05263157894736842,0.008771929824561403,0.008771929824561403,0.0,0.0,0.0,0.0,0.0
133,0.0,0.0,0.018691588785046728,0.0,0.6448598130841121,0.04672897196261682,0.009345794392523364,0.009345794392523364,0.037383177570093455,0.0,0.0,0.0,0.009345794392523364,0.0,0.0,0.009345794392523364,0.0,0.009345794392523364,0.028037383177570093,0.0,0.018691588785046728,0.028037383177570093,0.0,0.0,0.07476635514018691,0.009345794392523364,0.018691588785046728,0.009345794392523364,0.0,0.0,0.0,0.009345794392523364,0.0,0.009345794392523364,0.0,0.0,0.0,0.0,0.0
134,0.0,0.043478260869565216,0.008695652173913044,0.008695652173913044,0.0,0.0,0.034782608695652174,0.0,0.008695652173913044,0.5565217391304348,0.0,0.0,0.0,0.05217391304347826,0.0,0.0,0.0,0.008695652173913044,0.02608695652173913,0.008695652173913044,0.0,0.043478260869565216,0.0,0.0,0.017391304347826087,0.008695652173913044,0.0,0.008695652173913044,0.043478260869565216,0.08695652173913043,0.008695652173913044,0.008695652173913044,0.0,0.0,0.017391304347826087,0.0,0.0,0.0,0.0
135,0.0,0.0,0.0,0.0,0.028846153846153848,0.0,0.009615384615384616,0.5769230769230769,0.0,0.0,0.009615384615384616,0.0,0.0,0.009615384615384616,0.0,0.0,0.0,0.0,0.009615384615384616,0.0,0.019230769230769232,0.0,0.0,0.0,0.0,0.0,0.0,0.009615384615384616,0.0,0.0,0.009615384615384616,0.0,0.3173076923076923,0.0,0.0,0.0,0.0,0.0,0.0
136,0.020134228187919462,0.0738255033557047,0.053691275167785234,0.053691275167785234,0.0,0.006711409395973154,0.040268456375838924,0.0,0.03355704697986577,0.006711409395973154,0.006711409395973154,0.0,0.026845637583892617,0.053691275167785234,0.0738255033557047,0.040268456375838924,0.006711409395973154,0.06711409395973154,0.053691275167785234,0.006711409395973154,0.04697986577181208,0.08053691275167785,0.0,0.0,0.013422818791946308,0.013422818791946308,0.0,0.020134228187919462,0.006711409395973154,0.0,0.0738255033557047,0.040268456375838924,0.006711409395973154,0.06711409395973154,0.006711409395973154,0.0,0.0,0.0,0.0
137,0.0,0.0,0.0,0.010416666666666666,0.0,0.0,0.0,0.0,0.0,0.0,0.0,0.0,0.0,0.0,0.0,0.0,0.0,0.0,0.9791666666666666,0.0,0.0,0.0,0.0,0.0,0.0,0.0,0.0,0.0,0.010416666666666666,0.0,0.0,0.0,0.0,0.0,0.0,0.0,0.0,0.0,0.0
138,0.0,0.0,0.009174311926605505,0.0,0.0,0.03669724770642202,0.009174311926605505,0.0,0.0,0.009174311926605505,0.0,0.0,0.0,0.01834862385321101,0.0,0.01834862385321101,0.0,0.0,0.7064220183486238,0.009174311926605505,0.0,0.027522935779816515,0.009174311926605505,0.045871559633027525,0.0,0.045871559633027525,0.0,0.01834862385321101,0.0,0.01834862385321101,0.0,0.0,0.0,0.009174311926605505,0.009174311926605505,0.0,0.0,0.0,0.0
139,0.0,0.009523809523809525,0.0,0.0,0.0,0.047619047619047616,0.0,0.009523809523809525,0.0,0.009523809523809525,0.009523809523809525,0.0,0.0,0.0,0.009523809523809525,0.0,0.009523809523809525,0.0,0.7142857142857143,0.009523809523809525,0.01904761904761905,0.0,0.0,0.01904761904761905,0.0,0.0380952380952381,0.0,0.0,0.009523809523809525,0.08571428571428572,0.0,0.0,0.0,0.0,0.0,0.0,0.0,0.0,0.0
140,0.0,0.05,0.058333333333333334,0.058333333333333334,0.075,0.0,0.08333333333333333,0.05,0.041666666666666664,0.13333333333333333,0.016666666666666666,0.0,0.05,0.0,0.23333333333333334,0.016666666666666666,0.0,0.0,0.025,0.041666666666666664,0.008333333333333333,0.008333333333333333,0.016666666666666666,0.0,0.0,0.008333333333333333,0.016666666666666666,0.0,0.0,0.0,0.0,0.0,0.0,0.008333333333333333,0.0,0.0,0.0,0.0,0.0
141,0.010309278350515464,0.0,0.0,0.0,0.0,0.0,0.0,0.0,0.0,0.0,0.0,0.0,0.0,0.0,0.0,0.0,0.9484536082474226,0.0,0.010309278350515464,0.0,0.0,0.0,0.010309278350515464,0.0,0.0,0.0,0.0,0.0,0.010309278350515464,0.0,0.0,0.0,0.0,0.010309278350515464,0.0,0.0,0.0,0.0,0.0
142,0.0,0.0,0.010416666666666666,0.0,0.0,0.0,0.0,0.010416666666666666,0.0,0.0,0.0,0.0,0.0,0.8958333333333334,0.020833333333333332,0.010416666666666666,0.0,0.010416666666666666,0.020833333333333332,0.0,0.0,0.010416666666666666,0.0,0.0,0.0,0.0,0.010416666666666666,0.0,0.0,0.0,0.0,0.0,0.0,0.0,0.0,0.0,0.0,0.0,0.0
143,0.0,0.008928571428571428,0.017857142857142856,0.0,0.0,0.0,0.0,0.0,0.0,0.0,0.008928571428571428,0.0,0.0,0.008928571428571428,0.0,0.0,0.008928571428571428,0.0,0.0,0.0,0.0,0.0,0.0,0.0,0.0,0.008928571428571428,0.008928571428571428,0.9017857142857143,0.017857142857142856,0.0,0.0,0.0,0.0,0.008928571428571428,0.0,0.0,0.0,0.0,0.0
144,0.0,0.017241379310344827,0.034482758620689655,0.16379310344827586,0.0,0.09482758620689655,0.008620689655172414,0.0,0.0,0.034482758620689655,0.0,0.0,0.0,0.0,0.0,0.0,0.0,0.0,0.0,0.0,0.0,0.008620689655172414,0.08620689655172414,0.0,0.20689655172413793,0.1206896551724138,0.0,0.13793103448275862,0.0,0.008620689655172414,0.017241379310344827,0.0,0.034482758620689655,0.02586206896551724,0.0,0.0,0.0,0.0,0.0
145,0.0,0.008264462809917356,0.0,0.024793388429752067,0.008264462809917356,0.0,0.008264462809917356,0.008264462809917356,0.0,0.01652892561983471,0.01652892561983471,0.0,0.05785123966942149,0.0,0.008264462809917356,0.008264462809917356,0.0,0.0,0.04132231404958678,0.0,0.0,0.01652892561983471,0.0,0.008264462809917356,0.0,0.008264462809917356,0.7107438016528925,0.0,0.0,0.0,0.024793388429752067,0.008264462809917356,0.01652892561983471,0.0,0.0,0.0,0.0,0.0,0.0
146,0.0,0.01875,0.00625,0.0125,0.01875,0.0125,0.04375,0.025,0.025,0.025,0.0,0.0,0.04375,0.0375,0.025,0.0,0.0,0.0125,0.2375,0.0125,0.01875,0.03125,0.14375,0.025,0.00625,0.0125,0.01875,0.03125,0.04375,0.00625,0.01875,0.00625,0.03125,0.04375,0.00625,0.0,0.0,0.0,0.0
147,0.0,0.016,0.008,0.088,0.208,0.008,0.016,0.008,0.136,0.032,0.0,0.0,0.0,0.024,0.0,0.024,0.104,0.032,0.008,0.0,0.048,0.008,0.0,0.0,0.0,0.0,0.0,0.008,0.0,0.152,0.0,0.016,0.008,0.032,0.016,0.0,0.0,0.0,0.0
148,0.02027027027027027,0.08108108108108109,0.02027027027027027,0.013513513513513514,0.033783783783783786,0.0472972972972973,0.02027027027027027,0.0,0.006756756756756757,0.04054054054054054,0.02702702702702703,0.0,0.0472972972972973,0.0472972972972973,0.1891891891891892,0.013513513513513514,0.02702702702702703,0.02027027027027027,0.006756756756756757,0.04054054054054054,0.0,0.013513513513513514,0.02027027027027027,0.02027027027027027,0.06756756756756757,0.0,0.04054054054054054,0.013513513513513514,0.02027027027027027,0.013513513513513514,0.006756756756756757,0.0,0.013513513513513514,0.04054054054054054,0.013513513513513514,0.0,0.0,0.013513513513513514,0.0
149,0.0,0.0,0.0,0.0,0.01,0.0,0.01,0.0,0.0,0.0,0.0,0.0,0.0,0.02,0.0,0.86,0.06,0.0,0.0,0.0,0.0,0.0,0.0,0.0,0.01,0.0,0.0,0.01,0.0,0.0,0.01,0.0,0.0,0.0,0.01,0.0,0.0,0.0,0.0
150,0.0,0.016129032258064516,0.008064516129032258,0.1774193548387097,0.0,0.0,0.0,0.008064516129032258,0.0,0.22580645161290322,0.0,0.0,0.0,0.0,0.13709677419354838,0.008064516129032258,0.016129032258064516,0.016129032258064516,0.0,0.0,0.0,0.016129032258064516,0.008064516129032258,0.0,0.008064516129032258,0.0,0.008064516129032258,0.0,0.008064516129032258,0.2661290322580645,0.0,0.0,0.0,0.024193548387096774,0.04838709677419355,0.0,0.0,0.0,0.0
151,0.0,0.03418803418803419,0.1452991452991453,0.02564102564102564,0.017094017094017096,0.09401709401709402,0.008547008547008548,0.08547008547008547,0.0,0.008547008547008548,0.008547008547008548,0.008547008547008548,0.008547008547008548,0.15384615384615385,0.008547008547008548,0.0,0.0,0.008547008547008548,0.23076923076923078,0.017094017094017096,0.0,0.0,0.008547008547008548,0.008547008547008548,0.0,0.02564102564102564,0.0,0.017094017094017096,0.042735042735042736,0.0,0.008547008547008548,0.008547008547008548,0.017094017094017096,0.0,0.0,0.0,0.0,0.0,0.0
152,0.0,0.008849557522123894,0.0,0.0,0.0,0.017699115044247787,0.0,0.02654867256637168,0.0,0.0,0.0,0.008849557522123894,0.0,0.008849557522123894,0.0,0.008849557522123894,0.0,0.0,0.008849557522123894,0.02654867256637168,0.035398230088495575,0.008849557522123894,0.0,0.0,0.008849557522123894,0.008849557522123894,0.017699115044247787,0.008849557522123894,0.7876106194690266,0.0,0.0,0.008849557522123894,0.0,0.0,0.0,0.0,0.0,0.0,0.0
153,0.0,0.07142857142857142,0.04945054945054945,0.038461538461538464,0.04395604395604396,0.06043956043956044,0.038461538461538464,0.03296703296703297,0.04945054945054945,0.01098901098901099,0.027472527472527472,0.01098901098901099,0.016483516483516484,0.01098901098901099,0.0,0.005494505494505495,0.01098901098901099,0.03296703296703297,0.027472527472527472,0.01098901098901099,0.09340659340659341,0.01098901098901099,0.038461538461538464,0.005494505494505495,0.02197802197802198,0.07692307692307693,0.02197802197802198,0.005494505494505495,0.054945054945054944,0.04395604395604396,0.01098901098901099,0.01098901098901099,0.02197802197802198,0.016483516483516484,0.016483516483516484,0.0,0.0,0.0,0.0
154,0.0,0.03225806451612903,0.0,0.021505376344086023,0.010752688172043012,0.0,0.0,0.0,0.0,0.010752688172043012,0.0,0.0,0.0,0.0,0.0,0.0,0.8817204301075269,0.0,0.0,0.0,0.0,0.0,0.0,0.010752688172043012,0.0,0.0,0.0,0.010752688172043012,0.0,0.010752688172043012,0.0,0.0,0.0,0.010752688172043012,0.0,0.0,0.0,0.0,0.0
155,0.0,0.009523809523809525,0.47619047619047616,0.009523809523809525,0.0,0.0,0.0,0.0,0.2,0.0,0.0,0.047619047619047616,0.0,0.009523809523809525,0.009523809523809525,0.0,0.0,0.0,0.009523809523809525,0.0,0.0,0.009523809523809525,0.01904761904761905,0.009523809523809525,0.0,0.0,0.0,0.009523809523809525,0.0,0.0,0.0,0.17142857142857143,0.0,0.009523809523809525,0.0,0.0,0.0,0.0,0.0
156,0.0,0.0,0.0,0.0,0.0,0.0,0.010416666666666666,0.0,0.0,0.010416666666666666,0.010416666666666666,0.0,0.0,0.0,0.0,0.0,0.0,0.010416666666666666,0.0,0.010416666666666666,0.0,0.0,0.0,0.0,0.0,0.0,0.010416666666666666,0.0,0.010416666666666666,0.0,0.0,0.020833333333333332,0.0,0.0,0.90625,0.0,0.0,0.0,0.0
157,0.0,0.009009009009009009,0.009009009009009009,0.009009009009009009,0.009009009009009009,0.018018018018018018,0.009009009009009009,0.0,0.0,0.009009009009009009,0.018018018018018018,0.0,0.0,0.009009009009009009,0.018018018018018018,0.0,0.7297297297297297,0.018018018018018018,0.0,0.0,0.009009009009009009,0.02702702702702703,0.0,0.0,0.0,0.0,0.0,0.009009009009009009,0.009009009009009009,0.009009009009009009,0.06306306306306306,0.0,0.0,0.0,0.009009009009009009,0.0,0.0,0.0,0.0
158,0.0,0.008620689655172414,0.04310344827586207,0.08620689655172414,0.008620689655172414,0.0,0.0,0.02586206896551724,0.0,0.0,0.034482758620689655,0.008620689655172414,0.0,0.04310344827586207,0.0,0.017241379310344827,0.0,0.0,0.008620689655172414,0.0,0.017241379310344827,0.0,0.008620689655172414,0.0,0.0,0.008620689655172414,0.008620689655172414,0.008620689655172414,0.008620689655172414,0.02586206896551724,0.017241379310344827,0.0,0.034482758620689655,0.008620689655172414,0.5689655172413793,0.0,0.0,0.0,0.0
159,0.010101010101010102,0.0,0.6464646464646465,0.0707070707070707,0.020202020202020204,0.06060606060606061,0.010101010101010102,0.0,0.010101010101010102,0.04040404040404041,0.0,0.0,0.0,0.0,0.010101010101010102,0.020202020202020204,0.0,0.010101010101010102,0.0,0.0,0.0,0.0,0.030303030303030304,0.0,0.010101010101010102,0.0,0.0,0.0,0.020202020202020204,0.010101010101010102,0.0,0.010101010101010102,0.0,0.010101010101010102,0.0,0.0,0.0,0.0,0.0
160,0.010869565217391304,0.0,0.010869565217391304,0.0,0.010869565217391304,0.010869565217391304,0.0,0.0,0.0,0.0,0.010869565217391304,0.0,0.0,0.0,0.0,0.010869565217391304,0.0,0.6413043478260869,0.05434782608695652,0.0,0.0,0.0,0.021739130434782608,0.0,0.15217391304347827,0.05434782608695652,0.0,0.0,0.0,0.0,0.010869565217391304,0.0,0.0,0.0,0.0,0.0,0.0,0.0,0.0
161,0.03896103896103896,0.07792207792207792,0.18831168831168832,0.006493506493506494,0.032467532467532464,0.006493506493506494,0.025974025974025976,0.11688311688311688,0.006493506493506494,0.03896103896103896,0.0,0.0,0.0,0.0,0.0,0.0,0.006493506493506494,0.0,0.006493506493506494,0.006493506493506494,0.006493506493506494,0.0,0.01948051948051948,0.0,0.01948051948051948,0.05194805194805195,0.006493506493506494,0.07142857142857142,0.006493506493506494,0.006493506493506494,0.0,0.0,0.05194805194805195,0.18831168831168832,0.0,0.012987012987012988,0.0,0.0,0.0
162,0.007352941176470588,0.007352941176470588,0.051470588235294115,0.007352941176470588,0.014705882352941176,0.007352941176470588,0.0,0.007352941176470588,0.007352941176470588,0.007352941176470588,0.0,0.0,0.007352941176470588,0.0,0.0,0.0,0.0,0.0,0.0,0.03676470588235294,0.0,0.007352941176470588,0.41911764705882354,0.0,0.04411764705882353,0.007352941176470588,0.0,0.0,0.029411764705882353,0.014705882352941176,0.051470588235294115,0.0,0.007352941176470588,0.007352941176470588,0.25,0.0,0.0,0.0,0.0
163,0.0,0.015873015873015872,0.3888888888888889,0.007936507936507936,0.0,0.031746031746031744,0.1111111111111111,0.023809523809523808,0.031746031746031744,0.015873015873015872,0.0,0.0,0.015873015873015872,0.0,0.007936507936507936,0.0,0.0,0.015873015873015872,0.007936507936507936,0.007936507936507936,0.015873015873015872,0.023809523809523808,0.015873015873015872,0.0,0.0,0.0,0.007936507936507936,0.023809523809523808,0.10317460317460317,0.0,0.0,0.0,0.007936507936507936,0.11904761904761904,0.0,0.0,0.0,0.0,0.0
164,0.006097560975609756,0.4878048780487805,0.06097560975609756,0.036585365853658534,0.018292682926829267,0.018292682926829267,0.018292682926829267,0.042682926829268296,0.024390243902439025,0.006097560975609756,0.0,0.012195121951219513,0.03048780487804878,0.0,0.03048780487804878,0.0,0.0,0.012195121951219513,0.024390243902439025,0.006097560975609756,0.006097560975609756,0.0,0.0,0.0,0.0,0.012195121951219513,0.0,0.054878048780487805,0.0,0.0,0.018292682926829267,0.012195121951219513,0.036585365853658534,0.012195121951219513,0.012195121951219513,0.0,0.0,0.0,0.0
165,0.0,0.07407407407407407,0.027777777777777776,0.027777777777777776,0.06481481481481481,0.0,0.009259259259259259,0.046296296296296294,0.037037037037037035,0.037037037037037035,0.0,0.0,0.009259259259259259,0.009259259259259259,0.018518518518518517,0.0,0.0,0.027777777777777776,0.018518518518518517,0.027777777777777776,0.12037037037037036,0.027777777777777776,0.037037037037037035,0.009259259259259259,0.018518518518518517,0.05555555555555555,0.09259259259259259,0.037037037037037035,0.018518518518518517,0.018518518518518517,0.018518518518518517,0.05555555555555555,0.009259259259259259,0.037037037037037035,0.009259259259259259,0.0,0.0,0.0,0.0
166,0.0,0.0,0.01,0.02,0.0,0.0,0.01,0.01,0.0,0.0,0.0,0.0,0.0,0.0,0.0,0.0,0.01,0.0,0.0,0.0,0.0,0.0,0.0,0.0,0.0,0.0,0.0,0.0,0.08,0.0,0.0,0.0,0.0,0.01,0.81,0.04,0.0,0.0,0.0
167,0.0,0.0,0.0,0.0,0.0,0.0,0.009900990099009901,0.0,0.0,0.0,0.0,0.0,0.009900990099009901,0.0,0.0,0.0,0.009900990099009901,0.0,0.0,0.0,0.0,0.0,0.0,0.0,0.009900990099009901,0.0,0.0,0.009900990099009901,0.0,0.0,0.04950495049504951,0.6534653465346535,0.12871287128712872,0.1188118811881188,0.0,0.0,0.0,0.0,0.0
168,0.0,0.0,0.029411764705882353,0.0196078431372549,0.0,0.0,0.06862745098039216,0.0196078431372549,0.00980392156862745,0.0,0.0196078431372549,0.0,0.00980392156862745,0.0,0.00980392156862745,0.0,0.0,0.0196078431372549,0.0,0.0,0.0,0.029411764705882353,0.029411764705882353,0.0196078431372549,0.00980392156862745,0.5392156862745098,0.029411764705882353,0.0,0.00980392156862745,0.0,0.10784313725490197,0.00980392156862745,0.0,0.00980392156862745,0.0,0.0,0.0,0.0,0.0
169,0.010869565217391304,0.010869565217391304,0.0,0.010869565217391304,0.0,0.0,0.010869565217391304,0.010869565217391304,0.45652173913043476,0.010869565217391304,0.0,0.0,0.15217391304347827,0.0,0.0,0.03260869565217391,0.0,0.06521739130434782,0.0,0.010869565217391304,0.0,0.0,0.0,0.0,0.0,0.0,0.010869565217391304,0.010869565217391304,0.0,0.0,0.0,0.16304347826086957,0.010869565217391304,0.021739130434782608,0.0,0.0,0.0,0.0,0.0
170,0.0,0.011627906976744186,0.0,0.0,0.0,0.0,0.0,0.0,0.0,0.0,0.011627906976744186,0.0,0.0,0.0,0.0,0.0,0.0,0.0,0.0,0.0,0.0,0.16279069767441862,0.7790697674418605,0.011627906976744186,0.0,0.0,0.011627906976744186,0.0,0.0,0.0,0.0,0.0,0.0,0.011627906976744186,0.0,0.0,0.0,0.0,0.0
171,0.008130081300813009,0.016260162601626018,0.0,0.008130081300813009,0.016260162601626018,0.04065040650406504,0.2601626016260163,0.016260162601626018,0.04065040650406504,0.04878048780487805,0.008130081300813009,0.008130081300813009,0.008130081300813009,0.0,0.008130081300813009,0.0,0.008130081300813009,0.016260162601626018,0.056910569105691054,0.008130081300813009,0.016260162601626018,0.016260162601626018,0.0,0.032520325203252036,0.0,0.016260162601626018,0.0,0.016260162601626018,0.04065040650406504,0.016260162601626018,0.10569105691056911,0.016260162601626018,0.016260162601626018,0.008130081300813009,0.10569105691056911,0.016260162601626018,0.0,0.0,0.0
172,0.00980392156862745,0.029411764705882353,0.5588235294117647,0.06862745098039216,0.0,0.0196078431372549,0.00980392156862745,0.0,0.0,0.029411764705882353,0.0,0.0,0.0,0.0,0.0,0.06862745098039216,0.00980392156862745,0.0,0.0,0.0196078431372549,0.00980392156862745,0.029411764705882353,0.00980392156862745,0.0,0.00980392156862745,0.0,0.0,0.0,0.0196078431372549,0.0,0.0,0.0196078431372549,0.0,0.0,0.06862745098039216,0.00980392156862745,0.0,0.0,0.0
173,0.0,0.008333333333333333,0.0,0.008333333333333333,0.275,0.0,0.016666666666666666,0.008333333333333333,0.016666666666666666,0.016666666666666666,0.0,0.0,0.0,0.016666666666666666,0.0,0.016666666666666666,0.0,0.275,0.008333333333333333,0.0,0.0,0.016666666666666666,0.0,0.0,0.24166666666666667,0.008333333333333333,0.016666666666666666,0.0,0.025,0.008333333333333333,0.008333333333333333,0.0,0.0,0.0,0.008333333333333333,0.0,0.0,0.0,0.0
174,0.14130434782608695,0.0,0.17391304347826086,0.043478260869565216,0.0,0.0,0.14130434782608695,0.0,0.0,0.0,0.0,0.0,0.0,0.0,0.0,0.0,0.021739130434782608,0.010869565217391304,0.0,0.20652173913043478,0.06521739130434782,0.0,0.0,0.0,0.0,0.010869565217391304,0.03260869565217391,0.03260869565217391,0.0,0.0,0.06521739130434782,0.0,0.0,0.03260869565217391,0.021739130434782608,0.0,0.0,0.0,0.0
175,0.0,0.04716981132075472,0.0,0.0,0.02830188679245283,0.02830188679245283,0.02830188679245283,0.04716981132075472,0.0,0.0,0.018867924528301886,0.0,0.0,0.04716981132075472,0.08490566037735849,0.02830188679245283,0.0,0.0,0.2358490566037736,0.009433962264150943,0.0,0.009433962264150943,0.0,0.19811320754716982,0.0,0.05660377358490566,0.0,0.0,0.11320754716981132,0.0,0.018867924528301886,0.0,0.0,0.0,0.0,0.0,0.0,0.0,0.0
176,0.0,0.01680672268907563,0.0,0.0,0.008403361344537815,0.0,0.04201680672268908,0.0,0.0,0.025210084033613446,0.0,0.0,0.0,0.01680672268907563,0.008403361344537815,0.0,0.0,0.01680672268907563,0.01680672268907563,0.008403361344537815,0.01680672268907563,0.01680672268907563,0.008403361344537815,0.0,0.0,0.008403361344537815,0.03361344537815126,0.03361344537815126,0.01680672268907563,0.008403361344537815,0.008403361344537815,0.01680672268907563,0.008403361344537815,0.6386554621848739,0.01680672268907563,0.008403361344537815,0.0,0.0,0.0
177,0.0,0.0,0.011235955056179775,0.0,0.0,0.0,0.0,0.0,0.0,0.0,0.0,0.0,0.0,0.0,0.0,0.0,0.0,0.011235955056179775,0.0,0.0,0.0,0.0,0.0,0.0,0.0,0.011235955056179775,0.0,0.011235955056179775,0.0,0.0,0.011235955056179775,0.9438202247191011,0.0,0.0,0.0,0.0,0.0,0.0,0.0
178,0.0,0.0,0.01,0.0,0.0,0.0,0.0,0.0,0.05,0.16,0.06,0.02,0.05,0.06,0.19,0.09,0.15,0.06,0.01,0.0,0.02,0.01,0.0,0.0,0.01,0.0,0.01,0.0,0.01,0.01,0.0,0.01,0.0,0.01,0.0,0.0,0.0,0.0,0.0
179,0.0,0.0,0.03409090909090909,0.09090909090909091,0.022727272727272728,0.0,0.0,0.09090909090909091,0.07954545454545454,0.011363636363636364,0.09090909090909091,0.03409090909090909,0.03409090909090909,0.011363636363636364,0.011363636363636364,0.14772727272727273,0.03409090909090909,0.022727272727272728,0.011363636363636364,0.03409090909090909,0.022727272727272728,0.045454545454545456,0.0,0.03409090909090909,0.03409090909090909,0.011363636363636364,0.022727272727272728,0.011363636363636364,0.0,0.045454545454545456,0.0,0.0,0.011363636363636364,0.0,0.0,0.0,0.0,0.0,0.0
180,0.0,0.011494252873563218,0.08045977011494253,0.011494252873563218,0.022988505747126436,0.26436781609195403,0.25287356321839083,0.034482758620689655,0.0,0.0,0.0,0.011494252873563218,0.0,0.011494252873563218,0.0,0.034482758620689655,0.022988505747126436,0.0,0.0,0.0,0.022988505747126436,0.011494252873563218,0.022988505747126436,0.06896551724137931,0.0,0.011494252873563218,0.011494252873563218,0.011494252873563218,0.022988505747126436,0.034482758620689655,0.022988505747126436,0.0,0.0,0.0,0.0,0.0,0.0,0.0,0.0
181,0.0,0.0,0.0,0.011764705882352941,0.0,0.2,0.0,0.0,0.0,0.0,0.0,0.0,0.0,0.023529411764705882,0.011764705882352941,0.0,0.0,0.0,0.0,0.0,0.0,0.0,0.0,0.0,0.0,0.0,0.2235294117647059,0.0,0.0,0.0,0.3764705882352941,0.0,0.15294117647058825,0.0,0.0,0.0,0.0,0.0,0.0
182,0.0,0.0,0.011494252873563218,0.0,0.0,0.0,0.0,0.011494252873563218,0.034482758620689655,0.011494252873563218,0.0,0.0,0.0,0.0,0.0,0.0,0.0,0.0,0.011494252873563218,0.8045977011494253,0.0,0.0,0.0,0.0,0.0,0.0,0.0,0.011494252873563218,0.06896551724137931,0.0,0.0,0.0,0.0,0.034482758620689655,0.0,0.0,0.0,0.0,0.0
183,0.0,0.0,0.0,0.0,0.0,0.0,0.0,0.0,0.008771929824561403,0.30701754385964913,0.043859649122807015,0.02631578947368421,0.02631578947368421,0.0,0.0,0.0,0.017543859649122806,0.017543859649122806,0.02631578947368421,0.008771929824561403,0.07894736842105263,0.05263157894736842,0.017543859649122806,0.0,0.043859649122807015,0.008771929824561403,0.02631578947368421,0.043859649122807015,0.03508771929824561,0.02631578947368421,0.03508771929824561,0.0,0.08771929824561403,0.02631578947368421,0.008771929824561403,0.02631578947368421,0.0,0.0,0.0
184,0.0,0.008620689655172414,0.008620689655172414,0.008620689655172414,0.0,0.0,0.0,0.0,0.017241379310344827,0.0,0.0,0.0,0.0,0.0,0.0,0.0,0.0,0.008620689655172414,0.008620689655172414,0.0,0.0,0.0,0.008620689655172414,0.0,0.008620689655172414,0.0,0.008620689655172414,0.008620689655172414,0.008620689655172414,0.0,0.04310344827586207,0.0,0.008620689655172414,0.7931034482758621,0.05172413793103448,0.0,0.0,0.0,0.0
185,0.0,0.9318181818181818,0.011363636363636364,0.0,0.0,0.0,0.0,0.0,0.011363636363636364,0.0,0.0,0.0,0.0,0.0,0.022727272727272728,0.0,0.0,0.0,0.0,0.0,0.0,0.0,0.011363636363636364,0.0,0.011363636363636364,0.0,0.0,0.0,0.0,0.0,0.0,0.0,0.0,0.0,0.0,0.0,0.0,0.0,0.0
186,0.005780346820809248,0.005780346820809248,0.0,0.005780346820809248,0.0,0.0,0.005780346820809248,0.0,0.005780346820809248,0.005780346820809248,0.005780346820809248,0.0,0.0,0.0,0.0,0.028901734104046242,0.19653179190751446,0.09248554913294797,0.16184971098265896,0.08092485549132948,0.13872832369942195,0.04046242774566474,0.06358381502890173,0.011560693641618497,0.023121387283236993,0.005780346820809248,0.017341040462427744,0.005780346820809248,0.028901734104046242,0.017341040462427744,0.03468208092485549,0.0,0.0,0.005780346820809248,0.0,0.005780346820809248,0.0,0.0,0.0
187,0.0,0.020202020202020204,0.0,0.0,0.12121212121212122,0.12121212121212122,0.0,0.0,0.0,0.0,0.010101010101010102,0.0,0.0,0.010101010101010102,0.0,0.0,0.0,0.010101010101010102,0.0,0.0,0.0,0.0,0.16161616161616163,0.0,0.04040404040404041,0.10101010101010101,0.0,0.010101010101010102,0.0,0.31313131313131315,0.010101010101010102,0.04040404040404041,0.0,0.030303030303030304,0.0,0.0,0.0,0.0,0.0
188,0.0,0.02912621359223301,0.009708737864077669,0.019417475728155338,0.0,0.18446601941747573,0.019417475728155338,0.07766990291262135,0.0,0.0,0.0,0.0,0.0,0.0,0.019417475728155338,0.009708737864077669,0.019417475728155338,0.05825242718446602,0.07766990291262135,0.07766990291262135,0.08737864077669903,0.009708737864077669,0.009708737864077669,0.019417475728155338,0.0,0.0,0.0,0.0,0.009708737864077669,0.08737864077669903,0.02912621359223301,0.0,0.08737864077669903,0.038834951456310676,0.019417475728155338,0.0,0.0,0.0,0.0
189,0.0,0.010309278350515464,0.07216494845360824,0.020618556701030927,0.0,0.0,0.0,0.0,0.0,0.0,0.0,0.0,0.030927835051546393,0.0,0.020618556701030927,0.0,0.0,0.010309278350515464,0.1134020618556701,0.020618556701030927,0.0,0.010309278350515464,0.0,0.0,0.0,0.0,0.010309278350515464,0.020618556701030927,0.010309278350515464,0.5773195876288659,0.010309278350515464,0.030927835051546393,0.020618556701030927,0.0,0.010309278350515464,0.0,0.0,0.0,0.0
190,0.061224489795918366,0.07142857142857142,0.10204081632653061,0.05102040816326531,0.061224489795918366,0.0,0.01020408163265306,0.22448979591836735,0.05102040816326531,0.0,0.0,0.0,0.0,0.0,0.0,0.05102040816326531,0.05102040816326531,0.01020408163265306,0.0,0.01020408163265306,0.01020408163265306,0.11224489795918367,0.05102040816326531,0.0,0.01020408163265306,0.01020408163265306,0.0,0.0,0.02040816326530612,0.01020408163265306,0.01020408163265306,0.0,0.0,0.0,0.01020408163265306,0.0,0.0,0.0,0.0
191,0.0,0.0,0.0,0.0,0.16666666666666666,0.0,0.0,0.0,0.0,0.0,0.0,0.0,0.011904761904761904,0.0,0.0,0.0,0.0,0.03571428571428571,0.0,0.0,0.0,0.0,0.0,0.0,0.0,0.0,0.0,0.0,0.0,0.75,0.011904761904761904,0.0,0.011904761904761904,0.011904761904761904,0.0,0.0,0.0,0.0,0.0
192,0.0,0.010526315789473684,0.031578947368421054,0.021052631578947368,0.0,0.0,0.010526315789473684,0.0,0.010526315789473684,0.0,0.010526315789473684,0.0,0.0,0.010526315789473684,0.0,0.0,0.0,0.0,0.010526315789473684,0.0,0.0,0.010526315789473684,0.0,0.0,0.0,0.0,0.010526315789473684,0.021052631578947368,0.0,0.021052631578947368,0.0,0.010526315789473684,0.7894736842105263,0.010526315789473684,0.010526315789473684,0.0,0.0,0.0,0.0
193,0.02830188679245283,0.0,0.04716981132075472,0.018867924528301886,0.0,0.009433962264150943,0.05660377358490566,0.0,0.009433962264150943,0.0,0.3584905660377358,0.0,0.0,0.08490566037735849,0.0,0.0,0.0,0.03773584905660377,0.0,0.018867924528301886,0.018867924528301886,0.04716981132075472,0.009433962264150943,0.07547169811320754,0.0,0.0,0.0,0.0,0.04716981132075472,0.04716981132075472,0.05660377358490566,0.009433962264150943,0.018867924528301886,0.0,0.0,0.0,0.0,0.0,0.0
194,0.0,0.2976190476190476,0.0,0.011904761904761904,0.0,0.011904761904761904,0.023809523809523808,0.0,0.0,0.011904761904761904,0.0,0.011904761904761904,0.0,0.0,0.011904761904761904,0.023809523809523808,0.0,0.0,0.0,0.0,0.011904761904761904,0.03571428571428571,0.0,0.011904761904761904,0.011904761904761904,0.011904761904761904,0.011904761904761904,0.0,0.42857142857142855,0.011904761904761904,0.03571428571428571,0.0,0.0,0.023809523809523808,0.0,0.0,0.0,0.0,0.0
195,0.04132231404958678,0.11570247933884298,0.0,0.024793388429752067,0.03305785123966942,0.024793388429752067,0.024793388429752067,0.03305785123966942,0.06611570247933884,0.03305785123966942,0.0,0.0,0.03305785123966942,0.049586776859504134,0.0,0.0,0.06611570247933884,0.01652892561983471,0.008264462809917356,0.01652892561983471,0.024793388429752067,0.008264462809917356,0.008264462809917356,0.05785123966942149,0.1487603305785124,0.024793388429752067,0.0,0.0,0.0,0.008264462809917356,0.0743801652892562,0.01652892561983471,0.01652892561983471,0.024793388429752067,0.0,0.0,0.0,0.0,0.0
196,0.0,0.0,0.021739130434782608,0.0,0.021739130434782608,0.0,0.0,0.0,0.021739130434782608,0.0,0.0,0.0,0.0,0.0,0.0,0.0,0.0,0.0,0.010869565217391304,0.0,0.0,0.8478260869565217,0.010869565217391304,0.010869565217391304,0.0,0.0,0.0,0.0,0.03260869565217391,0.0,0.010869565217391304,0.0,0.0,0.010869565217391304,0.0,0.0,0.0,0.0,0.0
197,0.0,0.0,0.1282051282051282,0.02564102564102564,0.008547008547008548,0.05128205128205128,0.008547008547008548,0.0,0.0,0.0,0.0,0.0,0.02564102564102564,0.008547008547008548,0.1623931623931624,0.008547008547008548,0.03418803418803419,0.017094017094017096,0.0,0.4188034188034188,0.0,0.017094017094017096,0.0,0.0,0.0,0.0,0.008547008547008548,0.03418803418803419,0.0,0.0,0.008547008547008548,0.008547008547008548,0.0,0.008547008547008548,0.017094017094017096,0.0,0.0,0.0,0.0
198,0.0,0.0,0.06382978723404255,0.0,0.0,0.0,0.0,0.0,0.02127659574468085,0.010638297872340425,0.0,0.0,0.010638297872340425,0.0,0.0,0.010638297872340425,0.0,0.010638297872340425,0.0,0.0,0.0,0.0,0.5851063829787234,0.0,0.031914893617021274,0.0,0.02127659574468085,0.010638297872340425,0.010638297872340425,0.0,0.20212765957446807,0.010638297872340425,0.0,0.0,0.0,0.0,0.0,0.0,0.0
199,0.0,0.0,0.009708737864077669,0.0,0.0,0.009708737864077669,0.0,0.009708737864077669,0.0,0.009708737864077669,0.0,0.0,0.0,0.009708737864077669,0.009708737864077669,0.009708737864077669,0.0,0.019417475728155338,0.009708737864077669,0.0,0.7766990291262136,0.0,0.0,0.019417475728155338,0.009708737864077669,0.019417475728155338,0.009708737864077669,0.009708737864077669,0.0,0.009708737864077669,0.0,0.0,0.0,0.04854368932038835,0.0,0.0,0.0,0.0,0.0
200,0.011235955056179775,0.0,0.0,0.011235955056179775,0.0,0.0,0.0,0.0,0.0,0.011235955056179775,0.0,0.011235955056179775,0.0,0.0,0.0,0.0,0.0,0.1797752808988764,0.02247191011235955,0.651685393258427,0.0,0.0,0.0,0.0,0.0,0.06741573033707865,0.011235955056179775,0.0,0.0,0.0,0.02247191011235955,0.0,0.0,0.0,0.0,0.0,0.0,0.0,0.0
201,0.0,0.0547945205479452,0.02054794520547945,0.18493150684931506,0.04794520547945205,0.06164383561643835,0.0,0.00684931506849315,0.02054794520547945,0.06164383561643835,0.02054794520547945,0.0,0.0,0.0,0.0410958904109589,0.00684931506849315,0.03424657534246575,0.00684931506849315,0.0,0.0,0.0136986301369863,0.0,0.0273972602739726,0.0684931506849315,0.1095890410958904,0.0,0.04794520547945205,0.00684931506849315,0.0136986301369863,0.03424657534246575,0.03424657534246575,0.0547945205479452,0.0,0.02054794520547945,0.0,0.0,0.0,0.0,0.0
202,0.0,0.0,0.009615384615384616,0.009615384615384616,0.028846153846153848,0.0,0.009615384615384616,0.0,0.0,0.0,0.038461538461538464,0.0,0.0,0.0,0.0,0.009615384615384616,0.0,0.038461538461538464,0.009615384615384616,0.009615384615384616,0.0,0.0,0.0,0.0,0.0,0.028846153846153848,0.0,0.7211538461538461,0.028846153846153848,0.019230769230769232,0.019230769230769232,0.009615384615384616,0.0,0.009615384615384616,0.0,0.0,0.0,0.0,0.0
203,0.0,0.0,0.0,0.0,0.0,0.0,0.0,0.0,0.0,0.0,0.0,0.0,0.8072289156626506,0.012048192771084338,0.0,0.0,0.012048192771084338,0.012048192771084338,0.0,0.0,0.0,0.012048192771084338,0.0,0.012048192771084338,0.0,0.0,0.012048192771084338,0.012048192771084338,0.024096385542168676,0.012048192771084338,0.012048192771084338,0.0,0.012048192771084338,0.024096385542168676,0.024096385542168676,0.0,0.0,0.0,0.0
204,0.009259259259259259,0.018518518518518517,0.05555555555555555,0.19444444444444445,0.018518518518518517,0.009259259259259259,0.0,0.0,0.009259259259259259,0.0,0.0,0.0,0.0,0.0,0.009259259259259259,0.009259259259259259,0.07407407407407407,0.046296296296296294,0.018518518518518517,0.009259259259259259,0.05555555555555555,0.06481481481481481,0.027777777777777776,0.009259259259259259,0.009259259259259259,0.027777777777777776,0.16666666666666666,0.12037037037037036,0.0,0.0,0.018518518518518517,0.0,0.009259259259259259,0.009259259259259259,0.0,0.0,0.0,0.0,0.0
205,0.0,0.16176470588235295,0.0,0.0,0.0,0.03676470588235294,0.022058823529411766,0.007352941176470588,0.007352941176470588,0.0,0.022058823529411766,0.09558823529411764,0.007352941176470588,0.0,0.125,0.0,0.007352941176470588,0.11029411764705882,0.0,0.0,0.0,0.007352941176470588,0.0661764705882353,0.007352941176470588,0.029411764705882353,0.051470588235294115,0.014705882352941176,0.014705882352941176,0.029411764705882353,0.0661764705882353,0.0,0.0,0.007352941176470588,0.09558823529411764,0.0,0.0,0.0,0.007352941176470588,0.0
206,0.0,0.07446808510638298,0.06382978723404255,0.0,0.05319148936170213,0.02127659574468085,0.02127659574468085,0.06382978723404255,0.0,0.0,0.0,0.010638297872340425,0.0,0.010638297872340425,0.010638297872340425,0.0,0.010638297872340425,0.010638297872340425,0.010638297872340425,0.010638297872340425,0.010638297872340425,0.031914893617021274,0.010638297872340425,0.0,0.20212765957446807,0.05319148936170213,0.0,0.19148936170212766,0.010638297872340425,0.02127659574468085,0.06382978723404255,0.0,0.010638297872340425,0.010638297872340425,0.010638297872340425,0.0,0.0,0.0,0.0
207,0.0,0.14606741573033707,0.011235955056179775,0.011235955056179775,0.033707865168539325,0.0,0.056179775280898875,0.0,0.0,0.0449438202247191,0.0449438202247191,0.0,0.0,0.12359550561797752,0.0,0.11235955056179775,0.0,0.0,0.0449438202247191,0.011235955056179775,0.0,0.07865168539325842,0.0449438202247191,0.011235955056179775,0.0,0.15730337078651685,0.0,0.011235955056179775,0.0449438202247191,0.0,0.011235955056179775,0.0,0.0,0.0,0.0,0.0,0.0,0.0,0.0
208,0.0,0.024390243902439025,0.0,0.0,0.0,0.0,0.0,0.0,0.0,0.0,0.0,0.0,0.0,0.012195121951219513,0.0,0.0,0.8780487804878049,0.0,0.0,0.0,0.024390243902439025,0.024390243902439025,0.0,0.0,0.0,0.0,0.012195121951219513,0.012195121951219513,0.0,0.0,0.0,0.0,0.0,0.012195121951219513,0.0,0.0,0.0,0.0,0.0
209,0.0,0.0,0.8241758241758241,0.0,0.0,0.0,0.0,0.0,0.01098901098901099,0.01098901098901099,0.0,0.0,0.0,0.01098901098901099,0.0,0.02197802197802198,0.01098901098901099,0.02197802197802198,0.01098901098901099,0.0,0.0,0.0,0.0,0.01098901098901099,0.0,0.0,0.0,0.0,0.03296703296703297,0.01098901098901099,0.0,0.0,0.01098901098901099,0.01098901098901099,0.0,0.0,0.0,0.0,0.0
210,0.0,0.05813953488372093,0.011627906976744186,0.011627906976744186,0.0,0.0,0.0,0.0,0.011627906976744186,0.011627906976744186,0.0,0.011627906976744186,0.0,0.0,0.6395348837209303,0.023255813953488372,0.0,0.0,0.011627906976744186,0.023255813953488372,0.011627906976744186,0.03488372093023256,0.0,0.0,0.0,0.0,0.0,0.023255813953488372,0.05813953488372093,0.03488372093023256,0.023255813953488372,0.0,0.0,0.0,0.0,0.0,0.0,0.0,0.0
211,0.0,0.03488372093023256,0.046511627906976744,0.011627906976744186,0.011627906976744186,0.0,0.011627906976744186,0.011627906976744186,0.5930232558139535,0.03488372093023256,0.0,0.0,0.011627906976744186,0.0,0.0,0.011627906976744186,0.023255813953488372,0.0,0.0,0.0,0.0,0.0,0.03488372093023256,0.0,0.0,0.0,0.011627906976744186,0.0,0.011627906976744186,0.023255813953488372,0.0,0.08139534883720931,0.011627906976744186,0.023255813953488372,0.0,0.0,0.0,0.0,0.0
212,0.0,0.4673913043478261,0.03260869565217391,0.0,0.0,0.0,0.0,0.010869565217391304,0.0,0.010869565217391304,0.043478260869565216,0.0,0.010869565217391304,0.0,0.0,0.010869565217391304,0.1956521739130435,0.03260869565217391,0.0,0.0,0.0,0.05434782608695652,0.0,0.0,0.0,0.0,0.0,0.021739130434782608,0.0,0.010869565217391304,0.0,0.010869565217391304,0.08695652173913043,0.0,0.0,0.0,0.0,0.0,0.0
213,0.011363636363636364,0.022727272727272728,0.0,0.022727272727272728,0.022727272727272728,0.19318181818181818,0.2727272727272727,0.022727272727272728,0.11363636363636363,0.022727272727272728,0.0,0.0,0.0,0.0,0.0,0.0,0.0,0.0,0.0,0.06818181818181818,0.1590909090909091,0.0,0.0,0.0,0.022727272727272728,0.0,0.0,0.0,0.022727272727272728,0.011363636363636364,0.0,0.0,0.0,0.011363636363636364,0.0,0.0,0.0,0.0,0.0
214,0.0,0.0,0.02631578947368421,0.02631578947368421,0.40789473684210525,0.0,0.013157894736842105,0.0,0.06578947368421052,0.0,0.23684210526315788,0.0,0.0,0.0,0.02631578947368421,0.0,0.0,0.013157894736842105,0.0,0.0,0.013157894736842105,0.013157894736842105,0.0,0.05263157894736842,0.0,0.0,0.0,0.013157894736842105,0.0,0.0,0.0,0.0,0.09210526315789473,0.0,0.0,0.0,0.0,0.0,0.0
215,0.5961538461538461,0.009615384615384616,0.009615384615384616,0.019230769230769232,0.009615384615384616,0.0,0.019230769230769232,0.0,0.019230769230769232,0.009615384615384616,0.0,0.0,0.009615384615384616,0.0,0.0,0.08653846153846154,0.04807692307692308,0.009615384615384616,0.0,0.009615384615384616,0.009615384615384616,0.0,0.0,0.0,0.0,0.0,0.0,0.0,0.08653846153846154,0.009615384615384616,0.0,0.0,0.019230769230769232,0.019230769230769232,0.0,0.0,0.0,0.0,0.0
216,0.0,0.06363636363636363,0.14545454545454545,0.01818181818181818,0.01818181818181818,0.045454545454545456,0.00909090909090909,0.0,0.02727272727272727,0.02727272727272727,0.0,0.00909090909090909,0.01818181818181818,0.0,0.0,0.0,0.01818181818181818,0.05454545454545454,0.00909090909090909,0.0,0.02727272727272727,0.02727272727272727,0.00909090909090909,0.00909090909090909,0.0,0.00909090909090909,0.05454545454545454,0.01818181818181818,0.00909090909090909,0.00909090909090909,0.32727272727272727,0.01818181818181818,0.01818181818181818,0.0,0.0,0.0,0.0,0.0,0.0
217,0.0,0.021739130434782608,0.043478260869565216,0.010869565217391304,0.09782608695652174,0.0,0.0,0.010869565217391304,0.0,0.0,0.010869565217391304,0.0,0.0,0.0,0.010869565217391304,0.0,0.717391304347826,0.0,0.0,0.0,0.0,0.0,0.0,0.0,0.0,0.0,0.010869565217391304,0.021739130434782608,0.03260869565217391,0.0,0.010869565217391304,0.0,0.0,0.0,0.0,0.0,0.0,0.0,0.0
218,0.019230769230769232,0.0673076923076923,0.04807692307692308,0.009615384615384616,0.0,0.009615384615384616,0.0673076923076923,0.019230769230769232,0.009615384615384616,0.038461538461538464,0.14423076923076922,0.0,0.009615384615384616,0.057692307692307696,0.19230769230769232,0.0,0.0,0.057692307692307696,0.0,0.019230769230769232,0.0,0.028846153846153848,0.0,0.0,0.009615384615384616,0.125,0.019230769230769232,0.009615384615384616,0.0,0.0,0.0,0.019230769230769232,0.009615384615384616,0.009615384615384616,0.0,0.0,0.0,0.0,0.0
219,0.0,0.010638297872340425,0.0,0.14893617021276595,0.0,0.010638297872340425,0.0425531914893617,0.010638297872340425,0.2872340425531915,0.02127659574468085,0.031914893617021274,0.05319148936170213,0.0,0.02127659574468085,0.0,0.0,0.0,0.010638297872340425,0.010638297872340425,0.010638297872340425,0.02127659574468085,0.07446808510638298,0.02127659574468085,0.0425531914893617,0.0,0.0,0.0,0.010638297872340425,0.0,0.0,0.031914893617021274,0.010638297872340425,0.0,0.09574468085106383,0.010638297872340425,0.0,0.010638297872340425,0.0,0.0
220,0.0,0.0,0.0,0.03,0.01,0.0,0.0,0.0,0.0,0.0,0.01,0.0,0.0,0.01,0.02,0.0,0.75,0.0,0.02,0.0,0.0,0.0,0.0,0.0,0.01,0.0,0.05,0.03,0.01,0.04,0.01,0.0,0.0,0.0,0.0,0.0,0.0,0.0,0.0
221,0.022222222222222223,0.06666666666666667,0.03333333333333333,0.0,0.011111111111111112,0.0,0.011111111111111112,0.011111111111111112,0.0,0.022222222222222223,0.022222222222222223,0.0,0.0,0.0,0.0,0.022222222222222223,0.0,0.0,0.011111111111111112,0.0,0.03333333333333333,0.011111111111111112,0.0,0.0,0.03333333333333333,0.0,0.0,0.011111111111111112,0.011111111111111112,0.0,0.5888888888888889,0.0,0.011111111111111112,0.05555555555555555,0.011111111111111112,0.0,0.0,0.0,0.0
222,0.0,0.0,0.0,0.0,0.2,0.0,0.011764705882352941,0.011764705882352941,0.0,0.03529411764705882,0.0,0.0,0.0,0.0,0.0,0.6352941176470588,0.0,0.0,0.0,0.0,0.011764705882352941,0.0,0.0,0.0,0.0,0.07058823529411765,0.0,0.011764705882352941,0.011764705882352941,0.0,0.0,0.0,0.0,0.0,0.0,0.0,0.0,0.0,0.0
223,0.0,0.011235955056179775,0.011235955056179775,0.02247191011235955,0.0,0.0,0.011235955056179775,0.0,0.0,0.0,0.02247191011235955,0.0,0.0,0.02247191011235955,0.0,0.011235955056179775,0.0,0.011235955056179775,0.7752808988764045,0.0,0.0,0.0,0.0,0.011235955056179775,0.011235955056179775,0.02247191011235955,0.011235955056179775,0.0,0.0,0.011235955056179775,0.0,0.0,0.0,0.011235955056179775,0.02247191011235955,0.0,0.0,0.0,0.0
224,0.0,0.0,0.0,0.01282051282051282,0.0,0.05128205128205128,0.0,0.01282051282051282,0.0,0.0,0.02564102564102564,0.0,0.01282051282051282,0.01282051282051282,0.0,0.01282051282051282,0.0,0.48717948717948717,0.0,0.0,0.0,0.24358974358974358,0.01282051282051282,0.0,0.0,0.01282051282051282,0.0,0.0,0.0,0.01282051282051282,0.0,0.0,0.0641025641025641,0.0,0.02564102564102564,0.0,0.0,0.0,0.0
225,0.011235955056179775,0.21348314606741572,0.1348314606741573,0.02247191011235955,0.011235955056179775,0.0,0.02247191011235955,0.011235955056179775,0.0,0.02247191011235955,0.02247191011235955,0.02247191011235955,0.0,0.02247191011235955,0.02247191011235955,0.0898876404494382,0.011235955056179775,0.02247191011235955,0.0449438202247191,0.0449438202247191,0.0,0.0,0.033707865168539325,0.10112359550561797,0.011235955056179775,0.0,0.0,0.011235955056179775,0.0,0.056179775280898875,0.0,0.0,0.033707865168539325,0.0,0.0,0.0,0.0,0.0,0.0
226,0.008403361344537815,0.0,0.0,0.008403361344537815,0.07563025210084033,0.008403361344537815,0.008403361344537815,0.0,0.0,0.008403361344537815,0.008403361344537815,0.01680672268907563,0.008403361344537815,0.04201680672268908,0.008403361344537815,0.03361344537815126,0.008403361344537815,0.0,0.0,0.025210084033613446,0.25210084033613445,0.01680672268907563,0.0,0.008403361344537815,0.08403361344537816,0.0,0.01680672268907563,0.0,0.025210084033613446,0.01680672268907563,0.0,0.008403361344537815,0.01680672268907563,0.2857142857142857,0.0,0.0,0.0,0.0,0.0
227,0.0,0.0,0.0,0.0,0.0,0.0,0.0,0.0,0.0,0.0,0.0,0.0,0.0,0.013513513513513514,0.0,0.0,0.0,0.0,0.0,0.0,0.013513513513513514,0.0,0.0,0.0,0.0,0.0,0.0,0.0,0.6216216216216216,0.33783783783783783,0.013513513513513514,0.0,0.0,0.0,0.0,0.0,0.0,0.0,0.0
228,0.0,0.0,0.08849557522123894,0.008849557522123894,0.6017699115044248,0.008849557522123894,0.0,0.0,0.0,0.008849557522123894,0.017699115044247787,0.0,0.008849557522123894,0.0,0.008849557522123894,0.1504424778761062,0.008849557522123894,0.008849557522123894,0.0,0.0,0.0,0.017699115044247787,0.0,0.0,0.008849557522123894,0.017699115044247787,0.0,0.0,0.0,0.0,0.0,0.0,0.008849557522123894,0.02654867256637168,0.0,0.0,0.0,0.0,0.0
229,0.0,0.0,0.0,0.0,0.0,0.0,0.0,0.0,0.0,0.0,0.0,0.0,0.0,0.0,0.0,0.0,0.0,0.0,0.0,0.0,0.0,0.11267605633802817,0.0,0.0,0.0,0.0,0.8873239436619719,0.0,0.0,0.0,0.0,0.0,0.0,0.0,0.0,0.0,0.0,0.0,0.0
230,0.0,0.013888888888888888,0.0,0.0,0.5833333333333334,0.0,0.0,0.0,0.0,0.1527777777777778,0.0,0.0,0.0,0.027777777777777776,0.0,0.013888888888888888,0.0,0.0,0.0,0.0,0.013888888888888888,0.0,0.0,0.0,0.0,0.0,0.0,0.1388888888888889,0.0,0.0,0.0,0.0,0.0,0.05555555555555555,0.0,0.0,0.0,0.0,0.0
231,0.0,0.0,0.0,0.08035714285714286,0.0,0.008928571428571428,0.008928571428571428,0.0,0.0,0.008928571428571428,0.0,0.0,0.008928571428571428,0.0,0.008928571428571428,0.0,0.6517857142857143,0.0,0.008928571428571428,0.0,0.008928571428571428,0.0,0.0,0.0,0.0,0.05357142857142857,0.07142857142857142,0.05357142857142857,0.017857142857142856,0.0,0.008928571428571428,0.0,0.0,0.0,0.0,0.0,0.0,0.0,0.0
232,0.009708737864077669,0.06796116504854369,0.009708737864077669,0.009708737864077669,0.009708737864077669,0.0,0.0,0.019417475728155338,0.0,0.038834951456310676,0.0,0.0,0.02912621359223301,0.019417475728155338,0.0,0.0,0.0,0.0,0.019417475728155338,0.0,0.009708737864077669,0.0970873786407767,0.1262135922330097,0.2621359223300971,0.05825242718446602,0.019417475728155338,0.0,0.009708737864077669,0.0,0.0970873786407767,0.0,0.0,0.0,0.06796116504854369,0.009708737864077669,0.0,0.009708737864077669,0.0,0.0
233,0.012048192771084338,0.03614457831325301,0.6265060240963856,0.012048192771084338,0.024096385542168676,0.0,0.024096385542168676,0.012048192771084338,0.0,0.04819277108433735,0.0963855421686747,0.0,0.0,0.0,0.012048192771084338,0.0,0.012048192771084338,0.012048192771084338,0.012048192771084338,0.0,0.0,0.012048192771084338,0.0,0.0,0.012048192771084338,0.0,0.0,0.0,0.0,0.0,0.012048192771084338,0.0,0.0,0.012048192771084338,0.012048192771084338,0.0,0.0,0.0,0.0
234,0.0,0.0,0.011904761904761904,0.023809523809523808,0.0,0.023809523809523808,0.0,0.0,0.0,0.0,0.0,0.011904761904761904,0.0,0.0,0.0,0.8095238095238095,0.0,0.0,0.0,0.0,0.0,0.0,0.0,0.047619047619047616,0.0,0.011904761904761904,0.0,0.0,0.047619047619047616,0.0,0.0,0.0,0.0,0.011904761904761904,0.0,0.0,0.0,0.0,0.0
235,0.0,0.010416666666666666,0.010416666666666666,0.0,0.0,0.020833333333333332,0.0,0.0,0.010416666666666666,0.020833333333333332,0.0,0.0,0.020833333333333332,0.14583333333333334,0.0,0.010416666666666666,0.46875,0.03125,0.03125,0.052083333333333336,0.052083333333333336,0.03125,0.010416666666666666,0.0,0.0,0.0,0.010416666666666666,0.0,0.0,0.010416666666666666,0.010416666666666666,0.0,0.010416666666666666,0.020833333333333332,0.010416666666666666,0.0,0.0,0.0,0.0
236,0.0,0.022727272727272728,0.045454545454545456,0.022727272727272728,0.045454545454545456,0.0,0.022727272727272728,0.011363636363636364,0.0,0.022727272727272728,0.125,0.0,0.0,0.0,0.1590909090909091,0.0,0.09090909090909091,0.011363636363636364,0.09090909090909091,0.06818181818181818,0.0,0.03409090909090909,0.0,0.0,0.045454545454545456,0.09090909090909091,0.0,0.011363636363636364,0.011363636363636364,0.022727272727272728,0.011363636363636364,0.0,0.0,0.011363636363636364,0.022727272727272728,0.0,0.0,0.0,0.0
237,0.0,0.0,0.0,0.0,0.0,0.0,0.0,0.0,0.0,0.0,0.0,0.0,0.0,0.07352941176470588,0.0,0.0,0.0,0.0,0.0,0.0,0.0,0.0,0.0,0.0,0.0,0.8823529411764706,0.0,0.029411764705882353,0.0,0.0,0.0,0.014705882352941176,0.0,0.0,0.0,0.0,0.0,0.0,0.0
238,0.012658227848101266,0.0,0.0,0.012658227848101266,0.0,0.0,0.8354430379746836,0.0,0.0379746835443038,0.0,0.0,0.0,0.0,0.0,0.0,0.012658227848101266,0.0,0.0,0.0,0.012658227848101266,0.0,0.0,0.0,0.0,0.0,0.0,0.0,0.0379746835443038,0.012658227848101266,0.0,0.0,0.012658227848101266,0.0,0.012658227848101266,0.0,0.0,0.0,0.0,0.0
239,0.0,0.0,0.8313253012048193,0.024096385542168676,0.0,0.0,0.0,0.0,0.0,0.0,0.024096385542168676,0.0,0.0,0.0,0.0,0.0,0.0,0.12048192771084337,0.0,0.0,0.0,0.0,0.0,0.0,0.0,0.0,0.0,0.0,0.0,0.0,0.0,0.0,0.0,0.0,0.0,0.0,0.0,0.0,0.0
240,0.011627906976744186,0.023255813953488372,0.5697674418604651,0.06976744186046512,0.0,0.011627906976744186,0.0,0.023255813953488372,0.011627906976744186,0.0,0.011627906976744186,0.0,0.09302325581395349,0.03488372093023256,0.011627906976744186,0.0,0.011627906976744186,0.011627906976744186,0.03488372093023256,0.011627906976744186,0.0,0.011627906976744186,0.0,0.0,0.0,0.0,0.0,0.0,0.0,0.0,0.011627906976744186,0.0,0.011627906976744186,0.0,0.023255813953488372,0.0,0.0,0.0,0.0
241,0.0,0.0,0.0,0.0,0.0,0.0,0.0,0.014492753623188406,0.0,0.0,0.014492753623188406,0.0,0.0,0.0,0.0,0.0,0.0,0.0,0.0,0.0,0.0,0.0,0.9710144927536232,0.0,0.0,0.0,0.0,0.0,0.0,0.0,0.0,0.0,0.0,0.0,0.0,0.0,0.0,0.0,0.0
242,0.0,0.109375,0.0078125,0.1484375,0.03125,0.1171875,0.0078125,0.0078125,0.0234375,0.0078125,0.0078125,0.0,0.0078125,0.0,0.0,0.03125,0.109375,0.0,0.046875,0.0,0.0078125,0.046875,0.015625,0.046875,0.0,0.015625,0.0234375,0.0078125,0.0,0.03125,0.0078125,0.0,0.109375,0.0234375,0.0,0.0,0.0,0.0,0.0
243,0.0,0.24444444444444444,0.044444444444444446,0.0,0.0,0.0,0.1,0.0,0.0,0.25555555555555554,0.0,0.0,0.011111111111111112,0.16666666666666666,0.0,0.0,0.011111111111111112,0.011111111111111112,0.0,0.07777777777777778,0.011111111111111112,0.011111111111111112,0.011111111111111112,0.0,0.022222222222222223,0.0,0.0,0.0,0.0,0.0,0.011111111111111112,0.011111111111111112,0.0,0.0,0.0,0.0,0.0,0.0,0.0
244,0.0,0.0,0.0,0.0,0.0,0.0,0.0,0.0,0.0,0.0,0.02857142857142857,0.05714285714285714,0.0,0.014285714285714285,0.0,0.0,0.0,0.17142857142857143,0.0,0.014285714285714285,0.6714285714285714,0.014285714285714285,0.0,0.0,0.0,0.0,0.0,0.02857142857142857,0.0,0.0,0.0,0.0,0.0,0.0,0.0,0.0,0.0,0.0,0.0
245,0.007246376811594203,0.014492753623188406,0.007246376811594203,0.028985507246376812,0.0,0.0,0.014492753623188406,0.0,0.014492753623188406,0.0,0.0,0.0,0.0,0.0,0.4782608695652174,0.014492753623188406,0.007246376811594203,0.0,0.0,0.08695652173913043,0.021739130434782608,0.007246376811594203,0.050724637681159424,0.0,0.007246376811594203,0.014492753623188406,0.057971014492753624,0.021739130434782608,0.028985507246376812,0.021739130434782608,0.007246376811594203,0.014492753623188406,0.014492753623188406,0.057971014492753624,0.0,0.0,0.0,0.0,0.0
246,0.0,0.0,0.02127659574468085,0.20212765957446807,0.02127659574468085,0.02127659574468085,0.0,0.0,0.010638297872340425,0.010638297872340425,0.031914893617021274,0.0,0.0,0.0,0.0,0.0,0.02127659574468085,0.010638297872340425,0.010638297872340425,0.0,0.0,0.02127659574468085,0.010638297872340425,0.010638297872340425,0.02127659574468085,0.010638297872340425,0.0,0.02127659574468085,0.0,0.5212765957446809,0.010638297872340425,0.0,0.0,0.010638297872340425,0.0,0.0,0.0,0.0,0.0
247,0.0,0.0,0.012048192771084338,0.0,0.0,0.0,0.0,0.012048192771084338,0.0,0.0,0.0,0.0,0.0,0.0,0.07228915662650602,0.0,0.0,0.0,0.0,0.0,0.012048192771084338,0.0,0.0,0.0,0.0,0.024096385542168676,0.04819277108433735,0.0,0.0,0.0,0.8072289156626506,0.012048192771084338,0.0,0.0,0.0,0.0,0.0,0.0,0.0
248,0.0,0.012345679012345678,0.012345679012345678,0.024691358024691357,0.024691358024691357,0.012345679012345678,0.0,0.012345679012345678,0.012345679012345678,0.0,0.0,0.0,0.0,0.0,0.08641975308641975,0.0,0.012345679012345678,0.0,0.012345679012345678,0.012345679012345678,0.0,0.0,0.0,0.012345679012345678,0.0,0.0,0.7283950617283951,0.0,0.012345679012345678,0.0,0.012345679012345678,0.0,0.0,0.0,0.0,0.0,0.0,0.0,0.0
249,0.0,0.03125,0.010416666666666666,0.010416666666666666,0.0,0.0,0.010416666666666666,0.010416666666666666,0.0,0.010416666666666666,0.0,0.0,0.0,0.010416666666666666,0.010416666666666666,0.0,0.0,0.010416666666666666,0.0,0.020833333333333332,0.0,0.17708333333333334,0.0,0.010416666666666666,0.5,0.03125,0.020833333333333332,0.010416666666666666,0.0,0.010416666666666666,0.0,0.010416666666666666,0.03125,0.0625,0.0,0.0,0.0,0.0,0.0
250,0.0,0.0,0.024096385542168676,0.0,0.0,0.012048192771084338,0.012048192771084338,0.024096385542168676,0.024096385542168676,0.024096385542168676,0.012048192771084338,0.0,0.0,0.03614457831325301,0.0,0.012048192771084338,0.012048192771084338,0.0,0.0,0.0,0.012048192771084338,0.024096385542168676,0.6746987951807228,0.0,0.024096385542168676,0.012048192771084338,0.012048192771084338,0.012048192771084338,0.0,0.012048192771084338,0.0,0.0,0.0,0.024096385542168676,0.0,0.0,0.0,0.0,0.0
251,0.0,0.013157894736842105,0.013157894736842105,0.0,0.0,0.013157894736842105,0.0,0.0,0.013157894736842105,0.013157894736842105,0.0,0.013157894736842105,0.0,0.013157894736842105,0.0,0.0,0.0,0.0,0.0,0.0,0.0,0.0,0.0,0.0,0.0,0.013157894736842105,0.0,0.0,0.0,0.0,0.0,0.881578947368421,0.013157894736842105,0.0,0.0,0.0,0.0,0.0,0.0
252,0.0,0.0,0.0,0.0,0.0,0.0136986301369863,0.0,0.0,0.0,0.0,0.0273972602739726,0.0,0.0273972602739726,0.0,0.0,0.0,0.0,0.0136986301369863,0.0,0.0,0.0,0.0273972602739726,0.0,0.0,0.0,0.0,0.8356164383561644,0.0410958904109589,0.0,0.0,0.0,0.0136986301369863,0.0,0.0,0.0,0.0,0.0,0.0,0.0
253,0.0,0.028985507246376812,0.18840579710144928,0.057971014492753624,0.10144927536231885,0.07246376811594203,0.11594202898550725,0.0,0.0,0.0,0.0,0.014492753623188406,0.0,0.14492753623188406,0.0,0.10144927536231885,0.0,0.0,0.0,0.014492753623188406,0.0,0.0,0.0,0.0,0.0,0.014492753623188406,0.043478260869565216,0.057971014492753624,0.0,0.0,0.028985507246376812,0.014492753623188406,0.0,0.0,0.0,0.0,0.0,0.0,0.0
254,0.0,0.011764705882352941,0.0,0.011764705882352941,0.10588235294117647,0.0,0.0,0.5529411764705883,0.023529411764705882,0.0,0.0,0.0,0.03529411764705882,0.0,0.011764705882352941,0.0,0.011764705882352941,0.0,0.0,0.0,0.07058823529411765,0.011764705882352941,0.058823529411764705,0.0,0.0,0.058823529411764705,0.0,0.0,0.0,0.011764705882352941,0.0,0.0,0.011764705882352941,0.011764705882352941,0.0,0.0,0.0,0.0,0.0
255,0.06578947368421052,0.0,0.013157894736842105,0.0,0.0,0.0,0.02631578947368421,0.0,0.013157894736842105,0.039473684210526314,0.0,0.0,0.0,0.0,0.05263157894736842,0.0,0.2894736842105263,0.02631578947368421,0.2894736842105263,0.02631578947368421,0.02631578947368421,0.0,0.0,0.0,0.02631578947368421,0.0,0.0,0.0,0.0,0.0,0.10526315789473684,0.0,0.0,0.0,0.0,0.0,0.0,0.0,0.0
256,0.0,0.023809523809523808,0.7738095238095238,0.011904761904761904,0.0,0.0,0.0,0.0,0.011904761904761904,0.0,0.0,0.0,0.0,0.03571428571428571,0.0,0.0,0.0,0.011904761904761904,0.023809523809523808,0.0,0.0,0.0,0.011904761904761904,0.0,0.023809523809523808,0.0,0.023809523809523808,0.0,0.0,0.0,0.011904761904761904,0.0,0.0,0.03571428571428571,0.0,0.0,0.0,0.0,0.0
257,0.0,0.014705882352941176,0.0,0.0,0.0,0.0,0.029411764705882353,0.0,0.0,0.0,0.0,0.0,0.0,0.0,0.0,0.0,0.029411764705882353,0.0,0.0,0.0,0.0,0.0,0.0,0.0,0.0,0.0,0.9117647058823529,0.0,0.0,0.0,0.0,0.0,0.014705882352941176,0.0,0.0,0.0,0.0,0.0,0.0
258,0.0,0.07792207792207792,0.012987012987012988,0.012987012987012988,0.025974025974025976,0.0,0.012987012987012988,0.0,0.0,0.0,0.0,0.0,0.0,0.6623376623376623,0.0,0.0,0.15584415584415584,0.0,0.0,0.0,0.0,0.0,0.0,0.0,0.0,0.0,0.025974025974025976,0.012987012987012988,0.0,0.0,0.0,0.0,0.0,0.0,0.0,0.0,0.0,0.0,0.0
259,0.0,0.012048192771084338,0.024096385542168676,0.012048192771084338,0.0,0.012048192771084338,0.0,0.0,0.012048192771084338,0.024096385542168676,0.0,0.0,0.0,0.0,0.0,0.7108433734939759,0.0,0.012048192771084338,0.012048192771084338,0.0,0.012048192771084338,0.024096385542168676,0.0,0.012048192771084338,0.012048192771084338,0.024096385542168676,0.024096385542168676,0.0,0.03614457831325301,0.012048192771084338,0.0,0.0,0.012048192771084338,0.0,0.0,0.0,0.0,0.0,0.0
260,0.0,0.0,0.029850746268656716,0.0,0.0,0.0,0.0,0.0,0.0,0.835820895522388,0.0,0.0,0.0,0.0,0.014925373134328358,0.029850746268656716,0.029850746268656716,0.0,0.0,0.014925373134328358,0.0,0.0,0.0,0.0,0.0,0.0,0.029850746268656716,0.0,0.014925373134328358,0.0,0.0,0.0,0.0,0.0,0.0,0.0,0.0,0.0,0.0
261,0.008064516129032258,0.04032258064516129,0.0,0.008064516129032258,0.0,0.016129032258064516,0.0,0.016129032258064516,0.008064516129032258,0.008064516129032258,0.016129032258064516,0.008064516129032258,0.0,0.0,0.03225806451612903,0.008064516129032258,0.016129032258064516,0.024193548387096774,0.22580645161290322,0.04838709677419355,0.0,0.024193548387096774,0.0,0.0,0.0,0.0,0.27419354838709675,0.0,0.016129032258064516,0.14516129032258066,0.008064516129032258,0.0,0.03225806451612903,0.008064516129032258,0.008064516129032258,0.0,0.0,0.0,0.0
262,0.0,0.0,0.0,0.0,0.0,0.0,0.0136986301369863,0.0,0.0,0.0,0.0,0.0,0.7123287671232876,0.0,0.0,0.0,0.0,0.0,0.0136986301369863,0.0,0.0136986301369863,0.0273972602739726,0.0,0.0,0.0,0.0136986301369863,0.1917808219178082,0.0136986301369863,0.0,0.0,0.0,0.0,0.0,0.0,0.0,0.0,0.0,0.0,0.0
263,0.0,0.0,0.5368421052631579,0.05263157894736842,0.0,0.010526315789473684,0.21052631578947367,0.0,0.0,0.0,0.010526315789473684,0.0,0.010526315789473684,0.0,0.010526315789473684,0.021052631578947368,0.0,0.0,0.0,0.0,0.010526315789473684,0.0,0.042105263157894736,0.0,0.0,0.0,0.010526315789473684,0.031578947368421054,0.010526315789473684,0.010526315789473684,0.010526315789473684,0.0,0.010526315789473684,0.0,0.0,0.0,0.0,0.0,0.0
264,0.0,0.0449438202247191,0.0,0.0,0.02247191011235955,0.0,0.0,0.0,0.0,0.23595505617977527,0.02247191011235955,0.0,0.0,0.21348314606741572,0.011235955056179775,0.033707865168539325,0.02247191011235955,0.02247191011235955,0.02247191011235955,0.0,0.0,0.0,0.011235955056179775,0.011235955056179775,0.02247191011235955,0.06741573033707865,0.0,0.011235955056179775,0.011235955056179775,0.0,0.20224719101123595,0.0,0.0,0.011235955056179775,0.0,0.0,0.0,0.0,0.0
265,0.0,0.0,0.0,0.0,0.0,0.0,0.0,0.0,0.012048192771084338,0.024096385542168676,0.0,0.0,0.0,0.0,0.012048192771084338,0.0,0.8795180722891566,0.0,0.0,0.0,0.0,0.024096385542168676,0.0,0.0,0.0,0.0,0.0,0.0,0.012048192771084338,0.0,0.0,0.0,0.012048192771084338,0.024096385542168676,0.0,0.0,0.0,0.0,0.0
266,0.0,0.011494252873563218,0.06896551724137931,0.0,0.011494252873563218,0.0,0.011494252873563218,0.011494252873563218,0.0,0.011494252873563218,0.0,0.011494252873563218,0.0,0.0,0.034482758620689655,0.0,0.011494252873563218,0.0,0.011494252873563218,0.0,0.0,0.0,0.011494252873563218,0.0,0.0,0.0,0.0,0.011494252873563218,0.04597701149425287,0.6551724137931034,0.022988505747126436,0.034482758620689655,0.0,0.022988505747126436,0.0,0.0,0.0,0.0,0.0
267,0.01818181818181818,0.00909090909090909,0.00909090909090909,0.01818181818181818,0.00909090909090909,0.01818181818181818,0.02727272727272727,0.00909090909090909,0.0,0.00909090909090909,0.02727272727272727,0.0,0.0,0.01818181818181818,0.00909090909090909,0.03636363636363636,0.00909090909090909,0.01818181818181818,0.03636363636363636,0.00909090909090909,0.09090909090909091,0.01818181818181818,0.0,0.03636363636363636,0.0,0.01818181818181818,0.02727272727272727,0.02727272727272727,0.00909090909090909,0.43636363636363634,0.00909090909090909,0.0,0.02727272727272727,0.0,0.0,0.00909090909090909,0.0,0.0,0.0
268,0.012658227848101266,0.0,0.0,0.0,0.02531645569620253,0.012658227848101266,0.0,0.0,0.0,0.0379746835443038,0.0,0.0,0.0,0.0,0.012658227848101266,0.02531645569620253,0.012658227848101266,0.0,0.0,0.0,0.0,0.0,0.0,0.0,0.012658227848101266,0.0,0.02531645569620253,0.012658227848101266,0.7974683544303798,0.0,0.012658227848101266,0.0,0.0,0.0,0.0,0.0,0.0,0.0,0.0
269,0.0,0.0,0.011627906976744186,0.011627906976744186,0.011627906976744186,0.10465116279069768,0.0,0.0,0.011627906976744186,0.0,0.0,0.011627906976744186,0.0,0.011627906976744186,0.7093023255813954,0.0,0.046511627906976744,0.0,0.0,0.0,0.0,0.0,0.0,0.0,0.0,0.011627906976744186,0.011627906976744186,0.011627906976744186,0.023255813953488372,0.011627906976744186,0.0,0.0,0.0,0.0,0.0,0.0,0.0,0.0,0.0
270,0.0,0.0,0.0,0.0,0.0,0.014492753623188406,0.0,0.0,0.0,0.0,0.014492753623188406,0.0,0.0,0.014492753623188406,0.13043478260869565,0.782608695652174,0.0,0.0,0.0,0.0,0.0,0.014492753623188406,0.0,0.0,0.0,0.0,0.028985507246376812,0.0,0.0,0.0,0.0,0.0,0.0,0.0,0.0,0.0,0.0,0.0,0.0
271,0.0,0.0379746835443038,0.05063291139240506,0.0,0.05063291139240506,0.012658227848101266,0.0,0.012658227848101266,0.012658227848101266,0.2911392405063291,0.0,0.22784810126582278,0.0,0.0,0.02531645569620253,0.0,0.012658227848101266,0.012658227848101266,0.0,0.0,0.012658227848101266,0.012658227848101266,0.0,0.0,0.08860759493670886,0.0,0.0,0.0,0.0,0.0,0.11392405063291139,0.012658227848101266,0.0,0.0,0.012658227848101266,0.0,0.0,0.0,0.0
272,0.0,0.01282051282051282,0.01282051282051282,0.01282051282051282,0.0,0.01282051282051282,0.0,0.01282051282051282,0.0,0.0,0.0,0.0,0.0,0.0,0.7692307692307693,0.0641025641025641,0.01282051282051282,0.0,0.01282051282051282,0.0,0.0,0.01282051282051282,0.0,0.0,0.0,0.0,0.02564102564102564,0.02564102564102564,0.0,0.0,0.0,0.01282051282051282,0.0,0.0,0.0,0.0,0.0,0.0,0.0
273,0.0,0.0,0.0,0.0125,0.0,0.0,0.0,0.0,0.0125,0.0,0.0,0.0,0.0,0.0125,0.0,0.0,0.0,0.0,0.0,0.0,0.0,0.0,0.0,0.0,0.0,0.0,0.725,0.05,0.0375,0.0125,0.0,0.075,0.0,0.0625,0.0,0.0,0.0,0.0,0.0
274,0.0,0.04,0.0,0.0,0.0,0.0,0.0,0.013333333333333334,0.0,0.0,0.0,0.0,0.32,0.13333333333333333,0.0,0.10666666666666667,0.0,0.0,0.25333333333333335,0.08,0.02666666666666667,0.013333333333333334,0.0,0.0,0.0,0.0,0.0,0.0,0.0,0.0,0.0,0.0,0.013333333333333334,0.0,0.0,0.0,0.0,0.0,0.0
275,0.007407407407407408,0.1111111111111111,0.0,0.022222222222222223,0.022222222222222223,0.014814814814814815,0.007407407407407408,0.014814814814814815,0.007407407407407408,0.02962962962962963,0.007407407407407408,0.0,0.0,0.022222222222222223,0.06666666666666667,0.0,0.007407407407407408,0.07407407407407407,0.014814814814814815,0.02962962962962963,0.07407407407407407,0.044444444444444446,0.022222222222222223,0.0,0.022222222222222223,0.007407407407407408,0.05185185185185185,0.044444444444444446,0.037037037037037035,0.07407407407407407,0.014814814814814815,0.02962962962962963,0.0,0.02962962962962963,0.06666666666666667,0.007407407407407408,0.0,0.014814814814814815,0.0
276,0.0,0.009345794392523364,0.0,0.009345794392523364,0.09345794392523364,0.0,0.009345794392523364,0.0,0.0,0.0,0.0,0.0,0.0,0.0,0.009345794392523364,0.009345794392523364,0.037383177570093455,0.037383177570093455,0.018691588785046728,0.009345794392523364,0.0,0.0,0.028037383177570093,0.0,0.0,0.009345794392523364,0.009345794392523364,0.0,0.5700934579439252,0.1308411214953271,0.0,0.0,0.0,0.009345794392523364,0.0,0.0,0.0,0.0,0.0
277,0.20634920634920634,0.015873015873015872,0.0,0.0,0.0,0.0,0.0,0.0,0.0,0.47619047619047616,0.0,0.0,0.0,0.0,0.0,0.0,0.0,0.0,0.0,0.0,0.0,0.0,0.0,0.0,0.0,0.0,0.0,0.0,0.12698412698412698,0.0,0.015873015873015872,0.15873015873015872,0.0,0.0,0.0,0.0,0.0,0.0,0.0
278,0.0,0.0,0.0,0.0,0.0,0.0,0.01282051282051282,0.038461538461538464,0.0,0.07692307692307693,0.0,0.0,0.01282051282051282,0.0,0.0,0.0641025641025641,0.02564102564102564,0.0,0.0,0.10256410256410256,0.01282051282051282,0.07692307692307693,0.038461538461538464,0.19230769230769232,0.0,0.01282051282051282,0.01282051282051282,0.038461538461538464,0.01282051282051282,0.01282051282051282,0.01282051282051282,0.19230769230769232,0.038461538461538464,0.01282051282051282,0.0,0.0,0.0,0.0,0.0
279,0.008,0.0,0.048,0.04,0.096,0.016,0.0,0.008,0.008,0.008,0.016,0.0,0.0,0.008,0.0,0.016,0.008,0.008,0.016,0.0,0.0,0.032,0.008,0.008,0.008,0.024,0.024,0.016,0.008,0.536,0.0,0.008,0.008,0.0,0.016,0.0,0.0,0.0,0.0
280,0.01904761904761905,0.23809523809523808,0.009523809523809525,0.009523809523809525,0.0,0.02857142857142857,0.009523809523809525,0.0,0.0,0.0,0.17142857142857143,0.0,0.0,0.02857142857142857,0.009523809523809525,0.0,0.08571428571428572,0.01904761904761905,0.11428571428571428,0.009523809523809525,0.0,0.08571428571428572,0.06666666666666667,0.0,0.0,0.0,0.009523809523809525,0.009523809523809525,0.009523809523809525,0.009523809523809525,0.0380952380952381,0.0,0.009523809523809525,0.0,0.009523809523809525,0.0,0.0,0.0,0.0
281,0.0,0.013157894736842105,0.07894736842105263,0.07894736842105263,0.0,0.0,0.02631578947368421,0.0,0.013157894736842105,0.0,0.02631578947368421,0.0,0.0,0.013157894736842105,0.0,0.013157894736842105,0.013157894736842105,0.0,0.0,0.0,0.0,0.013157894736842105,0.0,0.013157894736842105,0.0,0.0,0.013157894736842105,0.07894736842105263,0.0,0.0,0.0,0.0,0.0,0.0,0.5789473684210527,0.013157894736842105,0.013157894736842105,0.0,0.0
282,0.0,0.007874015748031496,0.007874015748031496,0.023622047244094488,0.0,0.007874015748031496,0.023622047244094488,0.0,0.007874015748031496,0.0,0.015748031496062992,0.0,0.0,0.0,0.0,0.015748031496062992,0.007874015748031496,0.023622047244094488,0.031496062992125984,0.007874015748031496,0.0,0.031496062992125984,0.2283464566929134,0.07086614173228346,0.047244094488188976,0.031496062992125984,0.0,0.03937007874015748,0.03937007874015748,0.06299212598425197,0.023622047244094488,0.007874015748031496,0.11023622047244094,0.10236220472440945,0.015748031496062992,0.0,0.0,0.007874015748031496,0.0
283,0.041666666666666664,0.041666666666666664,0.041666666666666664,0.027777777777777776,0.013888888888888888,0.0,0.06944444444444445,0.05555555555555555,0.0,0.041666666666666664,0.05555555555555555,0.041666666666666664,0.041666666666666664,0.06944444444444445,0.013888888888888888,0.05555555555555555,0.013888888888888888,0.027777777777777776,0.06944444444444445,0.0,0.05555555555555555,0.013888888888888888,0.027777777777777776,0.027777777777777776,0.0,0.027777777777777776,0.027777777777777776,0.0,0.0,0.027777777777777776,0.013888888888888888,0.013888888888888888,0.013888888888888888,0.027777777777777776,0.0,0.0,0.0,0.0,0.0
284,0.0,0.06578947368421052,0.013157894736842105,0.0,0.02631578947368421,0.0,0.02631578947368421,0.0,0.0,0.0,0.0,0.0,0.0,0.0,0.0,0.013157894736842105,0.7368421052631579,0.0,0.0,0.0,0.013157894736842105,0.0,0.013157894736842105,0.013157894736842105,0.0,0.0,0.013157894736842105,0.013157894736842105,0.0,0.02631578947368421,0.0,0.0,0.0,0.013157894736842105,0.013157894736842105,0.0,0.0,0.0,0.0
285,0.011363636363636364,0.11363636363636363,0.03409090909090909,0.06818181818181818,0.0,0.03409090909090909,0.056818181818181816,0.26136363636363635,0.0,0.0,0.03409090909090909,0.0,0.0,0.0,0.0,0.0,0.0,0.056818181818181816,0.0,0.0,0.011363636363636364,0.0,0.056818181818181816,0.0,0.03409090909090909,0.011363636363636364,0.011363636363636364,0.011363636363636364,0.011363636363636364,0.0,0.011363636363636364,0.0,0.011363636363636364,0.13636363636363635,0.022727272727272728,0.0,0.0,0.0,0.0
286,0.0,0.0,0.014084507042253521,0.0,0.028169014084507043,0.704225352112676,0.014084507042253521,0.0,0.0,0.07042253521126761,0.028169014084507043,0.0,0.0,0.028169014084507043,0.014084507042253521,0.0,0.0,0.014084507042253521,0.0,0.028169014084507043,0.014084507042253521,0.0,0.0,0.0,0.0,0.0,0.014084507042253521,0.0,0.0,0.0,0.014084507042253521,0.0,0.0,0.014084507042253521,0.0,0.0,0.0,0.0,0.0
287,0.0,0.0,0.013513513513513514,0.0,0.013513513513513514,0.0,0.5405405405405406,0.28378378378378377,0.0,0.0,0.0,0.0,0.0,0.0,0.0,0.0,0.0,0.013513513513513514,0.013513513513513514,0.0,0.013513513513513514,0.013513513513513514,0.0,0.013513513513513514,0.0,0.0,0.0,0.013513513513513514,0.05405405405405406,0.0,0.013513513513513514,0.0,0.0,0.0,0.0,0.0,0.0,0.0,0.0
288,0.031746031746031744,0.031746031746031744,0.06349206349206349,0.07936507936507936,0.047619047619047616,0.015873015873015872,0.0,0.14285714285714285,0.015873015873015872,0.015873015873015872,0.0,0.0,0.0,0.0,0.0,0.031746031746031744,0.07936507936507936,0.015873015873015872,0.015873015873015872,0.015873015873015872,0.09523809523809523,0.047619047619047616,0.0,0.0,0.0,0.0,0.015873015873015872,0.015873015873015872,0.015873015873015872,0.0,0.0,0.047619047619047616,0.15873015873015872,0.0,0.0,0.0,0.0,0.0,0.0
289,0.0,0.0,0.013888888888888888,0.013888888888888888,0.0,0.0,0.0,0.0,0.013888888888888888,0.0,0.0,0.8611111111111112,0.013888888888888888,0.013888888888888888,0.013888888888888888,0.027777777777777776,0.0,0.013888888888888888,0.0,0.0,0.0,0.0,0.0,0.0,0.0,0.0,0.0,0.013888888888888888,0.0,0.0,0.0,0.0,0.0,0.0,0.0,0.0,0.0,0.0,0.0
290,0.014705882352941176,0.10294117647058823,0.04411764705882353,0.0,0.0,0.0,0.1323529411764706,0.014705882352941176,0.0,0.0,0.0,0.0,0.22058823529411764,0.0,0.014705882352941176,0.0,0.0,0.014705882352941176,0.0,0.0,0.0,0.04411764705882353,0.029411764705882353,0.16176470588235295,0.0,0.0,0.0,0.04411764705882353,0.0,0.029411764705882353,0.029411764705882353,0.10294117647058823,0.0,0.0,0.0,0.0,0.0,0.0,0.0
291,0.0,0.014492753623188406,0.0,0.0,0.0,0.0,0.0,0.0,0.0,0.0,0.014492753623188406,0.0,0.028985507246376812,0.0,0.0,0.0,0.0,0.014492753623188406,0.014492753623188406,0.0,0.014492753623188406,0.8405797101449275,0.0,0.0,0.028985507246376812,0.0,0.014492753623188406,0.0,0.0,0.0,0.0,0.0,0.0,0.014492753623188406,0.0,0.0,0.0,0.0,0.0
292,0.0,0.020202020202020204,0.010101010101010102,0.0,0.010101010101010102,0.010101010101010102,0.0,0.010101010101010102,0.0,0.0,0.0,0.0,0.0,0.0,0.0,0.010101010101010102,0.0,0.020202020202020204,0.0,0.0,0.0,0.0,0.010101010101010102,0.0,0.0,0.08080808080808081,0.020202020202020204,0.0,0.0,0.010101010101010102,0.010101010101010102,0.7777777777777778,0.0,0.0,0.0,0.0,0.0,0.0,0.0
293,0.0,0.10869565217391304,0.010869565217391304,0.31521739130434784,0.09782608695652174,0.0,0.021739130434782608,0.0,0.0,0.0,0.0,0.0,0.021739130434782608,0.0,0.0,0.0,0.0,0.0,0.0,0.0,0.010869565217391304,0.043478260869565216,0.0,0.0,0.010869565217391304,0.010869565217391304,0.0,0.010869565217391304,0.010869565217391304,0.09782608695652174,0.10869565217391304,0.05434782608695652,0.05434782608695652,0.010869565217391304,0.0,0.0,0.0,0.0,0.0
294,0.0,0.19117647058823528,0.0,0.029411764705882353,0.3382352941176471,0.04411764705882353,0.014705882352941176,0.0,0.014705882352941176,0.0,0.0,0.0,0.014705882352941176,0.0,0.0,0.0,0.014705882352941176,0.04411764705882353,0.0,0.029411764705882353,0.0,0.0,0.029411764705882353,0.0,0.04411764705882353,0.07352941176470588,0.07352941176470588,0.014705882352941176,0.0,0.0,0.014705882352941176,0.0,0.0,0.014705882352941176,0.0,0.0,0.0,0.0,0.0
295,0.0,0.0,0.0,0.04819277108433735,0.012048192771084338,0.0,0.012048192771084338,0.0,0.0,0.0,0.012048192771084338,0.0,0.0,0.0,0.0,0.0,0.0,0.0,0.012048192771084338,0.0,0.0,0.7710843373493976,0.0,0.060240963855421686,0.0,0.0,0.0,0.012048192771084338,0.0,0.0,0.0,0.0,0.024096385542168676,0.024096385542168676,0.0,0.012048192771084338,0.0,0.0,0.0
296,0.0,0.125,0.046875,0.015625,0.0,0.03125,0.015625,0.203125,0.109375,0.0,0.046875,0.03125,0.015625,0.03125,0.015625,0.015625,0.0,0.09375,0.03125,0.0,0.0,0.015625,0.03125,0.0,0.0,0.015625,0.0,0.015625,0.0,0.0,0.015625,0.015625,0.046875,0.0,0.015625,0.0,0.0,0.0,0.0
297,0.0,0.37349397590361444,0.0,0.0,0.012048192771084338,0.0,0.04819277108433735,0.012048192771084338,0.012048192771084338,0.0,0.012048192771084338,0.0,0.012048192771084338,0.04819277108433735,0.0,0.0,0.0,0.012048192771084338,0.012048192771084338,0.04819277108433735,0.012048192771084338,0.21686746987951808,0.0,0.0,0.07228915662650602,0.03614457831325301,0.0,0.0,0.012048192771084338,0.012048192771084338,0.0,0.0,0.0,0.012048192771084338,0.012048192771084338,0.0,0.0,0.012048192771084338,0.0
298,0.0,0.0,0.0,0.014705882352941176,0.0,0.0,0.0,0.014705882352941176,0.0,0.0,0.0,0.0,0.0,0.0,0.0,0.0,0.014705882352941176,0.0,0.029411764705882353,0.0,0.0,0.014705882352941176,0.0,0.0,0.0,0.014705882352941176,0.8823529411764706,0.0,0.0,0.0,0.0,0.014705882352941176,0.0,0.0,0.0,0.0,0.0,0.0,0.0
299,0.0,0.010752688172043012,0.0,0.08602150537634409,0.0,0.043010752688172046,0.0,0.0,0.0,0.021505376344086023,0.3118279569892473,0.0,0.0,0.0,0.0,0.0,0.010752688172043012,0.07526881720430108,0.010752688172043012,0.0,0.010752688172043012,0.0967741935483871,0.0,0.0,0.0,0.0,0.0,0.010752688172043012,0.0,0.1935483870967742,0.0,0.0,0.0,0.10752688172043011,0.010752688172043012,0.0,0.0,0.0,0.0
300,0.0,0.11827956989247312,0.0,0.021505376344086023,0.08602150537634409,0.010752688172043012,0.0,0.03225806451612903,0.03225806451612903,0.021505376344086023,0.053763440860215055,0.0,0.0,0.021505376344086023,0.021505376344086023,0.021505376344086023,0.07526881720430108,0.03225806451612903,0.010752688172043012,0.0,0.021505376344086023,0.07526881720430108,0.03225806451612903,0.010752688172043012,0.053763440860215055,0.043010752688172046,0.03225806451612903,0.043010752688172046,0.021505376344086023,0.03225806451612903,0.03225806451612903,0.0,0.010752688172043012,0.03225806451612903,0.0,0.0,0.0,0.0,0.0
301,0.0,0.02666666666666667,0.013333333333333334,0.0,0.0,0.0,0.013333333333333334,0.0,0.0,0.0,0.0,0.0,0.013333333333333334,0.013333333333333334,0.0,0.0,0.0,0.0,0.013333333333333334,0.0,0.013333333333333334,0.5733333333333334,0.013333333333333334,0.013333333333333334,0.0,0.013333333333333334,0.04,0.02666666666666667,0.0,0.0,0.013333333333333334,0.0,0.013333333333333334,0.18666666666666668,0.0,0.0,0.0,0.0,0.0
302,0.0,0.014285714285714285,0.0,0.014285714285714285,0.0,0.0,0.014285714285714285,0.02857142857142857,0.0,0.0,0.0,0.0,0.014285714285714285,0.0,0.014285714285714285,0.02857142857142857,0.0,0.0,0.0,0.0,0.0,0.0,0.0,0.0,0.014285714285714285,0.0,0.7714285714285715,0.0,0.05714285714285714,0.0,0.014285714285714285,0.0,0.014285714285714285,0.0,0.0,0.0,0.0,0.0,0.0
303,0.0,0.03278688524590164,0.03278688524590164,0.01639344262295082,0.01639344262295082,0.06557377049180328,0.0,0.0,0.0,0.01639344262295082,0.0,0.0,0.01639344262295082,0.01639344262295082,0.0,0.0,0.01639344262295082,0.04918032786885246,0.0,0.06557377049180328,0.3114754098360656,0.04918032786885246,0.01639344262295082,0.01639344262295082,0.0,0.0,0.0,0.0,0.01639344262295082,0.06557377049180328,0.13114754098360656,0.01639344262295082,0.0,0.03278688524590164,0.0,0.0,0.0,0.0,0.0
304,0.0,0.1388888888888889,0.013888888888888888,0.1111111111111111,0.013888888888888888,0.0,0.0,0.3194444444444444,0.013888888888888888,0.027777777777777776,0.0,0.0,0.0,0.013888888888888888,0.013888888888888888,0.027777777777777776,0.013888888888888888,0.0,0.027777777777777776,0.013888888888888888,0.0,0.041666666666666664,0.06944444444444445,0.013888888888888888,0.0,0.013888888888888888,0.0,0.0,0.013888888888888888,0.027777777777777776,0.013888888888888888,0.013888888888888888,0.0,0.027777777777777776,0.013888888888888888,0.0,0.0,0.0,0.0
305,0.0,0.34782608695652173,0.0,0.043478260869565216,0.0,0.0,0.010869565217391304,0.0,0.010869565217391304,0.0,0.0,0.010869565217391304,0.14130434782608695,0.0,0.0,0.043478260869565216,0.010869565217391304,0.0,0.0,0.021739130434782608,0.07608695652173914,0.0,0.0,0.021739130434782608,0.06521739130434782,0.021739130434782608,0.021739130434782608,0.0,0.021739130434782608,0.0,0.13043478260869565,0.0,0.0,0.0,0.0,0.0,0.0,0.0,0.0
306,0.014705882352941176,0.04411764705882353,0.029411764705882353,0.0,0.10294117647058823,0.014705882352941176,0.014705882352941176,0.0,0.058823529411764705,0.029411764705882353,0.029411764705882353,0.0,0.07352941176470588,0.0,0.029411764705882353,0.014705882352941176,0.04411764705882353,0.04411764705882353,0.0,0.029411764705882353,0.07352941176470588,0.10294117647058823,0.0,0.014705882352941176,0.07352941176470588,0.029411764705882353,0.014705882352941176,0.04411764705882353,0.014705882352941176,0.029411764705882353,0.0,0.0,0.029411764705882353,0.0,0.0,0.0,0.0,0.0,0.0
307,0.0,0.0,0.0,0.013333333333333334,0.7733333333333333,0.013333333333333334,0.13333333333333333,0.0,0.0,0.0,0.0,0.0,0.013333333333333334,0.0,0.0,0.0,0.0,0.0,0.0,0.0,0.0,0.0,0.0,0.0,0.0,0.0,0.0,0.013333333333333334,0.0,0.0,0.013333333333333334,0.0,0.0,0.02666666666666667,0.0,0.0,0.0,0.0,0.0
308,0.011627906976744186,0.011627906976744186,0.023255813953488372,0.011627906976744186,0.011627906976744186,0.023255813953488372,0.011627906976744186,0.0,0.011627906976744186,0.5697674418604651,0.011627906976744186,0.011627906976744186,0.011627906976744186,0.0,0.011627906976744186,0.011627906976744186,0.046511627906976744,0.023255813953488372,0.011627906976744186,0.0,0.0,0.011627906976744186,0.0,0.011627906976744186,0.011627906976744186,0.023255813953488372,0.011627906976744186,0.0,0.0,0.03488372093023256,0.0,0.0,0.0,0.03488372093023256,0.03488372093023256,0.0,0.0,0.0,0.0
309,0.0,0.0,0.0,0.0,0.0,0.9344262295081968,0.0,0.0,0.0,0.0,0.0,0.0,0.0,0.0,0.04918032786885246,0.0,0.0,0.0,0.0,0.0,0.0,0.0,0.0,0.0,0.0,0.0,0.0,0.0,0.0,0.0,0.0,0.0,0.01639344262295082,0.0,0.0,0.0,0.0,0.0,0.0
310,0.0,0.011235955056179775,0.056179775280898875,0.0,0.011235955056179775,0.033707865168539325,0.0449438202247191,0.0,0.011235955056179775,0.033707865168539325,0.0,0.011235955056179775,0.011235955056179775,0.12359550561797752,0.0,0.06741573033707865,0.011235955056179775,0.011235955056179775,0.0449438202247191,0.033707865168539325,0.033707865168539325,0.07865168539325842,0.02247191011235955,0.02247191011235955,0.0449438202247191,0.0,0.011235955056179775,0.011235955056179775,0.056179775280898875,0.0898876404494382,0.033707865168539325,0.033707865168539325,0.011235955056179775,0.02247191011235955,0.011235955056179775,0.0,0.0,0.0,0.0
311,0.0,0.0,0.022727272727272728,0.0,0.011363636363636364,0.0,0.0,0.0,0.0,0.0,0.0,0.0,0.0,0.011363636363636364,0.0,0.0,0.0,0.0,0.0,0.0,0.045454545454545456,0.0,0.0,0.0,0.0,0.0,0.0,0.0,0.8863636363636364,0.011363636363636364,0.0,0.0,0.0,0.011363636363636364,0.0,0.0,0.0,0.0,0.0
312,0.0,0.010869565217391304,0.010869565217391304,0.0,0.0,0.2608695652173913,0.0,0.010869565217391304,0.010869565217391304,0.0,0.0,0.0,0.021739130434782608,0.0,0.010869565217391304,0.010869565217391304,0.0,0.0,0.0,0.010869565217391304,0.010869565217391304,0.0,0.010869565217391304,0.0,0.010869565217391304,0.010869565217391304,0.010869565217391304,0.0,0.5434782608695652,0.043478260869565216,0.0,0.0,0.0,0.0,0.0,0.0,0.0,0.0,0.0
313,0.0,0.25,0.13157894736842105,0.05263157894736842,0.039473684210526314,0.02631578947368421,0.0,0.02631578947368421,0.02631578947368421,0.039473684210526314,0.0,0.0,0.0,0.0,0.06578947368421052,0.013157894736842105,0.013157894736842105,0.0,0.02631578947368421,0.0,0.02631578947368421,0.10526315789473684,0.0,0.0,0.02631578947368421,0.013157894736842105,0.0,0.02631578947368421,0.0,0.0,0.0,0.0,0.05263157894736842,0.02631578947368421,0.013157894736842105,0.0,0.0,0.0,0.0
314,0.0,0.6470588235294118,0.023529411764705882,0.0,0.011764705882352941,0.07058823529411765,0.0,0.011764705882352941,0.0,0.023529411764705882,0.011764705882352941,0.011764705882352941,0.0,0.0,0.023529411764705882,0.023529411764705882,0.011764705882352941,0.0,0.023529411764705882,0.0,0.023529411764705882,0.0,0.0,0.011764705882352941,0.0,0.011764705882352941,0.011764705882352941,0.0,0.0,0.0,0.0,0.047058823529411764,0.0,0.0,0.0,0.0,0.0,0.0,0.0
315,0.0,0.0,0.0,0.015625,0.0,0.0,0.0,0.0625,0.0,0.0,0.0,0.0,0.0,0.0,0.0,0.0,0.0,0.0,0.0,0.015625,0.0,0.015625,0.0,0.015625,0.015625,0.0,0.0,0.0,0.015625,0.0,0.015625,0.78125,0.046875,0.0,0.0,0.0,0.0,0.0,0.0
316,0.0,0.10638297872340426,0.0,0.0,0.0,0.0,0.0,0.0,0.6382978723404256,0.031914893617021274,0.010638297872340425,0.010638297872340425,0.010638297872340425,0.0,0.0,0.0,0.0,0.010638297872340425,0.0,0.0,0.0,0.010638297872340425,0.0,0.010638297872340425,0.05319148936170213,0.010638297872340425,0.0,0.0,0.010638297872340425,0.0,0.05319148936170213,0.031914893617021274,0.0,0.0,0.0,0.0,0.0,0.0,0.0
317,0.0,0.014705882352941176,0.0,0.0,0.029411764705882353,0.014705882352941176,0.0,0.0,0.014705882352941176,0.0,0.0,0.0,0.014705882352941176,0.0,0.0,0.0,0.0,0.11764705882352941,0.0,0.014705882352941176,0.0,0.0,0.0,0.0,0.0,0.014705882352941176,0.0,0.0,0.0,0.0,0.058823529411764705,0.6764705882352942,0.014705882352941176,0.014705882352941176,0.0,0.0,0.0,0.0,0.0
318,0.0,0.0,0.0,0.7631578947368421,0.013157894736842105,0.013157894736842105,0.0,0.0,0.0,0.02631578947368421,0.0,0.0,0.0,0.0,0.0,0.013157894736842105,0.013157894736842105,0.0,0.0,0.0,0.0,0.0,0.02631578947368421,0.0,0.0,0.0,0.05263157894736842,0.013157894736842105,0.0,0.013157894736842105,0.013157894736842105,0.013157894736842105,0.0,0.0,0.02631578947368421,0.0,0.0,0.0,0.0
319,0.0,0.025974025974025976,0.42857142857142855,0.012987012987012988,0.0,0.0,0.012987012987012988,0.025974025974025976,0.0,0.025974025974025976,0.012987012987012988,0.0,0.0,0.012987012987012988,0.0,0.0,0.0,0.012987012987012988,0.012987012987012988,0.0,0.2857142857142857,0.05194805194805195,0.0,0.0,0.0,0.05194805194805195,0.0,0.025974025974025976,0.0,0.0,0.0,0.0,0.0,0.0,0.0,0.0,0.0,0.0,0.0
320,0.0,0.0,0.0,0.014285714285714285,0.0,0.0,0.0,0.0,0.0,0.0,0.0,0.0,0.0,0.014285714285714285,0.014285714285714285,0.014285714285714285,0.0,0.0,0.0,0.0,0.0,0.014285714285714285,0.0,0.014285714285714285,0.0,0.0,0.014285714285714285,0.8285714285714286,0.02857142857142857,0.02857142857142857,0.0,0.0,0.0,0.014285714285714285,0.0,0.0,0.0,0.0,0.0
321,0.0,0.0,0.0,0.0,0.0136986301369863,0.1232876712328767,0.0,0.0,0.0,0.1232876712328767,0.0136986301369863,0.0,0.0,0.0136986301369863,0.0,0.0,0.0,0.4383561643835616,0.0,0.0136986301369863,0.0136986301369863,0.0136986301369863,0.0,0.0547945205479452,0.0,0.0,0.0273972602739726,0.0,0.0547945205479452,0.0,0.0,0.0,0.0,0.0821917808219178,0.0,0.0,0.0,0.0136986301369863,0.0
322,0.012195121951219513,0.21951219512195122,0.10975609756097561,0.0,0.12195121951219512,0.012195121951219513,0.036585365853658534,0.012195121951219513,0.012195121951219513,0.036585365853658534,0.012195121951219513,0.012195121951219513,0.0,0.0,0.0,0.024390243902439025,0.012195121951219513,0.0,0.024390243902439025,0.024390243902439025,0.0,0.012195121951219513,0.0,0.0,0.0,0.07317073170731707,0.036585365853658534,0.024390243902439025,0.012195121951219513,0.0,0.12195121951219512,0.012195121951219513,0.0,0.012195121951219513,0.012195121951219513,0.0,0.0,0.0,0.0
323,0.0,0.022988505747126436,0.0,0.0,0.011494252873563218,0.022988505747126436,0.022988505747126436,0.0,0.011494252873563218,0.1839080459770115,0.034482758620689655,0.0,0.05747126436781609,0.04597701149425287,0.0,0.011494252873563218,0.022988505747126436,0.06896551724137931,0.011494252873563218,0.011494252873563218,0.06896551724137931,0.05747126436781609,0.0,0.0,0.0,0.06896551724137931,0.034482758620689655,0.034482758620689655,0.034482758620689655,0.06896551724137931,0.011494252873563218,0.0,0.0,0.05747126436781609,0.011494252873563218,0.0,0.0,0.011494252873563218,0.0
324,0.0,0.0,0.0,0.013888888888888888,0.027777777777777776,0.0,0.027777777777777776,0.027777777777777776,0.0,0.0,0.0,0.0,0.013888888888888888,0.013888888888888888,0.625,0.041666666666666664,0.0,0.013888888888888888,0.0,0.0,0.0,0.027777777777777776,0.013888888888888888,0.0,0.013888888888888888,0.0,0.06944444444444445,0.013888888888888888,0.0,0.0,0.0,0.027777777777777776,0.013888888888888888,0.013888888888888888,0.0,0.0,0.0,0.0,0.0
325,0.0,0.0,0.0,0.013157894736842105,0.21052631578947367,0.0,0.0,0.0,0.0,0.0,0.0,0.0,0.0,0.013157894736842105,0.013157894736842105,0.06578947368421052,0.0,0.013157894736842105,0.0,0.0,0.0,0.0,0.0,0.0,0.0,0.05263157894736842,0.05263157894736842,0.4868421052631579,0.02631578947368421,0.05263157894736842,0.0,0.0,0.0,0.0,0.0,0.0,0.0,0.0,0.0
326,0.0,0.0,0.0,0.0,0.0,0.0,0.2696629213483146,0.0,0.12359550561797752,0.0449438202247191,0.0,0.0,0.011235955056179775,0.033707865168539325,0.06741573033707865,0.033707865168539325,0.011235955056179775,0.0898876404494382,0.011235955056179775,0.0,0.12359550561797752,0.0,0.011235955056179775,0.0,0.0,0.0,0.011235955056179775,0.06741573033707865,0.0,0.0,0.0,0.056179775280898875,0.033707865168539325,0.0,0.0,0.0,0.0,0.0,0.0
327,0.0,0.0,0.0,0.016129032258064516,0.0,0.0,0.0,0.0,0.0,0.0,0.0,0.0,0.0,0.0,0.0,0.0,0.0,0.0,0.0,0.0,0.0,0.0,0.0,0.08064516129032258,0.04838709677419355,0.7741935483870968,0.04838709677419355,0.0,0.0,0.03225806451612903,0.0,0.0,0.0,0.0,0.0,0.0,0.0,0.0,0.0
328,0.0,0.010309278350515464,0.020618556701030927,0.020618556701030927,0.030927835051546393,0.030927835051546393,0.010309278350515464,0.05154639175257732,0.0,0.0,0.0,0.0,0.0,0.0,0.0,0.0,0.0,0.010309278350515464,0.010309278350515464,0.1958762886597938,0.010309278350515464,0.010309278350515464,0.36082474226804123,0.020618556701030927,0.08247422680412371,0.010309278350515464,0.010309278350515464,0.0,0.020618556701030927,0.061855670103092786,0.0,0.0,0.0,0.010309278350515464,0.010309278350515464,0.0,0.0,0.0,0.0
329,0.4915254237288136,0.03389830508474576,0.03389830508474576,0.01694915254237288,0.01694915254237288,0.0,0.0,0.0847457627118644,0.01694915254237288,0.0,0.0,0.0,0.0,0.0,0.0,0.0,0.0,0.0,0.0,0.0,0.0,0.01694915254237288,0.0,0.0,0.0,0.0,0.0,0.0,0.0,0.01694915254237288,0.2542372881355932,0.01694915254237288,0.0,0.0,0.0,0.0,0.0,0.0,0.0
330,0.0,0.05747126436781609,0.011494252873563218,0.0,0.022988505747126436,0.011494252873563218,0.034482758620689655,0.0,0.034482758620689655,0.022988505747126436,0.0,0.0,0.022988505747126436,0.011494252873563218,0.0,0.0,0.011494252873563218,0.21839080459770116,0.06896551724137931,0.011494252873563218,0.0,0.034482758620689655,0.0,0.0,0.022988505747126436,0.04597701149425287,0.0,0.0,0.19540229885057472,0.011494252873563218,0.0,0.0,0.022988505747126436,0.11494252873563218,0.0,0.0,0.011494252873563218,0.0,0.0
331,0.0,0.0,0.0,0.0,0.0,0.0,0.0,0.0,0.0,0.0,0.0,0.0,0.0,0.0,0.0,0.0,0.0,0.03278688524590164,0.0,0.0,0.0,0.0,0.03278688524590164,0.0,0.0,0.0,0.0,0.0,0.0,0.9016393442622951,0.01639344262295082,0.0,0.0,0.01639344262295082,0.0,0.0,0.0,0.0,0.0
332,0.0,0.0,0.0,0.0,0.0,0.031746031746031744,0.0,0.0,0.015873015873015872,0.031746031746031744,0.0,0.0,0.0,0.0,0.015873015873015872,0.0,0.0,0.0,0.0,0.0,0.0,0.015873015873015872,0.0,0.0,0.0,0.0,0.8412698412698413,0.015873015873015872,0.015873015873015872,0.015873015873015872,0.0,0.0,0.0,0.0,0.0,0.0,0.0,0.0,0.0
333,0.0,0.0,0.01694915254237288,0.0,0.9152542372881356,0.0,0.0,0.0,0.0,0.0,0.03389830508474576,0.0,0.0,0.0,0.0,0.0,0.0,0.0,0.0,0.0,0.01694915254237288,0.01694915254237288,0.0,0.0,0.0,0.0,0.0,0.0,0.0,0.0,0.0,0.0,0.0,0.0,0.0,0.0,0.0,0.0,0.0
334,0.0,0.11864406779661017,0.03389830508474576,0.0,0.0,0.0,0.0,0.0,0.0,0.05084745762711865,0.0,0.0,0.01694915254237288,0.0,0.0,0.0,0.0,0.0,0.0,0.0,0.1016949152542373,0.0,0.0,0.0,0.0,0.0,0.576271186440678,0.0,0.01694915254237288,0.0,0.0,0.0,0.06779661016949153,0.0,0.01694915254237288,0.0,0.0,0.0,0.0
335,0.014492753623188406,0.014492753623188406,0.014492753623188406,0.0,0.0,0.0,0.014492753623188406,0.0,0.014492753623188406,0.028985507246376812,0.0,0.0,0.0,0.014492753623188406,0.0,0.014492753623188406,0.0,0.0,0.0,0.014492753623188406,0.0,0.0,0.0,0.0,0.014492753623188406,0.0,0.8115942028985508,0.0,0.0,0.0,0.014492753623188406,0.0,0.0,0.014492753623188406,0.0,0.0,0.0,0.0,0.0
336,0.0,0.015151515151515152,0.015151515151515152,0.015151515151515152,0.0,0.0,0.0,0.0,0.0,0.0,0.0,0.0,0.0,0.015151515151515152,0.0,0.0,0.030303030303030304,0.0,0.0,0.0,0.0,0.0,0.0,0.0,0.0,0.030303030303030304,0.015151515151515152,0.015151515151515152,0.8181818181818182,0.0,0.0,0.0,0.030303030303030304,0.0,0.0,0.0,0.0,0.0,0.0
337,0.0,0.0,0.0,0.0,0.0,0.0,0.0,0.01639344262295082,0.01639344262295082,0.09836065573770492,0.0,0.0,0.0,0.03278688524590164,0.06557377049180328,0.0,0.04918032786885246,0.0,0.0,0.0,0.01639344262295082,0.0,0.01639344262295082,0.0,0.03278688524590164,0.01639344262295082,0.01639344262295082,0.03278688524590164,0.5409836065573771,0.0,0.0,0.0,0.0,0.03278688524590164,0.01639344262295082,0.0,0.0,0.0,0.0
338,0.0,0.0,0.0,0.0,0.0,0.0,0.017241379310344827,0.0,0.9310344827586207,0.0,0.0,0.0,0.034482758620689655,0.0,0.0,0.0,0.0,0.0,0.0,0.0,0.0,0.0,0.0,0.0,0.0,0.017241379310344827,0.0,0.0,0.0,0.0,0.0,0.0,0.0,0.0,0.0,0.0,0.0,0.0,0.0
339,0.0,0.07936507936507936,0.1111111111111111,0.07936507936507936,0.0,0.0,0.015873015873015872,0.0,0.0,0.015873015873015872,0.015873015873015872,0.0,0.0,0.0,0.2222222222222222,0.07936507936507936,0.0,0.015873015873015872,0.015873015873015872,0.2857142857142857,0.015873015873015872,0.015873015873015872,0.0,0.0,0.0,0.0,0.0,0.0,0.015873015873015872,0.0,0.0,0.015873015873015872,0.0,0.0,0.0,0.0,0.0,0.0,0.0
340,0.0,0.0,0.0,0.03333333333333333,0.016666666666666666,0.0,0.15,0.016666666666666666,0.0,0.0,0.0,0.0,0.0,0.0,0.13333333333333333,0.0,0.0,0.016666666666666666,0.016666666666666666,0.016666666666666666,0.0,0.016666666666666666,0.5333333333333333,0.0,0.0,0.0,0.016666666666666666,0.016666666666666666,0.016666666666666666,0.0,0.0,0.0,0.0,0.0,0.0,0.0,0.0,0.0,0.0
341,0.0,0.010416666666666666,0.010416666666666666,0.010416666666666666,0.010416666666666666,0.03125,0.020833333333333332,0.020833333333333332,0.0,0.052083333333333336,0.0625,0.041666666666666664,0.010416666666666666,0.010416666666666666,0.0,0.052083333333333336,0.03125,0.010416666666666666,0.03125,0.4479166666666667,0.0,0.010416666666666666,0.010416666666666666,0.0,0.0,0.010416666666666666,0.03125,0.010416666666666666,0.020833333333333332,0.0,0.0,0.0,0.0,0.03125,0.010416666666666666,0.0,0.0,0.0,0.0
342,0.008620689655172414,0.1896551724137931,0.0603448275862069,0.017241379310344827,0.0,0.008620689655172414,0.008620689655172414,0.017241379310344827,0.008620689655172414,0.008620689655172414,0.008620689655172414,0.008620689655172414,0.008620689655172414,0.0,0.0,0.008620689655172414,0.05172413793103448,0.008620689655172414,0.017241379310344827,0.02586206896551724,0.02586206896551724,0.05172413793103448,0.0,0.034482758620689655,0.1206896551724138,0.0,0.0,0.008620689655172414,0.16379310344827586,0.017241379310344827,0.017241379310344827,0.017241379310344827,0.04310344827586207,0.034482758620689655,0.0,0.0,0.0,0.0,0.0
343,0.0,0.0,0.0,0.0,0.0,0.03333333333333333,0.0,0.0,0.0,0.0,0.0,0.05,0.0,0.0,0.0,0.0,0.0,0.0,0.0,0.35,0.0,0.0,0.016666666666666666,0.11666666666666667,0.1,0.2833333333333333,0.0,0.016666666666666666,0.0,0.0,0.0,0.03333333333333333,0.0,0.0,0.0,0.0,0.0,0.0,0.0
344,0.0,0.05357142857142857,0.0,0.0,0.0,0.5714285714285714,0.14285714285714285,0.0,0.0,0.0,0.0,0.0,0.14285714285714285,0.0,0.0,0.0,0.0,0.0,0.0,0.0,0.0,0.017857142857142856,0.0,0.0,0.0,0.0,0.03571428571428571,0.017857142857142856,0.0,0.017857142857142856,0.0,0.0,0.0,0.0,0.0,0.0,0.0,0.0,0.0
345,0.0,0.013513513513513514,0.013513513513513514,0.013513513513513514,0.0,0.08108108108108109,0.02702702702702703,0.12162162162162163,0.0,0.013513513513513514,0.05405405405405406,0.013513513513513514,0.08108108108108109,0.013513513513513514,0.02702702702702703,0.013513513513513514,0.013513513513513514,0.04054054054054054,0.02702702702702703,0.04054054054054054,0.013513513513513514,0.08108108108108109,0.013513513513513514,0.0,0.0,0.013513513513513514,0.02702702702702703,0.0,0.0,0.0,0.013513513513513514,0.14864864864864866,0.06756756756756757,0.013513513513513514,0.0,0.0,0.0,0.0,0.0
346,0.0,0.011363636363636364,0.36363636363636365,0.022727272727272728,0.0,0.022727272727272728,0.0,0.022727272727272728,0.011363636363636364,0.07954545454545454,0.0,0.0,0.0,0.0,0.022727272727272728,0.0,0.1590909090909091,0.011363636363636364,0.06818181818181818,0.011363636363636364,0.0,0.022727272727272728,0.03409090909090909,0.0,0.0,0.0,0.0,0.011363636363636364,0.0,0.022727272727272728,0.0,0.0,0.0,0.10227272727272728,0.0,0.0,0.0,0.0,0.0
347,0.0,0.0,0.011904761904761904,0.011904761904761904,0.07142857142857142,0.011904761904761904,0.0,0.0,0.0,0.0,0.0,0.0,0.011904761904761904,0.023809523809523808,0.07142857142857142,0.023809523809523808,0.011904761904761904,0.0,0.023809523809523808,0.011904761904761904,0.0,0.011904761904761904,0.0,0.0,0.0,0.011904761904761904,0.17857142857142858,0.2261904761904762,0.20238095238095238,0.03571428571428571,0.03571428571428571,0.011904761904761904,0.0,0.0,0.0,0.0,0.0,0.0,0.0
348,0.0,0.0449438202247191,0.0,0.011235955056179775,0.02247191011235955,0.011235955056179775,0.011235955056179775,0.0,0.0,0.0,0.0,0.0,0.0,0.0,0.0,0.0,0.0,0.0,0.0449438202247191,0.011235955056179775,0.02247191011235955,0.056179775280898875,0.0,0.011235955056179775,0.0,0.0,0.033707865168539325,0.5730337078651685,0.0449438202247191,0.011235955056179775,0.033707865168539325,0.011235955056179775,0.0,0.02247191011235955,0.011235955056179775,0.0,0.0,0.011235955056179775,0.0
349,0.0,0.5833333333333334,0.0,0.016666666666666666,0.0,0.016666666666666666,0.016666666666666666,0.0,0.0,0.0,0.0,0.0,0.0,0.0,0.0,0.0,0.2833333333333333,0.0,0.0,0.0,0.0,0.0,0.03333333333333333,0.016666666666666666,0.0,0.0,0.0,0.016666666666666666,0.0,0.0,0.0,0.0,0.0,0.016666666666666666,0.0,0.0,0.0,0.0,0.0
350,0.0,0.016129032258064516,0.0,0.8548387096774194,0.0,0.016129032258064516,0.016129032258064516,0.0,0.0,0.0,0.0,0.0,0.0,0.0,0.0,0.016129032258064516,0.0,0.016129032258064516,0.0,0.0,0.016129032258064516,0.0,0.0,0.0,0.0,0.0,0.0,0.0,0.04838709677419355,0.0,0.0,0.0,0.0,0.0,0.0,0.0,0.0,0.0,0.0
351,0.0,0.864406779661017,0.0,0.01694915254237288,0.0,0.0,0.03389830508474576,0.0,0.0,0.0,0.0,0.0,0.0,0.01694915254237288,0.01694915254237288,0.01694915254237288,0.0,0.01694915254237288,0.0,0.0,0.0,0.0,0.0,0.0,0.0,0.0,0.0,0.0,0.0,0.0,0.01694915254237288,0.0,0.0,0.0,0.0,0.0,0.0,0.0,0.0
352,0.0,0.0,0.0,0.0,0.0,0.0,0.0,0.0,0.0,0.0,0.0,0.0,0.0,0.0,0.0,0.0,0.014285714285714285,0.0,0.0,0.0,0.0,0.0,0.0,0.0,0.0,0.0,0.8857142857142857,0.0,0.0,0.0,0.0,0.0,0.1,0.0,0.0,0.0,0.0,0.0,0.0
353,0.0,0.0,0.03389830508474576,0.0,0.0,0.0,0.0,0.4745762711864407,0.0,0.0,0.0,0.0,0.0,0.0,0.0,0.0,0.0,0.0,0.01694915254237288,0.0,0.0,0.0,0.0,0.0,0.0,0.0,0.15254237288135594,0.0,0.288135593220339,0.01694915254237288,0.0,0.0,0.0,0.01694915254237288,0.0,0.0,0.0,0.0,0.0
354,0.0,0.0,0.07017543859649122,0.8771929824561403,0.017543859649122806,0.0,0.0,0.017543859649122806,0.0,0.0,0.0,0.0,0.0,0.0,0.0,0.0,0.0,0.0,0.0,0.0,0.017543859649122806,0.0,0.0,0.0,0.0,0.0,0.0,0.0,0.0,0.0,0.0,0.0,0.0,0.0,0.0,0.0,0.0,0.0,0.0
355,0.0,0.0,0.0,0.10526315789473684,0.0,0.0,0.07894736842105263,0.02631578947368421,0.07894736842105263,0.14473684210526316,0.0,0.0,0.0,0.013157894736842105,0.17105263157894737,0.06578947368421052,0.07894736842105263,0.0,0.10526315789473684,0.039473684210526314,0.02631578947368421,0.02631578947368421,0.0,0.0,0.0,0.0,0.0,0.02631578947368421,0.0,0.0,0.0,0.0,0.013157894736842105,0.0,0.0,0.0,0.0,0.0,0.0
356,0.0,0.021052631578947368,0.010526315789473684,0.021052631578947368,0.031578947368421054,0.010526315789473684,0.0,0.010526315789473684,0.021052631578947368,0.0,0.0,0.010526315789473684,0.0,0.031578947368421054,0.0,0.0,0.0,0.07368421052631578,0.0,0.010526315789473684,0.031578947368421054,0.010526315789473684,0.0,0.010526315789473684,0.0,0.021052631578947368,0.0,0.5578947368421052,0.031578947368421054,0.010526315789473684,0.0,0.0,0.05263157894736842,0.010526315789473684,0.010526315789473684,0.0,0.0,0.0,0.0
357,0.0,0.0,0.028169014084507043,0.0,0.014084507042253521,0.0,0.0,0.014084507042253521,0.0,0.0,0.04225352112676056,0.04225352112676056,0.0,0.0,0.014084507042253521,0.0,0.0,0.014084507042253521,0.014084507042253521,0.0,0.0,0.0,0.04225352112676056,0.014084507042253521,0.0,0.014084507042253521,0.014084507042253521,0.7183098591549296,0.0,0.0,0.0,0.0,0.0,0.0,0.014084507042253521,0.0,0.0,0.0,0.0
358,0.0,0.1774193548387097,0.06451612903225806,0.016129032258064516,0.016129032258064516,0.016129032258064516,0.0,0.0,0.0,0.0,0.016129032258064516,0.016129032258064516,0.0,0.0,0.0,0.0,0.016129032258064516,0.016129032258064516,0.0,0.0,0.016129032258064516,0.016129032258064516,0.016129032258064516,0.016129032258064516,0.016129032258064516,0.0,0.016129032258064516,0.016129032258064516,0.04838709677419355,0.016129032258064516,0.016129032258064516,0.22580645161290322,0.16129032258064516,0.06451612903225806,0.0,0.0,0.0,0.0,0.0
359,0.0,0.03571428571428571,0.023809523809523808,0.0,0.011904761904761904,0.11904761904761904,0.0,0.011904761904761904,0.0,0.2976190476190476,0.011904761904761904,0.0,0.011904761904761904,0.0,0.0,0.0,0.011904761904761904,0.011904761904761904,0.0,0.023809523809523808,0.09523809523809523,0.047619047619047616,0.0,0.023809523809523808,0.0,0.011904761904761904,0.03571428571428571,0.05952380952380952,0.023809523809523808,0.011904761904761904,0.011904761904761904,0.023809523809523808,0.03571428571428571,0.03571428571428571,0.011904761904761904,0.0,0.0,0.0,0.0
360,0.0,0.0,0.013888888888888888,0.6666666666666666,0.013888888888888888,0.0,0.013888888888888888,0.0,0.013888888888888888,0.06944444444444445,0.08333333333333333,0.0,0.0,0.0,0.0,0.06944444444444445,0.0,0.0,0.0,0.0,0.013888888888888888,0.013888888888888888,0.0,0.0,0.0,0.0,0.0,0.0,0.013888888888888888,0.0,0.0,0.0,0.0,0.013888888888888888,0.0,0.0,0.0,0.0,0.0
361,0.0,0.03296703296703297,0.02197802197802198,0.06593406593406594,0.02197802197802198,0.0,0.0,0.01098901098901099,0.01098901098901099,0.01098901098901099,0.0,0.01098901098901099,0.06593406593406594,0.0,0.18681318681318682,0.04395604395604396,0.0,0.24175824175824176,0.0,0.01098901098901099,0.03296703296703297,0.02197802197802198,0.0,0.0,0.01098901098901099,0.0,0.03296703296703297,0.0,0.01098901098901099,0.03296703296703297,0.054945054945054944,0.0,0.04395604395604396,0.01098901098901099,0.01098901098901099,0.0,0.0,0.0,0.0
362,0.0,0.0,0.0,0.03076923076923077,0.015384615384615385,0.0,0.0,0.0,0.0,0.0,0.0,0.0,0.5846153846153846,0.03076923076923077,0.0,0.0,0.0,0.0,0.0,0.1076923076923077,0.03076923076923077,0.015384615384615385,0.015384615384615385,0.0,0.0,0.0,0.046153846153846156,0.0,0.06153846153846154,0.0,0.0,0.0,0.046153846153846156,0.015384615384615385,0.0,0.0,0.0,0.0,0.0
363,0.0,0.012195121951219513,0.024390243902439025,0.012195121951219513,0.036585365853658534,0.0,0.024390243902439025,0.012195121951219513,0.0,0.012195121951219513,0.012195121951219513,0.012195121951219513,0.012195121951219513,0.0,0.0,0.0,0.024390243902439025,0.04878048780487805,0.0,0.0,0.024390243902439025,0.0,0.036585365853658534,0.4634146341463415,0.012195121951219513,0.0,0.0,0.04878048780487805,0.012195121951219513,0.12195121951219512,0.0,0.0,0.036585365853658534,0.0,0.0,0.0,0.0,0.0,0.0
364,0.0,0.043478260869565216,0.15942028985507245,0.014492753623188406,0.014492753623188406,0.18840579710144928,0.0,0.0,0.0,0.0,0.043478260869565216,0.028985507246376812,0.014492753623188406,0.028985507246376812,0.028985507246376812,0.08695652173913043,0.08695652173913043,0.0,0.014492753623188406,0.014492753623188406,0.043478260869565216,0.014492753623188406,0.0,0.0,0.0,0.014492753623188406,0.028985507246376812,0.014492753623188406,0.028985507246376812,0.0,0.0,0.043478260869565216,0.0,0.043478260869565216,0.0,0.0,0.0,0.0,0.0
365,0.0,0.0,0.014084507042253521,0.0,0.0,0.014084507042253521,0.0,0.014084507042253521,0.0,0.056338028169014086,0.19718309859154928,0.0,0.0,0.0,0.014084507042253521,0.0,0.0,0.5492957746478874,0.0,0.0,0.0,0.028169014084507043,0.04225352112676056,0.0,0.0,0.0,0.0,0.0,0.0,0.056338028169014086,0.014084507042253521,0.0,0.0,0.0,0.0,0.0,0.0,0.0,0.0
366,0.0,0.02631578947368421,0.17105263157894737,0.0,0.02631578947368421,0.0,0.013157894736842105,0.0,0.25,0.3026315789473684,0.0,0.0,0.039473684210526314,0.0,0.0,0.05263157894736842,0.0,0.0,0.0,0.0,0.0,0.0,0.0,0.0,0.013157894736842105,0.013157894736842105,0.013157894736842105,0.0,0.039473684210526314,0.0,0.02631578947368421,0.013157894736842105,0.0,0.0,0.0,0.0,0.0,0.0,0.0
367,0.0,0.0,0.06451612903225806,0.0,0.0,0.0,0.016129032258064516,0.0,0.016129032258064516,0.0,0.0,0.14516129032258066,0.0,0.0,0.0,0.0,0.0,0.6129032258064516,0.0,0.03225806451612903,0.03225806451612903,0.016129032258064516,0.0,0.0,0.0,0.0,0.0,0.0,0.06451612903225806,0.0,0.0,0.0,0.0,0.0,0.0,0.0,0.0,0.0,0.0
368,0.0,0.017857142857142856,0.017857142857142856,0.0,0.0,0.0,0.0,0.0,0.03571428571428571,0.08928571428571429,0.017857142857142856,0.0,0.0,0.0,0.0,0.0,0.0,0.0,0.0,0.0,0.05357142857142857,0.017857142857142856,0.32142857142857145,0.017857142857142856,0.017857142857142856,0.017857142857142856,0.0,0.0,0.0,0.0,0.16071428571428573,0.0,0.21428571428571427,0.0,0.0,0.0,0.0,0.0,0.0
369,0.0,0.13043478260869565,0.0,0.0,0.014492753623188406,0.0,0.014492753623188406,0.0,0.0,0.0,0.0,0.0,0.014492753623188406,0.057971014492753624,0.0,0.0,0.0,0.014492753623188406,0.0,0.0,0.0,0.0,0.0,0.0,0.0,0.7391304347826086,0.0,0.0,0.014492753623188406,0.0,0.0,0.0,0.0,0.0,0.0,0.0,0.0,0.0,0.0
370,0.0,0.03389830508474576,0.0,0.0423728813559322,0.11864406779661017,0.025423728813559324,0.00847457627118644,0.01694915254237288,0.0,0.025423728813559324,0.059322033898305086,0.0,0.0,0.025423728813559324,0.01694915254237288,0.0,0.0847457627118644,0.0423728813559322,0.0423728813559322,0.0423728813559322,0.00847457627118644,0.01694915254237288,0.0,0.0,0.025423728813559324,0.0,0.22033898305084745,0.0423728813559322,0.01694915254237288,0.0423728813559322,0.01694915254237288,0.00847457627118644,0.0,0.01694915254237288,0.0,0.0,0.0,0.0,0.0
371,0.0,0.1774193548387097,0.0,0.016129032258064516,0.0,0.016129032258064516,0.0,0.0,0.016129032258064516,0.0,0.0,0.0,0.016129032258064516,0.0,0.0,0.0,0.0,0.03225806451612903,0.0,0.0,0.0,0.0,0.0,0.0,0.016129032258064516,0.5967741935483871,0.0,0.0,0.06451612903225806,0.03225806451612903,0.0,0.0,0.0,0.016129032258064516,0.0,0.0,0.0,0.0,0.0
372,0.0,0.0,0.0,0.0,0.01694915254237288,0.01694915254237288,0.03389830508474576,0.0,0.0,0.0,0.0,0.01694915254237288,0.0,0.0,0.0,0.0,0.0,0.864406779661017,0.0,0.0,0.0,0.0,0.0,0.0,0.0,0.03389830508474576,0.0,0.01694915254237288,0.0,0.0,0.0,0.0,0.0,0.0,0.0,0.0,0.0,0.0,0.0
373,0.0,0.045454545454545456,0.015151515151515152,0.0,0.015151515151515152,0.015151515151515152,0.015151515151515152,0.0,0.0,0.0,0.0,0.0,0.7272727272727273,0.0,0.0,0.0,0.015151515151515152,0.0,0.0,0.0,0.030303030303030304,0.015151515151515152,0.0,0.0,0.045454545454545456,0.0,0.015151515151515152,0.0,0.0,0.0,0.0,0.0,0.0,0.045454545454545456,0.0,0.0,0.0,0.0,0.0
374,0.0,0.043478260869565216,0.0,0.0,0.014492753623188406,0.014492753623188406,0.0,0.0,0.0,0.0,0.0,0.0,0.0,0.0,0.0,0.0,0.0,0.0,0.0,0.0,0.028985507246376812,0.0,0.014492753623188406,0.0,0.0,0.014492753623188406,0.028985507246376812,0.014492753623188406,0.0,0.0,0.014492753623188406,0.0,0.0,0.782608695652174,0.028985507246376812,0.0,0.0,0.0,0.0
375,0.0,0.014705882352941176,0.014705882352941176,0.0,0.014705882352941176,0.0,0.0,0.014705882352941176,0.0,0.0,0.014705882352941176,0.0,0.0,0.0,0.014705882352941176,0.0,0.0,0.0,0.014705882352941176,0.0,0.029411764705882353,0.029411764705882353,0.0,0.0,0.7205882352941176,0.029411764705882353,0.014705882352941176,0.014705882352941176,0.014705882352941176,0.014705882352941176,0.0,0.014705882352941176,0.0,0.0,0.0,0.0,0.0,0.014705882352941176,0.0
376,0.0,0.017241379310344827,0.017241379310344827,0.017241379310344827,0.0,0.0,0.017241379310344827,0.7931034482758621,0.017241379310344827,0.0,0.0,0.0,0.0,0.0,0.0,0.06896551724137931,0.017241379310344827,0.0,0.0,0.0,0.0,0.0,0.017241379310344827,0.0,0.0,0.017241379310344827,0.0,0.0,0.0,0.0,0.0,0.0,0.0,0.0,0.0,0.0,0.0,0.0,0.0
377,0.011363636363636364,0.07954545454545454,0.011363636363636364,0.022727272727272728,0.011363636363636364,0.09090909090909091,0.011363636363636364,0.022727272727272728,0.03409090909090909,0.03409090909090909,0.0,0.0,0.03409090909090909,0.011363636363636364,0.045454545454545456,0.011363636363636364,0.022727272727272728,0.011363636363636364,0.056818181818181816,0.011363636363636364,0.011363636363636364,0.056818181818181816,0.0,0.011363636363636364,0.06818181818181818,0.056818181818181816,0.056818181818181816,0.022727272727272728,0.03409090909090909,0.03409090909090909,0.03409090909090909,0.022727272727272728,0.03409090909090909,0.011363636363636364,0.011363636363636364,0.0,0.0,0.0,0.0
378,0.0,0.0,0.0,0.0,0.2692307692307692,0.057692307692307696,0.0,0.0,0.0,0.5192307692307693,0.019230769230769232,0.0,0.0,0.0,0.0,0.0,0.0,0.0,0.0,0.0,0.0,0.019230769230769232,0.0,0.0,0.0,0.0,0.0,0.11538461538461539,0.0,0.0,0.0,0.0,0.0,0.0,0.0,0.0,0.0,0.0,0.0
379,0.0,0.0,0.017543859649122806,0.0,0.0,0.0,0.0,0.017543859649122806,0.0,0.017543859649122806,0.0,0.0,0.0,0.0,0.0,0.017543859649122806,0.0,0.0,0.0,0.017543859649122806,0.0,0.7894736842105263,0.07017543859649122,0.0,0.0,0.017543859649122806,0.0,0.0,0.0,0.017543859649122806,0.0,0.0,0.0,0.017543859649122806,0.0,0.0,0.0,0.0,0.0
380,0.0,0.0,0.015873015873015872,0.23809523809523808,0.015873015873015872,0.07936507936507936,0.0,0.0,0.047619047619047616,0.0,0.031746031746031744,0.0,0.0,0.0,0.015873015873015872,0.0,0.0,0.0,0.0,0.0,0.015873015873015872,0.0,0.0,0.0,0.4603174603174603,0.015873015873015872,0.0,0.0,0.031746031746031744,0.0,0.0,0.0,0.031746031746031744,0.0,0.0,0.0,0.0,0.0,0.0
381,0.0,0.0,0.0,0.0,0.0,0.0,0.07017543859649122,0.0,0.0,0.0,0.0,0.0,0.0,0.017543859649122806,0.0,0.0,0.0,0.0,0.0,0.03508771929824561,0.0,0.8596491228070176,0.0,0.0,0.0,0.0,0.017543859649122806,0.0,0.0,0.0,0.0,0.0,0.0,0.0,0.0,0.0,0.0,0.0,0.0
382,0.0,0.037037037037037035,0.037037037037037035,0.0,0.0,0.0,0.0,0.6481481481481481,0.05555555555555555,0.018518518518518517,0.0,0.0,0.0,0.0,0.0,0.0,0.0,0.0,0.0,0.018518518518518517,0.018518518518518517,0.018518518518518517,0.0,0.0,0.0,0.0,0.0,0.0,0.0,0.0,0.0,0.0,0.0,0.14814814814814814,0.0,0.0,0.0,0.0,0.0
383,0.0,0.014925373134328358,0.0,0.014925373134328358,0.014925373134328358,0.014925373134328358,0.014925373134328358,0.029850746268656716,0.0,0.1044776119402985,0.0,0.0,0.44776119402985076,0.04477611940298507,0.0,0.0,0.16417910447761194,0.0,0.0,0.0,0.0,0.014925373134328358,0.0,0.0,0.014925373134328358,0.014925373134328358,0.029850746268656716,0.0,0.0,0.0,0.04477611940298507,0.0,0.0,0.014925373134328358,0.0,0.0,0.0,0.0,0.0
384,0.0,0.0,0.013333333333333334,0.013333333333333334,0.0,0.0,0.04,0.0,0.013333333333333334,0.56,0.0,0.02666666666666667,0.013333333333333334,0.013333333333333334,0.013333333333333334,0.013333333333333334,0.05333333333333334,0.0,0.02666666666666667,0.013333333333333334,0.013333333333333334,0.04,0.013333333333333334,0.013333333333333334,0.0,0.0,0.02666666666666667,0.013333333333333334,0.013333333333333334,0.013333333333333334,0.013333333333333334,0.0,0.013333333333333334,0.013333333333333334,0.0,0.0,0.0,0.0,0.0
385,0.03409090909090909,0.022727272727272728,0.011363636363636364,0.0,0.03409090909090909,0.07954545454545454,0.022727272727272728,0.011363636363636364,0.022727272727272728,0.056818181818181816,0.022727272727272728,0.0,0.11363636363636363,0.0,0.09090909090909091,0.0,0.011363636363636364,0.17045454545454544,0.0,0.045454545454545456,0.0,0.011363636363636364,0.0,0.022727272727272728,0.011363636363636364,0.0,0.0,0.0,0.011363636363636364,0.0,0.011363636363636364,0.07954545454545454,0.011363636363636364,0.09090909090909091,0.0,0.0,0.0,0.0,0.0
386,0.0,0.0136986301369863,0.0547945205479452,0.0,0.0,0.0,0.0273972602739726,0.0273972602739726,0.0,0.2602739726027397,0.0136986301369863,0.0,0.0136986301369863,0.0136986301369863,0.0136986301369863,0.0136986301369863,0.0,0.0136986301369863,0.1232876712328767,0.1643835616438356,0.0273972602739726,0.0,0.0273972602739726,0.0136986301369863,0.0136986301369863,0.0136986301369863,0.0,0.0684931506849315,0.0,0.0136986301369863,0.0,0.0,0.0,0.0410958904109589,0.0273972602739726,0.0,0.0,0.0,0.0
387,0.0,0.0,0.0,0.8507462686567164,0.1044776119402985,0.0,0.0,0.0,0.0,0.0,0.0,0.0,0.0,0.0,0.0,0.014925373134328358,0.0,0.0,0.0,0.0,0.014925373134328358,0.0,0.0,0.0,0.0,0.0,0.0,0.014925373134328358,0.0,0.0,0.0,0.0,0.0,0.0,0.0,0.0,0.0,0.0,0.0
388,0.0,0.01694915254237288,0.0,0.0,0.0,0.0,0.0,0.01694915254237288,0.0,0.0,0.0,0.0,0.0,0.01694915254237288,0.0,0.0,0.0,0.0,0.0,0.05084745762711865,0.6101694915254238,0.22033898305084745,0.0,0.01694915254237288,0.0,0.0,0.01694915254237288,0.01694915254237288,0.0,0.01694915254237288,0.0,0.0,0.0,0.0,0.0,0.0,0.0,0.0,0.0
389,0.0,0.0,0.8059701492537313,0.014925373134328358,0.0,0.0,0.0,0.014925373134328358,0.0,0.014925373134328358,0.0,0.0,0.0,0.0,0.0,0.0,0.0,0.0,0.0,0.0,0.0,0.029850746268656716,0.0,0.029850746268656716,0.0,0.0,0.014925373134328358,0.014925373134328358,0.029850746268656716,0.0,0.0,0.0,0.0,0.0,0.029850746268656716,0.0,0.0,0.0,0.0
390,0.0,0.0,0.0,0.0,0.0,0.045454545454545456,0.0,0.0,0.0,0.015151515151515152,0.0,0.0,0.0,0.0,0.0,0.0,0.0,0.0,0.0,0.0,0.015151515151515152,0.0,0.0,0.0,0.0,0.0,0.0,0.0,0.0,0.0,0.8181818181818182,0.015151515151515152,0.06060606060606061,0.030303030303030304,0.0,0.0,0.0,0.0,0.0
391,0.0,0.023255813953488372,0.011627906976744186,0.03488372093023256,0.011627906976744186,0.011627906976744186,0.0,0.011627906976744186,0.03488372093023256,0.0,0.023255813953488372,0.011627906976744186,0.011627906976744186,0.0,0.011627906976744186,0.0,0.05813953488372093,0.3372093023255814,0.011627906976744186,0.023255813953488372,0.011627906976744186,0.011627906976744186,0.011627906976744186,0.0,0.011627906976744186,0.011627906976744186,0.11627906976744186,0.011627906976744186,0.011627906976744186,0.046511627906976744,0.011627906976744186,0.08139534883720931,0.011627906976744186,0.023255813953488372,0.0,0.0,0.0,0.0,0.0
392,0.0,0.05747126436781609,0.0,0.022988505747126436,0.13793103448275862,0.011494252873563218,0.011494252873563218,0.022988505747126436,0.05747126436781609,0.4367816091954023,0.0,0.0,0.011494252873563218,0.011494252873563218,0.011494252873563218,0.0,0.0,0.011494252873563218,0.011494252873563218,0.0,0.022988505747126436,0.011494252873563218,0.011494252873563218,0.011494252873563218,0.011494252873563218,0.0,0.06896551724137931,0.0,0.0,0.0,0.0,0.0,0.011494252873563218,0.022988505747126436,0.0,0.0,0.011494252873563218,0.0,0.0
393,0.0,0.03296703296703297,0.0,0.0,0.01098901098901099,0.0,0.01098901098901099,0.01098901098901099,0.01098901098901099,0.0,0.0,0.0,0.0,0.054945054945054944,0.0,0.01098901098901099,0.0,0.6703296703296703,0.02197802197802198,0.0,0.054945054945054944,0.01098901098901099,0.01098901098901099,0.0,0.0,0.0,0.02197802197802198,0.0,0.02197802197802198,0.0,0.01098901098901099,0.01098901098901099,0.0,0.0,0.01098901098901099,0.01098901098901099,0.0,0.0,0.0
394,0.0,0.04040404040404041,0.050505050505050504,0.010101010101010102,0.010101010101010102,0.0,0.010101010101010102,0.020202020202020204,0.04040404040404041,0.04040404040404041,0.010101010101010102,0.0,0.18181818181818182,0.010101010101010102,0.020202020202020204,0.0,0.0,0.010101010101010102,0.0,0.010101010101010102,0.0,0.010101010101010102,0.26262626262626265,0.08080808080808081,0.010101010101010102,0.010101010101010102,0.020202020202020204,0.050505050505050504,0.0,0.04040404040404041,0.010101010101010102,0.010101010101010102,0.010101010101010102,0.010101010101010102,0.0,0.010101010101010102,0.0,0.0,0.0
395,0.0,0.0,0.0,0.01639344262295082,0.0,0.01639344262295082,0.03278688524590164,0.0,0.0,0.01639344262295082,0.0,0.0,0.0,0.0,0.03278688524590164,0.01639344262295082,0.0,0.01639344262295082,0.0,0.0,0.0,0.0,0.0,0.0,0.0,0.7213114754098361,0.08196721311475409,0.01639344262295082,0.0,0.0,0.01639344262295082,0.01639344262295082,0.0,0.0,0.0,0.0,0.0,0.0,0.0
396,0.0,0.0,0.0,0.0,0.016666666666666666,0.0,0.0,0.0,0.0,0.016666666666666666,0.016666666666666666,0.016666666666666666,0.0,0.0,0.03333333333333333,0.016666666666666666,0.05,0.7,0.0,0.0,0.0,0.016666666666666666,0.0,0.0,0.0,0.0,0.016666666666666666,0.0,0.1,0.0,0.0,0.0,0.0,0.0,0.0,0.0,0.0,0.0,0.0
397,0.0,0.0,0.013333333333333334,0.0,0.05333333333333334,0.0,0.10666666666666667,0.013333333333333334,0.0,0.013333333333333334,0.0,0.0,0.0,0.0,0.0,0.0,0.10666666666666667,0.0,0.0,0.0,0.0,0.0,0.0,0.0,0.0,0.0,0.4266666666666667,0.0,0.013333333333333334,0.0,0.0,0.0,0.18666666666666668,0.06666666666666667,0.0,0.0,0.0,0.0,0.0
398,0.0,0.0,0.0,0.0,0.0,0.0,0.0,0.0,0.0,0.0,0.0,0.0,0.011235955056179775,0.0,0.0,0.0,0.0,0.0,0.0,0.0,0.0,0.0,0.011235955056179775,0.0,0.0,0.0,0.02247191011235955,0.02247191011235955,0.011235955056179775,0.9101123595505618,0.0,0.0,0.0,0.011235955056179775,0.0,0.0,0.0,0.0,0.0
399,0.0,0.012658227848101266,0.06329113924050633,0.05063291139240506,0.012658227848101266,0.0379746835443038,0.012658227848101266,0.012658227848101266,0.02531645569620253,0.0379746835443038,0.0,0.0,0.0379746835443038,0.0,0.0,0.0,0.0,0.0,0.0379746835443038,0.012658227848101266,0.0,0.012658227848101266,0.0379746835443038,0.012658227848101266,0.012658227848101266,0.02531645569620253,0.0,0.012658227848101266,0.4936708860759494,0.012658227848101266,0.0,0.0,0.012658227848101266,0.012658227848101266,0.0,0.0,0.0,0.0,0.0
400,0.0,0.010752688172043012,0.010752688172043012,0.0,0.053763440860215055,0.0,0.03225806451612903,0.010752688172043012,0.010752688172043012,0.0,0.010752688172043012,0.0,0.0,0.0,0.0,0.021505376344086023,0.22580645161290322,0.043010752688172046,0.021505376344086023,0.010752688172043012,0.0,0.0,0.03225806451612903,0.010752688172043012,0.010752688172043012,0.010752688172043012,0.0967741935483871,0.0,0.34408602150537637,0.021505376344086023,0.0,0.0,0.010752688172043012,0.0,0.0,0.0,0.0,0.0,0.0
401,0.04054054054054054,0.04054054054054054,0.0,0.0,0.0,0.0,0.013513513513513514,0.0,0.013513513513513514,0.0,0.0,0.0,0.20270270270270271,0.0,0.013513513513513514,0.013513513513513514,0.0,0.33783783783783783,0.0,0.04054054054054054,0.05405405405405406,0.06756756756756757,0.0,0.013513513513513514,0.0,0.0,0.013513513513513514,0.0,0.013513513513513514,0.013513513513513514,0.013513513513513514,0.02702702702702703,0.02702702702702703,0.02702702702702703,0.013513513513513514,0.0,0.0,0.0,0.0
402,0.0,0.00980392156862745,0.0392156862745098,0.08823529411764706,0.0,0.0392156862745098,0.00980392156862745,0.0196078431372549,0.0,0.00980392156862745,0.0,0.0,0.00980392156862745,0.029411764705882353,0.0,0.12745098039215685,0.0,0.00980392156862745,0.0,0.0196078431372549,0.0,0.029411764705882353,0.0,0.0,0.029411764705882353,0.24509803921568626,0.0196078431372549,0.0784313725490196,0.0392156862745098,0.0196078431372549,0.0,0.00980392156862745,0.0,0.11764705882352941,0.0,0.0,0.0,0.0,0.0
403,0.0,0.0,0.0875,0.1625,0.0,0.075,0.0,0.0,0.05,0.0375,0.0,0.0,0.0,0.0,0.0125,0.0,0.0125,0.0,0.0125,0.0375,0.0,0.025,0.0,0.0,0.0,0.0,0.3625,0.0125,0.0625,0.0,0.0125,0.0,0.025,0.0125,0.0,0.0,0.0,0.0,0.0
404,0.0,0.0,0.0,0.0,0.0,0.0,0.0,0.0,0.058823529411764705,0.21568627450980393,0.09803921568627451,0.13725490196078433,0.1568627450980392,0.0392156862745098,0.058823529411764705,0.0196078431372549,0.058823529411764705,0.11764705882352941,0.0,0.0,0.0,0.0,0.0196078431372549,0.0,0.0,0.0,0.0,0.0,0.0,0.0,0.0,0.0,0.0,0.0,0.0196078431372549,0.0,0.0,0.0,0.0
405,0.0,0.0,0.016666666666666666,0.0,0.1,0.0,0.016666666666666666,0.0,0.0,0.0,0.0,0.0,0.0,0.0,0.0,0.0,0.55,0.26666666666666666,0.0,0.0,0.0,0.0,0.0,0.0,0.0,0.016666666666666666,0.0,0.0,0.016666666666666666,0.0,0.016666666666666666,0.0,0.0,0.0,0.0,0.0,0.0,0.0,0.0
406,0.0,0.0,0.015151515151515152,0.030303030303030304,0.030303030303030304,0.015151515151515152,0.0,0.0,0.0,0.0,0.0,0.015151515151515152,0.015151515151515152,0.015151515151515152,0.0,0.15151515151515152,0.0,0.0,0.0,0.0,0.015151515151515152,0.030303030303030304,0.6212121212121212,0.0,0.015151515151515152,0.015151515151515152,0.0,0.0,0.0,0.0,0.0,0.0,0.015151515151515152,0.0,0.0,0.0,0.0,0.0,0.0
407,0.0,0.0,0.0,0.017241379310344827,0.0,0.7931034482758621,0.017241379310344827,0.0,0.0,0.0,0.0,0.017241379310344827,0.017241379310344827,0.0,0.0,0.0,0.0,0.0,0.0,0.0,0.0,0.017241379310344827,0.017241379310344827,0.0,0.0,0.017241379310344827,0.034482758620689655,0.0,0.034482758620689655,0.017241379310344827,0.0,0.0,0.0,0.0,0.0,0.0,0.0,0.0,0.0
408,0.0,0.0,0.029850746268656716,0.014925373134328358,0.014925373134328358,0.029850746268656716,0.0,0.0,0.0,0.0,0.1044776119402985,0.0,0.0,0.014925373134328358,0.0,0.014925373134328358,0.0,0.08955223880597014,0.014925373134328358,0.26865671641791045,0.014925373134328358,0.19402985074626866,0.0,0.04477611940298507,0.0,0.014925373134328358,0.029850746268656716,0.014925373134328358,0.0,0.05970149253731343,0.0,0.0,0.0,0.014925373134328358,0.014925373134328358,0.0,0.0,0.0,0.0
409,0.011363636363636364,0.045454545454545456,0.011363636363636364,0.022727272727272728,0.011363636363636364,0.022727272727272728,0.022727272727272728,0.11363636363636363,0.011363636363636364,0.03409090909090909,0.011363636363636364,0.14772727272727273,0.03409090909090909,0.022727272727272728,0.0,0.0,0.0,0.011363636363636364,0.011363636363636364,0.022727272727272728,0.03409090909090909,0.13636363636363635,0.0,0.03409090909090909,0.011363636363636364,0.011363636363636364,0.011363636363636364,0.011363636363636364,0.011363636363636364,0.06818181818181818,0.056818181818181816,0.0,0.0,0.0,0.022727272727272728,0.0,0.011363636363636364,0.011363636363636364,0.0
410,0.0,0.0,0.0,0.0,0.0,0.0,0.0,0.0,0.0,0.0,0.0,0.0,0.0,0.0,0.0,0.0,0.0,0.0,0.0,0.0,0.0,0.0,0.02,0.0,0.0,0.0,0.0,0.0,0.0,0.0,0.0,0.0,0.8,0.18,0.0,0.0,0.0,0.0,0.0
411,0.0,0.13432835820895522,0.014925373134328358,0.029850746268656716,0.0,0.0,0.014925373134328358,0.0,0.07462686567164178,0.1044776119402985,0.0,0.0,0.04477611940298507,0.0,0.0,0.07462686567164178,0.05970149253731343,0.0,0.0,0.0,0.0,0.0,0.0,0.014925373134328358,0.029850746268656716,0.0,0.11940298507462686,0.0,0.0,0.04477611940298507,0.0,0.208955223880597,0.0,0.014925373134328358,0.014925373134328358,0.0,0.0,0.0,0.0
412,0.014705882352941176,0.058823529411764705,0.14705882352941177,0.014705882352941176,0.0,0.0,0.0,0.0,0.04411764705882353,0.058823529411764705,0.0,0.0,0.0,0.014705882352941176,0.014705882352941176,0.1323529411764706,0.0,0.014705882352941176,0.0,0.014705882352941176,0.0,0.0,0.0,0.0,0.0,0.04411764705882353,0.0,0.0,0.0,0.17647058823529413,0.07352941176470588,0.0,0.029411764705882353,0.14705882352941177,0.0,0.0,0.0,0.0,0.0
413,0.0,0.14942528735632185,0.04597701149425287,0.011494252873563218,0.022988505747126436,0.0,0.04597701149425287,0.0,0.011494252873563218,0.011494252873563218,0.011494252873563218,0.011494252873563218,0.0,0.16091954022988506,0.022988505747126436,0.011494252873563218,0.011494252873563218,0.0,0.022988505747126436,0.022988505747126436,0.10344827586206896,0.011494252873563218,0.0,0.0,0.0,0.034482758620689655,0.08045977011494253,0.0,0.011494252873563218,0.0,0.08045977011494253,0.05747126436781609,0.0,0.022988505747126436,0.022988505747126436,0.0,0.0,0.0,0.0
414,0.0,0.027777777777777776,0.125,0.0,0.0,0.013888888888888888,0.0,0.0,0.0,0.013888888888888888,0.027777777777777776,0.0,0.013888888888888888,0.027777777777777776,0.041666666666666664,0.013888888888888888,0.041666666666666664,0.5416666666666666,0.0,0.05555555555555555,0.027777777777777776,0.013888888888888888,0.0,0.0,0.0,0.0,0.013888888888888888,0.0,0.0,0.0,0.0,0.0,0.0,0.0,0.0,0.0,0.0,0.0,0.0
415,0.0,0.017241379310344827,0.05172413793103448,0.0,0.0,0.0,0.0,0.0,0.0,0.0,0.017241379310344827,0.0,0.0,0.05172413793103448,0.017241379310344827,0.0,0.017241379310344827,0.0,0.0,0.0,0.0,0.017241379310344827,0.017241379310344827,0.0,0.7413793103448276,0.0,0.0,0.0,0.034482758620689655,0.0,0.0,0.0,0.0,0.017241379310344827,0.0,0.0,0.0,0.0,0.0
416,0.017857142857142856,0.07142857142857142,0.0,0.16071428571428573,0.03571428571428571,0.0,0.0,0.0,0.0,0.0,0.0,0.0,0.0,0.017857142857142856,0.14285714285714285,0.16071428571428573,0.0,0.0,0.0,0.0,0.0,0.017857142857142856,0.0,0.0,0.017857142857142856,0.0,0.0,0.30357142857142855,0.0,0.0,0.0,0.017857142857142856,0.017857142857142856,0.0,0.017857142857142856,0.0,0.0,0.0,0.0
417,0.0,0.0,0.05454545454545454,0.01818181818181818,0.0,0.0,0.0,0.0,0.0,0.0,0.0,0.0,0.0,0.0,0.0,0.0,0.0,0.0,0.5454545454545454,0.01818181818181818,0.03636363636363636,0.01818181818181818,0.0,0.0,0.0,0.0,0.0,0.01818181818181818,0.0,0.0,0.2909090909090909,0.0,0.0,0.0,0.0,0.0,0.0,0.0,0.0
418,0.0,0.0,0.018867924528301886,0.018867924528301886,0.009433962264150943,0.04716981132075472,0.0,0.0,0.009433962264150943,0.009433962264150943,0.0,0.0,0.0,0.0,0.0,0.10377358490566038,0.0,0.009433962264150943,0.0,0.0,0.009433962264150943,0.02830188679245283,0.0,0.009433962264150943,0.0,0.0,0.0,0.0,0.0,0.14150943396226415,0.4056603773584906,0.1320754716981132,0.009433962264150943,0.03773584905660377,0.0,0.0,0.0,0.0,0.0
419,0.0,0.0,0.0136986301369863,0.0273972602739726,0.0,0.5616438356164384,0.0,0.0136986301369863,0.0,0.0,0.0,0.0410958904109589,0.0273972602739726,0.0410958904109589,0.0,0.0136986301369863,0.0,0.0273972602739726,0.0,0.0,0.0273972602739726,0.0136986301369863,0.0136986301369863,0.0,0.0,0.0547945205479452,0.0273972602739726,0.0136986301369863,0.0136986301369863,0.0,0.0136986301369863,0.0136986301369863,0.0136986301369863,0.0136986301369863,0.0,0.0,0.0136986301369863,0.0,0.0
420,0.0,0.017543859649122806,0.03508771929824561,0.0,0.07017543859649122,0.0,0.05263157894736842,0.0,0.0,0.0,0.03508771929824561,0.03508771929824561,0.0,0.0,0.0,0.0,0.0,0.017543859649122806,0.017543859649122806,0.017543859649122806,0.0,0.03508771929824561,0.2807017543859649,0.03508771929824561,0.05263157894736842,0.17543859649122806,0.03508771929824561,0.0,0.017543859649122806,0.0,0.05263157894736842,0.0,0.0,0.017543859649122806,0.0,0.0,0.0,0.0,0.0
421,0.0,0.0,0.0,0.0,0.0,0.03333333333333333,0.016666666666666666,0.0,0.05,0.016666666666666666,0.03333333333333333,0.0,0.0,0.03333333333333333,0.0,0.016666666666666666,0.0,0.35,0.18333333333333332,0.03333333333333333,0.016666666666666666,0.016666666666666666,0.08333333333333333,0.03333333333333333,0.0,0.016666666666666666,0.03333333333333333,0.0,0.0,0.016666666666666666,0.0,0.0,0.0,0.016666666666666666,0.0,0.0,0.0,0.0,0.0
422,0.0,0.0,0.2542372881355932,0.01694915254237288,0.0,0.0,0.01694915254237288,0.01694915254237288,0.06779661016949153,0.03389830508474576,0.0,0.0,0.0,0.0,0.0,0.0,0.0,0.0,0.0,0.0,0.0,0.1016949152542373,0.05084745762711865,0.0,0.0,0.01694915254237288,0.05084745762711865,0.05084745762711865,0.01694915254237288,0.01694915254237288,0.0,0.0,0.2711864406779661,0.01694915254237288,0.0,0.0,0.0,0.0,0.0
423,0.0,0.031746031746031744,0.1111111111111111,0.0,0.0,0.0,0.20634920634920634,0.015873015873015872,0.06349206349206349,0.047619047619047616,0.0,0.0,0.015873015873015872,0.031746031746031744,0.015873015873015872,0.0,0.0,0.0,0.0,0.31746031746031744,0.0,0.0,0.031746031746031744,0.0,0.0,0.031746031746031744,0.031746031746031744,0.015873015873015872,0.015873015873015872,0.0,0.0,0.0,0.015873015873015872,0.0,0.0,0.0,0.0,0.0,0.0
424,0.0,0.024096385542168676,0.012048192771084338,0.012048192771084338,0.012048192771084338,0.0,0.060240963855421686,0.024096385542168676,0.024096385542168676,0.08433734939759036,0.060240963855421686,0.0,0.0,0.0,0.012048192771084338,0.012048192771084338,0.0,0.0,0.08433734939759036,0.012048192771084338,0.060240963855421686,0.10843373493975904,0.07228915662650602,0.03614457831325301,0.0,0.0,0.012048192771084338,0.012048192771084338,0.0,0.024096385542168676,0.0,0.04819277108433735,0.08433734939759036,0.10843373493975904,0.0,0.0,0.0,0.0,0.0
425,0.0,0.03225806451612903,0.0,0.016129032258064516,0.03225806451612903,0.0,0.0967741935483871,0.04838709677419355,0.016129032258064516,0.14516129032258066,0.0,0.0,0.0,0.0,0.0,0.0,0.03225806451612903,0.016129032258064516,0.27419354838709675,0.03225806451612903,0.1774193548387097,0.0,0.016129032258064516,0.0,0.0,0.016129032258064516,0.0,0.0,0.0,0.0,0.0,0.0,0.0,0.03225806451612903,0.016129032258064516,0.0,0.0,0.0,0.0
426,0.0,0.0,0.017857142857142856,0.03571428571428571,0.017857142857142856,0.0,0.17857142857142858,0.0,0.0,0.08928571428571429,0.0,0.0,0.0,0.017857142857142856,0.0,0.05357142857142857,0.0,0.0,0.0,0.0,0.0,0.0,0.017857142857142856,0.0,0.0,0.0,0.0,0.0,0.125,0.0,0.0,0.07142857142857142,0.375,0.0,0.0,0.0,0.0,0.0,0.0
427,0.0,0.0,0.0,0.01639344262295082,0.0,0.0,0.0,0.01639344262295082,0.0,0.0,0.0,0.0,0.08196721311475409,0.0,0.09836065573770492,0.06557377049180328,0.0,0.0,0.0,0.0,0.0,0.01639344262295082,0.0,0.0,0.0,0.0,0.4426229508196721,0.2459016393442623,0.0,0.0,0.0,0.0,0.0,0.0,0.01639344262295082,0.0,0.0,0.0,0.0
428,0.0,0.0,0.0196078431372549,0.0,0.0,0.0,0.0196078431372549,0.3333333333333333,0.0196078431372549,0.0196078431372549,0.0,0.0,0.0,0.0,0.0,0.0,0.0,0.0196078431372549,0.0196078431372549,0.0196078431372549,0.058823529411764705,0.0196078431372549,0.0196078431372549,0.0,0.0,0.0,0.0,0.0392156862745098,0.0,0.0196078431372549,0.0196078431372549,0.3333333333333333,0.0196078431372549,0.0,0.0,0.0,0.0,0.0,0.0
429,0.0,0.0,0.8461538461538461,0.0,0.0,0.0,0.0,0.0,0.0,0.057692307692307696,0.0,0.0,0.0,0.0,0.0,0.0,0.0,0.0,0.0,0.0,0.0,0.019230769230769232,0.057692307692307696,0.0,0.0,0.019230769230769232,0.0,0.0,0.0,0.0,0.0,0.0,0.0,0.0,0.0,0.0,0.0,0.0,0.0
430,0.0,0.0,0.0,0.0,0.017543859649122806,0.017543859649122806,0.0,0.0,0.0,0.017543859649122806,0.0,0.0,0.0,0.0,0.8245614035087719,0.0,0.0,0.0,0.017543859649122806,0.017543859649122806,0.0,0.0,0.0,0.0,0.017543859649122806,0.017543859649122806,0.0,0.017543859649122806,0.0,0.0,0.0,0.03508771929824561,0.0,0.0,0.0,0.0,0.0,0.0,0.0
431,0.016666666666666666,0.0,0.0,0.0,0.0,0.05,0.0,0.016666666666666666,0.0,0.016666666666666666,0.2,0.0,0.03333333333333333,0.0,0.0,0.0,0.0,0.0,0.15,0.0,0.05,0.016666666666666666,0.016666666666666666,0.016666666666666666,0.3,0.03333333333333333,0.016666666666666666,0.0,0.0,0.0,0.0,0.0,0.016666666666666666,0.03333333333333333,0.016666666666666666,0.0,0.0,0.0,0.0
432,0.02,0.0,0.18,0.16,0.1,0.0,0.0,0.14,0.0,0.0,0.0,0.0,0.0,0.0,0.18,0.1,0.06,0.0,0.02,0.02,0.0,0.0,0.0,0.0,0.0,0.0,0.0,0.02,0.0,0.0,0.0,0.0,0.0,0.0,0.0,0.0,0.0,0.0,0.0
433,0.0,0.015384615384615385,0.0,0.03076923076923077,0.0,0.0,0.0,0.046153846153846156,0.0,0.0,0.0,0.015384615384615385,0.0,0.0,0.47692307692307695,0.0,0.0,0.2,0.0,0.0,0.0,0.0,0.0,0.0,0.015384615384615385,0.015384615384615385,0.0,0.0,0.03076923076923077,0.0,0.07692307692307693,0.0,0.0,0.07692307692307693,0.0,0.0,0.0,0.0,0.0
434,0.0,0.0196078431372549,0.0,0.0392156862745098,0.0,0.0,0.0,0.13725490196078433,0.7647058823529411,0.0,0.0,0.0,0.0,0.0196078431372549,0.0,0.0,0.0,0.0,0.0,0.0,0.0,0.0,0.0,0.0,0.0,0.0,0.0,0.0196078431372549,0.0,0.0,0.0,0.0,0.0,0.0,0.0,0.0,0.0,0.0,0.0
435,0.0,0.0,0.0,0.0,0.0,0.0,0.14,0.0,0.16,0.0,0.0,0.0,0.0,0.02,0.02,0.0,0.0,0.0,0.2,0.22,0.02,0.0,0.0,0.0,0.02,0.0,0.0,0.02,0.14,0.0,0.0,0.02,0.0,0.02,0.0,0.0,0.0,0.0,0.0
436,0.0136986301369863,0.0273972602739726,0.0136986301369863,0.0136986301369863,0.0547945205479452,0.4931506849315068,0.0136986301369863,0.0410958904109589,0.0,0.0136986301369863,0.0410958904109589,0.0136986301369863,0.0,0.0,0.0,0.0,0.0273972602739726,0.0,0.0821917808219178,0.0410958904109589,0.0136986301369863,0.0,0.0410958904109589,0.0,0.0,0.0136986301369863,0.0136986301369863,0.0,0.0,0.0,0.0136986301369863,0.0,0.0136986301369863,0.0,0.0,0.0,0.0,0.0,0.0
437,0.0,0.0,0.0,0.0196078431372549,0.0196078431372549,0.0,0.0196078431372549,0.0,0.0,0.0,0.0196078431372549,0.0,0.0,0.0,0.0,0.0,0.0,0.0,0.0,0.0,0.0,0.0196078431372549,0.0,0.0,0.0,0.0,0.0,0.8627450980392157,0.0,0.0,0.0,0.0196078431372549,0.0196078431372549,0.0,0.0,0.0,0.0,0.0,0.0
438,0.014705882352941176,0.0,0.058823529411764705,0.0,0.0,0.04411764705882353,0.0,0.0,0.014705882352941176,0.0,0.0,0.0,0.0,0.0,0.0,0.6911764705882353,0.029411764705882353,0.014705882352941176,0.0,0.0,0.0,0.0,0.0,0.0,0.0,0.029411764705882353,0.014705882352941176,0.08823529411764706,0.0,0.0,0.0,0.0,0.0,0.0,0.0,0.0,0.0,0.0,0.0
439,0.0,0.013888888888888888,0.027777777777777776,0.0,0.0,0.013888888888888888,0.6527777777777778,0.013888888888888888,0.0,0.013888888888888888,0.0,0.0,0.0,0.0,0.0,0.013888888888888888,0.0,0.013888888888888888,0.013888888888888888,0.013888888888888888,0.013888888888888888,0.013888888888888888,0.0,0.0,0.0,0.0,0.013888888888888888,0.09722222222222222,0.027777777777777776,0.013888888888888888,0.0,0.013888888888888888,0.0,0.013888888888888888,0.0,0.0,0.0,0.0,0.0
440,0.0,0.5454545454545454,0.0,0.0,0.0,0.0,0.2545454545454545,0.0,0.01818181818181818,0.01818181818181818,0.0,0.01818181818181818,0.01818181818181818,0.03636363636363636,0.01818181818181818,0.0,0.0,0.0,0.01818181818181818,0.0,0.0,0.0,0.0,0.0,0.0,0.0,0.0,0.0,0.01818181818181818,0.01818181818181818,0.01818181818181818,0.0,0.0,0.0,0.0,0.0,0.0,0.0,0.0
441,0.0,0.0,0.0,0.014705882352941176,0.0,0.0,0.04411764705882353,0.014705882352941176,0.014705882352941176,0.0,0.0,0.0,0.0,0.0,0.19117647058823528,0.0,0.04411764705882353,0.029411764705882353,0.0,0.07352941176470588,0.029411764705882353,0.029411764705882353,0.0,0.0,0.0,0.014705882352941176,0.0,0.0,0.014705882352941176,0.058823529411764705,0.014705882352941176,0.39705882352941174,0.0,0.014705882352941176,0.0,0.0,0.0,0.0,0.0
442,0.0,0.017543859649122806,0.017543859649122806,0.0,0.0,0.017543859649122806,0.0,0.0,0.0,0.0,0.03508771929824561,0.0,0.017543859649122806,0.8070175438596491,0.0,0.017543859649122806,0.0,0.0,0.0,0.0,0.0,0.0,0.0,0.0,0.0,0.0,0.017543859649122806,0.017543859649122806,0.0,0.017543859649122806,0.0,0.017543859649122806,0.0,0.0,0.0,0.0,0.0,0.0,0.0
443,0.0,0.0,0.0,0.16666666666666666,0.8125,0.0,0.020833333333333332,0.0,0.0,0.0,0.0,0.0,0.0,0.0,0.0,0.0,0.0,0.0,0.0,0.0,0.0,0.0,0.0,0.0,0.0,0.0,0.0,0.0,0.0,0.0,0.0,0.0,0.0,0.0,0.0,0.0,0.0,0.0,0.0
444,0.0,0.018867924528301886,0.018867924528301886,0.0,0.03773584905660377,0.0,0.0,0.0,0.0,0.018867924528301886,0.0,0.20754716981132076,0.0,0.0,0.0,0.0,0.0,0.0,0.018867924528301886,0.0,0.0,0.0,0.0,0.0,0.0,0.0,0.018867924528301886,0.6037735849056604,0.05660377358490566,0.0,0.0,0.0,0.0,0.0,0.0,0.0,0.0,0.0,0.0
445,0.0,0.016666666666666666,0.0,0.0,0.0,0.0,0.0,0.0,0.0,0.0,0.0,0.016666666666666666,0.0,0.0,0.016666666666666666,0.06666666666666667,0.0,0.7166666666666667,0.0,0.0,0.0,0.05,0.0,0.016666666666666666,0.0,0.0,0.0,0.016666666666666666,0.0,0.03333333333333333,0.0,0.0,0.05,0.0,0.0,0.0,0.0,0.0,0.0
446,0.0,0.018518518518518517,0.0,0.0,0.0,0.0,0.0,0.0,0.018518518518518517,0.018518518518518517,0.0,0.0,0.018518518518518517,0.0,0.0,0.0,0.018518518518518517,0.0,0.0,0.0,0.0,0.8148148148148148,0.0,0.0,0.0,0.0,0.037037037037037035,0.0,0.018518518518518517,0.0,0.0,0.0,0.0,0.018518518518518517,0.018518518518518517,0.0,0.0,0.0,0.0
447,0.0,0.0,0.01694915254237288,0.15254237288135594,0.0,0.13559322033898305,0.03389830508474576,0.1864406779661017,0.1016949152542373,0.03389830508474576,0.0,0.0,0.0,0.01694915254237288,0.0,0.0847457627118644,0.0,0.0,0.0,0.01694915254237288,0.03389830508474576,0.0,0.01694915254237288,0.0,0.0,0.0,0.01694915254237288,0.01694915254237288,0.0,0.01694915254237288,0.0,0.0,0.0,0.11864406779661017,0.0,0.0,0.0,0.0,0.0
448,0.0,0.0,0.0,0.0,0.0,0.0,0.0,0.0,0.0,0.0,0.0,0.0,0.0,0.0,0.02,0.0,0.78,0.0,0.18,0.0,0.0,0.0,0.0,0.0,0.0,0.0,0.02,0.0,0.0,0.0,0.0,0.0,0.0,0.0,0.0,0.0,0.0,0.0,0.0
449,0.0,0.0,0.0410958904109589,0.6712328767123288,0.0136986301369863,0.0136986301369863,0.0,0.0410958904109589,0.0136986301369863,0.0,0.0,0.0,0.0,0.0,0.0,0.0136986301369863,0.0136986301369863,0.0,0.0136986301369863,0.0136986301369863,0.0136986301369863,0.0273972602739726,0.0,0.0136986301369863,0.0,0.0136986301369863,0.0136986301369863,0.0,0.0,0.0136986301369863,0.0136986301369863,0.0,0.0,0.0410958904109589,0.0,0.0,0.0,0.0,0.0
450,0.0,0.0,0.5185185185185185,0.0,0.018518518518518517,0.0,0.0,0.037037037037037035,0.037037037037037035,0.0,0.0,0.0,0.0,0.0,0.0,0.037037037037037035,0.0,0.0,0.0,0.0,0.0,0.0,0.0,0.018518518518518517,0.2222222222222222,0.07407407407407407,0.0,0.037037037037037035,0.0,0.0,0.0,0.0,0.0,0.0,0.0,0.0,0.0,0.0,0.0
451,0.0,0.0,0.0,0.021739130434782608,0.0,0.10869565217391304,0.0,0.0,0.06521739130434782,0.0,0.021739130434782608,0.021739130434782608,0.0,0.0,0.0,0.0,0.0,0.0,0.021739130434782608,0.0,0.0,0.0,0.0,0.6956521739130435,0.0,0.021739130434782608,0.0,0.0,0.0,0.0,0.0,0.021739130434782608,0.0,0.0,0.0,0.0,0.0,0.0,0.0
452,0.0,0.19148936170212766,0.0,0.0,0.06382978723404255,0.0,0.2978723404255319,0.0,0.02127659574468085,0.0,0.0,0.0,0.0,0.0,0.0,0.0,0.3191489361702128,0.0425531914893617,0.0,0.0,0.0,0.0,0.0,0.0,0.02127659574468085,0.0,0.0,0.0,0.02127659574468085,0.0,0.0,0.02127659574468085,0.0,0.0,0.0,0.0,0.0,0.0,0.0
453,0.0,0.0,0.0,0.0,0.02040816326530612,0.0,0.0,0.0,0.02040816326530612,0.0,0.0,0.0,0.9183673469387755,0.0,0.0,0.02040816326530612,0.0,0.0,0.0,0.0,0.0,0.02040816326530612,0.0,0.0,0.0,0.0,0.0,0.0,0.0,0.0,0.0,0.0,0.0,0.0,0.0,0.0,0.0,0.0,0.0
454,0.0,0.0,0.07017543859649122,0.03508771929824561,0.0,0.0,0.017543859649122806,0.0,0.0,0.017543859649122806,0.0,0.0,0.0,0.017543859649122806,0.07017543859649122,0.0,0.0,0.0,0.3508771929824561,0.017543859649122806,0.0,0.0,0.0,0.0,0.0,0.22807017543859648,0.0,0.0,0.0,0.017543859649122806,0.0,0.0,0.0,0.15789473684210525,0.0,0.0,0.0,0.0,0.0
455,0.0,0.03508771929824561,0.03508771929824561,0.03508771929824561,0.03508771929824561,0.043859649122807015,0.06140350877192982,0.02631578947368421,0.07894736842105263,0.043859649122807015,0.017543859649122806,0.02631578947368421,0.02631578947368421,0.0,0.06140350877192982,0.02631578947368421,0.0,0.017543859649122806,0.017543859649122806,0.02631578947368421,0.008771929824561403,0.02631578947368421,0.03508771929824561,0.02631578947368421,0.06140350877192982,0.008771929824561403,0.017543859649122806,0.03508771929824561,0.02631578947368421,0.008771929824561403,0.02631578947368421,0.008771929824561403,0.03508771929824561,0.02631578947368421,0.02631578947368421,0.008771929824561403,0.0,0.0,0.0
456,0.0,0.016129032258064516,0.03225806451612903,0.016129032258064516,0.016129032258064516,0.0,0.0,0.0,0.12903225806451613,0.0,0.0,0.0,0.0,0.0,0.0,0.016129032258064516,0.0,0.0,0.016129032258064516,0.0,0.04838709677419355,0.016129032258064516,0.016129032258064516,0.0,0.06451612903225806,0.0,0.0,0.0,0.016129032258064516,0.016129032258064516,0.016129032258064516,0.5161290322580645,0.016129032258064516,0.03225806451612903,0.0,0.0,0.0,0.0,0.0
457,0.0,0.0,0.7818181818181819,0.0,0.0,0.0,0.0,0.0,0.01818181818181818,0.0,0.01818181818181818,0.0,0.0,0.0,0.01818181818181818,0.0,0.0,0.05454545454545454,0.0,0.03636363636363636,0.0,0.03636363636363636,0.0,0.0,0.0,0.0,0.0,0.0,0.03636363636363636,0.0,0.0,0.0,0.0,0.0,0.0,0.0,0.0,0.0,0.0
458,0.0,0.0,0.0,0.015151515151515152,0.45454545454545453,0.045454545454545456,0.015151515151515152,0.030303030303030304,0.0,0.015151515151515152,0.015151515151515152,0.0,0.030303030303030304,0.0,0.0,0.0,0.015151515151515152,0.0,0.015151515151515152,0.09090909090909091,0.015151515151515152,0.09090909090909091,0.0,0.045454545454545456,0.030303030303030304,0.0,0.0,0.0,0.015151515151515152,0.015151515151515152,0.015151515151515152,0.0,0.015151515151515152,0.015151515151515152,0.0,0.0,0.0,0.0,0.0
459,0.0,0.03773584905660377,0.0,0.09433962264150944,0.03773584905660377,0.03773584905660377,0.018867924528301886,0.0,0.05660377358490566,0.16981132075471697,0.018867924528301886,0.018867924528301886,0.0,0.0,0.0,0.0,0.39622641509433965,0.0,0.0,0.0,0.0,0.018867924528301886,0.0,0.0,0.018867924528301886,0.0,0.0,0.03773584905660377,0.0,0.0,0.0,0.018867924528301886,0.0,0.018867924528301886,0.0,0.0,0.0,0.0,0.0
460,0.0,0.021052631578947368,0.010526315789473684,0.4421052631578947,0.17894736842105263,0.07368421052631578,0.0,0.0,0.0,0.0,0.0,0.010526315789473684,0.07368421052631578,0.0,0.010526315789473684,0.010526315789473684,0.0,0.0,0.0,0.042105263157894736,0.010526315789473684,0.021052631578947368,0.0,0.0,0.0,0.0,0.0,0.010526315789473684,0.0,0.0,0.0,0.0,0.010526315789473684,0.07368421052631578,0.0,0.0,0.0,0.0,0.0
461,0.0,0.0,0.0,0.0,0.0,0.0,0.0,0.40816326530612246,0.02040816326530612,0.0,0.0,0.0,0.0,0.0,0.0,0.0,0.0,0.0,0.0,0.0,0.0,0.0,0.0,0.02040816326530612,0.0,0.0,0.0,0.5102040816326531,0.02040816326530612,0.0,0.0,0.0,0.0,0.02040816326530612,0.0,0.0,0.0,0.0,0.0
462,0.0,0.029850746268656716,0.0,0.029850746268656716,0.0,0.0,0.0,0.0,0.014925373134328358,0.6567164179104478,0.0,0.0,0.0,0.04477611940298507,0.0,0.029850746268656716,0.014925373134328358,0.0,0.014925373134328358,0.0,0.0,0.04477611940298507,0.029850746268656716,0.0,0.0,0.0,0.029850746268656716,0.029850746268656716,0.014925373134328358,0.0,0.0,0.0,0.0,0.014925373134328358,0.0,0.0,0.0,0.0,0.0
463,0.0,0.08064516129032258,0.0,0.0,0.0,0.0,0.0,0.016129032258064516,0.0,0.06451612903225806,0.0,0.016129032258064516,0.0,0.0,0.0,0.0,0.0,0.0,0.0,0.0,0.0,0.0,0.016129032258064516,0.0,0.6774193548387096,0.016129032258064516,0.0,0.016129032258064516,0.0,0.0,0.0967741935483871,0.0,0.0,0.0,0.0,0.0,0.0,0.0,0.0
464,0.0,0.0,0.03125,0.109375,0.0,0.0,0.0,0.0,0.0,0.0,0.0,0.0,0.0,0.0,0.0,0.0,0.0,0.78125,0.015625,0.0,0.0,0.0,0.0,0.0,0.0,0.015625,0.015625,0.0,0.015625,0.0,0.0,0.0,0.0,0.0,0.015625,0.0,0.0,0.0,0.0
465,0.0,0.0,0.0,0.0,0.0,0.01639344262295082,0.0,0.0,0.0,0.01639344262295082,0.0,0.0,0.0,0.0,0.7213114754098361,0.0,0.0,0.0,0.0,0.01639344262295082,0.01639344262295082,0.0,0.0,0.0,0.0,0.01639344262295082,0.03278688524590164,0.0,0.0,0.0,0.08196721311475409,0.0,0.08196721311475409,0.0,0.0,0.0,0.0,0.0,0.0
466,0.0,0.02040816326530612,0.0,0.02040816326530612,0.0,0.061224489795918366,0.02040816326530612,0.02040816326530612,0.0,0.0,0.02040816326530612,0.0,0.0,0.0,0.0,0.0,0.0,0.0,0.0,0.061224489795918366,0.0,0.0,0.0,0.02040816326530612,0.02040816326530612,0.04081632653061224,0.0,0.16326530612244897,0.0,0.0,0.08163265306122448,0.4489795918367347,0.0,0.0,0.0,0.0,0.0,0.0,0.0
467,0.0,0.02531645569620253,0.0,0.012658227848101266,0.13924050632911392,0.0,0.0,0.012658227848101266,0.26582278481012656,0.02531645569620253,0.0,0.0,0.0,0.012658227848101266,0.08860759493670886,0.0,0.012658227848101266,0.02531645569620253,0.0,0.0,0.012658227848101266,0.11392405063291139,0.0,0.0,0.0,0.012658227848101266,0.02531645569620253,0.11392405063291139,0.06329113924050633,0.0,0.0,0.02531645569620253,0.0,0.012658227848101266,0.0,0.0,0.0,0.0,0.0
468,0.0,0.0,0.0196078431372549,0.0392156862745098,0.0392156862745098,0.0,0.0,0.0,0.0,0.0,0.0,0.0,0.11764705882352941,0.0,0.0,0.11764705882352941,0.4117647058823529,0.0196078431372549,0.0196078431372549,0.0196078431372549,0.0196078431372549,0.0196078431372549,0.0,0.0196078431372549,0.0,0.0,0.0196078431372549,0.0392156862745098,0.0,0.0,0.0,0.0,0.0,0.058823529411764705,0.0196078431372549,0.0,0.0,0.0,0.0
469,0.0,0.0,0.21153846153846154,0.28846153846153844,0.17307692307692307,0.019230769230769232,0.019230769230769232,0.0,0.0,0.0,0.0,0.019230769230769232,0.0,0.038461538461538464,0.0,0.0,0.0,0.019230769230769232,0.057692307692307696,0.019230769230769232,0.057692307692307696,0.0,0.0,0.0,0.0,0.0,0.019230769230769232,0.038461538461538464,0.0,0.0,0.0,0.019230769230769232,0.0,0.0,0.0,0.0,0.0,0.0,0.0
470,0.012987012987012988,0.012987012987012988,0.012987012987012988,0.0,0.2077922077922078,0.025974025974025976,0.025974025974025976,0.012987012987012988,0.0,0.012987012987012988,0.0,0.0,0.0,0.03896103896103896,0.012987012987012988,0.025974025974025976,0.0,0.012987012987012988,0.012987012987012988,0.03896103896103896,0.0,0.06493506493506493,0.025974025974025976,0.0,0.03896103896103896,0.16883116883116883,0.012987012987012988,0.07792207792207792,0.07792207792207792,0.025974025974025976,0.012987012987012988,0.0,0.012987012987012988,0.0,0.012987012987012988,0.0,0.0,0.0,0.0
471,0.0,0.0,0.02857142857142857,0.014285714285714285,0.0,0.014285714285714285,0.0,0.0,0.04285714285714286,0.0,0.07142857142857142,0.0,0.014285714285714285,0.014285714285714285,0.014285714285714285,0.014285714285714285,0.0,0.0,0.0,0.04285714285714286,0.02857142857142857,0.02857142857142857,0.0,0.0,0.0,0.5285714285714286,0.014285714285714285,0.0,0.014285714285714285,0.05714285714285714,0.014285714285714285,0.014285714285714285,0.02857142857142857,0.0,0.0,0.0,0.0,0.0,0.0
472,0.0,0.05357142857142857,0.0,0.0,0.0,0.0,0.0,0.03571428571428571,0.0,0.0,0.8928571428571429,0.0,0.0,0.0,0.0,0.0,0.017857142857142856,0.0,0.0,0.0,0.0,0.0,0.0,0.0,0.0,0.0,0.0,0.0,0.0,0.0,0.0,0.0,0.0,0.0,0.0,0.0,0.0,0.0,0.0
473,0.0,0.0,0.07692307692307693,0.0,0.019230769230769232,0.0,0.0,0.0,0.019230769230769232,0.0,0.019230769230769232,0.0,0.0,0.0,0.038461538461538464,0.019230769230769232,0.0,0.019230769230769232,0.0,0.0,0.0,0.0,0.0,0.0,0.0,0.0,0.0,0.0,0.7307692307692307,0.0,0.0,0.019230769230769232,0.038461538461538464,0.0,0.0,0.0,0.0,0.0,0.0
474,0.0,0.0,0.07936507936507936,0.0,0.0,0.0,0.015873015873015872,0.0,0.0,0.0,0.0,0.0,0.0,0.12698412698412698,0.0,0.0,0.0,0.015873015873015872,0.0,0.0,0.015873015873015872,0.0,0.0,0.0,0.0,0.015873015873015872,0.0,0.0,0.6825396825396826,0.047619047619047616,0.0,0.0,0.0,0.0,0.0,0.0,0.0,0.0,0.0
475,0.0,0.41304347826086957,0.0,0.0,0.0,0.0,0.043478260869565216,0.021739130434782608,0.0,0.0,0.0,0.0,0.043478260869565216,0.0,0.0,0.021739130434782608,0.0,0.021739130434782608,0.0,0.0,0.0,0.021739130434782608,0.0,0.0,0.30434782608695654,0.0,0.0,0.0,0.021739130434782608,0.021739130434782608,0.06521739130434782,0.0,0.0,0.0,0.0,0.0,0.0,0.0,0.0
476,0.0,0.0,0.0,0.0,0.0,0.037037037037037035,0.0,0.8333333333333334,0.0,0.018518518518518517,0.0,0.0,0.0,0.0,0.0,0.0,0.0,0.0,0.018518518518518517,0.0,0.018518518518518517,0.0,0.0,0.0,0.0,0.037037037037037035,0.0,0.0,0.0,0.0,0.0,0.018518518518518517,0.0,0.018518518518518517,0.0,0.0,0.0,0.0,0.0
477,0.0,0.0425531914893617,0.06382978723404255,0.02127659574468085,0.06382978723404255,0.02127659574468085,0.0425531914893617,0.0,0.02127659574468085,0.0,0.0851063829787234,0.0,0.02127659574468085,0.02127659574468085,0.0,0.02127659574468085,0.0425531914893617,0.02127659574468085,0.0,0.0851063829787234,0.0425531914893617,0.0851063829787234,0.02127659574468085,0.0425531914893617,0.0851063829787234,0.02127659574468085,0.02127659574468085,0.02127659574468085,0.02127659574468085,0.02127659574468085,0.02127659574468085,0.0,0.02127659574468085,0.0,0.0,0.0,0.0,0.0,0.0
478,0.0,0.021739130434782608,0.0,0.0,0.9130434782608695,0.0,0.0,0.0,0.0,0.0,0.0,0.0,0.0,0.0,0.0,0.0,0.0,0.0,0.0,0.0,0.0,0.0,0.0,0.0,0.0,0.0,0.021739130434782608,0.0,0.0,0.021739130434782608,0.021739130434782608,0.0,0.0,0.0,0.0,0.0,0.0,0.0,0.0
479,0.08695652173913043,0.0,0.0,0.0,0.0,0.0,0.0,0.0,0.8913043478260869,0.0,0.0,0.0,0.0,0.0,0.0,0.0,0.0,0.0,0.0,0.021739130434782608,0.0,0.0,0.0,0.0,0.0,0.0,0.0,0.0,0.0,0.0,0.0,0.0,0.0,0.0,0.0,0.0,0.0,0.0,0.0
480,0.0,0.018867924528301886,0.05660377358490566,0.0,0.0,0.0,0.018867924528301886,0.0,0.018867924528301886,0.0,0.03773584905660377,0.0,0.018867924528301886,0.0,0.0,0.0,0.0,0.0,0.0,0.0,0.7358490566037735,0.018867924528301886,0.018867924528301886,0.0,0.0,0.0,0.018867924528301886,0.018867924528301886,0.0,0.0,0.0,0.0,0.0,0.018867924528301886,0.0,0.0,0.0,0.0,0.0
481,0.0,0.0,0.0,0.0,0.015625,0.015625,0.0,0.0,0.0,0.0,0.015625,0.0,0.0,0.015625,0.0,0.0,0.0,0.0,0.015625,0.015625,0.0,0.0,0.0625,0.046875,0.03125,0.0,0.015625,0.0,0.0,0.0,0.0,0.640625,0.078125,0.03125,0.0,0.0,0.0,0.0,0.0
482,0.0,0.0,0.0,0.01694915254237288,0.0,0.01694915254237288,0.0,0.0,0.0,0.0,0.0,0.0,0.0,0.01694915254237288,0.06779661016949153,0.0,0.0,0.0,0.0,0.0,0.0,0.0,0.0,0.0,0.0,0.7627118644067796,0.01694915254237288,0.03389830508474576,0.05084745762711865,0.0,0.01694915254237288,0.0,0.0,0.0,0.0,0.0,0.0,0.0,0.0
483,0.0,0.017241379310344827,0.05172413793103448,0.0,0.6379310344827587,0.017241379310344827,0.0,0.1206896551724138,0.0,0.0,0.017241379310344827,0.0,0.0,0.0,0.0,0.034482758620689655,0.0,0.017241379310344827,0.0,0.0,0.0,0.0,0.0,0.0,0.0,0.0,0.0,0.034482758620689655,0.017241379310344827,0.0,0.017241379310344827,0.017241379310344827,0.0,0.0,0.0,0.0,0.0,0.0,0.0
484,0.029850746268656716,0.04477611940298507,0.0,0.0,0.5970149253731343,0.014925373134328358,0.0,0.0,0.0,0.05970149253731343,0.0,0.0,0.014925373134328358,0.0,0.014925373134328358,0.014925373134328358,0.11940298507462686,0.014925373134328358,0.014925373134328358,0.0,0.014925373134328358,0.0,0.0,0.014925373134328358,0.0,0.0,0.0,0.0,0.014925373134328358,0.014925373134328358,0.0,0.0,0.0,0.0,0.0,0.0,0.0,0.0,0.0
485,0.0,0.015151515151515152,0.015151515151515152,0.0,0.015151515151515152,0.0,0.4090909090909091,0.045454545454545456,0.0,0.015151515151515152,0.0,0.0,0.0,0.0,0.0,0.0,0.0,0.0,0.0,0.015151515151515152,0.0,0.0,0.0,0.0,0.015151515151515152,0.045454545454545456,0.3787878787878788,0.015151515151515152,0.0,0.0,0.015151515151515152,0.0,0.0,0.0,0.0,0.0,0.0,0.0,0.0
486,0.0,0.0,0.0,0.018867924528301886,0.018867924528301886,0.0,0.0,0.0,0.03773584905660377,0.018867924528301886,0.03773584905660377,0.0,0.0,0.0,0.03773584905660377,0.018867924528301886,0.018867924528301886,0.018867924528301886,0.0,0.6226415094339622,0.05660377358490566,0.0,0.03773584905660377,0.0,0.0,0.018867924528301886,0.03773584905660377,0.0,0.0,0.0,0.0,0.0,0.0,0.0,0.0,0.0,0.0,0.0,0.0
487,0.09615384615384616,0.057692307692307696,0.0,0.019230769230769232,0.0,0.0,0.0,0.0,0.0,0.07692307692307693,0.3076923076923077,0.019230769230769232,0.0,0.11538461538461539,0.019230769230769232,0.0,0.019230769230769232,0.019230769230769232,0.057692307692307696,0.0,0.019230769230769232,0.038461538461538464,0.0,0.0,0.038461538461538464,0.0,0.019230769230769232,0.0,0.0,0.057692307692307696,0.019230769230769232,0.0,0.0,0.0,0.0,0.0,0.0,0.0,0.0
488,0.0,0.01818181818181818,0.2545454545454545,0.09090909090909091,0.07272727272727272,0.0,0.12727272727272726,0.01818181818181818,0.0,0.03636363636363636,0.0,0.0,0.0,0.0,0.03636363636363636,0.05454545454545454,0.0,0.0,0.01818181818181818,0.03636363636363636,0.01818181818181818,0.01818181818181818,0.03636363636363636,0.0,0.0,0.0,0.0,0.0,0.07272727272727272,0.03636363636363636,0.05454545454545454,0.0,0.0,0.0,0.0,0.0,0.0,0.0,0.0
489,0.0,0.0,0.3181818181818182,0.29545454545454547,0.0,0.0,0.0,0.0,0.0,0.0,0.0,0.0,0.0,0.0,0.0,0.022727272727272728,0.0,0.0,0.0,0.0,0.0,0.0,0.0,0.0,0.0,0.0,0.0,0.0,0.0,0.3409090909090909,0.022727272727272728,0.0,0.0,0.0,0.0,0.0,0.0,0.0,0.0
490,0.0,0.0,0.0,0.0,0.1,0.0,0.02,0.02,0.0,0.0,0.0,0.0,0.0,0.0,0.0,0.0,0.0,0.0,0.0,0.02,0.0,0.04,0.0,0.0,0.0,0.0,0.0,0.74,0.04,0.0,0.0,0.0,0.0,0.02,0.0,0.0,0.0,0.0,0.0
491,0.0,0.0,0.05357142857142857,0.0,0.0,0.0,0.0,0.0,0.10714285714285714,0.0,0.017857142857142856,0.017857142857142856,0.017857142857142856,0.0,0.0,0.017857142857142856,0.0,0.0,0.017857142857142856,0.0,0.0,0.03571428571428571,0.0,0.0,0.0,0.017857142857142856,0.03571428571428571,0.0,0.017857142857142856,0.0,0.0,0.017857142857142856,0.5714285714285714,0.03571428571428571,0.017857142857142856,0.0,0.0,0.0,0.0
492,0.0,0.0,0.0,0.0,0.0,0.0,0.0,0.0,0.0,0.0,0.5111111111111111,0.15555555555555556,0.0,0.0,0.0,0.022222222222222223,0.0,0.0,0.0,0.0,0.0,0.0,0.0,0.0,0.0,0.022222222222222223,0.0,0.0,0.0,0.0,0.28888888888888886,0.0,0.0,0.0,0.0,0.0,0.0,0.0,0.0
493,0.0,0.0,0.0,0.0,0.0,0.17543859649122806,0.0,0.0,0.0,0.0,0.08771929824561403,0.0,0.0,0.0,0.017543859649122806,0.0,0.0,0.5964912280701754,0.0,0.0,0.0,0.0,0.0,0.0,0.0,0.0,0.0,0.017543859649122806,0.03508771929824561,0.03508771929824561,0.017543859649122806,0.0,0.0,0.017543859649122806,0.0,0.0,0.0,0.0,0.0
494,0.0,0.028985507246376812,0.014492753623188406,0.028985507246376812,0.014492753623188406,0.014492753623188406,0.0,0.0,0.0,0.014492753623188406,0.014492753623188406,0.0,0.0,0.0,0.08695652173913043,0.014492753623188406,0.0,0.0,0.0,0.028985507246376812,0.5797101449275363,0.028985507246376812,0.0,0.014492753623188406,0.0,0.0,0.0,0.028985507246376812,0.014492753623188406,0.043478260869565216,0.0,0.0,0.0,0.028985507246376812,0.0,0.0,0.0,0.0,0.0
495,0.0,0.0,0.0,0.037037037037037035,0.0,0.0,0.0,0.0,0.0,0.018518518518518517,0.0,0.0,0.0,0.0,0.0,0.0,0.0,0.0,0.0,0.0,0.0,0.0,0.018518518518518517,0.0,0.0,0.0,0.0,0.018518518518518517,0.018518518518518517,0.0,0.0,0.8333333333333334,0.018518518518518517,0.0,0.037037037037037035,0.0,0.0,0.0,0.0
496,0.0,0.0,0.0,0.0,0.0,0.021739130434782608,0.6086956521739131,0.0,0.0,0.0,0.0,0.0,0.0,0.0,0.0,0.0,0.0,0.0,0.0,0.021739130434782608,0.21739130434782608,0.021739130434782608,0.0,0.0,0.0,0.0,0.0,0.0,0.021739130434782608,0.0,0.021739130434782608,0.043478260869565216,0.0,0.021739130434782608,0.0,0.0,0.0,0.0,0.0
497,0.0,0.0,0.02127659574468085,0.0425531914893617,0.0,0.0,0.0,0.0,0.0,0.0,0.0,0.0,0.0,0.0,0.0,0.02127659574468085,0.0,0.0,0.8936170212765957,0.02127659574468085,0.0,0.0,0.0,0.0,0.0,0.0,0.0,0.0,0.0,0.0,0.0,0.0,0.0,0.0,0.0,0.0,0.0,0.0,0.0
498,0.0136986301369863,0.0,0.1232876712328767,0.0273972602739726,0.0136986301369863,0.0136986301369863,0.0136986301369863,0.0,0.0,0.0,0.0136986301369863,0.0,0.0,0.0136986301369863,0.0,0.0,0.0273972602739726,0.3972602739726027,0.0410958904109589,0.0410958904109589,0.0136986301369863,0.0,0.0,0.0,0.0410958904109589,0.0136986301369863,0.0136986301369863,0.0273972602739726,0.0410958904109589,0.0273972602739726,0.0273972602739726,0.0,0.0273972602739726,0.0273972602739726,0.0,0.0,0.0,0.0,0.0
499,0.0,0.26153846153846155,0.0,0.5076923076923077,0.0,0.0,0.0,0.0,0.046153846153846156,0.03076923076923077,0.0,0.0,0.0,0.0,0.0,0.0,0.015384615384615385,0.015384615384615385,0.0,0.015384615384615385,0.0,0.0,0.0,0.0,0.0,0.03076923076923077,0.0,0.015384615384615385,0.03076923076923077,0.0,0.0,0.015384615384615385,0.015384615384615385,0.0,0.0,0.0,0.0,0.0,0.0
500,0.0,0.0,0.0,0.021739130434782608,0.0,0.0,0.0,0.0,0.0,0.782608695652174,0.0,0.0,0.0,0.0,0.0,0.021739130434782608,0.0,0.0,0.0,0.08695652173913043,0.043478260869565216,0.021739130434782608,0.021739130434782608,0.0,0.0,0.0,0.0,0.0,0.0,0.0,0.0,0.0,0.0,0.0,0.0,0.0,0.0,0.0,0.0
501,0.0,0.0,0.0,0.13333333333333333,0.03333333333333333,0.05,0.0,0.016666666666666666,0.03333333333333333,0.1,0.016666666666666666,0.0,0.03333333333333333,0.0,0.15,0.016666666666666666,0.0,0.03333333333333333,0.016666666666666666,0.03333333333333333,0.0,0.0,0.0,0.016666666666666666,0.0,0.0,0.016666666666666666,0.016666666666666666,0.21666666666666667,0.016666666666666666,0.016666666666666666,0.016666666666666666,0.0,0.016666666666666666,0.0,0.0,0.0,0.0,0.0
502,0.0,0.015873015873015872,0.0,0.0,0.0,0.015873015873015872,0.015873015873015872,0.6507936507936508,0.0,0.015873015873015872,0.031746031746031744,0.0,0.015873015873015872,0.0,0.0,0.0,0.0,0.047619047619047616,0.015873015873015872,0.0,0.0,0.031746031746031744,0.031746031746031744,0.0,0.015873015873015872,0.031746031746031744,0.015873015873015872,0.015873015873015872,0.015873015873015872,0.0,0.015873015873015872,0.0,0.0,0.0,0.0,0.0,0.0,0.0,0.0
503,0.0,0.08163265306122448,0.02040816326530612,0.02040816326530612,0.0,0.0,0.0,0.14285714285714285,0.061224489795918366,0.0,0.0,0.0,0.0,0.0,0.04081632653061224,0.0,0.0,0.0,0.0,0.02040816326530612,0.02040816326530612,0.02040816326530612,0.0,0.02040816326530612,0.0,0.04081632653061224,0.0,0.0,0.02040816326530612,0.4897959183673469,0.0,0.0,0.0,0.0,0.0,0.0,0.0,0.0,0.0
504,0.0,0.015625,0.0,0.015625,0.0,0.0,0.015625,0.0,0.03125,0.0,0.0,0.0,0.0,0.640625,0.0,0.078125,0.0,0.0,0.140625,0.0,0.015625,0.0,0.0,0.015625,0.0,0.0,0.0,0.015625,0.0,0.0,0.015625,0.0,0.0,0.0,0.0,0.0,0.0,0.0,0.0
505,0.0,0.0,0.0,0.0,0.022727272727272728,0.0,0.0,0.0,0.0,0.0,0.0,0.0,0.0,0.0,0.022727272727272728,0.0,0.0,0.0,0.022727272727272728,0.0,0.022727272727272728,0.0,0.022727272727272728,0.0,0.0,0.0,0.8863636363636364,0.0,0.0,0.0,0.0,0.0,0.0,0.0,0.0,0.0,0.0,0.0,0.0
506,0.0,0.0,0.0,0.0,0.0,0.0,0.0,0.0,0.0,0.0,0.0,0.0,0.0,0.0,0.0,0.0,0.0,0.0,0.0,0.0,0.021739130434782608,0.0,0.0,0.021739130434782608,0.0,0.0,0.2608695652173913,0.0,0.0,0.0,0.6956521739130435,0.0,0.0,0.0,0.0,0.0,0.0,0.0,0.0
507,0.0,0.0,0.01694915254237288,0.01694915254237288,0.0,0.0,0.0,0.0,0.0,0.01694915254237288,0.0,0.0,0.01694915254237288,0.0,0.01694915254237288,0.01694915254237288,0.0,0.01694915254237288,0.05084745762711865,0.01694915254237288,0.0,0.03389830508474576,0.0,0.01694915254237288,0.01694915254237288,0.0,0.01694915254237288,0.6440677966101694,0.0,0.0,0.0,0.0,0.06779661016949153,0.0,0.01694915254237288,0.0,0.0,0.0,0.0
508,0.01818181818181818,0.0,0.0,0.01818181818181818,0.03636363636363636,0.0,0.0,0.0,0.0,0.0,0.0,0.0,0.0,0.03636363636363636,0.01818181818181818,0.8,0.0,0.0,0.0,0.01818181818181818,0.0,0.0,0.0,0.0,0.0,0.01818181818181818,0.0,0.01818181818181818,0.01818181818181818,0.0,0.0,0.0,0.0,0.0,0.0,0.0,0.0,0.0,0.0
509,0.0,0.0,0.0,0.0,0.0,0.13953488372093023,0.0,0.023255813953488372,0.37209302325581395,0.0,0.0,0.0,0.0,0.4186046511627907,0.0,0.0,0.0,0.0,0.0,0.0,0.0,0.023255813953488372,0.0,0.0,0.0,0.023255813953488372,0.0,0.0,0.0,0.0,0.0,0.0,0.0,0.0,0.0,0.0,0.0,0.0,0.0
510,0.0,0.0,0.018518518518518517,0.5555555555555556,0.0,0.0,0.0,0.0,0.0,0.0,0.0,0.0,0.0,0.0,0.018518518518518517,0.05555555555555555,0.0,0.0,0.0,0.018518518518518517,0.0,0.018518518518518517,0.018518518518518517,0.0,0.0,0.0,0.0,0.0,0.2962962962962963,0.0,0.0,0.0,0.0,0.0,0.0,0.0,0.0,0.0,0.0
511,0.0,0.05172413793103448,0.0,0.017241379310344827,0.0,0.017241379310344827,0.034482758620689655,0.0,0.0,0.0,0.0,0.0,0.0,0.0,0.0,0.10344827586206896,0.15517241379310345,0.0,0.0,0.0,0.017241379310344827,0.0,0.0,0.0,0.0,0.0,0.5,0.0,0.017241379310344827,0.0,0.05172413793103448,0.017241379310344827,0.017241379310344827,0.0,0.0,0.0,0.0,0.0,0.0
512,0.0,0.05263157894736842,0.0,0.017543859649122806,0.0,0.0,0.0,0.0,0.0,0.0,0.0,0.0,0.017543859649122806,0.0,0.0,0.017543859649122806,0.7017543859649122,0.0,0.0,0.0,0.0,0.0,0.05263157894736842,0.0,0.0,0.0,0.0,0.03508771929824561,0.0,0.017543859649122806,0.0,0.0,0.017543859649122806,0.05263157894736842,0.017543859649122806,0.0,0.0,0.0,0.0
513,0.0,0.0,0.016666666666666666,0.0,0.0,0.016666666666666666,0.016666666666666666,0.0,0.0,0.0,0.0,0.0,0.016666666666666666,0.0,0.03333333333333333,0.48333333333333334,0.03333333333333333,0.0,0.016666666666666666,0.05,0.0,0.0,0.18333333333333332,0.016666666666666666,0.0,0.016666666666666666,0.0,0.0,0.0,0.0,0.016666666666666666,0.0,0.0,0.03333333333333333,0.05,0.0,0.0,0.0,0.0
514,0.0,0.0,0.06382978723404255,0.0,0.02127659574468085,0.0,0.02127659574468085,0.0,0.0,0.0425531914893617,0.0,0.0,0.0,0.0,0.0,0.0,0.02127659574468085,0.0,0.0,0.02127659574468085,0.0,0.723404255319149,0.02127659574468085,0.0425531914893617,0.02127659574468085,0.0,0.0,0.0,0.0,0.0,0.0,0.0,0.0,0.0,0.0,0.0,0.0,0.0,0.0
515,0.0,0.019230769230769232,0.0,0.0,0.0,0.0,0.0,0.0,0.0,0.0,0.0,0.0,0.0,0.0,0.0,0.0,0.0,0.019230769230769232,0.0,0.0,0.0,0.038461538461538464,0.0,0.0,0.0,0.0,0.0,0.0,0.019230769230769232,0.0,0.0,0.0,0.7692307692307693,0.038461538461538464,0.07692307692307693,0.0,0.019230769230769232,0.0,0.0
516,0.0,0.021739130434782608,0.0,0.0,0.0,0.0,0.0,0.0,0.0,0.0,0.0,0.0,0.0,0.0,0.1956521739130435,0.0,0.0,0.0,0.0,0.021739130434782608,0.0,0.0,0.0,0.0,0.0,0.0,0.0,0.0,0.0,0.0,0.32608695652173914,0.43478260869565216,0.0,0.0,0.0,0.0,0.0,0.0,0.0
517,0.0,0.0,0.0,0.0,0.0,0.0,0.06382978723404255,0.0,0.0,0.0,0.0,0.02127659574468085,0.0,0.0,0.0,0.0,0.0,0.0,0.0,0.19148936170212766,0.0,0.02127659574468085,0.0851063829787234,0.14893617021276595,0.0,0.06382978723404255,0.10638297872340426,0.0,0.0425531914893617,0.0,0.02127659574468085,0.2127659574468085,0.02127659574468085,0.0,0.0,0.0,0.0,0.0,0.0
518,0.0,0.0,0.0,0.0,0.0,0.017241379310344827,0.017241379310344827,0.0,0.0,0.034482758620689655,0.0,0.0,0.0,0.0,0.0,0.0,0.0,0.034482758620689655,0.0,0.0,0.017241379310344827,0.0,0.0,0.0,0.0,0.7241379310344828,0.034482758620689655,0.034482758620689655,0.017241379310344827,0.0,0.034482758620689655,0.017241379310344827,0.0,0.017241379310344827,0.0,0.0,0.0,0.0,0.0
519,0.0,0.0,0.02631578947368421,0.0,0.0,0.0,0.0,0.0,0.0,0.013157894736842105,0.0,0.0,0.0,0.0,0.0,0.0,0.013157894736842105,0.17105263157894737,0.0,0.0,0.0,0.0,0.0,0.0,0.0,0.0,0.0,0.0,0.0,0.7763157894736842,0.0,0.0,0.0,0.0,0.0,0.0,0.0,0.0,0.0
520,0.0,0.05970149253731343,0.05970149253731343,0.0,0.0,0.014925373134328358,0.1791044776119403,0.014925373134328358,0.1044776119402985,0.0,0.029850746268656716,0.0,0.0,0.0,0.0,0.014925373134328358,0.0,0.0,0.0,0.0,0.0,0.014925373134328358,0.0,0.0,0.0,0.0,0.0,0.0,0.029850746268656716,0.31343283582089554,0.0,0.029850746268656716,0.1044776119402985,0.029850746268656716,0.0,0.0,0.0,0.0,0.0
521,0.0,0.0,0.0,0.0,0.020833333333333332,0.0,0.0,0.0,0.0,0.0,0.0,0.0,0.0,0.0,0.0,0.0,0.0,0.0,0.0,0.0,0.020833333333333332,0.041666666666666664,0.0,0.0,0.0,0.0,0.0,0.020833333333333332,0.0,0.020833333333333332,0.0,0.0,0.0,0.875,0.0,0.0,0.0,0.0,0.0
522,0.0,0.03571428571428571,0.0,0.0,0.0,0.017857142857142856,0.017857142857142856,0.0,0.0,0.0,0.0,0.0,0.0,0.0,0.0,0.0,0.0,0.0,0.0,0.0,0.0,0.0,0.0,0.017857142857142856,0.0,0.42857142857142855,0.08928571428571429,0.03571428571428571,0.03571428571428571,0.0,0.0,0.017857142857142856,0.017857142857142856,0.2857142857142857,0.0,0.0,0.0,0.0,0.0
523,0.0,0.0,0.0,0.01818181818181818,0.10909090909090909,0.0,0.01818181818181818,0.0,0.0,0.0,0.0,0.0,0.0,0.0,0.0,0.0,0.0,0.0,0.0,0.07272727272727272,0.4727272727272727,0.0,0.03636363636363636,0.05454545454545454,0.0,0.01818181818181818,0.0,0.12727272727272726,0.0,0.01818181818181818,0.01818181818181818,0.0,0.0,0.01818181818181818,0.01818181818181818,0.0,0.0,0.0,0.0
524,0.0,0.30357142857142855,0.26785714285714285,0.03571428571428571,0.26785714285714285,0.017857142857142856,0.0,0.0,0.0,0.08928571428571429,0.0,0.0,0.0,0.0,0.0,0.0,0.0,0.0,0.0,0.0,0.0,0.0,0.0,0.0,0.0,0.0,0.0,0.0,0.017857142857142856,0.0,0.0,0.0,0.0,0.0,0.0,0.0,0.0,0.0,0.0
525,0.0,0.0,0.0,0.0,0.25862068965517243,0.06896551724137931,0.08620689655172414,0.034482758620689655,0.034482758620689655,0.017241379310344827,0.0,0.0,0.0,0.017241379310344827,0.13793103448275862,0.034482758620689655,0.0,0.0,0.05172413793103448,0.034482758620689655,0.034482758620689655,0.0,0.0,0.0,0.0,0.0,0.05172413793103448,0.017241379310344827,0.017241379310344827,0.034482758620689655,0.0,0.017241379310344827,0.034482758620689655,0.017241379310344827,0.0,0.0,0.0,0.0,0.0
526,0.0,0.0,0.0,0.0,0.043478260869565216,0.0,0.0,0.021739130434782608,0.0,0.8695652173913043,0.0,0.0,0.0,0.0,0.0,0.0,0.0,0.0,0.0,0.0,0.0,0.0,0.0,0.021739130434782608,0.0,0.0,0.0,0.0,0.021739130434782608,0.021739130434782608,0.0,0.0,0.0,0.0,0.0,0.0,0.0,0.0,0.0
527,0.0,0.01818181818181818,0.01818181818181818,0.0,0.10909090909090909,0.0,0.0,0.05454545454545454,0.0,0.0,0.01818181818181818,0.01818181818181818,0.4727272727272727,0.09090909090909091,0.0,0.0,0.0,0.0,0.01818181818181818,0.05454545454545454,0.0,0.0,0.01818181818181818,0.0,0.0,0.0,0.0,0.0,0.01818181818181818,0.0,0.0,0.03636363636363636,0.0,0.05454545454545454,0.0,0.0,0.0,0.0,0.0
528,0.0,0.0,0.0,0.0125,0.0,0.0,0.0,0.0125,0.0,0.0,0.0125,0.0,0.0,0.0,0.0,0.0,0.0,0.0125,0.0125,0.05,0.0,0.0375,0.4125,0.0375,0.0,0.025,0.0125,0.0125,0.175,0.0875,0.025,0.0,0.0125,0.0125,0.025,0.0,0.0125,0.0,0.0
529,0.0,0.2765957446808511,0.5106382978723404,0.02127659574468085,0.0,0.0,0.0,0.0,0.0,0.0,0.0,0.0,0.0,0.02127659574468085,0.0,0.0,0.06382978723404255,0.0,0.0,0.0,0.0,0.02127659574468085,0.0,0.0,0.0,0.02127659574468085,0.02127659574468085,0.0,0.0,0.02127659574468085,0.0,0.02127659574468085,0.0,0.0,0.0,0.0,0.0,0.0,0.0
530,0.0,0.02127659574468085,0.0,0.14893617021276595,0.1276595744680851,0.0,0.0851063829787234,0.0,0.0,0.0,0.06382978723404255,0.0,0.2978723404255319,0.02127659574468085,0.02127659574468085,0.0,0.0,0.0,0.02127659574468085,0.0,0.0425531914893617,0.0425531914893617,0.0,0.0,0.02127659574468085,0.02127659574468085,0.0,0.0,0.0,0.0,0.0425531914893617,0.02127659574468085,0.0,0.0,0.0,0.0,0.0,0.0,0.0
531,0.0,0.02,0.0,0.0,0.0,0.02,0.0,0.0,0.0,0.0,0.48,0.02,0.0,0.0,0.0,0.0,0.02,0.02,0.0,0.0,0.0,0.0,0.02,0.0,0.06,0.0,0.02,0.2,0.02,0.04,0.0,0.0,0.0,0.04,0.02,0.0,0.0,0.0,0.0
532,0.0,0.0,0.0,0.018518518518518517,0.018518518518518517,0.0,0.0,0.0,0.0,0.0,0.0,0.0,0.0,0.0,0.0,0.07407407407407407,0.7592592592592593,0.0,0.0,0.07407407407407407,0.018518518518518517,0.0,0.0,0.0,0.0,0.0,0.0,0.018518518518518517,0.0,0.0,0.0,0.0,0.018518518518518517,0.0,0.0,0.0,0.0,0.0,0.0
533,0.0,0.0,0.0,0.0,0.9111111111111111,0.022222222222222223,0.0,0.0,0.0,0.0,0.0,0.0,0.0,0.0,0.0,0.0,0.022222222222222223,0.0,0.0,0.0,0.0,0.0,0.0,0.0,0.0,0.0,0.0,0.0,0.022222222222222223,0.0,0.0,0.022222222222222223,0.0,0.0,0.0,0.0,0.0,0.0,0.0
534,0.0,0.056338028169014086,0.22535211267605634,0.0,0.028169014084507043,0.028169014084507043,0.0,0.0,0.07042253521126761,0.0,0.0,0.0,0.0,0.028169014084507043,0.0,0.014084507042253521,0.0,0.014084507042253521,0.0,0.1267605633802817,0.014084507042253521,0.0,0.014084507042253521,0.028169014084507043,0.0,0.14084507042253522,0.056338028169014086,0.0,0.0,0.014084507042253521,0.0,0.0,0.08450704225352113,0.04225352112676056,0.014084507042253521,0.0,0.0,0.0,0.0
535,0.0,0.0,0.0,0.0,0.0,0.046511627906976744,0.0,0.0,0.0,0.023255813953488372,0.023255813953488372,0.0,0.0,0.0,0.0,0.0,0.0,0.0,0.0,0.0,0.0,0.0,0.0,0.0,0.0,0.0,0.0,0.023255813953488372,0.0,0.0,0.0,0.0,0.0,0.8372093023255814,0.023255813953488372,0.0,0.0,0.023255813953488372,0.0
536,0.0,0.09302325581395349,0.023255813953488372,0.023255813953488372,0.046511627906976744,0.023255813953488372,0.023255813953488372,0.0,0.0,0.0,0.0,0.09302325581395349,0.023255813953488372,0.13953488372093023,0.0,0.0,0.18604651162790697,0.023255813953488372,0.0,0.0,0.0,0.0,0.0,0.0,0.0,0.0,0.0,0.0,0.0,0.0,0.16279069767441862,0.0,0.13953488372093023,0.0,0.0,0.0,0.0,0.0,0.0
537,0.0,0.0,0.8888888888888888,0.0,0.0,0.0,0.0,0.0,0.0,0.0,0.0,0.0,0.0,0.0,0.0,0.022222222222222223,0.0,0.0,0.022222222222222223,0.0,0.0,0.0,0.0,0.0,0.0,0.022222222222222223,0.0,0.0,0.0,0.0,0.0,0.0,0.0,0.044444444444444446,0.0,0.0,0.0,0.0,0.0
538,0.0,0.0,0.0,0.0,0.0,0.0,0.0,0.0,0.0,0.9302325581395349,0.0,0.046511627906976744,0.0,0.0,0.0,0.0,0.0,0.0,0.0,0.0,0.0,0.0,0.0,0.0,0.0,0.0,0.0,0.0,0.0,0.0,0.0,0.023255813953488372,0.0,0.0,0.0,0.0,0.0,0.0,0.0
539,0.0,0.7538461538461538,0.015384615384615385,0.015384615384615385,0.0,0.015384615384615385,0.015384615384615385,0.0,0.0,0.015384615384615385,0.0,0.015384615384615385,0.0,0.0,0.0,0.015384615384615385,0.0,0.0,0.015384615384615385,0.03076923076923077,0.015384615384615385,0.0,0.0,0.0,0.0,0.046153846153846156,0.0,0.0,0.0,0.0,0.0,0.0,0.03076923076923077,0.0,0.0,0.0,0.0,0.0,0.0
540,0.0,0.0,0.0,0.022727272727272728,0.0,0.0,0.022727272727272728,0.0,0.0,0.0,0.0,0.0,0.0,0.0,0.0,0.022727272727272728,0.0,0.0,0.0,0.0,0.0,0.0,0.0,0.0,0.0,0.0,0.0,0.0,0.8181818181818182,0.0,0.11363636363636363,0.0,0.0,0.0,0.0,0.0,0.0,0.0,0.0
541,0.0,0.0,0.019230769230769232,0.0,0.0,0.0,0.0,0.0,0.0,0.0,0.0,0.0,0.0,0.0,0.0,0.019230769230769232,0.8461538461538461,0.038461538461538464,0.019230769230769232,0.0,0.038461538461538464,0.0,0.0,0.0,0.0,0.0,0.0,0.0,0.0,0.019230769230769232,0.0,0.0,0.0,0.0,0.0,0.0,0.0,0.0,0.0
542,0.0,0.18,0.02,0.0,0.0,0.0,0.02,0.0,0.0,0.02,0.0,0.0,0.0,0.0,0.0,0.0,0.0,0.26,0.0,0.0,0.0,0.0,0.0,0.4,0.02,0.02,0.0,0.0,0.0,0.0,0.02,0.0,0.0,0.04,0.0,0.0,0.0,0.0,0.0
543,0.0,0.020833333333333332,0.020833333333333332,0.041666666666666664,0.0,0.0,0.08333333333333333,0.0,0.0,0.08333333333333333,0.0,0.0,0.0,0.6041666666666666,0.0,0.020833333333333332,0.0,0.0,0.0,0.0,0.041666666666666664,0.0,0.020833333333333332,0.0,0.0,0.0,0.041666666666666664,0.0,0.0,0.0,0.0,0.020833333333333332,0.0,0.0,0.0,0.0,0.0,0.0,0.0
544,0.0,0.016666666666666666,0.0,0.0,0.0,0.13333333333333333,0.0,0.0,0.05,0.05,0.0,0.0,0.0,0.016666666666666666,0.0,0.0,0.0,0.0,0.016666666666666666,0.0,0.0,0.0,0.0,0.016666666666666666,0.0,0.016666666666666666,0.6666666666666666,0.0,0.0,0.0,0.016666666666666666,0.0,0.0,0.0,0.0,0.0,0.0,0.0,0.0
545,0.0,0.0,0.0,0.021739130434782608,0.0,0.0,0.0,0.0,0.0,0.0,0.0,0.0,0.0,0.0,0.0,0.0,0.0,0.0,0.0,0.0,0.0,0.0,0.0,0.8913043478260869,0.0,0.06521739130434782,0.0,0.0,0.0,0.0,0.0,0.0,0.021739130434782608,0.0,0.0,0.0,0.0,0.0,0.0
546,0.0,0.0,0.0,0.0,0.0,0.0,0.0,0.0,0.0,0.0,0.0,0.0,0.0,0.0,0.0,0.0,0.0,0.0,0.0,0.023255813953488372,0.0,0.0,0.0,0.0,0.023255813953488372,0.0,0.0,0.0,0.0,0.0,0.0,0.0,0.0,0.5813953488372093,0.37209302325581395,0.0,0.0,0.0,0.0
547,0.0,0.02,0.0,0.0,0.02,0.82,0.0,0.02,0.0,0.0,0.0,0.0,0.0,0.0,0.02,0.0,0.0,0.0,0.02,0.0,0.02,0.0,0.0,0.0,0.02,0.0,0.0,0.0,0.02,0.0,0.02,0.0,0.0,0.0,0.0,0.0,0.0,0.0,0.0
548,0.0,0.0,0.08620689655172414,0.034482758620689655,0.15517241379310345,0.0,0.0,0.0,0.05172413793103448,0.0,0.0,0.0,0.034482758620689655,0.017241379310344827,0.0,0.017241379310344827,0.0,0.1724137931034483,0.13793103448275862,0.1896551724137931,0.017241379310344827,0.0,0.0,0.0,0.0,0.034482758620689655,0.0,0.0,0.017241379310344827,0.0,0.0,0.0,0.0,0.017241379310344827,0.017241379310344827,0.0,0.0,0.0,0.0
549,0.0,0.017857142857142856,0.0,0.017857142857142856,0.05357142857142857,0.017857142857142856,0.05357142857142857,0.0,0.017857142857142856,0.017857142857142856,0.0,0.017857142857142856,0.0,0.0,0.5357142857142857,0.017857142857142856,0.017857142857142856,0.0,0.05357142857142857,0.0,0.0,0.0,0.0,0.017857142857142856,0.0,0.05357142857142857,0.05357142857142857,0.0,0.017857142857142856,0.0,0.0,0.0,0.017857142857142856,0.0,0.0,0.0,0.0,0.0,0.0
550,0.0,0.0,0.024390243902439025,0.0,0.43902439024390244,0.0,0.21951219512195122,0.024390243902439025,0.0,0.0,0.0,0.0,0.0,0.0,0.0,0.0,0.0,0.0,0.0,0.0,0.0,0.0,0.0,0.0,0.0,0.0,0.0,0.0,0.0,0.0,0.1951219512195122,0.0,0.0,0.0975609756097561,0.0,0.0,0.0,0.0,0.0
551,0.0,0.0,0.5081967213114754,0.22950819672131148,0.01639344262295082,0.01639344262295082,0.04918032786885246,0.0,0.0,0.01639344262295082,0.01639344262295082,0.0,0.0,0.0,0.0,0.0,0.01639344262295082,0.0,0.03278688524590164,0.0,0.01639344262295082,0.0,0.0,0.0,0.0,0.0,0.0,0.01639344262295082,0.0,0.0,0.01639344262295082,0.0,0.01639344262295082,0.01639344262295082,0.01639344262295082,0.0,0.0,0.0,0.0
552,0.0,0.8235294117647058,0.0196078431372549,0.0,0.0,0.0,0.0,0.0,0.0,0.0,0.0,0.0,0.0,0.0,0.0196078431372549,0.0,0.0784313725490196,0.0,0.0,0.0392156862745098,0.0,0.0,0.0,0.0,0.0,0.0,0.0,0.0,0.0,0.0,0.0,0.0,0.0,0.0196078431372549,0.0,0.0,0.0,0.0,0.0
553,0.0,0.2857142857142857,0.0,0.023809523809523808,0.30952380952380953,0.047619047619047616,0.0,0.023809523809523808,0.0,0.0,0.0,0.07142857142857142,0.0,0.0,0.14285714285714285,0.0,0.0,0.0,0.023809523809523808,0.0,0.0,0.0,0.0,0.0,0.0,0.023809523809523808,0.0,0.0,0.023809523809523808,0.023809523809523808,0.0,0.0,0.0,0.0,0.0,0.0,0.0,0.0,0.0
554,0.0,0.06779661016949153,0.0,0.01694915254237288,0.0,0.06779661016949153,0.03389830508474576,0.0,0.0,0.1694915254237288,0.0,0.01694915254237288,0.05084745762711865,0.0,0.0,0.0,0.03389830508474576,0.0,0.0,0.05084745762711865,0.01694915254237288,0.1016949152542373,0.0,0.0,0.0,0.01694915254237288,0.05084745762711865,0.13559322033898305,0.01694915254237288,0.13559322033898305,0.0,0.0,0.0,0.0,0.0,0.0,0.01694915254237288,0.0,0.0
555,0.0,0.038461538461538464,0.019230769230769232,0.019230769230769232,0.0,0.0,0.0,0.019230769230769232,0.0,0.0,0.0,0.038461538461538464,0.07692307692307693,0.17307692307692307,0.0,0.019230769230769232,0.0,0.5,0.0,0.0,0.0,0.0,0.0,0.0,0.0,0.0,0.019230769230769232,0.038461538461538464,0.0,0.0,0.0,0.0,0.019230769230769232,0.019230769230769232,0.0,0.0,0.0,0.0,0.0
556,0.0,0.0,0.0,0.020833333333333332,0.0,0.0,0.020833333333333332,0.020833333333333332,0.0,0.0,0.0,0.0,0.0,0.020833333333333332,0.0,0.0,0.041666666666666664,0.0,0.0,0.0,0.0,0.041666666666666664,0.0,0.7708333333333334,0.020833333333333332,0.020833333333333332,0.0,0.0,0.0,0.020833333333333332,0.0,0.0,0.0,0.0,0.0,0.0,0.0,0.0,0.0
557,0.0,0.022988505747126436,0.022988505747126436,0.034482758620689655,0.022988505747126436,0.011494252873563218,0.0,0.0,0.011494252873563218,0.034482758620689655,0.022988505747126436,0.022988505747126436,0.0,0.011494252873563218,0.034482758620689655,0.0,0.0,0.034482758620689655,0.022988505747126436,0.011494252873563218,0.0,0.011494252873563218,0.011494252873563218,0.41379310344827586,0.022988505747126436,0.011494252873563218,0.05747126436781609,0.05747126436781609,0.011494252873563218,0.011494252873563218,0.011494252873563218,0.0,0.011494252873563218,0.034482758620689655,0.0,0.011494252873563218,0.0,0.0,0.0
558,0.017241379310344827,0.0,0.06896551724137931,0.1724137931034483,0.017241379310344827,0.0,0.0,0.0,0.0,0.0,0.0,0.0,0.017241379310344827,0.0,0.0,0.0,0.0,0.017241379310344827,0.0,0.0,0.017241379310344827,0.0,0.5344827586206896,0.0,0.017241379310344827,0.0,0.017241379310344827,0.017241379310344827,0.034482758620689655,0.017241379310344827,0.0,0.017241379310344827,0.0,0.0,0.0,0.017241379310344827,0.0,0.0,0.0
559,0.0,0.0,0.0,0.0,0.0,0.0,0.0,0.8571428571428571,0.0,0.0,0.0,0.0,0.0,0.0,0.017857142857142856,0.0,0.0,0.0,0.07142857142857142,0.0,0.017857142857142856,0.0,0.0,0.0,0.0,0.0,0.017857142857142856,0.0,0.0,0.0,0.0,0.017857142857142856,0.0,0.0,0.0,0.0,0.0,0.0,0.0
560,0.0,0.0,0.0,0.024691358024691357,0.012345679012345678,0.024691358024691357,0.0,0.0,0.012345679012345678,0.04938271604938271,0.0,0.0,0.0,0.0,0.0,0.0,0.012345679012345678,0.04938271604938271,0.0,0.012345679012345678,0.012345679012345678,0.20987654320987653,0.04938271604938271,0.0,0.04938271604938271,0.012345679012345678,0.024691358024691357,0.18518518518518517,0.024691358024691357,0.012345679012345678,0.04938271604938271,0.037037037037037035,0.04938271604938271,0.037037037037037035,0.04938271604938271,0.0,0.0,0.0,0.0
561,0.0,0.0,0.0,0.02040816326530612,0.0,0.0,0.0,0.0,0.0,0.0,0.0,0.0,0.0,0.02040816326530612,0.08163265306122448,0.02040816326530612,0.0,0.02040816326530612,0.0,0.02040816326530612,0.0,0.0,0.0,0.0,0.0,0.02040816326530612,0.0,0.0,0.7959183673469388,0.0,0.0,0.0,0.0,0.0,0.0,0.0,0.0,0.0,0.0
562,0.0,0.0,0.0,0.09090909090909091,0.0,0.022727272727272728,0.0,0.0,0.0,0.022727272727272728,0.0,0.0,0.0,0.0,0.0,0.0,0.0,0.0,0.0,0.0,0.0,0.0,0.0,0.0,0.0,0.0,0.0,0.0,0.0,0.0,0.045454545454545456,0.5681818181818182,0.0,0.25,0.0,0.0,0.0,0.0,0.0
563,0.0,0.022222222222222223,0.0,0.0,0.0,0.0,0.022222222222222223,0.2,0.0,0.0,0.0,0.0,0.0,0.0,0.0,0.0,0.0,0.0,0.0,0.0,0.022222222222222223,0.4666666666666667,0.0,0.0,0.15555555555555556,0.0,0.0,0.0,0.022222222222222223,0.0,0.0,0.0,0.022222222222222223,0.06666666666666667,0.0,0.0,0.0,0.0,0.0
564,0.0,0.0,0.0,0.0,0.0,0.0,0.021739130434782608,0.021739130434782608,0.0,0.0,0.0,0.0,0.0,0.0,0.0,0.021739130434782608,0.021739130434782608,0.0,0.0,0.0,0.0,0.0,0.0,0.0,0.0,0.0,0.021739130434782608,0.021739130434782608,0.0,0.0,0.8695652173913043,0.0,0.0,0.0,0.0,0.0,0.0,0.0,0.0
565,0.0,0.0,0.0,0.0,0.0,0.2926829268292683,0.0,0.0,0.0,0.0,0.0,0.0,0.0,0.0,0.0,0.0,0.0,0.0,0.0,0.0,0.0,0.0,0.6585365853658537,0.0,0.0,0.0,0.0,0.0,0.0,0.024390243902439025,0.0,0.0,0.024390243902439025,0.0,0.0,0.0,0.0,0.0,0.0
566,0.0,0.013513513513513514,0.0,0.013513513513513514,0.0,0.013513513513513514,0.0,0.0,0.0,0.0,0.0,0.04054054054054054,0.0,0.10810810810810811,0.0,0.0,0.013513513513513514,0.02702702702702703,0.0,0.0,0.013513513513513514,0.013513513513513514,0.0,0.02702702702702703,0.0,0.5540540540540541,0.05405405405405406,0.0,0.0,0.013513513513513514,0.05405405405405406,0.013513513513513514,0.02702702702702703,0.0,0.0,0.0,0.0,0.0,0.0
567,0.0,0.0,0.0,0.0,0.023255813953488372,0.023255813953488372,0.0,0.6046511627906976,0.0,0.0,0.0,0.0,0.0,0.0,0.0,0.0,0.0,0.0,0.0,0.023255813953488372,0.0,0.27906976744186046,0.0,0.0,0.0,0.0,0.0,0.0,0.023255813953488372,0.023255813953488372,0.0,0.0,0.0,0.0,0.0,0.0,0.0,0.0,0.0
568,0.0,0.0,0.0,0.0,0.0,0.0,0.6792452830188679,0.20754716981132076,0.018867924528301886,0.0,0.0,0.0,0.0,0.0,0.03773584905660377,0.0,0.0,0.0,0.0,0.0,0.0,0.0,0.0,0.0,0.0,0.0,0.0,0.0,0.0,0.03773584905660377,0.0,0.0,0.0,0.018867924528301886,0.0,0.0,0.0,0.0,0.0
569,0.0,0.022222222222222223,0.0,0.0,0.9555555555555556,0.0,0.0,0.0,0.0,0.0,0.0,0.0,0.0,0.0,0.022222222222222223,0.0,0.0,0.0,0.0,0.0,0.0,0.0,0.0,0.0,0.0,0.0,0.0,0.0,0.0,0.0,0.0,0.0,0.0,0.0,0.0,0.0,0.0,0.0,0.0
570,0.0,0.057971014492753624,0.014492753623188406,0.0,0.014492753623188406,0.0,0.043478260869565216,0.014492753623188406,0.2753623188405797,0.0,0.0,0.0,0.0,0.0,0.0,0.014492753623188406,0.0,0.014492753623188406,0.0,0.028985507246376812,0.057971014492753624,0.014492753623188406,0.0,0.014492753623188406,0.014492753623188406,0.014492753623188406,0.014492753623188406,0.028985507246376812,0.08695652173913043,0.014492753623188406,0.014492753623188406,0.043478260869565216,0.08695652173913043,0.08695652173913043,0.028985507246376812,0.0,0.0,0.0,0.0
571,0.0,0.0,0.0,0.0,0.0,0.0,0.0,0.0,0.0,0.0,0.0,0.0,0.717391304347826,0.0,0.0,0.0,0.0,0.0,0.2608695652173913,0.0,0.0,0.0,0.0,0.0,0.0,0.0,0.0,0.021739130434782608,0.0,0.0,0.0,0.0,0.0,0.0,0.0,0.0,0.0,0.0,0.0
572,0.0,0.0,0.0,0.6785714285714286,0.03571428571428571,0.0,0.0,0.017857142857142856,0.03571428571428571,0.017857142857142856,0.0,0.0,0.0,0.0,0.0,0.017857142857142856,0.0,0.0,0.03571428571428571,0.0,0.017857142857142856,0.017857142857142856,0.0,0.05357142857142857,0.0,0.0,0.03571428571428571,0.017857142857142856,0.0,0.0,0.0,0.0,0.017857142857142856,0.0,0.0,0.0,0.0,0.0,0.0
573,0.0,0.02040816326530612,0.0,0.02040816326530612,0.0,0.0,0.0,0.02040816326530612,0.0,0.0,0.02040816326530612,0.0,0.0,0.0,0.0,0.02040816326530612,0.0,0.0,0.02040816326530612,0.02040816326530612,0.7142857142857143,0.04081632653061224,0.02040816326530612,0.0,0.0,0.0,0.02040816326530612,0.0,0.0,0.04081632653061224,0.02040816326530612,0.0,0.0,0.0,0.0,0.0,0.0,0.0,0.0
574,0.0,0.0,0.07017543859649122,0.05263157894736842,0.0,0.0,0.0,0.0,0.017543859649122806,0.0,0.017543859649122806,0.0,0.0,0.0,0.017543859649122806,0.17543859649122806,0.0,0.0,0.0,0.0,0.0,0.017543859649122806,0.08771929824561403,0.0,0.0,0.0,0.0,0.0,0.0,0.03508771929824561,0.0,0.38596491228070173,0.017543859649122806,0.10526315789473684,0.0,0.0,0.0,0.0,0.0
575,0.0,0.0,0.02127659574468085,0.0425531914893617,0.0,0.0,0.0,0.0,0.0,0.0,0.0,0.0,0.0,0.02127659574468085,0.0,0.0,0.7446808510638298,0.0425531914893617,0.0,0.0425531914893617,0.0,0.0,0.0,0.0,0.0,0.0,0.02127659574468085,0.02127659574468085,0.02127659574468085,0.0,0.0,0.0,0.02127659574468085,0.0,0.0,0.0,0.0,0.0,0.0
576,0.0,0.0,0.3404255319148936,0.0,0.0,0.0,0.10638297872340426,0.0,0.02127659574468085,0.0,0.0,0.0,0.0,0.0,0.0,0.0,0.02127659574468085,0.0851063829787234,0.0,0.0,0.0,0.0,0.0,0.0,0.02127659574468085,0.06382978723404255,0.0,0.0,0.0425531914893617,0.1276595744680851,0.1702127659574468,0.0,0.0,0.0,0.0,0.0,0.0,0.0,0.0
577,0.01694915254237288,0.0,0.05084745762711865,0.0,0.0,0.0,0.0,0.0,0.0,0.01694915254237288,0.0,0.0,0.0,0.01694915254237288,0.01694915254237288,0.01694915254237288,0.0,0.01694915254237288,0.0,0.0,0.0,0.03389830508474576,0.0,0.0,0.0,0.0,0.0,0.6271186440677966,0.11864406779661017,0.0,0.01694915254237288,0.03389830508474576,0.01694915254237288,0.0,0.0,0.0,0.0,0.0,0.0
578,0.0,0.078125,0.015625,0.0,0.0,0.015625,0.0,0.0,0.0,0.015625,0.0,0.0,0.0,0.0,0.0,0.0625,0.015625,0.0,0.0,0.015625,0.0,0.0,0.015625,0.03125,0.0,0.0,0.0,0.0,0.03125,0.546875,0.015625,0.0,0.0625,0.015625,0.0625,0.0,0.0,0.0,0.0
579,0.0,0.015625,0.0,0.0,0.328125,0.0,0.03125,0.0,0.0625,0.046875,0.0,0.0,0.015625,0.03125,0.0,0.0,0.0,0.0,0.015625,0.015625,0.03125,0.03125,0.03125,0.0,0.03125,0.0,0.0,0.0,0.046875,0.0,0.203125,0.0,0.046875,0.0,0.0,0.0,0.0,0.015625,0.0
580,0.0,0.0,0.8837209302325582,0.0,0.0,0.023255813953488372,0.0,0.0,0.0,0.0,0.0,0.0,0.0,0.0,0.023255813953488372,0.0,0.0,0.0,0.0,0.0,0.0,0.0,0.023255813953488372,0.0,0.0,0.0,0.0,0.046511627906976744,0.0,0.0,0.0,0.0,0.0,0.0,0.0,0.0,0.0,0.0,0.0
581,0.0,0.018867924528301886,0.0,0.0,0.03773584905660377,0.0,0.0,0.0,0.0,0.0,0.0,0.0,0.0,0.0,0.0,0.0,0.11320754716981132,0.0,0.018867924528301886,0.0,0.0,0.018867924528301886,0.0,0.0,0.0,0.6981132075471698,0.07547169811320754,0.0,0.0,0.0,0.018867924528301886,0.0,0.0,0.0,0.0,0.0,0.0,0.0,0.0
582,0.061224489795918366,0.0,0.04081632653061224,0.0,0.02040816326530612,0.0,0.0,0.04081632653061224,0.2653061224489796,0.0,0.0,0.0,0.0,0.0,0.0,0.0,0.0,0.02040816326530612,0.0,0.02040816326530612,0.04081632653061224,0.0,0.0,0.0,0.02040816326530612,0.0,0.0,0.02040816326530612,0.0,0.02040816326530612,0.42857142857142855,0.0,0.0,0.0,0.0,0.0,0.0,0.0,0.0
583,0.0,0.0,0.0,0.0196078431372549,0.0,0.0196078431372549,0.0,0.0,0.0196078431372549,0.0196078431372549,0.0,0.0,0.0,0.0196078431372549,0.0,0.0,0.35294117647058826,0.0392156862745098,0.0196078431372549,0.0,0.0196078431372549,0.0392156862745098,0.0,0.0,0.23529411764705882,0.0196078431372549,0.0196078431372549,0.0,0.0196078431372549,0.0,0.13725490196078433,0.0,0.0,0.0,0.0,0.0,0.0,0.0,0.0
584,0.0,0.021739130434782608,0.0,0.06521739130434782,0.0,0.0,0.06521739130434782,0.0,0.0,0.21739130434782608,0.0,0.0,0.0,0.021739130434782608,0.0,0.021739130434782608,0.0,0.021739130434782608,0.021739130434782608,0.2608695652173913,0.10869565217391304,0.021739130434782608,0.0,0.021739130434782608,0.0,0.0,0.0,0.0,0.0,0.021739130434782608,0.0,0.043478260869565216,0.0,0.06521739130434782,0.0,0.0,0.0,0.0,0.0
585,0.0,0.08771929824561403,0.0,0.0,0.03508771929824561,0.05263157894736842,0.017543859649122806,0.0,0.0,0.0,0.0,0.017543859649122806,0.0,0.017543859649122806,0.017543859649122806,0.0,0.0,0.017543859649122806,0.0,0.0,0.017543859649122806,0.0,0.0,0.0,0.0,0.2982456140350877,0.15789473684210525,0.03508771929824561,0.03508771929824561,0.03508771929824561,0.07017543859649122,0.017543859649122806,0.0,0.05263157894736842,0.017543859649122806,0.0,0.0,0.0,0.0
586,0.0,0.0,0.10909090909090909,0.01818181818181818,0.01818181818181818,0.05454545454545454,0.10909090909090909,0.0,0.09090909090909091,0.0,0.0,0.0,0.0,0.0,0.01818181818181818,0.0,0.0,0.03636363636363636,0.01818181818181818,0.0,0.01818181818181818,0.0,0.0,0.2,0.01818181818181818,0.0,0.10909090909090909,0.0,0.01818181818181818,0.0,0.03636363636363636,0.0,0.0,0.12727272727272726,0.0,0.0,0.0,0.0,0.0
587,0.0,0.021739130434782608,0.13043478260869565,0.10869565217391304,0.0,0.0,0.043478260869565216,0.0,0.0,0.15217391304347827,0.0,0.0,0.0,0.0,0.0,0.0,0.021739130434782608,0.043478260869565216,0.3695652173913043,0.0,0.0,0.0,0.021739130434782608,0.0,0.021739130434782608,0.021739130434782608,0.0,0.0,0.0,0.0,0.0,0.0,0.0,0.0,0.043478260869565216,0.0,0.0,0.0,0.0
588,0.0,0.027777777777777776,0.013888888888888888,0.013888888888888888,0.041666666666666664,0.0,0.0,0.0,0.013888888888888888,0.0,0.0,0.0,0.0,0.0,0.0,0.0,0.5138888888888888,0.027777777777777776,0.0,0.027777777777777776,0.0,0.013888888888888888,0.013888888888888888,0.0,0.0,0.041666666666666664,0.027777777777777776,0.027777777777777776,0.18055555555555555,0.013888888888888888,0.0,0.0,0.0,0.0,0.0,0.0,0.0,0.0,0.0
589,0.0,0.0,0.0,0.0,0.05357142857142857,0.0,0.0,0.0,0.0,0.0,0.0,0.0,0.0,0.0,0.0,0.0,0.0,0.0,0.017857142857142856,0.6964285714285714,0.017857142857142856,0.0,0.017857142857142856,0.017857142857142856,0.017857142857142856,0.0,0.017857142857142856,0.0,0.08928571428571429,0.0,0.0,0.0,0.017857142857142856,0.0,0.017857142857142856,0.0,0.017857142857142856,0.0,0.0
590,0.0,0.0,0.0,0.012345679012345678,0.012345679012345678,0.012345679012345678,0.037037037037037035,0.04938271604938271,0.0,0.037037037037037035,0.037037037037037035,0.024691358024691357,0.024691358024691357,0.012345679012345678,0.0,0.012345679012345678,0.0,0.012345679012345678,0.012345679012345678,0.0,0.012345679012345678,0.04938271604938271,0.04938271604938271,0.0,0.07407407407407407,0.024691358024691357,0.012345679012345678,0.0,0.024691358024691357,0.08641975308641975,0.012345679012345678,0.06172839506172839,0.07407407407407407,0.14814814814814814,0.024691358024691357,0.04938271604938271,0.0,0.0,0.0
591,0.0,0.0,0.0,0.02040816326530612,0.0,0.0,0.0,0.0,0.0,0.0,0.0,0.0,0.0,0.0,0.0,0.0,0.02040816326530612,0.02040816326530612,0.0,0.0,0.0,0.0,0.0,0.0,0.0,0.0,0.0,0.14285714285714285,0.0,0.0,0.0,0.7142857142857143,0.0,0.061224489795918366,0.02040816326530612,0.0,0.0,0.0,0.0
592,0.0,0.0,0.0,0.0,0.0,0.0,0.0,0.0,0.0,0.0,0.0,0.0,0.0,0.0,0.0,0.0,0.3488372093023256,0.0,0.0,0.0,0.0,0.0,0.5581395348837209,0.0,0.0,0.0,0.0,0.023255813953488372,0.0,0.0,0.0,0.023255813953488372,0.0,0.046511627906976744,0.0,0.0,0.0,0.0,0.0
593,0.0,0.0,0.0,0.0,0.0,0.04081632653061224,0.0,0.02040816326530612,0.0,0.0,0.0,0.0,0.02040816326530612,0.0,0.061224489795918366,0.02040816326530612,0.0,0.0,0.0,0.0,0.6530612244897959,0.12244897959183673,0.0,0.0,0.0,0.0,0.0,0.0,0.0,0.0,0.0,0.0,0.0,0.04081632653061224,0.02040816326530612,0.0,0.0,0.0,0.0
594,0.0,0.0,0.0,0.0,0.023255813953488372,0.0,0.0,0.0,0.0,0.0,0.0,0.0,0.023255813953488372,0.0,0.0,0.0,0.0,0.023255813953488372,0.0,0.0,0.0,0.0,0.023255813953488372,0.0,0.023255813953488372,0.0,0.0,0.0,0.0,0.0,0.8604651162790697,0.023255813953488372,0.0,0.0,0.0,0.0,0.0,0.0,0.0
595,0.0,0.0,0.14583333333333334,0.125,0.020833333333333332,0.0,0.0,0.0,0.0,0.0,0.041666666666666664,0.0,0.0,0.0,0.2916666666666667,0.0,0.0,0.0,0.0,0.0,0.0,0.0,0.0,0.0,0.0,0.0,0.2708333333333333,0.0,0.08333333333333333,0.0,0.0,0.0,0.0,0.020833333333333332,0.0,0.0,0.0,0.0,0.0
596,0.0196078431372549,0.0,0.0,0.0,0.0,0.0,0.0392156862745098,0.0,0.0,0.0,0.0196078431372549,0.0,0.0,0.0,0.0,0.0,0.0,0.0,0.0196078431372549,0.0,0.11764705882352941,0.0,0.0,0.0,0.0196078431372549,0.0392156862745098,0.29411764705882354,0.0784313725490196,0.11764705882352941,0.0,0.0,0.09803921568627451,0.058823529411764705,0.058823529411764705,0.0196078431372549,0.0,0.0,0.0,0.0
597,0.0,0.07142857142857142,0.35714285714285715,0.0,0.017857142857142856,0.125,0.017857142857142856,0.017857142857142856,0.0,0.0,0.0,0.0,0.017857142857142856,0.0,0.0,0.0,0.0,0.30357142857142855,0.0,0.0,0.0,0.0,0.0,0.0,0.0,0.0,0.017857142857142856,0.03571428571428571,0.0,0.0,0.0,0.017857142857142856,0.0,0.0,0.0,0.0,0.0,0.0,0.0
598,0.0,0.017857142857142856,0.017857142857142856,0.017857142857142856,0.0,0.0,0.0,0.0,0.03571428571428571,0.07142857142857142,0.6785714285714286,0.0,0.0,0.017857142857142856,0.0,0.0,0.017857142857142856,0.0,0.03571428571428571,0.0,0.0,0.017857142857142856,0.017857142857142856,0.0,0.0,0.0,0.03571428571428571,0.0,0.0,0.0,0.0,0.0,0.017857142857142856,0.0,0.0,0.0,0.0,0.0,0.0
599,0.0,0.0,0.06382978723404255,0.0,0.0,0.5531914893617021,0.0,0.0,0.0,0.02127659574468085,0.0,0.0,0.0,0.0,0.0,0.0,0.0,0.06382978723404255,0.02127659574468085,0.0,0.0425531914893617,0.02127659574468085,0.0,0.0,0.0,0.0,0.0,0.02127659574468085,0.0,0.0,0.0,0.0,0.0,0.19148936170212766,0.0,0.0,0.0,0.0,0.0
600,0.012345679012345678,0.0,0.024691358024691357,0.024691358024691357,0.012345679012345678,0.024691358024691357,0.012345679012345678,0.0,0.0,0.06172839506172839,0.037037037037037035,0.0,0.0,0.012345679012345678,0.012345679012345678,0.0,0.012345679012345678,0.037037037037037035,0.024691358024691357,0.012345679012345678,0.012345679012345678,0.037037037037037035,0.0,0.024691358024691357,0.0,0.024691358024691357,0.024691358024691357,0.38271604938271603,0.024691358024691357,0.04938271604938271,0.012345679012345678,0.04938271604938271,0.012345679012345678,0.024691358024691357,0.0,0.0,0.0,0.0,0.0
601,0.0,0.043478260869565216,0.043478260869565216,0.06521739130434782,0.043478260869565216,0.043478260869565216,0.06521739130434782,0.021739130434782608,0.021739130434782608,0.13043478260869565,0.08695652173913043,0.1956521739130435,0.043478260869565216,0.021739130434782608,0.0,0.0,0.0,0.043478260869565216,0.0,0.0,0.0,0.0,0.021739130434782608,0.0,0.0,0.021739130434782608,0.021739130434782608,0.0,0.021739130434782608,0.0,0.0,0.0,0.0,0.0,0.043478260869565216,0.0,0.0,0.0,0.0
602,0.0,0.20512820512820512,0.0,0.0,0.0,0.0,0.05128205128205128,0.0,0.02564102564102564,0.0,0.0,0.0,0.05128205128205128,0.0,0.0,0.02564102564102564,0.0,0.02564102564102564,0.0,0.02564102564102564,0.0,0.0,0.0,0.0,0.0,0.41025641025641024,0.0,0.15384615384615385,0.0,0.0,0.02564102564102564,0.0,0.0,0.0,0.0,0.0,0.0,0.0,0.0
603,0.011627906976744186,0.05813953488372093,0.023255813953488372,0.023255813953488372,0.011627906976744186,0.0,0.0,0.0,0.0,0.011627906976744186,0.023255813953488372,0.0,0.06976744186046512,0.011627906976744186,0.06976744186046512,0.011627906976744186,0.0,0.011627906976744186,0.023255813953488372,0.20930232558139536,0.011627906976744186,0.046511627906976744,0.023255813953488372,0.0,0.0,0.011627906976744186,0.023255813953488372,0.05813953488372093,0.011627906976744186,0.011627906976744186,0.0,0.011627906976744186,0.05813953488372093,0.09302325581395349,0.06976744186046512,0.0,0.0,0.0,0.0
604,0.0,0.0,0.0392156862745098,0.0,0.1568627450980392,0.0,0.0,0.0,0.0,0.0196078431372549,0.11764705882352941,0.0392156862745098,0.0,0.0,0.0196078431372549,0.0,0.0,0.0196078431372549,0.0392156862745098,0.0392156862745098,0.0,0.35294117647058826,0.0196078431372549,0.0,0.0,0.0196078431372549,0.0196078431372549,0.0,0.058823529411764705,0.0,0.0196078431372549,0.0,0.0,0.0196078431372549,0.0,0.0,0.0,0.0,0.0
605,0.0,0.0,0.0,0.0,0.0,0.0,0.0,0.5208333333333334,0.0,0.0,0.0,0.0,0.0,0.0,0.020833333333333332,0.0,0.0,0.0,0.0,0.25,0.020833333333333332,0.020833333333333332,0.020833333333333332,0.0,0.0,0.0,0.0,0.020833333333333332,0.0,0.0,0.0,0.0,0.08333333333333333,0.020833333333333332,0.020833333333333332,0.0,0.0,0.0,0.0
606,0.0,0.0,0.07692307692307693,0.0,0.0,0.0,0.0,0.0,0.0,0.23076923076923078,0.0,0.0,0.019230769230769232,0.019230769230769232,0.0,0.0,0.0,0.019230769230769232,0.0,0.0,0.0,0.0,0.0,0.0,0.0,0.0,0.6153846153846154,0.0,0.0,0.0,0.019230769230769232,0.0,0.0,0.0,0.0,0.0,0.0,0.0,0.0
607,0.0,0.0425531914893617,0.06382978723404255,0.0,0.0,0.02127659574468085,0.0,0.0,0.0425531914893617,0.0425531914893617,0.02127659574468085,0.0,0.0,0.0,0.0,0.0,0.0,0.0,0.0,0.0,0.02127659574468085,0.0,0.0,0.02127659574468085,0.02127659574468085,0.0,0.0,0.6808510638297872,0.0,0.0,0.0,0.0,0.02127659574468085,0.0,0.0,0.0,0.0,0.0,0.0
608,0.0,0.06,0.04,0.0,0.0,0.04,0.0,0.0,0.0,0.0,0.0,0.0,0.06,0.0,0.0,0.0,0.1,0.0,0.02,0.0,0.0,0.0,0.02,0.0,0.0,0.1,0.02,0.5,0.0,0.0,0.04,0.0,0.0,0.0,0.0,0.0,0.0,0.0,0.0
609,0.0,0.8888888888888888,0.0,0.0,0.0,0.022222222222222223,0.0,0.0,0.0,0.0,0.0,0.0,0.0,0.0,0.0,0.022222222222222223,0.0,0.0,0.0,0.0,0.022222222222222223,0.0,0.0,0.0,0.0,0.0,0.0,0.022222222222222223,0.0,0.022222222222222223,0.0,0.0,0.0,0.0,0.0,0.0,0.0,0.0,0.0
610,0.015151515151515152,0.0,0.030303030303030304,0.015151515151515152,0.045454545454545456,0.0,0.0,0.3484848484848485,0.015151515151515152,0.0,0.0,0.19696969696969696,0.015151515151515152,0.0,0.0,0.0,0.030303030303030304,0.0,0.015151515151515152,0.13636363636363635,0.0,0.030303030303030304,0.0,0.0,0.015151515151515152,0.0,0.0,0.030303030303030304,0.0,0.030303030303030304,0.0,0.0,0.015151515151515152,0.015151515151515152,0.0,0.0,0.0,0.0,0.0
611,0.0,0.0,0.0196078431372549,0.0,0.0,0.0196078431372549,0.0,0.7254901960784313,0.0196078431372549,0.0,0.0196078431372549,0.0,0.0196078431372549,0.0,0.0,0.0,0.0,0.0,0.0196078431372549,0.0,0.0,0.0196078431372549,0.0,0.0,0.0,0.0,0.0,0.0196078431372549,0.11764705882352941,0.0,0.0,0.0,0.0,0.0,0.0,0.0,0.0,0.0,0.0
612,0.0,0.0,0.02127659574468085,0.10638297872340426,0.5957446808510638,0.0,0.02127659574468085,0.0,0.0,0.0,0.0,0.0,0.0,0.02127659574468085,0.0,0.0,0.0,0.02127659574468085,0.02127659574468085,0.06382978723404255,0.0,0.02127659574468085,0.0,0.06382978723404255,0.0,0.0,0.0,0.0,0.02127659574468085,0.0,0.0,0.0,0.0,0.02127659574468085,0.0,0.0,0.0,0.0,0.0
613,0.0,0.0,0.0,0.075,0.0125,0.0125,0.0125,0.0,0.0125,0.0,0.0,0.0,0.0125,0.0,0.0,0.025,0.0125,0.0125,0.0625,0.0375,0.0125,0.025,0.0125,0.0125,0.0375,0.0125,0.0125,0.0125,0.0125,0.425,0.0375,0.0375,0.025,0.025,0.0125,0.0,0.0,0.0,0.0
614,0.0,0.022727272727272728,0.0,0.0,0.022727272727272728,0.20454545454545456,0.022727272727272728,0.0,0.045454545454545456,0.022727272727272728,0.0,0.0,0.045454545454545456,0.0,0.022727272727272728,0.045454545454545456,0.0,0.045454545454545456,0.0,0.0,0.0,0.022727272727272728,0.0,0.0,0.022727272727272728,0.022727272727272728,0.0,0.0,0.1590909090909091,0.25,0.022727272727272728,0.0,0.0,0.0,0.0,0.0,0.0,0.0,0.0
615,0.0,0.022727272727272728,0.0,0.0,0.0,0.0,0.022727272727272728,0.6136363636363636,0.022727272727272728,0.022727272727272728,0.0,0.0,0.0,0.0,0.0,0.0,0.022727272727272728,0.045454545454545456,0.0,0.0,0.06818181818181818,0.0,0.022727272727272728,0.045454545454545456,0.022727272727272728,0.0,0.022727272727272728,0.0,0.022727272727272728,0.0,0.0,0.0,0.0,0.0,0.022727272727272728,0.0,0.0,0.0,0.0
616,0.0,0.0,0.0,0.5531914893617021,0.0,0.0,0.02127659574468085,0.0,0.0,0.23404255319148937,0.0,0.0,0.0,0.0,0.0,0.0,0.0,0.0,0.0,0.0,0.0425531914893617,0.0,0.0,0.0,0.0,0.0,0.1276595744680851,0.02127659574468085,0.0,0.0,0.0,0.0,0.0,0.0,0.0,0.0,0.0,0.0,0.0
617,0.0,0.0,0.01694915254237288,0.05084745762711865,0.0,0.01694915254237288,0.0,0.0,0.03389830508474576,0.0847457627118644,0.0,0.0,0.0,0.01694915254237288,0.0,0.01694915254237288,0.01694915254237288,0.01694915254237288,0.0,0.6271186440677966,0.0,0.01694915254237288,0.0,0.0,0.0,0.0,0.0,0.03389830508474576,0.0,0.0,0.01694915254237288,0.0,0.0,0.03389830508474576,0.0,0.0,0.0,0.0,0.0
618,0.0,0.015151515151515152,0.0,0.045454545454545456,0.015151515151515152,0.015151515151515152,0.0,0.6818181818181818,0.0,0.030303030303030304,0.0,0.0,0.015151515151515152,0.0,0.015151515151515152,0.0,0.015151515151515152,0.015151515151515152,0.0,0.0,0.0,0.015151515151515152,0.030303030303030304,0.015151515151515152,0.0,0.0,0.030303030303030304,0.015151515151515152,0.0,0.0,0.015151515151515152,0.0,0.0,0.015151515151515152,0.0,0.0,0.0,0.0,0.0
619,0.0,0.0,0.0,0.0,0.0,0.8604651162790697,0.0,0.023255813953488372,0.0,0.023255813953488372,0.0,0.0,0.0,0.0,0.0,0.023255813953488372,0.0,0.023255813953488372,0.0,0.0,0.0,0.023255813953488372,0.0,0.0,0.0,0.023255813953488372,0.0,0.0,0.0,0.0,0.0,0.0,0.0,0.0,0.0,0.0,0.0,0.0,0.0
620,0.0,0.023255813953488372,0.0,0.0,0.046511627906976744,0.0,0.0,0.0,0.0,0.0,0.0,0.0,0.0,0.0,0.0,0.0,0.023255813953488372,0.0,0.813953488372093,0.0,0.0,0.0,0.0,0.0,0.0,0.0,0.0,0.0,0.046511627906976744,0.0,0.0,0.0,0.046511627906976744,0.0,0.0,0.0,0.0,0.0,0.0
621,0.0,0.06060606060606061,0.0,0.0,0.0,0.015151515151515152,0.0,0.030303030303030304,0.015151515151515152,0.030303030303030304,0.0,0.0,0.5303030303030303,0.0,0.0,0.015151515151515152,0.0,0.015151515151515152,0.0,0.045454545454545456,0.015151515151515152,0.045454545454545456,0.06060606060606061,0.0,0.0,0.015151515151515152,0.0,0.07575757575757576,0.015151515151515152,0.0,0.0,0.0,0.015151515151515152,0.0,0.0,0.0,0.0,0.0,0.0
622,0.07142857142857142,0.0,0.023809523809523808,0.023809523809523808,0.0,0.0,0.0,0.0,0.0,0.0,0.0,0.0,0.023809523809523808,0.0,0.0,0.0,0.0,0.0,0.0,0.0,0.0,0.0,0.0,0.023809523809523808,0.21428571428571427,0.19047619047619047,0.42857142857142855,0.0,0.0,0.0,0.0,0.0,0.0,0.0,0.0,0.0,0.0,0.0,0.0
623,0.043478260869565216,0.021739130434782608,0.0,0.0,0.021739130434782608,0.021739130434782608,0.0,0.021739130434782608,0.08695652173913043,0.0,0.0,0.0,0.0,0.021739130434782608,0.0,0.021739130434782608,0.0,0.13043478260869565,0.0,0.0,0.0,0.0,0.0,0.0,0.021739130434782608,0.021739130434782608,0.0,0.0,0.021739130434782608,0.021739130434782608,0.0,0.0,0.30434782608695654,0.1956521739130435,0.021739130434782608,0.0,0.0,0.0,0.0
624,0.0,0.0,0.0,0.08064516129032258,0.03225806451612903,0.0,0.04838709677419355,0.0,0.016129032258064516,0.0,0.0,0.0,0.0,0.0,0.0,0.24193548387096775,0.3870967741935484,0.0,0.0,0.0,0.0,0.0,0.0,0.0,0.016129032258064516,0.0,0.0,0.03225806451612903,0.08064516129032258,0.0,0.03225806451612903,0.016129032258064516,0.0,0.016129032258064516,0.0,0.0,0.0,0.0,0.0
625,0.0,0.06349206349206349,0.0,0.0,0.0,0.0,0.031746031746031744,0.031746031746031744,0.015873015873015872,0.0,0.015873015873015872,0.0,0.0,0.031746031746031744,0.0,0.0,0.36507936507936506,0.015873015873015872,0.031746031746031744,0.0,0.0,0.0,0.0,0.0,0.20634920634920634,0.031746031746031744,0.0,0.015873015873015872,0.0,0.06349206349206349,0.031746031746031744,0.0,0.0,0.015873015873015872,0.031746031746031744,0.0,0.0,0.0,0.0
626,0.0,0.0,0.0,0.0,0.7105263157894737,0.0,0.0,0.0,0.0,0.0,0.0,0.0,0.0,0.0,0.0,0.0,0.0,0.0,0.0,0.0,0.0,0.0,0.0,0.0,0.0,0.0,0.0,0.0,0.2894736842105263,0.0,0.0,0.0,0.0,0.0,0.0,0.0,0.0,0.0,0.0
627,0.0,0.0851063829787234,0.0,0.0,0.0,0.02127659574468085,0.0,0.0,0.0,0.0,0.0,0.0,0.0,0.0,0.0,0.0425531914893617,0.0,0.0425531914893617,0.02127659574468085,0.0,0.0,0.0,0.6170212765957447,0.0,0.02127659574468085,0.0851063829787234,0.02127659574468085,0.0,0.02127659574468085,0.0,0.0,0.0,0.0,0.02127659574468085,0.0,0.0,0.0,0.0,0.0
628,0.0,0.0,0.0,0.9111111111111111,0.0,0.0,0.0,0.0,0.0,0.022222222222222223,0.0,0.0,0.0,0.0,0.0,0.0,0.0,0.0,0.0,0.0,0.0,0.0,0.0,0.0,0.0,0.044444444444444446,0.0,0.0,0.0,0.0,0.0,0.0,0.0,0.0,0.022222222222222223,0.0,0.0,0.0,0.0
629,0.0,0.0,0.0,0.0,0.024390243902439025,0.024390243902439025,0.04878048780487805,0.0,0.07317073170731707,0.0,0.04878048780487805,0.0,0.0,0.0,0.024390243902439025,0.04878048780487805,0.0,0.0,0.0,0.024390243902439025,0.0,0.0,0.1951219512195122,0.0,0.4146341463414634,0.04878048780487805,0.0,0.0,0.0,0.0,0.024390243902439025,0.0,0.0,0.0,0.0,0.0,0.0,0.0,0.0
630,0.0,0.0,0.0,0.0,0.0,0.0,0.0,0.0,0.0,0.0,0.08333333333333333,0.0,0.0,0.0,0.5333333333333333,0.016666666666666666,0.016666666666666666,0.016666666666666666,0.016666666666666666,0.0,0.0,0.0,0.05,0.0,0.0,0.0,0.016666666666666666,0.016666666666666666,0.08333333333333333,0.0,0.0,0.0,0.016666666666666666,0.1,0.03333333333333333,0.0,0.0,0.0,0.0
631,0.0,0.0,0.0,0.0,0.0,0.0,0.02564102564102564,0.0,0.02564102564102564,0.0,0.0,0.0,0.0,0.0,0.0,0.9230769230769231,0.02564102564102564,0.0,0.0,0.0,0.0,0.0,0.0,0.0,0.0,0.0,0.0,0.0,0.0,0.0,0.0,0.0,0.0,0.0,0.0,0.0,0.0,0.0,0.0
632,0.0,0.0,0.0,0.0,0.02564102564102564,0.0,0.0,0.0,0.0,0.0,0.9230769230769231,0.02564102564102564,0.0,0.0,0.0,0.0,0.0,0.02564102564102564,0.0,0.0,0.0,0.0,0.0,0.0,0.0,0.0,0.0,0.0,0.0,0.0,0.0,0.0,0.0,0.0,0.0,0.0,0.0,0.0,0.0
633,0.0,0.0,0.0,0.21052631578947367,0.0,0.0,0.0,0.0,0.0,0.0,0.0,0.0,0.0,0.0,0.0,0.7368421052631579,0.0,0.0,0.0,0.0,0.0,0.0,0.0,0.0,0.0,0.0,0.0,0.02631578947368421,0.0,0.02631578947368421,0.0,0.0,0.0,0.0,0.0,0.0,0.0,0.0,0.0
634,0.0,0.0,0.9285714285714286,0.047619047619047616,0.0,0.0,0.0,0.0,0.0,0.0,0.0,0.0,0.0,0.0,0.0,0.0,0.0,0.0,0.0,0.0,0.0,0.0,0.0,0.0,0.0,0.0,0.0,0.0,0.0,0.0,0.0,0.0,0.0,0.023809523809523808,0.0,0.0,0.0,0.0,0.0
635,0.0,0.0,0.01639344262295082,0.01639344262295082,0.01639344262295082,0.0,0.0,0.0,0.01639344262295082,0.0,0.01639344262295082,0.03278688524590164,0.0,0.01639344262295082,0.01639344262295082,0.03278688524590164,0.03278688524590164,0.0,0.01639344262295082,0.0,0.0,0.0,0.0,0.0,0.0,0.09836065573770492,0.5737704918032787,0.04918032786885246,0.03278688524590164,0.01639344262295082,0.0,0.0,0.0,0.0,0.0,0.0,0.0,0.0,0.0
636,0.0,0.0,0.53125,0.0,0.0,0.0,0.0,0.0,0.0,0.046875,0.046875,0.0,0.0,0.0,0.015625,0.046875,0.0,0.015625,0.0,0.015625,0.0,0.03125,0.0,0.0,0.0,0.0,0.140625,0.03125,0.0,0.0,0.03125,0.0,0.015625,0.015625,0.015625,0.0,0.0,0.0,0.0
637,0.0,0.0196078431372549,0.0392156862745098,0.0196078431372549,0.0,0.11764705882352941,0.19607843137254902,0.0,0.0196078431372549,0.0196078431372549,0.0,0.0,0.0,0.0,0.0196078431372549,0.0,0.0,0.0,0.0196078431372549,0.0,0.0,0.0,0.0,0.0,0.0,0.0,0.09803921568627451,0.0196078431372549,0.0,0.0392156862745098,0.0,0.0392156862745098,0.0,0.3333333333333333,0.0,0.0,0.0,0.0,0.0
638,0.0,0.0,0.0,0.0,0.0,0.0,0.0,0.0,0.0,0.0,0.0,0.0,0.0,0.017543859649122806,0.0,0.017543859649122806,0.21052631578947367,0.03508771929824561,0.0,0.03508771929824561,0.08771929824561403,0.17543859649122806,0.017543859649122806,0.0,0.0,0.0,0.017543859649122806,0.03508771929824561,0.12280701754385964,0.017543859649122806,0.0,0.017543859649122806,0.08771929824561403,0.10526315789473684,0.0,0.0,0.0,0.0,0.0
639,0.0,0.39473684210526316,0.0,0.0,0.5789473684210527,0.0,0.0,0.0,0.0,0.0,0.0,0.0,0.0,0.0,0.0,0.0,0.0,0.0,0.0,0.0,0.0,0.0,0.02631578947368421,0.0,0.0,0.0,0.0,0.0,0.0,0.0,0.0,0.0,0.0,0.0,0.0,0.0,0.0,0.0,0.0
640,0.0,0.0,0.045454545454545456,0.0,0.1590909090909091,0.0,0.022727272727272728,0.045454545454545456,0.13636363636363635,0.0,0.0,0.0,0.022727272727272728,0.022727272727272728,0.0,0.0,0.0,0.0,0.045454545454545456,0.022727272727272728,0.022727272727272728,0.022727272727272728,0.022727272727272728,0.0,0.06818181818181818,0.0,0.0,0.0,0.045454545454545456,0.29545454545454547,0.0,0.0,0.0,0.0,0.0,0.0,0.0,0.0,0.0
641,0.0,0.0,0.0,0.0,0.14545454545454545,0.0,0.07272727272727272,0.03636363636363636,0.03636363636363636,0.01818181818181818,0.03636363636363636,0.0,0.0,0.01818181818181818,0.0,0.01818181818181818,0.01818181818181818,0.0,0.01818181818181818,0.03636363636363636,0.12727272727272726,0.03636363636363636,0.01818181818181818,0.05454545454545454,0.09090909090909091,0.01818181818181818,0.0,0.0,0.12727272727272726,0.0,0.0,0.03636363636363636,0.03636363636363636,0.0,0.0,0.0,0.0,0.0,0.0
642,0.0,0.0,0.0,0.0,0.8974358974358975,0.0,0.0,0.0,0.02564102564102564,0.05128205128205128,0.0,0.0,0.0,0.0,0.0,0.0,0.0,0.0,0.02564102564102564,0.0,0.0,0.0,0.0,0.0,0.0,0.0,0.0,0.0,0.0,0.0,0.0,0.0,0.0,0.0,0.0,0.0,0.0,0.0,0.0
643,0.0,0.03333333333333333,0.0,0.016666666666666666,0.0,0.0,0.0,0.0,0.0,0.0,0.016666666666666666,0.0,0.0,0.5666666666666667,0.23333333333333334,0.08333333333333333,0.016666666666666666,0.0,0.0,0.0,0.0,0.0,0.0,0.0,0.0,0.0,0.0,0.0,0.016666666666666666,0.016666666666666666,0.0,0.0,0.0,0.0,0.0,0.0,0.0,0.0,0.0
644,0.0,0.0,0.03571428571428571,0.0,0.16071428571428573,0.0,0.0,0.0,0.0,0.0,0.0,0.0,0.0,0.0,0.0,0.0,0.0,0.03571428571428571,0.03571428571428571,0.0,0.0,0.0,0.0,0.0,0.0,0.0,0.625,0.017857142857142856,0.05357142857142857,0.0,0.0,0.0,0.0,0.03571428571428571,0.0,0.0,0.0,0.0,0.0
645,0.0,0.3488372093023256,0.0,0.0,0.0,0.023255813953488372,0.18604651162790697,0.11627906976744186,0.0,0.06976744186046512,0.023255813953488372,0.0,0.0,0.0,0.023255813953488372,0.0,0.0,0.0,0.0,0.0,0.0,0.046511627906976744,0.0,0.023255813953488372,0.0,0.0,0.023255813953488372,0.06976744186046512,0.0,0.0,0.023255813953488372,0.0,0.0,0.023255813953488372,0.0,0.0,0.0,0.0,0.0
646,0.0,0.13559322033898305,0.01694915254237288,0.03389830508474576,0.01694915254237288,0.01694915254237288,0.01694915254237288,0.0,0.0,0.0,0.0,0.0,0.0,0.0,0.0,0.01694915254237288,0.0,0.01694915254237288,0.01694915254237288,0.0,0.0,0.0,0.15254237288135594,0.0,0.0,0.0,0.0,0.3389830508474576,0.1864406779661017,0.0,0.0,0.0,0.03389830508474576,0.0,0.0,0.0,0.0,0.0,0.0
647,0.0,0.0,0.0,0.0,0.0,0.0,0.01639344262295082,0.03278688524590164,0.0,0.0,0.0,0.0,0.0,0.0,0.0,0.0,0.0,0.7213114754098361,0.0,0.0,0.0,0.0,0.0,0.0,0.0,0.0,0.0,0.01639344262295082,0.0,0.19672131147540983,0.0,0.0,0.0,0.01639344262295082,0.0,0.0,0.0,0.0,0.0
648,0.0,0.018867924528301886,0.0,0.0,0.0,0.0,0.0,0.1509433962264151,0.0,0.0,0.0,0.0,0.018867924528301886,0.0,0.0,0.018867924528301886,0.0,0.6226415094339622,0.0,0.0,0.018867924528301886,0.018867924528301886,0.0,0.0,0.0,0.0,0.0,0.0,0.018867924528301886,0.09433962264150944,0.0,0.0,0.018867924528301886,0.0,0.0,0.0,0.0,0.0,0.0
649,0.0,0.0,0.0,0.05063291139240506,0.0759493670886076,0.0,0.012658227848101266,0.0379746835443038,0.02531645569620253,0.0,0.0379746835443038,0.0,0.0,0.0,0.0,0.0379746835443038,0.012658227848101266,0.012658227848101266,0.0379746835443038,0.0,0.012658227848101266,0.11392405063291139,0.012658227848101266,0.012658227848101266,0.0,0.0,0.012658227848101266,0.012658227848101266,0.0379746835443038,0.02531645569620253,0.02531645569620253,0.0,0.012658227848101266,0.379746835443038,0.0,0.0,0.0,0.0,0.0
650,0.0,0.0,0.01818181818181818,0.05454545454545454,0.01818181818181818,0.0,0.0,0.0,0.0,0.0,0.0,0.0,0.01818181818181818,0.03636363636363636,0.01818181818181818,0.01818181818181818,0.0,0.01818181818181818,0.01818181818181818,0.01818181818181818,0.01818181818181818,0.0,0.0,0.0,0.01818181818181818,0.0,0.6181818181818182,0.01818181818181818,0.0,0.01818181818181818,0.0,0.01818181818181818,0.0,0.05454545454545454,0.0,0.0,0.0,0.0,0.0
651,0.0,0.0,0.0,0.0,0.0,0.0,0.0,0.0,0.0,0.0,0.0,0.0,0.0,0.0,0.0,0.0,0.0,0.0,0.0,0.0,0.0,0.0,0.0,0.0,0.0,0.0,0.0,0.21621621621621623,0.0,0.0,0.0,0.0,0.0,0.7837837837837838,0.0,0.0,0.0,0.0,0.0
652,0.0,0.0,0.023255813953488372,0.0,0.0,0.0,0.06976744186046512,0.06976744186046512,0.046511627906976744,0.0,0.0,0.0,0.0,0.023255813953488372,0.06976744186046512,0.0,0.23255813953488372,0.023255813953488372,0.09302325581395349,0.023255813953488372,0.023255813953488372,0.046511627906976744,0.023255813953488372,0.023255813953488372,0.0,0.0,0.046511627906976744,0.0,0.11627906976744186,0.0,0.023255813953488372,0.0,0.023255813953488372,0.0,0.0,0.0,0.0,0.0,0.0
653,0.0,0.0,0.0,0.04,0.02,0.0,0.04,0.0,0.1,0.66,0.0,0.0,0.02,0.0,0.0,0.0,0.0,0.0,0.04,0.0,0.0,0.02,0.0,0.0,0.06,0.0,0.0,0.0,0.0,0.0,0.0,0.0,0.0,0.0,0.0,0.0,0.0,0.0,0.0
654,0.6428571428571429,0.0,0.0,0.0,0.023809523809523808,0.0,0.07142857142857142,0.0,0.023809523809523808,0.0,0.0,0.0,0.023809523809523808,0.0,0.047619047619047616,0.047619047619047616,0.0,0.0,0.0,0.0,0.023809523809523808,0.0,0.0,0.0,0.0,0.0,0.0,0.0,0.07142857142857142,0.0,0.023809523809523808,0.0,0.0,0.0,0.0,0.0,0.0,0.0,0.0
655,0.0,0.04225352112676056,0.0,0.014084507042253521,0.014084507042253521,0.014084507042253521,0.014084507042253521,0.0,0.028169014084507043,0.0,0.0,0.0,0.0,0.0,0.028169014084507043,0.0,0.028169014084507043,0.028169014084507043,0.014084507042253521,0.028169014084507043,0.014084507042253521,0.014084507042253521,0.4507042253521127,0.014084507042253521,0.014084507042253521,0.028169014084507043,0.09859154929577464,0.014084507042253521,0.014084507042253521,0.028169014084507043,0.0,0.028169014084507043,0.028169014084507043,0.0,0.0,0.0,0.0,0.0,0.0
656,0.0,0.011904761904761904,0.023809523809523808,0.05952380952380952,0.011904761904761904,0.0,0.023809523809523808,0.011904761904761904,0.0,0.011904761904761904,0.011904761904761904,0.0,0.011904761904761904,0.023809523809523808,0.011904761904761904,0.0,0.011904761904761904,0.0,0.047619047619047616,0.0,0.011904761904761904,0.6190476190476191,0.0,0.011904761904761904,0.0,0.0,0.0,0.011904761904761904,0.023809523809523808,0.023809523809523808,0.0,0.011904761904761904,0.0,0.011904761904761904,0.0,0.0,0.0,0.0,0.0
657,0.0,0.0,0.08108108108108109,0.0,0.8378378378378378,0.0,0.0,0.0,0.0,0.0,0.0,0.0,0.0,0.0,0.0,0.0,0.0,0.0,0.0,0.0,0.0,0.0,0.0,0.0,0.0,0.0,0.0,0.0,0.0,0.0,0.05405405405405406,0.02702702702702703,0.0,0.0,0.0,0.0,0.0,0.0,0.0
658,0.0,0.023809523809523808,0.0,0.047619047619047616,0.023809523809523808,0.023809523809523808,0.0,0.0,0.0,0.0,0.0,0.0,0.0,0.0,0.0,0.0,0.0,0.0,0.047619047619047616,0.0,0.023809523809523808,0.5,0.0,0.07142857142857142,0.0,0.0,0.023809523809523808,0.0,0.14285714285714285,0.0,0.07142857142857142,0.0,0.0,0.0,0.0,0.0,0.0,0.0,0.0
659,0.0,0.0,0.02631578947368421,0.0,0.0,0.2631578947368421,0.0,0.0,0.0,0.34210526315789475,0.0,0.0,0.0,0.0,0.0,0.0,0.0,0.02631578947368421,0.0,0.0,0.0,0.0,0.13157894736842105,0.0,0.0,0.0,0.0,0.0,0.0,0.0,0.0,0.0,0.0,0.18421052631578946,0.02631578947368421,0.0,0.0,0.0,0.0
660,0.016129032258064516,0.016129032258064516,0.04838709677419355,0.03225806451612903,0.0,0.0,0.03225806451612903,0.0,0.016129032258064516,0.0,0.0,0.11290322580645161,0.0,0.03225806451612903,0.0,0.016129032258064516,0.016129032258064516,0.016129032258064516,0.03225806451612903,0.0,0.016129032258064516,0.016129032258064516,0.0,0.0,0.0,0.03225806451612903,0.04838709677419355,0.06451612903225806,0.03225806451612903,0.016129032258064516,0.0,0.0967741935483871,0.016129032258064516,0.0,0.24193548387096775,0.0,0.0,0.0,0.03225806451612903
661,0.0,0.0,0.0,0.0,0.0,0.0,0.0,0.0,0.0,0.0,0.0,0.0,0.868421052631579,0.02631578947368421,0.0,0.0,0.0,0.0,0.0,0.02631578947368421,0.02631578947368421,0.0,0.0,0.0,0.0,0.0,0.0,0.0,0.02631578947368421,0.0,0.0,0.0,0.0,0.02631578947368421,0.0,0.0,0.0,0.0,0.0
662,0.0,0.02564102564102564,0.02564102564102564,0.0,0.0,0.0,0.0,0.0,0.0,0.0,0.0,0.0,0.0,0.0,0.0,0.0,0.0,0.0,0.02564102564102564,0.0,0.0,0.0,0.02564102564102564,0.0,0.0,0.0,0.0,0.05128205128205128,0.0,0.0,0.0,0.8461538461538461,0.0,0.0,0.0,0.0,0.0,0.0,0.0
663,0.0,0.10416666666666667,0.0,0.020833333333333332,0.020833333333333332,0.0,0.020833333333333332,0.0,0.0,0.0,0.020833333333333332,0.0,0.020833333333333332,0.0625,0.0,0.16666666666666666,0.0,0.0,0.041666666666666664,0.0,0.041666666666666664,0.020833333333333332,0.020833333333333332,0.0,0.041666666666666664,0.041666666666666664,0.0,0.0,0.0,0.0,0.041666666666666664,0.0,0.14583333333333334,0.0,0.14583333333333334,0.0,0.020833333333333332,0.0,0.0
664,0.0,0.0,0.0,0.0,0.0,0.0,0.0,0.0,0.0,0.0,0.0,0.0,0.0,0.0,0.0,0.0,0.0,0.0,0.0,0.0,0.0,0.0,0.0,0.0,0.0,0.0,0.0,0.0,0.02702702702702703,0.9459459459459459,0.02702702702702703,0.0,0.0,0.0,0.0,0.0,0.0,0.0,0.0
665,0.0,0.0,0.0,0.0,0.0,0.0,0.0,0.0,0.023809523809523808,0.023809523809523808,0.0,0.0,0.0,0.0,0.0,0.0,0.0,0.0,0.023809523809523808,0.0,0.0,0.0,0.0,0.0,0.0,0.0,0.0,0.0,0.0,0.0,0.023809523809523808,0.8809523809523809,0.0,0.023809523809523808,0.0,0.0,0.0,0.0,0.0
666,0.043478260869565216,0.0,0.0,0.021739130434782608,0.021739130434782608,0.021739130434782608,0.0,0.0,0.32608695652173914,0.06521739130434782,0.0,0.0,0.0,0.0,0.021739130434782608,0.043478260869565216,0.043478260869565216,0.08695652173913043,0.021739130434782608,0.0,0.021739130434782608,0.0,0.021739130434782608,0.0,0.021739130434782608,0.10869565217391304,0.0,0.0,0.08695652173913043,0.021739130434782608,0.0,0.0,0.0,0.0,0.0,0.0,0.0,0.0,0.0
667,0.0,0.0,0.0,0.918918918918919,0.0,0.0,0.0,0.0,0.0,0.0,0.0,0.0,0.0,0.0,0.0,0.0,0.0,0.0,0.0,0.0,0.0,0.02702702702702703,0.0,0.0,0.0,0.0,0.0,0.0,0.0,0.0,0.02702702702702703,0.0,0.0,0.02702702702702703,0.0,0.0,0.0,0.0,0.0
668,0.0,0.0,0.10869565217391304,0.0,0.0,0.0,0.043478260869565216,0.0,0.0,0.0,0.0,0.021739130434782608,0.0,0.0,0.021739130434782608,0.0,0.0,0.043478260869565216,0.0,0.0,0.0,0.08695652173913043,0.021739130434782608,0.0,0.0,0.06521739130434782,0.0,0.0,0.32608695652173914,0.043478260869565216,0.0,0.0,0.08695652173913043,0.13043478260869565,0.0,0.0,0.0,0.0,0.0
669,0.0,0.0,0.0,0.0,0.021739130434782608,0.0,0.021739130434782608,0.0,0.021739130434782608,0.8043478260869565,0.0,0.0,0.0,0.021739130434782608,0.0,0.0,0.0,0.0,0.0,0.0,0.0,0.0,0.0,0.0,0.0,0.08695652173913043,0.0,0.0,0.0,0.0,0.0,0.021739130434782608,0.0,0.0,0.0,0.0,0.0,0.0,0.0
670,0.0,0.0,0.0,0.0,0.0,0.0,0.0,0.045454545454545456,0.0,0.0,0.0,0.0,0.0,0.0,0.045454545454545456,0.0,0.0,0.0,0.022727272727272728,0.0,0.0,0.0,0.0,0.7954545454545454,0.0,0.0,0.0,0.022727272727272728,0.045454545454545456,0.0,0.0,0.0,0.0,0.022727272727272728,0.0,0.0,0.0,0.0,0.0
671,0.0,0.0,0.0,0.0,0.0,0.0,0.0,0.0,0.0,0.0,0.0,0.0,0.0,0.0,0.0,0.0,0.02564102564102564,0.0,0.41025641025641024,0.02564102564102564,0.02564102564102564,0.15384615384615385,0.05128205128205128,0.02564102564102564,0.02564102564102564,0.05128205128205128,0.02564102564102564,0.05128205128205128,0.0,0.02564102564102564,0.07692307692307693,0.0,0.0,0.02564102564102564,0.0,0.0,0.0,0.0,0.0
672,0.022727272727272728,0.0,0.0,0.0,0.0,0.0,0.11363636363636363,0.7272727272727273,0.0,0.045454545454545456,0.0,0.022727272727272728,0.022727272727272728,0.0,0.0,0.045454545454545456,0.0,0.0,0.0,0.0,0.0,0.0,0.0,0.0,0.0,0.0,0.0,0.0,0.0,0.0,0.0,0.0,0.0,0.0,0.0,0.0,0.0,0.0,0.0
673,0.0,0.0,0.045454545454545456,0.0,0.0,0.0,0.0,0.09090909090909091,0.022727272727272728,0.75,0.0,0.0,0.0,0.0,0.0,0.022727272727272728,0.022727272727272728,0.0,0.0,0.0,0.0,0.0,0.022727272727272728,0.0,0.0,0.0,0.022727272727272728,0.0,0.0,0.0,0.0,0.0,0.0,0.0,0.0,0.0,0.0,0.0,0.0
674,0.0,0.0,0.03773584905660377,0.0,0.03773584905660377,0.5283018867924528,0.0,0.0,0.0,0.0,0.0,0.0,0.0,0.16981132075471697,0.0,0.018867924528301886,0.018867924528301886,0.0,0.03773584905660377,0.0,0.0,0.018867924528301886,0.018867924528301886,0.0,0.018867924528301886,0.018867924528301886,0.03773584905660377,0.0,0.0,0.0,0.0,0.018867924528301886,0.018867924528301886,0.0,0.0,0.0,0.0,0.0,0.0
675,0.0,0.0,0.02040816326530612,0.0,0.0,0.0,0.0,0.0,0.02040816326530612,0.0,0.02040816326530612,0.0,0.0,0.061224489795918366,0.02040816326530612,0.0,0.0,0.0,0.02040816326530612,0.04081632653061224,0.0,0.0,0.0,0.0,0.0,0.02040816326530612,0.0,0.0,0.0,0.6122448979591837,0.10204081632653061,0.0,0.02040816326530612,0.02040816326530612,0.0,0.0,0.0,0.02040816326530612,0.0
676,0.0,0.017857142857142856,0.017857142857142856,0.0,0.0,0.0,0.0,0.017857142857142856,0.017857142857142856,0.0,0.0,0.0,0.0,0.03571428571428571,0.0,0.0,0.0,0.0,0.03571428571428571,0.0,0.0,0.0,0.0,0.017857142857142856,0.0,0.0,0.017857142857142856,0.6428571428571429,0.0,0.08928571428571429,0.017857142857142856,0.017857142857142856,0.03571428571428571,0.017857142857142856,0.0,0.0,0.0,0.0,0.0
677,0.0,0.025,0.0,0.0,0.0,0.0,0.025,0.0,0.0,0.025,0.075,0.0,0.0,0.05,0.05,0.075,0.2,0.025,0.075,0.075,0.025,0.0,0.0,0.025,0.075,0.0,0.0,0.05,0.0,0.0,0.05,0.05,0.025,0.0,0.0,0.0,0.0,0.0,0.0
678,0.0,0.037037037037037035,0.0,0.018518518518518517,0.018518518518518517,0.0,0.0,0.0,0.0,0.018518518518518517,0.0,0.0,0.018518518518518517,0.018518518518518517,0.018518518518518517,0.0,0.0,0.0,0.018518518518518517,0.0,0.0,0.0,0.037037037037037035,0.0,0.0,0.0,0.018518518518518517,0.037037037037037035,0.0,0.0,0.0,0.0,0.0,0.6666666666666666,0.07407407407407407,0.0,0.0,0.0,0.0
679,0.0,0.0,0.0,0.037037037037037035,0.0,0.0,0.0,0.018518518518518517,0.0,0.0,0.0,0.0,0.0,0.0,0.0,0.0,0.0,0.0,0.018518518518518517,0.0,0.07407407407407407,0.7962962962962963,0.0,0.0,0.037037037037037035,0.0,0.0,0.0,0.0,0.0,0.018518518518518517,0.0,0.0,0.0,0.0,0.0,0.0,0.0,0.0
680,0.0,0.0,0.041666666666666664,0.020833333333333332,0.0,0.0,0.0,0.16666666666666666,0.0,0.020833333333333332,0.0,0.0,0.0,0.041666666666666664,0.020833333333333332,0.0,0.0,0.041666666666666664,0.020833333333333332,0.0625,0.020833333333333332,0.0,0.020833333333333332,0.0,0.0,0.0,0.4583333333333333,0.0,0.0,0.0,0.020833333333333332,0.0,0.0,0.020833333333333332,0.020833333333333332,0.0,0.0,0.0,0.0
681,0.0,0.0,0.0,0.0,0.0,0.0,0.0,0.0,0.0,0.0,0.0,0.0,0.0,0.0,0.0,0.0,0.0,0.0,0.0,0.0,0.0,0.0,0.0,0.0,0.0,0.0,0.0,0.0,0.0,0.0,0.0,0.0,0.0,1.0,0.0,0.0,0.0,0.0,0.0
682,0.0,0.02631578947368421,0.0,0.0,0.0,0.0,0.0,0.0,0.0,0.34210526315789475,0.0,0.0,0.0,0.0,0.0,0.02631578947368421,0.02631578947368421,0.0,0.0,0.47368421052631576,0.0,0.0,0.0,0.0,0.02631578947368421,0.0,0.0,0.02631578947368421,0.0,0.0,0.0,0.02631578947368421,0.0,0.02631578947368421,0.0,0.0,0.0,0.0,0.0
683,0.0,0.023809523809523808,0.023809523809523808,0.0,0.0,0.0,0.047619047619047616,0.0,0.0,0.5952380952380952,0.0,0.0,0.0,0.0,0.023809523809523808,0.0,0.023809523809523808,0.0,0.0,0.0,0.0,0.0,0.0,0.023809523809523808,0.0,0.0,0.09523809523809523,0.09523809523809523,0.023809523809523808,0.0,0.0,0.0,0.023809523809523808,0.0,0.0,0.0,0.0,0.0,0.0
684,0.0,0.0,0.0,0.0,0.0,0.0,0.0,0.0,0.8292682926829268,0.0,0.024390243902439025,0.0,0.0,0.0,0.0,0.0,0.0,0.0,0.0,0.0,0.0,0.0,0.0,0.0,0.0,0.12195121951219512,0.0,0.024390243902439025,0.0,0.0,0.0,0.0,0.0,0.0,0.0,0.0,0.0,0.0,0.0
685,0.0,0.01694915254237288,0.0,0.0,0.0,0.01694915254237288,0.01694915254237288,0.0,0.01694915254237288,0.576271186440678,0.01694915254237288,0.0,0.0,0.0,0.0,0.0,0.01694915254237288,0.0,0.0847457627118644,0.0,0.01694915254237288,0.01694915254237288,0.01694915254237288,0.0,0.0,0.0,0.01694915254237288,0.0,0.05084745762711865,0.0847457627118644,0.0,0.0,0.01694915254237288,0.01694915254237288,0.0,0.0,0.0,0.0,0.0
686,0.0,0.525,0.0,0.175,0.025,0.0,0.0,0.0,0.0,0.0,0.0,0.0,0.0,0.2,0.0,0.025,0.0,0.0,0.0,0.0,0.0,0.0,0.0,0.0,0.0,0.0,0.0,0.0,0.0,0.0,0.0,0.0,0.05,0.0,0.0,0.0,0.0,0.0,0.0
687,0.0,0.0,0.02564102564102564,0.0,0.0,0.0,0.0,0.0,0.0,0.0,0.0,0.0,0.0,0.5384615384615384,0.0,0.0,0.0,0.02564102564102564,0.0,0.02564102564102564,0.0,0.3076923076923077,0.0,0.02564102564102564,0.0,0.02564102564102564,0.0,0.0,0.0,0.0,0.0,0.0,0.02564102564102564,0.0,0.0,0.0,0.0,0.0,0.0
688,0.0,0.2,0.01818181818181818,0.0,0.0,0.07272727272727272,0.05454545454545454,0.05454545454545454,0.0,0.03636363636363636,0.01818181818181818,0.0,0.0,0.01818181818181818,0.0,0.0,0.0,0.0,0.0,0.0,0.0,0.0,0.0,0.0,0.0,0.01818181818181818,0.0,0.0,0.4,0.03636363636363636,0.0,0.0,0.01818181818181818,0.0,0.05454545454545454,0.0,0.0,0.0,0.0
689,0.10416666666666667,0.0,0.020833333333333332,0.020833333333333332,0.0,0.625,0.020833333333333332,0.0,0.0,0.0,0.020833333333333332,0.020833333333333332,0.0,0.0,0.0,0.020833333333333332,0.0,0.0625,0.0,0.020833333333333332,0.0,0.020833333333333332,0.0,0.0,0.0,0.0,0.0,0.0,0.041666666666666664,0.0,0.0,0.0,0.0,0.0,0.0,0.0,0.0,0.0,0.0
690,0.0,0.0,0.0,0.0,0.0,0.0,0.0,0.0,0.0,0.0,0.0,0.0,0.0,0.0,0.0,0.0,0.02631578947368421,0.0,0.0,0.02631578947368421,0.0,0.02631578947368421,0.0,0.0,0.0,0.0,0.0,0.0,0.0,0.0,0.9210526315789473,0.0,0.0,0.0,0.0,0.0,0.0,0.0,0.0
691,0.022222222222222223,0.0,0.022222222222222223,0.0,0.022222222222222223,0.0,0.0,0.022222222222222223,0.0,0.0,0.08888888888888889,0.0,0.0,0.0,0.0,0.0,0.0,0.6222222222222222,0.0,0.0,0.0,0.06666666666666667,0.0,0.0,0.0,0.06666666666666667,0.022222222222222223,0.022222222222222223,0.0,0.0,0.0,0.0,0.0,0.022222222222222223,0.0,0.0,0.0,0.0,0.0
692,0.5555555555555556,0.05555555555555555,0.0,0.0,0.0,0.0,0.0,0.0,0.0,0.0,0.0,0.0,0.0,0.0,0.0,0.0,0.0,0.0,0.0,0.0,0.0,0.0,0.0,0.0,0.027777777777777776,0.0,0.0,0.0,0.3611111111111111,0.0,0.0,0.0,0.0,0.0,0.0,0.0,0.0,0.0,0.0
693,0.020833333333333332,0.0,0.0,0.0,0.0,0.75,0.020833333333333332,0.0,0.0,0.020833333333333332,0.0,0.0,0.0,0.020833333333333332,0.020833333333333332,0.0,0.020833333333333332,0.020833333333333332,0.0,0.0,0.0,0.020833333333333332,0.020833333333333332,0.020833333333333332,0.041666666666666664,0.0,0.0,0.0,0.0,0.0,0.0,0.0,0.0,0.0,0.0,0.0,0.0,0.0,0.0
694,0.0,0.0425531914893617,0.0,0.0,0.0,0.0,0.1702127659574468,0.0,0.0851063829787234,0.0425531914893617,0.0,0.0,0.0,0.0851063829787234,0.0851063829787234,0.0,0.0,0.0,0.02127659574468085,0.10638297872340426,0.02127659574468085,0.02127659574468085,0.02127659574468085,0.0,0.0,0.02127659574468085,0.02127659574468085,0.1702127659574468,0.0,0.0425531914893617,0.02127659574468085,0.0,0.02127659574468085,0.0,0.0,0.0,0.0,0.0,0.0
695,0.0,0.0,0.05128205128205128,0.0,0.0,0.0,0.02564102564102564,0.7692307692307693,0.0,0.0,0.0,0.0,0.0,0.0,0.05128205128205128,0.0,0.0,0.0,0.02564102564102564,0.0,0.0,0.0,0.0,0.0,0.0,0.0,0.02564102564102564,0.0,0.05128205128205128,0.0,0.0,0.0,0.0,0.0,0.0,0.0,0.0,0.0,0.0
696,0.0,0.0,0.0,0.0,0.0,0.0,0.0,0.0,0.0,0.0,0.0,0.0,0.0,0.0,0.0,0.0,0.022222222222222223,0.0,0.022222222222222223,0.15555555555555556,0.022222222222222223,0.6666666666666666,0.022222222222222223,0.0,0.0,0.0,0.022222222222222223,0.0,0.0,0.022222222222222223,0.044444444444444446,0.0,0.0,0.0,0.0,0.0,0.0,0.0,0.0
697,0.022222222222222223,0.0,0.022222222222222223,0.044444444444444446,0.0,0.022222222222222223,0.0,0.0,0.0,0.022222222222222223,0.0,0.0,0.0,0.0,0.0,0.0,0.0,0.022222222222222223,0.0,0.0,0.022222222222222223,0.7777777777777778,0.0,0.0,0.0,0.0,0.0,0.022222222222222223,0.0,0.0,0.0,0.0,0.022222222222222223,0.0,0.0,0.0,0.0,0.0,0.0
698,0.0,0.0,0.0,0.0,0.05084745762711865,0.0,0.1016949152542373,0.0,0.0,0.0,0.0,0.0,0.0,0.0,0.0,0.01694915254237288,0.01694915254237288,0.01694915254237288,0.01694915254237288,0.0,0.03389830508474576,0.576271186440678,0.01694915254237288,0.01694915254237288,0.0,0.0,0.0,0.01694915254237288,0.05084745762711865,0.0,0.0,0.0,0.01694915254237288,0.0,0.0,0.0,0.0,0.05084745762711865,0.0
699,0.7894736842105263,0.0,0.0,0.0,0.0,0.02631578947368421,0.0,0.0,0.0,0.02631578947368421,0.0,0.02631578947368421,0.02631578947368421,0.0,0.0,0.0,0.0,0.0,0.0,0.0,0.0,0.05263157894736842,0.02631578947368421,0.0,0.0,0.0,0.0,0.02631578947368421,0.0,0.0,0.0,0.0,0.0,0.0,0.0,0.0,0.0,0.0,0.0
700,0.0,0.0,0.02564102564102564,0.0,0.0,0.0,0.0,0.0,0.02564102564102564,0.0,0.0,0.02564102564102564,0.0,0.23076923076923078,0.0,0.0,0.0,0.0,0.0,0.0,0.0,0.0,0.0,0.0,0.0,0.0,0.0,0.0,0.0,0.0,0.5384615384615384,0.10256410256410256,0.05128205128205128,0.0,0.0,0.0,0.0,0.0,0.0
701,0.0,0.0,0.0,0.0,0.0,0.0,0.0,0.0,0.0,0.0,0.0,0.0,0.0,0.029411764705882353,0.0,0.0,0.0,0.0,0.0,0.0,0.0,0.0,0.0,0.0,0.0,0.0,0.0,0.0,0.0,0.0,0.9705882352941176,0.0,0.0,0.0,0.0,0.0,0.0,0.0,0.0
702,0.0,0.017543859649122806,0.017543859649122806,0.0,0.0,0.017543859649122806,0.0,0.017543859649122806,0.0,0.0,0.017543859649122806,0.0,0.0,0.017543859649122806,0.03508771929824561,0.0,0.017543859649122806,0.017543859649122806,0.0,0.017543859649122806,0.0,0.017543859649122806,0.0,0.0,0.0,0.0,0.017543859649122806,0.0,0.0,0.0,0.017543859649122806,0.7368421052631579,0.0,0.017543859649122806,0.0,0.0,0.0,0.0,0.0
703,0.0,0.0,0.0,0.0,0.0,0.0,0.0,0.0,0.0,0.0,0.0,0.0,0.7777777777777778,0.0,0.0,0.0,0.0,0.0,0.0,0.0,0.0,0.0,0.16666666666666666,0.0,0.027777777777777776,0.0,0.0,0.027777777777777776,0.0,0.0,0.0,0.0,0.0,0.0,0.0,0.0,0.0,0.0,0.0
704,0.0,0.0,0.0,0.024390243902439025,0.024390243902439025,0.0,0.0,0.0,0.0,0.024390243902439025,0.0,0.0,0.0,0.0,0.0,0.0,0.0,0.0,0.04878048780487805,0.0,0.0,0.024390243902439025,0.024390243902439025,0.7804878048780488,0.0,0.0,0.0,0.0,0.0,0.0,0.024390243902439025,0.0,0.0,0.024390243902439025,0.0,0.0,0.0,0.0,0.0
705,0.0,0.38235294117647056,0.0,0.0,0.0,0.5588235294117647,0.0,0.0,0.0,0.0,0.0,0.0,0.0,0.0,0.0,0.0,0.0,0.0,0.0,0.0,0.0,0.0,0.0,0.0,0.0,0.0,0.0,0.0,0.0,0.0,0.029411764705882353,0.0,0.0,0.029411764705882353,0.0,0.0,0.0,0.0,0.0
706,0.0,0.05405405405405406,0.0,0.05405405405405406,0.7297297297297297,0.0,0.0,0.0,0.0,0.0,0.08108108108108109,0.0,0.0,0.0,0.0,0.0,0.02702702702702703,0.02702702702702703,0.0,0.0,0.0,0.0,0.0,0.0,0.0,0.0,0.0,0.0,0.02702702702702703,0.0,0.0,0.0,0.0,0.0,0.0,0.0,0.0,0.0,0.0
707,0.0,0.0,0.02040816326530612,0.0,0.0,0.02040816326530612,0.0,0.02040816326530612,0.0,0.0,0.0,0.0,0.0,0.08163265306122448,0.0,0.0,0.0,0.02040816326530612,0.0,0.0,0.02040816326530612,0.0,0.0,0.0,0.02040816326530612,0.0,0.0,0.0,0.0,0.04081632653061224,0.0,0.02040816326530612,0.6938775510204082,0.0,0.04081632653061224,0.0,0.0,0.0,0.0
708,0.0,0.02631578947368421,0.0,0.0,0.0,0.0,0.02631578947368421,0.0,0.02631578947368421,0.0,0.0,0.0,0.0,0.0,0.0,0.0,0.0,0.0,0.8947368421052632,0.0,0.0,0.0,0.0,0.0,0.0,0.0,0.0,0.02631578947368421,0.0,0.0,0.0,0.0,0.0,0.0,0.0,0.0,0.0,0.0,0.0
709,0.023809523809523808,0.0,0.0,0.0,0.0,0.0,0.023809523809523808,0.0,0.0,0.07142857142857142,0.0,0.0,0.0,0.0,0.0,0.0,0.0,0.6904761904761905,0.0,0.0,0.0,0.0,0.0,0.0,0.0,0.023809523809523808,0.0,0.0,0.0,0.0,0.0,0.09523809523809523,0.023809523809523808,0.047619047619047616,0.0,0.0,0.0,0.0,0.0
710,0.0,0.0,0.0,0.0,0.06521739130434782,0.0,0.043478260869565216,0.0,0.13043478260869565,0.021739130434782608,0.0,0.0,0.0,0.0,0.0,0.0,0.06521739130434782,0.0,0.021739130434782608,0.0,0.0,0.0,0.0,0.0,0.0,0.0,0.0,0.13043478260869565,0.021739130434782608,0.0,0.0,0.08695652173913043,0.391304347826087,0.021739130434782608,0.0,0.0,0.0,0.0,0.0
711,0.0,0.21333333333333335,0.0,0.013333333333333334,0.0,0.0,0.013333333333333334,0.0,0.02666666666666667,0.013333333333333334,0.0,0.013333333333333334,0.0,0.02666666666666667,0.013333333333333334,0.06666666666666667,0.02666666666666667,0.013333333333333334,0.013333333333333334,0.0,0.013333333333333334,0.02666666666666667,0.04,0.0,0.013333333333333334,0.24,0.08,0.0,0.013333333333333334,0.0,0.02666666666666667,0.0,0.0,0.05333333333333334,0.02666666666666667,0.0,0.0,0.013333333333333334,0.0
712,0.0,0.023255813953488372,0.023255813953488372,0.0,0.0,0.0,0.0,0.0,0.023255813953488372,0.0,0.0,0.023255813953488372,0.0,0.0,0.06976744186046512,0.0,0.0,0.023255813953488372,0.0,0.023255813953488372,0.0,0.0,0.0,0.0,0.0,0.0,0.0,0.0,0.7674418604651163,0.023255813953488372,0.0,0.0,0.0,0.0,0.0,0.0,0.0,0.0,0.0
713,0.0,0.0,0.8723404255319149,0.0,0.0,0.0,0.0,0.0,0.0,0.0,0.0,0.0,0.0,0.0,0.0,0.0851063829787234,0.0,0.0,0.0,0.0,0.0,0.0,0.0,0.0,0.0,0.0,0.0,0.02127659574468085,0.0,0.0,0.0,0.02127659574468085,0.0,0.0,0.0,0.0,0.0,0.0,0.0
714,0.0,0.0,0.027777777777777776,0.0,0.0,0.027777777777777776,0.0,0.0,0.0,0.0,0.0,0.0,0.0,0.027777777777777776,0.0,0.0,0.0,0.0,0.0,0.0,0.0,0.0,0.0,0.0,0.0,0.0,0.0,0.8888888888888888,0.0,0.0,0.0,0.0,0.027777777777777776,0.0,0.0,0.0,0.0,0.0,0.0
715,0.0,0.0,0.038461538461538464,0.0,0.0,0.0,0.0,0.0,0.0,0.019230769230769232,0.0,0.0,0.0,0.019230769230769232,0.0,0.019230769230769232,0.019230769230769232,0.057692307692307696,0.0,0.038461538461538464,0.0,0.019230769230769232,0.038461538461538464,0.0,0.019230769230769232,0.019230769230769232,0.0,0.0,0.038461538461538464,0.5769230769230769,0.038461538461538464,0.0,0.0,0.038461538461538464,0.0,0.0,0.0,0.0,0.0
716,0.0,0.0,0.02702702702702703,0.0,0.0,0.0,0.0,0.0,0.0,0.0,0.0,0.0,0.02702702702702703,0.0,0.0,0.0,0.0,0.02702702702702703,0.0,0.0,0.0,0.0,0.0,0.0,0.0,0.0,0.0,0.0,0.8378378378378378,0.08108108108108109,0.0,0.0,0.0,0.0,0.0,0.0,0.0,0.0,0.0
717,0.0,0.0,0.0,0.023255813953488372,0.0,0.023255813953488372,0.0,0.0,0.0,0.0,0.0,0.0,0.023255813953488372,0.023255813953488372,0.0,0.0,0.0,0.0,0.0,0.0,0.0,0.023255813953488372,0.023255813953488372,0.0,0.0,0.0,0.0,0.0,0.023255813953488372,0.0,0.06976744186046512,0.0,0.7441860465116279,0.0,0.0,0.023255813953488372,0.0,0.0,0.0
718,0.0,0.0,0.046511627906976744,0.0,0.0,0.0,0.0,0.0,0.0,0.023255813953488372,0.0,0.0,0.023255813953488372,0.0,0.0,0.0,0.0,0.0,0.0,0.0,0.0,0.023255813953488372,0.0,0.023255813953488372,0.0,0.0,0.7906976744186046,0.0,0.023255813953488372,0.046511627906976744,0.0,0.0,0.0,0.0,0.0,0.0,0.0,0.0,0.0
719,0.0,0.0,0.0,0.047058823529411764,0.0,0.023529411764705882,0.023529411764705882,0.023529411764705882,0.023529411764705882,0.0,0.03529411764705882,0.0,0.03529411764705882,0.0,0.0,0.0,0.011764705882352941,0.03529411764705882,0.0,0.047058823529411764,0.023529411764705882,0.03529411764705882,0.011764705882352941,0.011764705882352941,0.011764705882352941,0.023529411764705882,0.011764705882352941,0.0,0.023529411764705882,0.0,0.0,0.1411764705882353,0.3411764705882353,0.03529411764705882,0.023529411764705882,0.0,0.0,0.0,0.0
720,0.0,0.0,0.0,0.0,0.6190476190476191,0.0,0.0,0.023809523809523808,0.0,0.0,0.0,0.0,0.0,0.0,0.0,0.2619047619047619,0.0,0.0,0.023809523809523808,0.0,0.0,0.0,0.0,0.023809523809523808,0.0,0.0,0.0,0.0,0.0,0.0,0.0,0.023809523809523808,0.0,0.023809523809523808,0.0,0.0,0.0,0.0,0.0
721,0.0,0.0,0.0,0.022222222222222223,0.0,0.044444444444444446,0.0,0.0,0.0,0.022222222222222223,0.0,0.0,0.0,0.0,0.0,0.0,0.0,0.0,0.022222222222222223,0.022222222222222223,0.0,0.6666666666666666,0.0,0.022222222222222223,0.022222222222222223,0.0,0.022222222222222223,0.0,0.0,0.044444444444444446,0.022222222222222223,0.06666666666666667,0.0,0.0,0.0,0.0,0.0,0.0,0.0
722,0.0,0.0,0.8421052631578947,0.03508771929824561,0.017543859649122806,0.0,0.0,0.0,0.0,0.0,0.0,0.017543859649122806,0.0,0.017543859649122806,0.0,0.0,0.0,0.05263157894736842,0.0,0.017543859649122806,0.0,0.0,0.0,0.0,0.0,0.0,0.0,0.0,0.0,0.0,0.0,0.0,0.0,0.0,0.0,0.0,0.0,0.0,0.0
723,0.019230769230769232,0.0,0.28846153846153844,0.28846153846153844,0.019230769230769232,0.0,0.0,0.057692307692307696,0.0,0.0,0.0,0.0,0.0,0.0,0.0,0.057692307692307696,0.0,0.0,0.019230769230769232,0.0,0.038461538461538464,0.0,0.0,0.0,0.019230769230769232,0.019230769230769232,0.019230769230769232,0.038461538461538464,0.11538461538461539,0.0,0.0,0.0,0.0,0.0,0.0,0.0,0.0,0.0,0.0
724,0.0,0.010869565217391304,0.010869565217391304,0.0,0.0,0.010869565217391304,0.03260869565217391,0.021739130434782608,0.010869565217391304,0.010869565217391304,0.021739130434782608,0.043478260869565216,0.07608695652173914,0.07608695652173914,0.010869565217391304,0.021739130434782608,0.0,0.021739130434782608,0.010869565217391304,0.043478260869565216,0.08695652173913043,0.043478260869565216,0.010869565217391304,0.0,0.021739130434782608,0.010869565217391304,0.10869565217391304,0.0,0.010869565217391304,0.010869565217391304,0.03260869565217391,0.0,0.13043478260869565,0.010869565217391304,0.08695652173913043,0.0,0.0,0.0,0.0
725,0.02,0.0,0.02,0.04,0.02,0.0,0.0,0.0,0.0,0.0,0.02,0.1,0.02,0.18,0.0,0.02,0.0,0.0,0.04,0.12,0.02,0.14,0.0,0.0,0.0,0.02,0.0,0.2,0.02,0.0,0.0,0.0,0.0,0.0,0.0,0.0,0.0,0.0,0.0
726,0.0,0.0,0.0,0.0,0.0,0.7105263157894737,0.0,0.0,0.0,0.0,0.0,0.0,0.0,0.0,0.05263157894736842,0.07894736842105263,0.0,0.0,0.0,0.02631578947368421,0.05263157894736842,0.0,0.0,0.0,0.0,0.0,0.0,0.05263157894736842,0.0,0.02631578947368421,0.0,0.0,0.0,0.0,0.0,0.0,0.0,0.0,0.0
727,0.017857142857142856,0.0,0.375,0.16071428571428573,0.0,0.0,0.017857142857142856,0.0,0.0,0.0,0.05357142857142857,0.0,0.0,0.0,0.0,0.017857142857142856,0.017857142857142856,0.017857142857142856,0.0,0.0,0.05357142857142857,0.0,0.017857142857142856,0.017857142857142856,0.05357142857142857,0.03571428571428571,0.05357142857142857,0.0,0.03571428571428571,0.017857142857142856,0.0,0.017857142857142856,0.017857142857142856,0.0,0.0,0.0,0.0,0.0,0.0
728,0.0,0.0,0.029411764705882353,0.0,0.029411764705882353,0.0,0.0,0.0,0.14705882352941177,0.08823529411764706,0.0,0.0,0.0,0.0,0.17647058823529413,0.0,0.14705882352941177,0.029411764705882353,0.0,0.0,0.0,0.0,0.0,0.0,0.029411764705882353,0.0,0.0,0.0,0.0,0.3235294117647059,0.0,0.0,0.0,0.0,0.0,0.0,0.0,0.0,0.0
729,0.0,0.6285714285714286,0.0,0.02857142857142857,0.0,0.0,0.0,0.0,0.0,0.2857142857142857,0.0,0.0,0.0,0.0,0.0,0.02857142857142857,0.0,0.0,0.0,0.02857142857142857,0.0,0.0,0.0,0.0,0.0,0.0,0.0,0.0,0.0,0.0,0.0,0.0,0.0,0.0,0.0,0.0,0.0,0.0,0.0
730,0.023809523809523808,0.023809523809523808,0.023809523809523808,0.047619047619047616,0.023809523809523808,0.0,0.023809523809523808,0.0,0.0,0.0,0.0,0.0,0.0,0.0,0.023809523809523808,0.0,0.023809523809523808,0.0,0.0,0.0,0.6904761904761905,0.023809523809523808,0.0,0.0,0.023809523809523808,0.0,0.023809523809523808,0.0,0.0,0.0,0.0,0.0,0.0,0.023809523809523808,0.0,0.0,0.0,0.0,0.0
731,0.0,0.18181818181818182,0.0,0.0,0.0,0.01818181818181818,0.0,0.5818181818181818,0.0,0.0,0.0,0.0,0.0,0.0,0.0,0.01818181818181818,0.01818181818181818,0.0,0.01818181818181818,0.01818181818181818,0.0,0.0,0.0,0.0,0.0,0.0,0.10909090909090909,0.0,0.0,0.0,0.0,0.0,0.01818181818181818,0.0,0.01818181818181818,0.0,0.0,0.0,0.0
732,0.0,0.0,0.0,0.023255813953488372,0.0,0.0,0.0,0.0,0.0,0.09302325581395349,0.0,0.0,0.0,0.0,0.023255813953488372,0.0,0.0,0.16279069767441862,0.023255813953488372,0.0,0.0,0.06976744186046512,0.06976744186046512,0.046511627906976744,0.13953488372093023,0.023255813953488372,0.0,0.0,0.046511627906976744,0.0,0.023255813953488372,0.046511627906976744,0.11627906976744186,0.09302325581395349,0.0,0.0,0.0,0.0,0.0
733,0.0,0.0,0.0,0.0,0.0,0.0,0.0,0.0,0.0,0.0,0.0,0.0,0.0,0.02040816326530612,0.0,0.2857142857142857,0.0,0.40816326530612246,0.0,0.0,0.0,0.0,0.0,0.0,0.0,0.0,0.0,0.16326530612244897,0.02040816326530612,0.0,0.0,0.02040816326530612,0.061224489795918366,0.02040816326530612,0.0,0.0,0.0,0.0,0.0
734,0.0,0.0,0.0,0.0,0.0,0.0,0.0,0.0,0.0,0.0,0.0,0.0,0.0,0.0,0.0,0.0,0.0,0.0,0.0,0.05555555555555555,0.0,0.027777777777777776,0.0,0.0,0.0,0.0,0.0,0.0,0.8888888888888888,0.027777777777777776,0.0,0.0,0.0,0.0,0.0,0.0,0.0,0.0,0.0
735,0.0,0.0,0.0,0.0,0.057692307692307696,0.0,0.038461538461538464,0.0,0.0,0.0,0.0,0.0,0.0,0.0,0.0,0.0,0.0,0.0,0.0,0.019230769230769232,0.0,0.0,0.0,0.0,0.0,0.038461538461538464,0.7884615384615384,0.038461538461538464,0.0,0.019230769230769232,0.0,0.0,0.0,0.0,0.0,0.0,0.0,0.0,0.0
736,0.0,0.025,0.025,0.025,0.05,0.0,0.0,0.0,0.0,0.0,0.0,0.0,0.0,0.0,0.0,0.0,0.0,0.0,0.0,0.0,0.0,0.0,0.0,0.0,0.0,0.0,0.0,0.8,0.05,0.0,0.025,0.0,0.0,0.0,0.0,0.0,0.0,0.0,0.0
737,0.5,0.23684210526315788,0.02631578947368421,0.02631578947368421,0.05263157894736842,0.0,0.0,0.0,0.0,0.0,0.0,0.02631578947368421,0.0,0.0,0.0,0.02631578947368421,0.02631578947368421,0.0,0.0,0.05263157894736842,0.02631578947368421,0.0,0.0,0.0,0.0,0.0,0.0,0.0,0.0,0.0,0.0,0.0,0.0,0.0,0.0,0.0,0.0,0.0,0.0
738,0.0,0.0,0.0,0.0,0.0,0.0,0.0,0.0,0.027777777777777776,0.0,0.0,0.75,0.08333333333333333,0.027777777777777776,0.0,0.0,0.027777777777777776,0.0,0.0,0.0,0.0,0.027777777777777776,0.0,0.0,0.0,0.0,0.0,0.0,0.0,0.0,0.0,0.027777777777777776,0.027777777777777776,0.0,0.0,0.0,0.0,0.0,0.0
739,0.0,0.0,0.02857142857142857,0.0,0.0,0.0,0.0,0.0,0.0,0.0,0.02857142857142857,0.7142857142857143,0.0,0.02857142857142857,0.0,0.0,0.0,0.0,0.0,0.08571428571428572,0.0,0.0,0.0,0.0,0.0,0.0,0.05714285714285714,0.02857142857142857,0.0,0.0,0.0,0.0,0.0,0.0,0.02857142857142857,0.0,0.0,0.0,0.0
740,0.0,0.1111111111111111,0.0,0.0,0.0,0.022222222222222223,0.06666666666666667,0.08888888888888889,0.0,0.2222222222222222,0.0,0.0,0.044444444444444446,0.0,0.0,0.0,0.13333333333333333,0.08888888888888889,0.0,0.022222222222222223,0.0,0.022222222222222223,0.0,0.0,0.022222222222222223,0.0,0.06666666666666667,0.022222222222222223,0.0,0.0,0.022222222222222223,0.022222222222222223,0.0,0.022222222222222223,0.0,0.0,0.0,0.0,0.0
741,0.0,0.0,0.02564102564102564,0.20512820512820512,0.0,0.02564102564102564,0.0,0.0,0.0,0.5641025641025641,0.0,0.0,0.0,0.02564102564102564,0.0,0.0,0.0,0.0,0.0,0.0,0.0,0.02564102564102564,0.0,0.0,0.02564102564102564,0.02564102564102564,0.0,0.0,0.07692307692307693,0.0,0.0,0.0,0.0,0.0,0.0,0.0,0.0,0.0,0.0
742,0.0,0.11320754716981132,0.0,0.018867924528301886,0.018867924528301886,0.0,0.03773584905660377,0.0,0.0,0.24528301886792453,0.0,0.018867924528301886,0.0,0.0,0.0,0.018867924528301886,0.018867924528301886,0.018867924528301886,0.018867924528301886,0.0,0.0,0.018867924528301886,0.18867924528301888,0.0,0.0,0.05660377358490566,0.018867924528301886,0.018867924528301886,0.05660377358490566,0.0,0.018867924528301886,0.0,0.03773584905660377,0.03773584905660377,0.0,0.0,0.0,0.018867924528301886,0.0
743,0.0,0.02127659574468085,0.0,0.0425531914893617,0.02127659574468085,0.0425531914893617,0.0,0.0,0.0,0.0,0.0425531914893617,0.0,0.0,0.0,0.0,0.0,0.0,0.0,0.0,0.02127659574468085,0.0,0.0,0.0,0.0,0.0,0.0,0.0,0.0425531914893617,0.723404255319149,0.0,0.0,0.0,0.0425531914893617,0.0,0.0,0.0,0.0,0.0,0.0
744,0.0,0.0,0.0,0.0,0.0,0.0,0.0,0.0,0.0,0.0,0.05,0.0,0.0,0.0,0.0,0.0,0.0,0.0,0.925,0.025,0.0,0.0,0.0,0.0,0.0,0.0,0.0,0.0,0.0,0.0,0.0,0.0,0.0,0.0,0.0,0.0,0.0,0.0,0.0
745,0.0,0.0,0.0,0.0,0.0,0.024390243902439025,0.0,0.0,0.0,0.04878048780487805,0.7804878048780488,0.0,0.0,0.0,0.0,0.0,0.0,0.0,0.04878048780487805,0.0,0.0,0.0,0.024390243902439025,0.024390243902439025,0.0,0.0,0.0,0.0,0.0,0.024390243902439025,0.0,0.0,0.024390243902439025,0.0,0.0,0.0,0.0,0.0,0.0
746,0.0,0.0,0.02127659574468085,0.0,0.02127659574468085,0.0,0.0,0.02127659574468085,0.02127659574468085,0.0425531914893617,0.0,0.0425531914893617,0.23404255319148937,0.10638297872340426,0.0,0.0,0.0,0.06382978723404255,0.0,0.0,0.0,0.3404255319148936,0.0,0.0,0.0,0.0,0.0,0.0,0.0,0.0,0.02127659574468085,0.0,0.02127659574468085,0.0425531914893617,0.0,0.0,0.0,0.0,0.0
747,0.0,0.0,0.0,0.0,0.0,0.0,0.0,0.0,0.0,0.0,0.0,0.0,0.0,0.0,0.0,0.0,0.9696969696969697,0.0,0.0,0.0,0.0,0.0,0.0,0.0,0.0,0.0,0.030303030303030304,0.0,0.0,0.0,0.0,0.0,0.0,0.0,0.0,0.0,0.0,0.0,0.0
748,0.0,0.0,0.0,0.02857142857142857,0.4,0.0,0.0,0.0,0.0,0.0,0.0,0.0,0.5428571428571428,0.0,0.0,0.0,0.0,0.0,0.0,0.0,0.0,0.0,0.0,0.0,0.0,0.0,0.0,0.02857142857142857,0.0,0.0,0.0,0.0,0.0,0.0,0.0,0.0,0.0,0.0,0.0
749,0.0,0.03773584905660377,0.018867924528301886,0.018867924528301886,0.0,0.0,0.07547169811320754,0.018867924528301886,0.03773584905660377,0.018867924528301886,0.0,0.0,0.0,0.018867924528301886,0.0,0.0,0.0,0.09433962264150944,0.0,0.5660377358490566,0.03773584905660377,0.0,0.0,0.0,0.018867924528301886,0.018867924528301886,0.0,0.0,0.018867924528301886,0.0,0.0,0.0,0.0,0.0,0.0,0.0,0.0,0.0,0.0
750,0.0,0.0,0.0,0.0,0.0,0.0,0.0,0.0,0.7837837837837838,0.16216216216216217,0.0,0.0,0.0,0.0,0.0,0.0,0.0,0.0,0.0,0.0,0.0,0.0,0.0,0.0,0.0,0.0,0.0,0.0,0.0,0.0,0.02702702702702703,0.0,0.0,0.02702702702702703,0.0,0.0,0.0,0.0,0.0
751,0.0,0.0,0.0,0.0,0.03636363636363636,0.0,0.01818181818181818,0.0,0.01818181818181818,0.0,0.0,0.0,0.0,0.0,0.0,0.0,0.0,0.0,0.0,0.0,0.07272727272727272,0.2,0.0,0.01818181818181818,0.01818181818181818,0.03636363636363636,0.01818181818181818,0.01818181818181818,0.18181818181818182,0.0,0.0,0.34545454545454546,0.0,0.01818181818181818,0.0,0.0,0.0,0.0,0.0
752,0.0,0.0,0.12195121951219512,0.024390243902439025,0.0,0.0,0.0,0.04878048780487805,0.024390243902439025,0.0,0.0,0.0,0.5853658536585366,0.0,0.0,0.0,0.0,0.0,0.024390243902439025,0.0,0.0,0.0,0.0,0.0,0.0,0.0,0.0975609756097561,0.04878048780487805,0.024390243902439025,0.0,0.0,0.0,0.0,0.0,0.0,0.0,0.0,0.0,0.0
753,0.0,0.022727272727272728,0.022727272727272728,0.0,0.0,0.022727272727272728,0.0,0.0,0.0,0.6363636363636364,0.11363636363636363,0.0,0.0,0.0,0.022727272727272728,0.0,0.0,0.0,0.045454545454545456,0.0,0.0,0.0,0.0,0.0,0.0,0.0,0.0,0.022727272727272728,0.0,0.0,0.06818181818181818,0.0,0.0,0.0,0.022727272727272728,0.0,0.0,0.0,0.0
754,0.0,0.0,0.01639344262295082,0.0,0.0,0.36065573770491804,0.0,0.01639344262295082,0.0,0.03278688524590164,0.16393442622950818,0.01639344262295082,0.0,0.0,0.0,0.01639344262295082,0.0,0.0,0.03278688524590164,0.0,0.0,0.0,0.01639344262295082,0.0,0.03278688524590164,0.01639344262295082,0.16393442622950818,0.03278688524590164,0.04918032786885246,0.0,0.0,0.0,0.03278688524590164,0.0,0.0,0.0,0.0,0.0,0.0
755,0.0,0.0,0.017241379310344827,0.0,0.034482758620689655,0.6379310344827587,0.034482758620689655,0.0,0.0,0.0,0.0,0.0,0.0,0.10344827586206896,0.017241379310344827,0.0,0.0,0.08620689655172414,0.0,0.0,0.017241379310344827,0.0,0.0,0.034482758620689655,0.0,0.0,0.0,0.0,0.017241379310344827,0.0,0.0,0.0,0.0,0.0,0.0,0.0,0.0,0.0,0.0
756,0.0,0.0,0.0,0.046511627906976744,0.0,0.0,0.0,0.0,0.0,0.0,0.0,0.0,0.0,0.0,0.046511627906976744,0.0,0.0,0.023255813953488372,0.0,0.023255813953488372,0.0,0.023255813953488372,0.0,0.0,0.0,0.046511627906976744,0.627906976744186,0.06976744186046512,0.046511627906976744,0.023255813953488372,0.0,0.0,0.0,0.023255813953488372,0.0,0.0,0.0,0.0,0.0
757,0.0,0.08695652173913043,0.021739130434782608,0.34782608695652173,0.15217391304347827,0.0,0.06521739130434782,0.0,0.0,0.021739130434782608,0.0,0.0,0.043478260869565216,0.021739130434782608,0.0,0.0,0.0,0.0,0.021739130434782608,0.08695652173913043,0.021739130434782608,0.021739130434782608,0.0,0.0,0.0,0.0,0.021739130434782608,0.021739130434782608,0.0,0.021739130434782608,0.0,0.0,0.021739130434782608,0.0,0.0,0.0,0.0,0.0,0.0
758,0.0,0.0,0.027777777777777776,0.5555555555555556,0.0,0.0,0.0,0.0,0.0,0.0,0.0,0.0,0.0,0.1388888888888889,0.0,0.0,0.0,0.027777777777777776,0.0,0.0,0.0,0.0,0.0,0.0,0.0,0.0,0.027777777777777776,0.0,0.0,0.0,0.0,0.0,0.0,0.027777777777777776,0.19444444444444445,0.0,0.0,0.0,0.0
759,0.0,0.0,0.0,0.0,0.0,0.0,0.0,0.047619047619047616,0.0,0.0,0.0,0.0,0.0,0.0,0.0,0.0,0.047619047619047616,0.047619047619047616,0.0,0.0,0.023809523809523808,0.07142857142857142,0.0,0.0,0.0,0.21428571428571427,0.0,0.0,0.40476190476190477,0.0,0.047619047619047616,0.09523809523809523,0.0,0.0,0.0,0.0,0.0,0.0,0.0
760,0.0,0.0196078431372549,0.0,0.0,0.0,0.0,0.0196078431372549,0.0392156862745098,0.0,0.0,0.058823529411764705,0.0392156862745098,0.0,0.0,0.0392156862745098,0.0392156862745098,0.09803921568627451,0.0196078431372549,0.0392156862745098,0.0392156862745098,0.0,0.0392156862745098,0.0,0.0196078431372549,0.0196078431372549,0.0196078431372549,0.0196078431372549,0.39215686274509803,0.0,0.0,0.0,0.0392156862745098,0.0,0.0,0.0,0.0,0.0,0.0,0.0
761,0.0,0.0,0.0,0.0,0.0,0.14,0.0,0.0,0.0,0.02,0.58,0.0,0.0,0.0,0.02,0.0,0.02,0.06,0.04,0.02,0.0,0.02,0.02,0.04,0.0,0.0,0.0,0.0,0.0,0.0,0.0,0.0,0.0,0.0,0.02,0.0,0.0,0.0,0.0
762,0.0,0.0,0.0,0.0,0.0,0.0,0.0,0.0,0.0,0.0,0.0,0.0,0.0,0.0,0.0,0.0,0.0,0.0,0.6,0.0,0.02857142857142857,0.0,0.0,0.11428571428571428,0.0,0.22857142857142856,0.0,0.0,0.0,0.0,0.02857142857142857,0.0,0.0,0.0,0.0,0.0,0.0,0.0,0.0
763,0.0,0.0,0.09302325581395349,0.023255813953488372,0.6046511627906976,0.023255813953488372,0.0,0.0,0.0,0.0,0.0,0.0,0.0,0.0,0.0,0.06976744186046512,0.0,0.023255813953488372,0.0,0.0,0.0,0.0,0.0,0.0,0.0,0.0,0.0,0.046511627906976744,0.046511627906976744,0.06976744186046512,0.0,0.0,0.0,0.0,0.0,0.0,0.0,0.0,0.0
764,0.0,0.0,0.0,0.0,0.0,0.0,0.5151515151515151,0.0,0.0,0.0,0.0,0.0,0.0,0.0,0.030303030303030304,0.0,0.0,0.0,0.0,0.0,0.0,0.0,0.0,0.0,0.0,0.0,0.0,0.45454545454545453,0.0,0.0,0.0,0.0,0.0,0.0,0.0,0.0,0.0,0.0,0.0
765,0.0,0.0,0.0,0.02040816326530612,0.02040816326530612,0.02040816326530612,0.0,0.0,0.02040816326530612,0.0,0.0,0.0,0.0,0.02040816326530612,0.0,0.0,0.02040816326530612,0.061224489795918366,0.0,0.04081632653061224,0.0,0.04081632653061224,0.0,0.0,0.02040816326530612,0.02040816326530612,0.0,0.6326530612244898,0.04081632653061224,0.02040816326530612,0.0,0.0,0.0,0.0,0.0,0.0,0.0,0.0,0.0
766,0.025,0.525,0.025,0.05,0.025,0.0,0.0,0.0,0.025,0.175,0.025,0.025,0.0,0.0,0.0,0.0,0.0,0.0,0.0,0.0,0.0,0.0,0.025,0.0,0.0,0.025,0.0,0.0,0.05,0.0,0.0,0.0,0.0,0.0,0.0,0.0,0.0,0.0,0.0
767,0.0,0.0,0.030303030303030304,0.0,0.0,0.0,0.0,0.0,0.0,0.030303030303030304,0.0,0.0,0.0,0.0,0.0,0.0,0.030303030303030304,0.0,0.0,0.0,0.0,0.0,0.0,0.0,0.0,0.0,0.9090909090909091,0.0,0.0,0.0,0.0,0.0,0.0,0.0,0.0,0.0,0.0,0.0,0.0
768,0.0,0.0,0.02857142857142857,0.0,0.0,0.0,0.0,0.7142857142857143,0.0,0.17142857142857143,0.0,0.0,0.0,0.0,0.0,0.0,0.0,0.0,0.0,0.0,0.0,0.02857142857142857,0.0,0.0,0.0,0.0,0.0,0.0,0.0,0.0,0.02857142857142857,0.0,0.0,0.02857142857142857,0.0,0.0,0.0,0.0,0.0
769,0.0,0.0,0.0,0.0,0.01818181818181818,0.509090909090909,0.10909090909090909,0.0,0.09090909090909091,0.03636363636363636,0.0,0.03636363636363636,0.01818181818181818,0.0,0.03636363636363636,0.05454545454545454,0.0,0.0,0.01818181818181818,0.0,0.03636363636363636,0.01818181818181818,0.0,0.0,0.0,0.0,0.0,0.01818181818181818,0.0,0.0,0.0,0.0,0.0,0.0,0.0,0.0,0.0,0.0,0.0
770,0.0,0.0,0.0,0.0,0.0,0.0,0.022727272727272728,0.0,0.11363636363636363,0.0,0.022727272727272728,0.0,0.0,0.0,0.0,0.0,0.0,0.0,0.0,0.0,0.022727272727272728,0.18181818181818182,0.0,0.045454545454545456,0.0,0.0,0.4772727272727273,0.0,0.0,0.0,0.045454545454545456,0.0,0.0,0.045454545454545456,0.022727272727272728,0.0,0.0,0.0,0.0
771,0.0,0.05084745762711865,0.0,0.01694915254237288,0.01694915254237288,0.0,0.01694915254237288,0.0,0.01694915254237288,0.0,0.0,0.01694915254237288,0.0,0.06779661016949153,0.13559322033898305,0.01694915254237288,0.01694915254237288,0.01694915254237288,0.0,0.01694915254237288,0.01694915254237288,0.0,0.0,0.0,0.0,0.0,0.1694915254237288,0.3389830508474576,0.0,0.03389830508474576,0.0,0.0,0.01694915254237288,0.01694915254237288,0.0,0.0,0.0,0.0,0.0
772,0.0,0.0,0.09090909090909091,0.022727272727272728,0.0,0.0,0.20454545454545456,0.5454545454545454,0.0,0.0,0.0,0.0,0.0,0.0,0.0,0.0,0.06818181818181818,0.0,0.0,0.0,0.0,0.0,0.0,0.0,0.0,0.022727272727272728,0.0,0.0,0.0,0.022727272727272728,0.022727272727272728,0.0,0.0,0.0,0.0,0.0,0.0,0.0,0.0
773,0.0,0.0,0.023255813953488372,0.0,0.0,0.0,0.0,0.0,0.813953488372093,0.023255813953488372,0.0,0.0,0.0,0.0,0.0,0.0,0.0,0.0,0.0,0.0,0.023255813953488372,0.046511627906976744,0.023255813953488372,0.0,0.023255813953488372,0.0,0.023255813953488372,0.0,0.0,0.0,0.0,0.0,0.0,0.0,0.0,0.0,0.0,0.0,0.0
774,0.0,0.0,0.0,0.0,0.0,0.0,0.030303030303030304,0.0,0.0,0.0,0.0,0.0,0.0,0.0,0.24242424242424243,0.0,0.0,0.0,0.0,0.0,0.0,0.0,0.030303030303030304,0.0,0.0,0.0,0.0,0.0,0.030303030303030304,0.0,0.0,0.0,0.6666666666666666,0.0,0.0,0.0,0.0,0.0,0.0
775,0.0,0.02631578947368421,0.0,0.02631578947368421,0.0,0.0,0.39473684210526316,0.02631578947368421,0.0,0.0,0.0,0.0,0.0,0.0,0.0,0.0,0.0,0.0,0.0,0.02631578947368421,0.0,0.02631578947368421,0.02631578947368421,0.0,0.0,0.0,0.0,0.0,0.0,0.0,0.21052631578947367,0.02631578947368421,0.07894736842105263,0.07894736842105263,0.02631578947368421,0.0,0.02631578947368421,0.0,0.0
776,0.0,0.0,0.0,0.021739130434782608,0.0,0.043478260869565216,0.0,0.021739130434782608,0.0,0.0,0.0,0.0,0.0,0.0,0.021739130434782608,0.0,0.0,0.21739130434782608,0.6086956521739131,0.0,0.0,0.021739130434782608,0.0,0.021739130434782608,0.0,0.0,0.0,0.021739130434782608,0.0,0.0,0.0,0.0,0.0,0.0,0.0,0.0,0.0,0.0,0.0
777,0.0,0.02040816326530612,0.0,0.02040816326530612,0.10204081632653061,0.0,0.02040816326530612,0.02040816326530612,0.02040816326530612,0.02040816326530612,0.02040816326530612,0.0,0.14285714285714285,0.061224489795918366,0.04081632653061224,0.04081632653061224,0.0,0.0,0.0,0.0,0.08163265306122448,0.0,0.02040816326530612,0.0,0.14285714285714285,0.0,0.0,0.12244897959183673,0.0,0.02040816326530612,0.02040816326530612,0.02040816326530612,0.0,0.04081632653061224,0.0,0.0,0.0,0.0,0.0
778,0.0,0.0,0.0,0.029411764705882353,0.0,0.0,0.0,0.058823529411764705,0.47058823529411764,0.0,0.2647058823529412,0.029411764705882353,0.0,0.0,0.0,0.0,0.0,0.0,0.14705882352941177,0.0,0.0,0.0,0.0,0.0,0.0,0.0,0.0,0.0,0.0,0.0,0.0,0.0,0.0,0.0,0.0,0.0,0.0,0.0,0.0
779,0.0,0.0,0.015151515151515152,0.09090909090909091,0.09090909090909091,0.0,0.015151515151515152,0.07575757575757576,0.015151515151515152,0.030303030303030304,0.015151515151515152,0.0,0.015151515151515152,0.030303030303030304,0.0,0.0,0.0,0.030303030303030304,0.015151515151515152,0.030303030303030304,0.015151515151515152,0.06060606060606061,0.015151515151515152,0.015151515151515152,0.015151515151515152,0.045454545454545456,0.0,0.07575757575757576,0.015151515151515152,0.030303030303030304,0.030303030303030304,0.030303030303030304,0.015151515151515152,0.06060606060606061,0.09090909090909091,0.0,0.015151515151515152,0.0,0.0
780,0.0,0.02,0.04,0.0,0.0,0.0,0.02,0.0,0.2,0.0,0.0,0.0,0.04,0.0,0.26,0.0,0.0,0.02,0.0,0.02,0.0,0.02,0.0,0.02,0.0,0.0,0.0,0.0,0.02,0.0,0.0,0.02,0.0,0.0,0.3,0.0,0.0,0.0,0.0
781,0.0,0.0,0.0,0.0,0.0,0.0,0.0,0.0,0.0,0.0,0.0,0.027777777777777776,0.0,0.0,0.0,0.0,0.0,0.027777777777777776,0.0,0.0,0.0,0.0,0.8333333333333334,0.0,0.0,0.0,0.027777777777777776,0.08333333333333333,0.0,0.0,0.0,0.0,0.0,0.0,0.0,0.0,0.0,0.0,0.0
782,0.0,0.0,0.0,0.0,0.9705882352941176,0.0,0.0,0.0,0.0,0.0,0.0,0.0,0.0,0.0,0.0,0.0,0.029411764705882353,0.0,0.0,0.0,0.0,0.0,0.0,0.0,0.0,0.0,0.0,0.0,0.0,0.0,0.0,0.0,0.0,0.0,0.0,0.0,0.0,0.0,0.0
783,0.0,0.07894736842105263,0.02631578947368421,0.0,0.02631578947368421,0.0,0.0,0.7631578947368421,0.0,0.0,0.0,0.02631578947368421,0.0,0.0,0.0,0.0,0.0,0.0,0.02631578947368421,0.0,0.0,0.0,0.02631578947368421,0.0,0.0,0.0,0.0,0.0,0.0,0.0,0.0,0.02631578947368421,0.0,0.0,0.0,0.0,0.0,0.0,0.0
784,0.0,0.0,0.0,0.02631578947368421,0.0,0.0,0.0,0.0,0.0,0.0,0.0,0.0,0.0,0.0,0.0,0.0,0.0,0.0,0.0,0.0,0.0,0.0,0.0,0.0,0.0,0.0,0.9736842105263158,0.0,0.0,0.0,0.0,0.0,0.0,0.0,0.0,0.0,0.0,0.0,0.0
785,0.0,0.0,0.0,0.030303030303030304,0.06060606060606061,0.0,0.0,0.0,0.0,0.0,0.0,0.0,0.0,0.0,0.0,0.0,0.0,0.0,0.030303030303030304,0.030303030303030304,0.0,0.0,0.0,0.0,0.0,0.0,0.0,0.030303030303030304,0.7575757575757576,0.0,0.0,0.030303030303030304,0.030303030303030304,0.0,0.0,0.0,0.0,0.0,0.0
786,0.024390243902439025,0.0,0.7317073170731707,0.0,0.0,0.024390243902439025,0.0,0.0,0.0,0.0,0.0,0.0,0.0,0.0,0.0,0.0,0.0,0.0,0.0,0.0,0.024390243902439025,0.0,0.024390243902439025,0.0,0.12195121951219512,0.0,0.0,0.0,0.0,0.0,0.024390243902439025,0.0,0.0,0.024390243902439025,0.0,0.0,0.0,0.0,0.0
787,0.0,0.0,0.1276595744680851,0.0,0.0,0.0,0.0,0.1702127659574468,0.0,0.0,0.0,0.0,0.0425531914893617,0.02127659574468085,0.02127659574468085,0.0851063829787234,0.02127659574468085,0.0,0.0,0.02127659574468085,0.0,0.0,0.0,0.0,0.02127659574468085,0.0,0.0,0.0,0.0425531914893617,0.0,0.2553191489361702,0.1702127659574468,0.0,0.0,0.0,0.0,0.0,0.0,0.0
788,0.0,0.0,0.027777777777777776,0.0,0.0,0.0,0.0,0.0,0.0,0.0,0.0,0.0,0.0,0.027777777777777776,0.05555555555555555,0.0,0.0,0.0,0.0,0.0,0.0,0.0,0.0,0.0,0.0,0.0,0.8055555555555556,0.0,0.05555555555555555,0.027777777777777776,0.0,0.0,0.0,0.0,0.0,0.0,0.0,0.0,0.0
789,0.0,0.0196078431372549,0.11764705882352941,0.0196078431372549,0.0,0.0196078431372549,0.0,0.1568627450980392,0.0,0.0196078431372549,0.0,0.0,0.0,0.0,0.21568627450980393,0.0392156862745098,0.0,0.0,0.0196078431372549,0.11764705882352941,0.0,0.0392156862745098,0.0392156862745098,0.0,0.0,0.13725490196078433,0.0,0.0196078431372549,0.0,0.0,0.0196078431372549,0.0,0.0,0.0,0.0,0.0,0.0,0.0,0.0
790,0.0,0.0,0.0,0.0,0.0,0.0,0.0,0.0,0.0,0.08163265306122448,0.04081632653061224,0.08163265306122448,0.02040816326530612,0.10204081632653061,0.061224489795918366,0.2857142857142857,0.12244897959183673,0.04081632653061224,0.04081632653061224,0.02040816326530612,0.0,0.02040816326530612,0.04081632653061224,0.0,0.0,0.0,0.0,0.0,0.0,0.0,0.0,0.04081632653061224,0.0,0.0,0.0,0.0,0.0,0.0,0.0
791,0.0,0.05263157894736842,0.0,0.02631578947368421,0.0,0.0,0.0,0.0,0.0,0.02631578947368421,0.0,0.0,0.0,0.07894736842105263,0.0,0.02631578947368421,0.0,0.0,0.6578947368421053,0.0,0.0,0.0,0.0,0.0,0.02631578947368421,0.0,0.02631578947368421,0.0,0.07894736842105263,0.0,0.0,0.0,0.0,0.0,0.0,0.0,0.0,0.0,0.0
792,0.0,0.0,0.0,0.0,0.0,0.0,0.0,0.0,0.0,0.02857142857142857,0.8857142857142857,0.0,0.0,0.0,0.0,0.0,0.0,0.0,0.0,0.0,0.0,0.05714285714285714,0.0,0.0,0.0,0.0,0.0,0.0,0.0,0.0,0.0,0.0,0.0,0.0,0.0,0.0,0.0,0.02857142857142857,0.0
793,0.041666666666666664,0.0,0.020833333333333332,0.0,0.25,0.0,0.0,0.0625,0.020833333333333332,0.041666666666666664,0.0,0.0,0.0,0.041666666666666664,0.0625,0.020833333333333332,0.020833333333333332,0.0,0.020833333333333332,0.020833333333333332,0.0,0.020833333333333332,0.0,0.020833333333333332,0.0,0.0,0.020833333333333332,0.0,0.0,0.020833333333333332,0.0,0.22916666666666666,0.0,0.020833333333333332,0.020833333333333332,0.020833333333333332,0.0,0.0,0.0
794,0.0,0.0,0.0,0.02857142857142857,0.0,0.0,0.4,0.0,0.0,0.34285714285714286,0.05714285714285714,0.0,0.0,0.0,0.0,0.0,0.0,0.0,0.0,0.0,0.0,0.0,0.0,0.0,0.0,0.0,0.0,0.02857142857142857,0.0,0.0,0.0,0.0,0.08571428571428572,0.05714285714285714,0.0,0.0,0.0,0.0,0.0
795,0.0,0.0,0.0,0.0,0.0,0.0,0.0625,0.1875,0.0,0.0,0.0,0.0,0.71875,0.0,0.0,0.0,0.0,0.0,0.0,0.0,0.0,0.0,0.03125,0.0,0.0,0.0,0.0,0.0,0.0,0.0,0.0,0.0,0.0,0.0,0.0,0.0,0.0,0.0,0.0
796,0.017857142857142856,0.0,0.05357142857142857,0.0,0.0,0.0,0.0,0.0,0.0,0.0,0.0,0.0,0.0,0.017857142857142856,0.0,0.0,0.0,0.4642857142857143,0.017857142857142856,0.0,0.0,0.017857142857142856,0.17857142857142858,0.0,0.0,0.017857142857142856,0.03571428571428571,0.0,0.0,0.16071428571428573,0.0,0.0,0.017857142857142856,0.0,0.0,0.0,0.0,0.0,0.0
797,0.02,0.04,0.0,0.02,0.0,0.0,0.0,0.0,0.0,0.0,0.0,0.04,0.0,0.0,0.0,0.0,0.14,0.2,0.0,0.02,0.0,0.0,0.0,0.0,0.02,0.16,0.0,0.0,0.22,0.04,0.02,0.0,0.02,0.02,0.02,0.0,0.0,0.0,0.0
798,0.0,0.017241379310344827,0.0,0.0,0.08620689655172414,0.0,0.0,0.0,0.017241379310344827,0.0,0.0,0.017241379310344827,0.0,0.017241379310344827,0.0,0.0,0.0,0.0,0.0,0.017241379310344827,0.0,0.0,0.0,0.0,0.0,0.0,0.0,0.0,0.017241379310344827,0.034482758620689655,0.0,0.0,0.05172413793103448,0.5517241379310345,0.08620689655172414,0.034482758620689655,0.05172413793103448,0.0,0.0
799,0.0,0.0,0.022222222222222223,0.06666666666666667,0.022222222222222223,0.0,0.044444444444444446,0.0,0.0,0.044444444444444446,0.0,0.0,0.022222222222222223,0.022222222222222223,0.022222222222222223,0.0,0.0,0.0,0.022222222222222223,0.0,0.0,0.022222222222222223,0.022222222222222223,0.0,0.0,0.022222222222222223,0.6,0.022222222222222223,0.022222222222222223,0.0,0.0,0.0,0.0,0.0,0.0,0.0,0.0,0.0,0.0
800,0.0,0.04081632653061224,0.0,0.02040816326530612,0.0,0.0,0.061224489795918366,0.0,0.04081632653061224,0.02040816326530612,0.0,0.0,0.0,0.0,0.0,0.02040816326530612,0.02040816326530612,0.0,0.02040816326530612,0.24489795918367346,0.0,0.061224489795918366,0.0,0.2857142857142857,0.12244897959183673,0.0,0.0,0.0,0.02040816326530612,0.0,0.0,0.0,0.02040816326530612,0.0,0.0,0.0,0.0,0.0,0.0
801,0.0,0.0,0.02857142857142857,0.0,0.0,0.0,0.0,0.0,0.02857142857142857,0.0,0.0,0.0,0.0,0.0,0.0,0.0,0.8857142857142857,0.0,0.0,0.0,0.0,0.0,0.0,0.0,0.0,0.0,0.0,0.05714285714285714,0.0,0.0,0.0,0.0,0.0,0.0,0.0,0.0,0.0,0.0,0.0
802,0.0,0.01694915254237288,0.01694915254237288,0.01694915254237288,0.05084745762711865,0.0,0.0,0.5254237288135594,0.0,0.0,0.0,0.05084745762711865,0.0,0.0,0.01694915254237288,0.0,0.0,0.0,0.03389830508474576,0.01694915254237288,0.01694915254237288,0.0,0.03389830508474576,0.01694915254237288,0.01694915254237288,0.1016949152542373,0.01694915254237288,0.0,0.0,0.0,0.0,0.0,0.01694915254237288,0.01694915254237288,0.01694915254237288,0.0,0.0,0.0,0.0
803,0.07894736842105263,0.0,0.02631578947368421,0.0,0.39473684210526316,0.0,0.23684210526315788,0.10526315789473684,0.0,0.02631578947368421,0.02631578947368421,0.0,0.0,0.02631578947368421,0.0,0.0,0.0,0.0,0.0,0.0,0.0,0.0,0.0,0.0,0.02631578947368421,0.0,0.0,0.0,0.0,0.02631578947368421,0.0,0.0,0.02631578947368421,0.0,0.0,0.0,0.0,0.0,0.0
804,0.0,0.0,0.07692307692307693,0.0,0.0,0.0,0.0,0.0,0.0,0.02564102564102564,0.0,0.0,0.0,0.0,0.0,0.0,0.02564102564102564,0.0,0.0,0.0,0.0,0.02564102564102564,0.8205128205128205,0.0,0.0,0.0,0.0,0.0,0.0,0.0,0.0,0.0,0.02564102564102564,0.0,0.0,0.0,0.0,0.0,0.0
805,0.0,0.0,0.0,0.0,0.0,0.0,0.0,0.0,0.0,0.0,0.0,0.0,0.0,0.0,0.06451612903225806,0.0,0.0,0.0,0.0,0.0,0.0,0.03225806451612903,0.0,0.03225806451612903,0.0,0.0,0.7741935483870968,0.0,0.0,0.06451612903225806,0.0,0.03225806451612903,0.0,0.0,0.0,0.0,0.0,0.0,0.0
806,0.0,0.03125,0.0,0.0,0.9375,0.0,0.0,0.0,0.0,0.0,0.0,0.0,0.0,0.0,0.0,0.0,0.0,0.0,0.0,0.0,0.0,0.0,0.0,0.0,0.03125,0.0,0.0,0.0,0.0,0.0,0.0,0.0,0.0,0.0,0.0,0.0,0.0,0.0,0.0
807,0.0,0.0625,0.125,0.0,0.0,0.0,0.0,0.0,0.0,0.0,0.0,0.0,0.0,0.0,0.0,0.03125,0.03125,0.0,0.0,0.0,0.0,0.0,0.0,0.0,0.0,0.71875,0.0,0.0,0.0,0.0,0.0,0.0,0.0,0.03125,0.0,0.0,0.0,0.0,0.0
808,0.0,0.0,0.0,0.0,0.029411764705882353,0.0,0.0,0.0,0.0,0.0,0.0,0.0,0.0,0.0,0.0,0.0,0.0,0.029411764705882353,0.0,0.0,0.0,0.0,0.029411764705882353,0.0,0.0,0.0,0.0,0.17647058823529413,0.5882352941176471,0.0,0.0,0.08823529411764706,0.0,0.058823529411764705,0.0,0.0,0.0,0.0,0.0
809,0.0,0.0,0.0,0.02857142857142857,0.6285714285714286,0.0,0.0,0.0,0.0,0.02857142857142857,0.0,0.02857142857142857,0.0,0.0,0.0,0.0,0.02857142857142857,0.0,0.0,0.0,0.02857142857142857,0.0,0.0,0.0,0.0,0.0,0.0,0.0,0.17142857142857143,0.02857142857142857,0.0,0.0,0.02857142857142857,0.0,0.0,0.0,0.0,0.0,0.0
810,0.0,0.18604651162790697,0.023255813953488372,0.023255813953488372,0.0,0.023255813953488372,0.13953488372093023,0.0,0.0,0.5116279069767442,0.0,0.0,0.0,0.0,0.0,0.0,0.0,0.0,0.0,0.0,0.0,0.0,0.0,0.0,0.046511627906976744,0.0,0.0,0.046511627906976744,0.0,0.0,0.0,0.0,0.0,0.0,0.0,0.0,0.0,0.0,0.0
811,0.0,0.025,0.0,0.0,0.0,0.025,0.0,0.025,0.0,0.0,0.0,0.0,0.0,0.0,0.0,0.0,0.0,0.0,0.025,0.85,0.025,0.025,0.0,0.0,0.0,0.0,0.0,0.0,0.0,0.0,0.0,0.0,0.0,0.0,0.0,0.0,0.0,0.0,0.0
812,0.0,0.0,0.08333333333333333,0.0,0.0,0.027777777777777776,0.0,0.0,0.0,0.0,0.0,0.0,0.027777777777777776,0.0,0.0,0.0,0.0,0.0,0.0,0.0,0.0,0.0,0.0,0.0,0.0,0.0,0.0,0.027777777777777776,0.0,0.0,0.0,0.8333333333333334,0.0,0.0,0.0,0.0,0.0,0.0,0.0
813,0.0,0.0,0.0,0.0,0.0,0.0,0.0,0.0,0.0,0.023809523809523808,0.0,0.023809523809523808,0.0,0.023809523809523808,0.023809523809523808,0.0,0.0,0.0,0.0,0.047619047619047616,0.11904761904761904,0.07142857142857142,0.047619047619047616,0.0,0.0,0.023809523809523808,0.023809523809523808,0.09523809523809523,0.19047619047619047,0.11904761904761904,0.023809523809523808,0.047619047619047616,0.07142857142857142,0.023809523809523808,0.0,0.0,0.0,0.0,0.0
814,0.0,0.0,0.0,0.8205128205128205,0.0,0.0,0.02564102564102564,0.0,0.02564102564102564,0.0,0.02564102564102564,0.0,0.0,0.02564102564102564,0.0,0.0,0.02564102564102564,0.0,0.0,0.0,0.0,0.0,0.0,0.0,0.0,0.0,0.0,0.0,0.02564102564102564,0.0,0.02564102564102564,0.0,0.0,0.0,0.0,0.0,0.0,0.0,0.0
815,0.0,0.05555555555555555,0.027777777777777776,0.0,0.0,0.0,0.0,0.0,0.0,0.027777777777777776,0.0,0.0,0.0,0.027777777777777776,0.0,0.0,0.0,0.0,0.027777777777777776,0.75,0.0,0.0,0.0,0.0,0.0,0.0,0.027777777777777776,0.05555555555555555,0.0,0.0,0.0,0.0,0.0,0.0,0.0,0.0,0.0,0.0,0.0
816,0.0,0.029411764705882353,0.029411764705882353,0.0,0.0,0.0,0.0,0.0,0.0,0.058823529411764705,0.0,0.0,0.0,0.0,0.0,0.0,0.0,0.8823529411764706,0.0,0.0,0.0,0.0,0.0,0.0,0.0,0.0,0.0,0.0,0.0,0.0,0.0,0.0,0.0,0.0,0.0,0.0,0.0,0.0,0.0
817,0.0,0.0,0.8857142857142857,0.0,0.0,0.0,0.02857142857142857,0.0,0.0,0.0,0.0,0.0,0.0,0.0,0.0,0.0,0.0,0.0,0.02857142857142857,0.0,0.0,0.0,0.02857142857142857,0.0,0.0,0.0,0.0,0.02857142857142857,0.0,0.0,0.0,0.0,0.0,0.0,0.0,0.0,0.0,0.0,0.0
818,0.0,0.024390243902439025,0.024390243902439025,0.0,0.0,0.0,0.0,0.0,0.04878048780487805,0.0,0.0,0.0,0.0,0.0,0.0,0.0,0.0,0.0,0.0,0.6829268292682927,0.0,0.024390243902439025,0.0,0.0,0.0,0.0,0.0,0.0,0.0975609756097561,0.024390243902439025,0.07317073170731707,0.0,0.0,0.0,0.0,0.0,0.0,0.0,0.0
819,0.0,0.0,0.0,0.17142857142857143,0.0,0.0,0.0,0.0,0.02857142857142857,0.02857142857142857,0.02857142857142857,0.0,0.0,0.0,0.0,0.0,0.0,0.34285714285714286,0.0,0.0,0.02857142857142857,0.14285714285714285,0.11428571428571428,0.02857142857142857,0.0,0.0,0.0,0.0,0.02857142857142857,0.05714285714285714,0.0,0.0,0.0,0.0,0.0,0.0,0.0,0.0,0.0
820,0.0,0.0,0.0,0.13953488372093023,0.0,0.0,0.0,0.023255813953488372,0.0,0.0,0.023255813953488372,0.0,0.0,0.023255813953488372,0.0,0.0,0.046511627906976744,0.0,0.0,0.0,0.0,0.0,0.0,0.0,0.0,0.0,0.0,0.4883720930232558,0.023255813953488372,0.23255813953488372,0.0,0.0,0.0,0.0,0.0,0.0,0.0,0.0,0.0
821,0.0,0.0,0.0,0.0,0.0,0.027777777777777776,0.8611111111111112,0.0,0.0,0.027777777777777776,0.027777777777777776,0.0,0.0,0.0,0.0,0.0,0.027777777777777776,0.0,0.0,0.0,0.0,0.0,0.0,0.0,0.0,0.0,0.0,0.0,0.0,0.027777777777777776,0.0,0.0,0.0,0.0,0.0,0.0,0.0,0.0,0.0
822,0.0,0.029411764705882353,0.029411764705882353,0.0,0.0,0.0,0.0,0.0,0.0,0.0,0.029411764705882353,0.0,0.0,0.0,0.0,0.0,0.0,0.0,0.029411764705882353,0.0,0.8235294117647058,0.0,0.0,0.0,0.0,0.0,0.029411764705882353,0.029411764705882353,0.0,0.0,0.0,0.0,0.0,0.0,0.0,0.0,0.0,0.0,0.0
823,0.0,0.11320754716981132,0.0,0.0,0.0,0.03773584905660377,0.0,0.03773584905660377,0.0,0.018867924528301886,0.0,0.0,0.018867924528301886,0.0,0.0,0.4716981132075472,0.0,0.0,0.03773584905660377,0.018867924528301886,0.0,0.03773584905660377,0.0,0.0,0.018867924528301886,0.0,0.05660377358490566,0.018867924528301886,0.018867924528301886,0.07547169811320754,0.0,0.0,0.0,0.0,0.018867924528301886,0.0,0.0,0.0,0.0
824,0.0,0.0,0.05660377358490566,0.0,0.018867924528301886,0.0,0.0,0.0,0.0,0.0,0.0,0.03773584905660377,0.018867924528301886,0.07547169811320754,0.03773584905660377,0.0,0.5660377358490566,0.0,0.018867924528301886,0.0,0.0,0.018867924528301886,0.0,0.0,0.0,0.0,0.0,0.0,0.018867924528301886,0.09433962264150944,0.018867924528301886,0.0,0.0,0.0,0.018867924528301886,0.0,0.0,0.0,0.0
825,0.0,0.0,0.1282051282051282,0.02564102564102564,0.0,0.0,0.05128205128205128,0.02564102564102564,0.0,0.0,0.0,0.0,0.0,0.7435897435897436,0.02564102564102564,0.0,0.0,0.0,0.0,0.0,0.0,0.0,0.0,0.0,0.0,0.0,0.0,0.0,0.0,0.0,0.0,0.0,0.0,0.0,0.0,0.0,0.0,0.0,0.0
826,0.0,0.0,0.17307692307692307,0.019230769230769232,0.0,0.0,0.0,0.038461538461538464,0.038461538461538464,0.0,0.0,0.0,0.0,0.0,0.019230769230769232,0.0,0.0,0.0,0.5769230769230769,0.0,0.0,0.0,0.0,0.0,0.0,0.0,0.0,0.0,0.0,0.0,0.1346153846153846,0.0,0.0,0.0,0.0,0.0,0.0,0.0,0.0
827,0.0,0.0,0.0,0.0,0.04878048780487805,0.0,0.07317073170731707,0.0,0.024390243902439025,0.0,0.0,0.0,0.0,0.0,0.7073170731707317,0.0,0.0,0.0,0.024390243902439025,0.024390243902439025,0.0,0.024390243902439025,0.024390243902439025,0.0,0.024390243902439025,0.0,0.0,0.0,0.0,0.0,0.0,0.0,0.0,0.024390243902439025,0.0,0.0,0.0,0.0,0.0
828,0.0,0.05172413793103448,0.0,0.0,0.017241379310344827,0.034482758620689655,0.1206896551724138,0.017241379310344827,0.034482758620689655,0.017241379310344827,0.0,0.034482758620689655,0.017241379310344827,0.034482758620689655,0.017241379310344827,0.0,0.017241379310344827,0.017241379310344827,0.06896551724137931,0.05172413793103448,0.017241379310344827,0.06896551724137931,0.034482758620689655,0.1206896551724138,0.034482758620689655,0.017241379310344827,0.017241379310344827,0.0,0.017241379310344827,0.017241379310344827,0.017241379310344827,0.034482758620689655,0.034482758620689655,0.017241379310344827,0.0,0.0,0.0,0.0,0.0
829,0.0,0.10256410256410256,0.02564102564102564,0.10256410256410256,0.0,0.05128205128205128,0.0,0.02564102564102564,0.3333333333333333,0.02564102564102564,0.0,0.0,0.0,0.0,0.0,0.0,0.02564102564102564,0.0,0.0,0.0,0.0,0.0,0.0,0.0,0.02564102564102564,0.0,0.10256410256410256,0.0,0.0,0.0,0.05128205128205128,0.1282051282051282,0.0,0.0,0.0,0.0,0.0,0.0,0.0
830,0.0,0.03508771929824561,0.0,0.21052631578947367,0.017543859649122806,0.0,0.03508771929824561,0.017543859649122806,0.017543859649122806,0.017543859649122806,0.017543859649122806,0.0,0.0,0.0,0.05263157894736842,0.0,0.0,0.42105263157894735,0.03508771929824561,0.017543859649122806,0.0,0.0,0.017543859649122806,0.0,0.017543859649122806,0.0,0.0,0.0,0.0,0.0,0.017543859649122806,0.017543859649122806,0.0,0.03508771929824561,0.0,0.0,0.0,0.0,0.0
831,0.0,0.0,0.0,0.0,0.0,0.0,0.0,0.0,0.0,0.02564102564102564,0.0,0.0,0.0,0.0,0.05128205128205128,0.05128205128205128,0.0,0.02564102564102564,0.0,0.0,0.0,0.02564102564102564,0.0,0.02564102564102564,0.0,0.0,0.02564102564102564,0.0,0.0,0.0,0.0,0.0,0.0,0.0,0.7692307692307693,0.0,0.0,0.0,0.0
832,0.0,0.0,0.02127659574468085,0.0,0.0,0.0,0.14893617021276595,0.0425531914893617,0.0,0.0,0.0,0.0,0.0,0.0,0.0,0.0,0.02127659574468085,0.0851063829787234,0.40425531914893614,0.06382978723404255,0.0,0.0,0.0,0.02127659574468085,0.0,0.0,0.02127659574468085,0.0,0.0425531914893617,0.0,0.0425531914893617,0.02127659574468085,0.0425531914893617,0.0,0.02127659574468085,0.0,0.0,0.0,0.0
833,0.0,0.0,0.0,0.0,0.0,0.0,0.0,0.0,0.0,0.03225806451612903,0.0,0.0,0.0,0.0,0.03225806451612903,0.0,0.0,0.0,0.0,0.0,0.0,0.0,0.06451612903225806,0.0,0.0,0.0,0.0,0.0,0.8709677419354839,0.0,0.0,0.0,0.0,0.0,0.0,0.0,0.0,0.0,0.0
834,0.0,0.02857142857142857,0.02857142857142857,0.0,0.0,0.0,0.0,0.0,0.0,0.0,0.0,0.0,0.0,0.02857142857142857,0.0,0.02857142857142857,0.02857142857142857,0.8,0.02857142857142857,0.0,0.0,0.0,0.0,0.0,0.0,0.0,0.02857142857142857,0.0,0.0,0.0,0.0,0.0,0.0,0.0,0.0,0.0,0.0,0.0,0.0
835,0.0,0.0,0.0,0.0,0.0,0.0,0.0,0.0,0.0,0.0,0.0,0.0,0.0,0.0,0.0,0.0,0.0,0.0,0.0,0.027777777777777776,0.0,0.0,0.027777777777777776,0.8333333333333334,0.0,0.0,0.0,0.027777777777777776,0.08333333333333333,0.0,0.0,0.0,0.0,0.0,0.0,0.0,0.0,0.0,0.0
836,0.0,0.0,0.0,0.0,0.0,0.0,0.9117647058823529,0.0,0.0,0.0,0.0,0.0,0.0,0.0,0.0,0.0,0.0,0.0,0.0,0.0,0.0,0.0,0.0,0.0,0.0,0.0,0.0,0.0,0.058823529411764705,0.0,0.0,0.0,0.0,0.0,0.029411764705882353,0.0,0.0,0.0,0.0
837,0.0,0.0,0.034482758620689655,0.5,0.05172413793103448,0.034482758620689655,0.0,0.017241379310344827,0.0,0.034482758620689655,0.0,0.017241379310344827,0.0,0.0,0.034482758620689655,0.0,0.034482758620689655,0.034482758620689655,0.0,0.0,0.034482758620689655,0.05172413793103448,0.017241379310344827,0.0,0.0,0.017241379310344827,0.05172413793103448,0.017241379310344827,0.0,0.0,0.0,0.0,0.017241379310344827,0.0,0.0,0.0,0.0,0.0,0.0
838,0.0,0.014492753623188406,0.0,0.014492753623188406,0.014492753623188406,0.014492753623188406,0.028985507246376812,0.028985507246376812,0.0,0.028985507246376812,0.057971014492753624,0.0,0.0,0.043478260869565216,0.014492753623188406,0.0,0.0,0.014492753623188406,0.043478260869565216,0.014492753623188406,0.0,0.057971014492753624,0.014492753623188406,0.014492753623188406,0.0,0.028985507246376812,0.0,0.0,0.07246376811594203,0.014492753623188406,0.028985507246376812,0.014492753623188406,0.0,0.028985507246376812,0.391304347826087,0.0,0.0,0.0,0.0
839,0.0,0.0,0.0,0.021739130434782608,0.0,0.0,0.043478260869565216,0.0,0.0,0.8695652173913043,0.021739130434782608,0.0,0.0,0.021739130434782608,0.0,0.0,0.0,0.0,0.0,0.0,0.0,0.021739130434782608,0.0,0.0,0.0,0.0,0.0,0.0,0.0,0.0,0.0,0.0,0.0,0.0,0.0,0.0,0.0,0.0,0.0
840,0.0,0.0,0.0,0.02857142857142857,0.0,0.0,0.0,0.0,0.0,0.0,0.0,0.0,0.0,0.0,0.02857142857142857,0.0,0.0,0.0,0.05714285714285714,0.0,0.14285714285714285,0.0,0.0,0.0,0.0,0.6857142857142857,0.0,0.0,0.02857142857142857,0.0,0.02857142857142857,0.0,0.0,0.0,0.0,0.0,0.0,0.0,0.0
841,0.0,0.0,0.0,0.0,0.0,0.0,0.0,0.0,0.0,0.0,0.0,0.22727272727272727,0.0,0.0,0.0,0.022727272727272728,0.0,0.0,0.09090909090909091,0.0,0.0,0.0,0.022727272727272728,0.09090909090909091,0.0,0.022727272727272728,0.11363636363636363,0.09090909090909091,0.1590909090909091,0.022727272727272728,0.045454545454545456,0.0,0.0,0.0,0.09090909090909091,0.0,0.0,0.0,0.0
842,0.0,0.02857142857142857,0.02857142857142857,0.0,0.02857142857142857,0.0,0.0,0.0,0.0,0.0,0.0,0.0,0.0,0.0,0.0,0.0,0.0,0.0,0.0,0.0,0.6285714285714286,0.08571428571428572,0.02857142857142857,0.0,0.0,0.0,0.0,0.0,0.02857142857142857,0.11428571428571428,0.0,0.0,0.0,0.02857142857142857,0.0,0.0,0.0,0.0,0.0
843,0.0,0.0,0.0,0.43333333333333335,0.0,0.0,0.0,0.0,0.0,0.0,0.0,0.0,0.0,0.0,0.0,0.0,0.0,0.0,0.0,0.0,0.0,0.0,0.3,0.0,0.0,0.26666666666666666,0.0,0.0,0.0,0.0,0.0,0.0,0.0,0.0,0.0,0.0,0.0,0.0,0.0
844,0.0,0.0,0.04597701149425287,0.022988505747126436,0.367816091954023,0.011494252873563218,0.0,0.0,0.022988505747126436,0.0,0.0,0.0,0.0,0.022988505747126436,0.0,0.0,0.0,0.011494252873563218,0.022988505747126436,0.011494252873563218,0.0,0.0,0.0,0.0,0.0,0.0,0.0,0.034482758620689655,0.27586206896551724,0.034482758620689655,0.0,0.022988505747126436,0.05747126436781609,0.022988505747126436,0.011494252873563218,0.0,0.0,0.0,0.0
845,0.0,0.0,0.024390243902439025,0.0,0.0,0.0,0.0,0.024390243902439025,0.0,0.024390243902439025,0.04878048780487805,0.0,0.0,0.0,0.0,0.0,0.0,0.0,0.04878048780487805,0.7073170731707317,0.0,0.04878048780487805,0.04878048780487805,0.0,0.0,0.0,0.0,0.0,0.0,0.0,0.0,0.0,0.0,0.024390243902439025,0.0,0.0,0.0,0.0,0.0
846,0.0,0.0,0.0,0.0,0.0,0.0,0.0,0.0,0.03333333333333333,0.0,0.0,0.0,0.0,0.0,0.0,0.0,0.0,0.0,0.9666666666666667,0.0,0.0,0.0,0.0,0.0,0.0,0.0,0.0,0.0,0.0,0.0,0.0,0.0,0.0,0.0,0.0,0.0,0.0,0.0,0.0
847,0.0,0.0,0.0,0.021739130434782608,0.0,0.0,0.0,0.0,0.5869565217391305,0.0,0.021739130434782608,0.0,0.10869565217391304,0.0,0.0,0.0,0.0,0.0,0.0,0.021739130434782608,0.0,0.0,0.0,0.0,0.0,0.0,0.0,0.0,0.13043478260869565,0.0,0.0,0.021739130434782608,0.08695652173913043,0.0,0.0,0.0,0.0,0.0,0.0
848,0.0,0.05405405405405406,0.0,0.0,0.0,0.02702702702702703,0.02702702702702703,0.0,0.3783783783783784,0.0,0.0,0.0,0.0,0.05405405405405406,0.0,0.0,0.0,0.0,0.0,0.0,0.02702702702702703,0.0,0.0,0.0,0.05405405405405406,0.08108108108108109,0.0,0.0,0.0,0.0,0.05405405405405406,0.1891891891891892,0.0,0.02702702702702703,0.02702702702702703,0.0,0.0,0.0,0.0
849,0.0,0.023809523809523808,0.023809523809523808,0.023809523809523808,0.0,0.0,0.0,0.0,0.0,0.0,0.023809523809523808,0.023809523809523808,0.0,0.5476190476190477,0.14285714285714285,0.0,0.023809523809523808,0.023809523809523808,0.0,0.0,0.047619047619047616,0.0,0.023809523809523808,0.0,0.0,0.0,0.0,0.047619047619047616,0.023809523809523808,0.0,0.0,0.0,0.0,0.0,0.0,0.0,0.0,0.0,0.0
850,0.0,0.0,0.0,0.0,0.046153846153846156,0.0,0.0,0.0,0.0,0.0,0.0,0.0,0.0,0.0,0.0,0.015384615384615385,0.015384615384615385,0.0,0.015384615384615385,0.03076923076923077,0.015384615384615385,0.1076923076923077,0.015384615384615385,0.046153846153846156,0.49230769230769234,0.12307692307692308,0.0,0.0,0.03076923076923077,0.03076923076923077,0.0,0.015384615384615385,0.0,0.0,0.0,0.0,0.0,0.0,0.0
851,0.0,0.016129032258064516,0.0,0.016129032258064516,0.03225806451612903,0.0,0.0,0.03225806451612903,0.04838709677419355,0.03225806451612903,0.0,0.0,0.0,0.016129032258064516,0.0,0.0,0.0,0.0,0.0,0.016129032258064516,0.016129032258064516,0.016129032258064516,0.016129032258064516,0.016129032258064516,0.016129032258064516,0.03225806451612903,0.0,0.03225806451612903,0.0,0.0,0.016129032258064516,0.04838709677419355,0.0,0.5806451612903226,0.0,0.0,0.0,0.0,0.0
852,0.0,0.0,0.0,0.06976744186046512,0.0,0.0,0.0,0.023255813953488372,0.0,0.0,0.0,0.0,0.0,0.0,0.0,0.0,0.5116279069767442,0.0,0.0,0.0,0.0,0.023255813953488372,0.0,0.0,0.0,0.0,0.0,0.0,0.023255813953488372,0.0,0.0,0.20930232558139536,0.0,0.09302325581395349,0.046511627906976744,0.0,0.0,0.0,0.0
853,0.0,0.0,0.022727272727272728,0.0,0.045454545454545456,0.0,0.0,0.022727272727272728,0.0,0.022727272727272728,0.0,0.0,0.0,0.0,0.0,0.0,0.0,0.0,0.0,0.0,0.022727272727272728,0.045454545454545456,0.0,0.0,0.0,0.0,0.0,0.022727272727272728,0.7954545454545454,0.0,0.0,0.0,0.0,0.0,0.0,0.0,0.0,0.0,0.0
854,0.0,0.0,0.0,0.0,0.0,0.0,0.6,0.08571428571428572,0.0,0.02857142857142857,0.0,0.0,0.0,0.0,0.0,0.0,0.0,0.0,0.02857142857142857,0.0,0.0,0.0,0.0,0.0,0.0,0.0,0.0,0.0,0.0,0.0,0.0,0.2571428571428571,0.0,0.0,0.0,0.0,0.0,0.0,0.0
855,0.0,0.0,0.0,0.02564102564102564,0.0,0.0,0.0,0.0,0.0,0.0,0.0,0.0,0.0,0.0,0.0,0.0,0.46153846153846156,0.28205128205128205,0.02564102564102564,0.0,0.0,0.0,0.05128205128205128,0.0,0.0,0.02564102564102564,0.02564102564102564,0.02564102564102564,0.02564102564102564,0.0,0.0,0.0,0.0,0.02564102564102564,0.02564102564102564,0.0,0.0,0.0,0.0
856,0.0,0.0,0.0,0.0,0.35555555555555557,0.0,0.0,0.0,0.0,0.022222222222222223,0.0,0.0,0.0,0.0,0.0,0.0,0.28888888888888886,0.0,0.0,0.0,0.0,0.0,0.0,0.0,0.0,0.022222222222222223,0.0,0.0,0.26666666666666666,0.0,0.022222222222222223,0.0,0.0,0.0,0.022222222222222223,0.0,0.0,0.0,0.0
857,0.0,0.030303030303030304,0.0,0.0,0.0,0.0,0.030303030303030304,0.0,0.0,0.0,0.0,0.0,0.0,0.0,0.0,0.0,0.0,0.0,0.0,0.0,0.0,0.0,0.0,0.030303030303030304,0.0,0.0,0.0,0.0,0.9090909090909091,0.0,0.0,0.0,0.0,0.0,0.0,0.0,0.0,0.0,0.0
858,0.0,0.0,0.02631578947368421,0.0,0.02631578947368421,0.05263157894736842,0.0,0.15789473684210525,0.02631578947368421,0.05263157894736842,0.07894736842105263,0.02631578947368421,0.02631578947368421,0.05263157894736842,0.0,0.0,0.05263157894736842,0.02631578947368421,0.05263157894736842,0.0,0.0,0.02631578947368421,0.0,0.0,0.0,0.02631578947368421,0.02631578947368421,0.0,0.05263157894736842,0.02631578947368421,0.02631578947368421,0.02631578947368421,0.02631578947368421,0.10526315789473684,0.0,0.0,0.0,0.0,0.0
859,0.0,0.0,0.022727272727272728,0.0,0.0,0.0,0.09090909090909091,0.7727272727272727,0.0,0.0,0.022727272727272728,0.0,0.0,0.0,0.022727272727272728,0.0,0.0,0.0,0.0,0.0,0.0,0.0,0.0,0.0,0.022727272727272728,0.0,0.0,0.022727272727272728,0.0,0.0,0.0,0.022727272727272728,0.0,0.0,0.0,0.0,0.0,0.0,0.0
860,0.0,0.08163265306122448,0.02040816326530612,0.02040816326530612,0.0,0.02040816326530612,0.0,0.0,0.0,0.0,0.12244897959183673,0.0,0.0,0.0,0.02040816326530612,0.24489795918367346,0.0,0.0,0.0,0.0,0.0,0.12244897959183673,0.0,0.0,0.02040816326530612,0.1836734693877551,0.0,0.04081632653061224,0.0,0.02040816326530612,0.04081632653061224,0.0,0.0,0.02040816326530612,0.02040816326530612,0.0,0.0,0.0,0.0
861,0.0,0.05405405405405406,0.08108108108108109,0.0,0.0,0.0,0.0,0.0,0.02702702702702703,0.05405405405405406,0.02702702702702703,0.0,0.02702702702702703,0.0,0.02702702702702703,0.0,0.05405405405405406,0.6486486486486487,0.0,0.0,0.0,0.0,0.0,0.0,0.0,0.0,0.0,0.0,0.0,0.0,0.0,0.0,0.0,0.0,0.0,0.0,0.0,0.0,0.0
862,0.0,0.0,0.08333333333333333,0.027777777777777776,0.0,0.0,0.05555555555555555,0.0,0.0,0.0,0.0,0.0,0.0,0.2777777777777778,0.0,0.0,0.08333333333333333,0.0,0.16666666666666666,0.08333333333333333,0.0,0.027777777777777776,0.0,0.0,0.0,0.0,0.0,0.1388888888888889,0.027777777777777776,0.0,0.0,0.0,0.027777777777777776,0.0,0.0,0.0,0.0,0.0,0.0
863,0.0,0.03125,0.0,0.0,0.0,0.0,0.0,0.03125,0.0,0.0,0.0,0.75,0.0,0.0,0.0,0.0,0.0,0.0,0.0,0.03125,0.0,0.0,0.0,0.0,0.0,0.0,0.0,0.0,0.0,0.0,0.0,0.0,0.0,0.15625,0.0,0.0,0.0,0.0,0.0
864,0.0,0.024390243902439025,0.0,0.0,0.0,0.024390243902439025,0.024390243902439025,0.0,0.0,0.04878048780487805,0.0,0.024390243902439025,0.0,0.0,0.0,0.024390243902439025,0.024390243902439025,0.0,0.0,0.024390243902439025,0.0,0.0,0.0,0.024390243902439025,0.04878048780487805,0.5853658536585366,0.0,0.04878048780487805,0.0,0.0,0.0,0.024390243902439025,0.0,0.04878048780487805,0.0,0.0,0.0,0.0,0.0
865,0.0,0.0,0.0,0.7931034482758621,0.0,0.0,0.0,0.0,0.0,0.0,0.1724137931034483,0.0,0.0,0.0,0.0,0.0,0.0,0.0,0.0,0.0,0.0,0.0,0.0,0.0,0.0,0.0,0.0,0.0,0.034482758620689655,0.0,0.0,0.0,0.0,0.0,0.0,0.0,0.0,0.0,0.0
866,0.0,0.0,0.02631578947368421,0.0,0.0,0.02631578947368421,0.02631578947368421,0.0,0.0,0.0,0.0,0.0,0.0,0.0,0.0,0.0,0.0,0.3157894736842105,0.39473684210526316,0.02631578947368421,0.0,0.0,0.0,0.0,0.0,0.0,0.0,0.05263157894736842,0.02631578947368421,0.02631578947368421,0.0,0.0,0.07894736842105263,0.0,0.0,0.0,0.0,0.0,0.0
867,0.0,0.0,0.0,0.0,0.0,0.0,0.0,0.0,0.42105263157894735,0.02631578947368421,0.0,0.0,0.0,0.0,0.0,0.0,0.02631578947368421,0.02631578947368421,0.3684210526315789,0.10526315789473684,0.0,0.0,0.02631578947368421,0.0,0.0,0.0,0.0,0.0,0.0,0.0,0.0,0.0,0.0,0.0,0.0,0.0,0.0,0.0,0.0
868,0.0,0.02631578947368421,0.0,0.0,0.0,0.07894736842105263,0.0,0.23684210526315788,0.0,0.0,0.0,0.0,0.07894736842105263,0.0,0.0,0.0,0.0,0.0,0.0,0.05263157894736842,0.0,0.02631578947368421,0.0,0.0,0.0,0.0,0.3157894736842105,0.07894736842105263,0.05263157894736842,0.0,0.05263157894736842,0.0,0.0,0.0,0.0,0.0,0.0,0.0,0.0
869,0.0,0.0,0.0,0.0,0.0,0.0,0.0,0.9375,0.0,0.03125,0.0,0.0,0.0,0.0,0.0,0.0,0.0,0.0,0.0,0.0,0.0,0.0,0.0,0.0,0.0,0.0,0.03125,0.0,0.0,0.0,0.0,0.0,0.0,0.0,0.0,0.0,0.0,0.0,0.0
870,0.0,0.0,0.0,0.0,0.15384615384615385,0.02564102564102564,0.0,0.0,0.0,0.02564102564102564,0.0,0.0,0.0,0.0,0.0,0.0,0.23076923076923078,0.0,0.0,0.0,0.0,0.07692307692307693,0.0,0.0,0.0,0.0,0.10256410256410256,0.0,0.23076923076923078,0.05128205128205128,0.05128205128205128,0.0,0.0,0.05128205128205128,0.0,0.0,0.0,0.0,0.0
871,0.0,0.0,0.0,0.0,0.0,0.0,0.0,0.0,0.0,0.06666666666666667,0.0,0.0,0.0,0.0,0.0,0.0,0.0,0.0,0.0,0.0,0.0,0.0,0.0,0.0,0.0,0.36666666666666664,0.5,0.0,0.06666666666666667,0.0,0.0,0.0,0.0,0.0,0.0,0.0,0.0,0.0,0.0
872,0.0,0.034482758620689655,0.034482758620689655,0.0,0.0,0.0,0.0,0.0,0.0,0.0,0.0,0.0,0.0,0.0,0.0,0.0,0.0,0.0,0.0,0.0,0.0,0.8275862068965517,0.0,0.0,0.0,0.06896551724137931,0.0,0.034482758620689655,0.0,0.0,0.0,0.0,0.0,0.0,0.0,0.0,0.0,0.0,0.0
873,0.0,0.02564102564102564,0.0,0.05128205128205128,0.10256410256410256,0.0,0.0,0.0,0.7435897435897436,0.0,0.0,0.0,0.0,0.0,0.0,0.0,0.0,0.0,0.0,0.0,0.0,0.0,0.0,0.0,0.02564102564102564,0.0,0.0,0.0,0.0,0.0,0.0,0.0,0.05128205128205128,0.0,0.0,0.0,0.0,0.0,0.0
874,0.0,0.030303030303030304,0.0,0.0,0.8484848484848485,0.030303030303030304,0.0,0.0,0.0,0.0,0.0,0.0,0.0,0.0,0.0,0.0,0.0,0.030303030303030304,0.0,0.0,0.0,0.0,0.0,0.0,0.0,0.0,0.030303030303030304,0.0,0.0,0.0,0.0,0.0,0.0,0.030303030303030304,0.0,0.0,0.0,0.0,0.0
875,0.0,0.02564102564102564,0.05128205128205128,0.0,0.0,0.20512820512820512,0.05128205128205128,0.02564102564102564,0.1282051282051282,0.0,0.0,0.0,0.1282051282051282,0.0,0.0,0.0,0.0,0.20512820512820512,0.0,0.0,0.0,0.0,0.0,0.10256410256410256,0.0,0.02564102564102564,0.0,0.0,0.02564102564102564,0.0,0.0,0.02564102564102564,0.0,0.0,0.0,0.0,0.0,0.0,0.0
876,0.0,0.0,0.02857142857142857,0.0,0.0,0.0,0.0,0.02857142857142857,0.0,0.0,0.0,0.0,0.0,0.0,0.0,0.02857142857142857,0.02857142857142857,0.0,0.02857142857142857,0.0,0.0,0.0,0.0,0.0,0.6,0.02857142857142857,0.0,0.0,0.0,0.0,0.11428571428571428,0.0,0.08571428571428572,0.02857142857142857,0.0,0.0,0.0,0.0,0.0
877,0.0,0.0,0.391304347826087,0.0,0.0,0.0,0.0,0.0,0.0,0.0,0.0,0.0,0.0,0.0,0.0,0.08695652173913043,0.0,0.0,0.0,0.0,0.021739130434782608,0.0,0.021739130434782608,0.08695652173913043,0.0,0.0,0.0,0.021739130434782608,0.021739130434782608,0.30434782608695654,0.0,0.021739130434782608,0.0,0.0,0.021739130434782608,0.0,0.0,0.0,0.0
878,0.0,0.02702702702702703,0.0,0.0,0.0,0.0,0.0,0.0,0.0,0.0,0.02702702702702703,0.0,0.0,0.0,0.0,0.0,0.0,0.02702702702702703,0.02702702702702703,0.0,0.02702702702702703,0.0,0.7567567567567568,0.0,0.0,0.05405405405405406,0.0,0.02702702702702703,0.02702702702702703,0.0,0.0,0.0,0.0,0.0,0.0,0.0,0.0,0.0,0.0
879,0.0,0.0,0.0,0.0,0.0,0.0,0.0,0.0,0.0,0.027777777777777776,0.0,0.027777777777777776,0.2777777777777778,0.0,0.0,0.3333333333333333,0.0,0.0,0.0,0.05555555555555555,0.0,0.0,0.0,0.0,0.027777777777777776,0.05555555555555555,0.027777777777777776,0.027777777777777776,0.027777777777777776,0.0,0.08333333333333333,0.0,0.0,0.027777777777777776,0.0,0.0,0.0,0.0,0.0
880,0.0,0.02040816326530612,0.0,0.0,0.0,0.0,0.04081632653061224,0.0,0.04081632653061224,0.0,0.0,0.061224489795918366,0.0,0.0,0.04081632653061224,0.0,0.12244897959183673,0.0,0.02040816326530612,0.04081632653061224,0.0,0.061224489795918366,0.02040816326530612,0.0,0.20408163265306123,0.0,0.0,0.0,0.0,0.0,0.0,0.24489795918367346,0.0,0.04081632653061224,0.0,0.0,0.04081632653061224,0.0,0.0
881,0.0,0.0,0.0,0.05714285714285714,0.02857142857142857,0.0,0.0,0.0,0.0,0.0,0.0,0.02857142857142857,0.0,0.02857142857142857,0.4857142857142857,0.2857142857142857,0.0,0.05714285714285714,0.0,0.0,0.0,0.0,0.0,0.0,0.02857142857142857,0.0,0.0,0.0,0.0,0.0,0.0,0.0,0.0,0.0,0.0,0.0,0.0,0.0,0.0
882,0.0,0.0,0.0,0.0,0.0,0.0,0.0,0.21951219512195122,0.0,0.0,0.0,0.0,0.0,0.024390243902439025,0.0,0.024390243902439025,0.0,0.0,0.0,0.36585365853658536,0.0,0.0,0.0,0.0,0.0,0.0,0.024390243902439025,0.0,0.024390243902439025,0.3170731707317073,0.0,0.0,0.0,0.0,0.0,0.0,0.0,0.0,0.0
883,0.0,0.0,0.0,0.0,0.030303030303030304,0.030303030303030304,0.0,0.0,0.0,0.0,0.0,0.0,0.0,0.0,0.0,0.0,0.0,0.0,0.0,0.06060606060606061,0.0,0.0,0.0,0.0,0.12121212121212122,0.0,0.0,0.0,0.030303030303030304,0.0,0.09090909090909091,0.6363636363636364,0.0,0.0,0.0,0.0,0.0,0.0,0.0
884,0.0,0.17857142857142858,0.0,0.0,0.0,0.0,0.0,0.0,0.0,0.0,0.0,0.0,0.0,0.0,0.0,0.0,0.0,0.0,0.0,0.0,0.0,0.0,0.0,0.0,0.0,0.0,0.8214285714285714,0.0,0.0,0.0,0.0,0.0,0.0,0.0,0.0,0.0,0.0,0.0,0.0
885,0.0,0.0,0.10714285714285714,0.03571428571428571,0.0,0.10714285714285714,0.05357142857142857,0.0,0.017857142857142856,0.0,0.017857142857142856,0.0,0.017857142857142856,0.017857142857142856,0.017857142857142856,0.017857142857142856,0.017857142857142856,0.0,0.05357142857142857,0.017857142857142856,0.0,0.03571428571428571,0.017857142857142856,0.017857142857142856,0.0,0.26785714285714285,0.017857142857142856,0.03571428571428571,0.017857142857142856,0.017857142857142856,0.017857142857142856,0.017857142857142856,0.0,0.017857142857142856,0.0,0.0,0.017857142857142856,0.0,0.0
886,0.0,0.0,0.029850746268656716,0.029850746268656716,0.014925373134328358,0.0,0.0,0.029850746268656716,0.029850746268656716,0.04477611940298507,0.029850746268656716,0.029850746268656716,0.014925373134328358,0.04477611940298507,0.0,0.05970149253731343,0.208955223880597,0.0,0.0,0.014925373134328358,0.029850746268656716,0.08955223880597014,0.04477611940298507,0.0,0.0,0.0,0.029850746268656716,0.0,0.04477611940298507,0.04477611940298507,0.014925373134328358,0.0,0.0,0.11940298507462686,0.0,0.0,0.0,0.0,0.0
887,0.0,0.0,0.02631578947368421,0.0,0.0,0.0,0.0,0.0,0.0,0.07894736842105263,0.0,0.0,0.0,0.0,0.7368421052631579,0.0,0.02631578947368421,0.0,0.0,0.0,0.0,0.02631578947368421,0.0,0.0,0.0,0.0,0.0,0.0,0.0,0.0,0.0,0.07894736842105263,0.02631578947368421,0.0,0.0,0.0,0.0,0.0,0.0
888,0.0,0.0,0.0,0.0,0.0,0.0,0.0,0.0,0.0,0.0,0.0,0.0,0.0,0.0,0.0,0.0,0.0,0.0,0.0,0.0,0.0,0.0,0.0,0.0,0.0,0.0,0.03125,0.0,0.0,0.0,0.96875,0.0,0.0,0.0,0.0,0.0,0.0,0.0,0.0
889,0.0,0.0,0.02631578947368421,0.0,0.0,0.0,0.0,0.6842105263157895,0.0,0.0,0.0,0.02631578947368421,0.0,0.0,0.0,0.0,0.0,0.0,0.0,0.0,0.0,0.0,0.02631578947368421,0.0,0.0,0.0,0.0,0.0,0.0,0.23684210526315788,0.0,0.0,0.0,0.0,0.0,0.0,0.0,0.0,0.0
890,0.0,0.12903225806451613,0.0,0.03225806451612903,0.14516129032258066,0.016129032258064516,0.0,0.03225806451612903,0.03225806451612903,0.0,0.016129032258064516,0.016129032258064516,0.016129032258064516,0.0,0.0,0.03225806451612903,0.0,0.016129032258064516,0.016129032258064516,0.016129032258064516,0.016129032258064516,0.016129032258064516,0.0,0.0,0.0,0.11290322580645161,0.016129032258064516,0.04838709677419355,0.03225806451612903,0.03225806451612903,0.016129032258064516,0.11290322580645161,0.0,0.08064516129032258,0.0,0.0,0.0,0.0,0.0
891,0.0,0.3559322033898305,0.01694915254237288,0.11864406779661017,0.01694915254237288,0.0,0.0,0.0,0.0,0.0,0.0,0.0,0.01694915254237288,0.06779661016949153,0.1016949152542373,0.01694915254237288,0.0,0.01694915254237288,0.0,0.0,0.01694915254237288,0.01694915254237288,0.0,0.0,0.0,0.0,0.0,0.0,0.01694915254237288,0.0,0.0,0.0,0.22033898305084745,0.0,0.0,0.0,0.0,0.0,0.0
892,0.0,0.0,0.034482758620689655,0.0,0.0,0.0,0.0,0.0,0.0,0.0,0.0,0.0,0.0,0.034482758620689655,0.0,0.0,0.0,0.0,0.0,0.0,0.0,0.034482758620689655,0.0,0.0,0.0,0.0,0.0,0.0,0.0,0.034482758620689655,0.0,0.0,0.8275862068965517,0.034482758620689655,0.0,0.0,0.0,0.0,0.0
893,0.0,0.03125,0.0,0.03125,0.0,0.03125,0.0,0.0,0.0625,0.0,0.0,0.0,0.0,0.0,0.0,0.0625,0.0,0.0,0.0,0.0,0.0,0.0,0.0,0.0,0.0,0.0,0.0,0.03125,0.0,0.0,0.0,0.71875,0.03125,0.0,0.0,0.0,0.0,0.0,0.0
894,0.0,0.05714285714285714,0.02857142857142857,0.02857142857142857,0.0,0.0,0.0,0.0,0.02857142857142857,0.0,0.0,0.0,0.0,0.02857142857142857,0.0,0.0,0.0,0.0,0.0,0.0,0.0,0.05714285714285714,0.0,0.0,0.6857142857142857,0.0,0.0,0.0,0.0,0.0,0.05714285714285714,0.0,0.0,0.02857142857142857,0.0,0.0,0.0,0.0,0.0
895,0.0,0.0,0.0,0.0,0.0,0.0,0.0,0.0,0.0,0.1891891891891892,0.0,0.0,0.16216216216216217,0.0,0.35135135135135137,0.0,0.0,0.0,0.0,0.0,0.0,0.0,0.0,0.0,0.0,0.02702702702702703,0.0,0.21621621621621623,0.0,0.0,0.0,0.0,0.0,0.0,0.05405405405405406,0.0,0.0,0.0,0.0
896,0.0,0.0,0.030303030303030304,0.0,0.0,0.0,0.0,0.0,0.030303030303030304,0.0,0.0,0.030303030303030304,0.030303030303030304,0.0,0.0,0.0,0.0,0.0,0.696969696969697,0.030303030303030304,0.030303030303030304,0.0,0.0,0.0,0.0,0.0,0.0,0.030303030303030304,0.0,0.06060606060606061,0.0,0.030303030303030304,0.0,0.0,0.0,0.0,0.0,0.0,0.0
897,0.0,0.0,0.0,0.0,0.0,0.0,0.0,0.0,0.0,0.0,0.0,0.0,0.0,0.0,0.0,0.0,0.0,0.0,0.0,0.0,0.0,0.0,0.0,0.025,0.95,0.0,0.0,0.0,0.0,0.0,0.025,0.0,0.0,0.0,0.0,0.0,0.0,0.0,0.0
898,0.0,0.0,0.020833333333333332,0.020833333333333332,0.020833333333333332,0.0,0.0,0.020833333333333332,0.0,0.020833333333333332,0.0,0.0,0.0,0.0,0.020833333333333332,0.020833333333333332,0.0,0.0625,0.020833333333333332,0.020833333333333332,0.041666666666666664,0.020833333333333332,0.0,0.0,0.0,0.0,0.041666666666666664,0.0,0.5208333333333334,0.020833333333333332,0.020833333333333332,0.0,0.020833333333333332,0.041666666666666664,0.020833333333333332,0.0,0.0,0.0,0.0
899,0.0,0.0,0.07692307692307693,0.0,0.0,0.0,0.05128205128205128,0.0,0.0,0.0,0.0,0.02564102564102564,0.0,0.0,0.0,0.0,0.0,0.02564102564102564,0.02564102564102564,0.3333333333333333,0.28205128205128205,0.0,0.02564102564102564,0.0,0.0,0.0,0.0,0.10256410256410256,0.0,0.0,0.02564102564102564,0.0,0.02564102564102564,0.0,0.0,0.0,0.0,0.0,0.0
900,0.0,0.05555555555555555,0.0,0.027777777777777776,0.0,0.027777777777777776,0.027777777777777776,0.027777777777777776,0.0,0.0,0.0,0.0,0.0,0.0,0.0,0.0,0.0,0.6388888888888888,0.16666666666666666,0.0,0.0,0.0,0.0,0.0,0.0,0.0,0.0,0.0,0.0,0.0,0.0,0.027777777777777776,0.0,0.0,0.0,0.0,0.0,0.0,0.0
901,0.0,0.0,0.0,0.0,0.0,0.029411764705882353,0.0,0.0,0.11764705882352941,0.0,0.0,0.0,0.0,0.0,0.0,0.0,0.5,0.0,0.0,0.029411764705882353,0.0,0.0,0.058823529411764705,0.17647058823529413,0.0,0.0,0.029411764705882353,0.0,0.0,0.0,0.058823529411764705,0.0,0.0,0.0,0.0,0.0,0.0,0.0,0.0
902,0.0,0.1794871794871795,0.10256410256410256,0.0,0.0,0.0,0.05128205128205128,0.10256410256410256,0.0,0.0,0.0,0.02564102564102564,0.0,0.0,0.0,0.02564102564102564,0.0,0.1794871794871795,0.02564102564102564,0.02564102564102564,0.0,0.0,0.0,0.15384615384615385,0.0,0.05128205128205128,0.0,0.0,0.0,0.0,0.05128205128205128,0.0,0.02564102564102564,0.0,0.0,0.0,0.0,0.0,0.0
903,0.024390243902439025,0.0,0.0,0.3902439024390244,0.0,0.0,0.07317073170731707,0.0,0.024390243902439025,0.0,0.0,0.0,0.0,0.14634146341463414,0.024390243902439025,0.1951219512195122,0.0,0.0,0.024390243902439025,0.024390243902439025,0.024390243902439025,0.0,0.0,0.0,0.0,0.0,0.0,0.0,0.024390243902439025,0.0,0.0,0.0,0.0,0.0,0.024390243902439025,0.0,0.0,0.0,0.0
904,0.0,0.3409090909090909,0.022727272727272728,0.0,0.045454545454545456,0.0,0.06818181818181818,0.0,0.0,0.0,0.0,0.022727272727272728,0.0,0.022727272727272728,0.0,0.045454545454545456,0.13636363636363635,0.0,0.0,0.0,0.0,0.0,0.0,0.0,0.022727272727272728,0.1590909090909091,0.045454545454545456,0.0,0.022727272727272728,0.0,0.045454545454545456,0.0,0.0,0.0,0.0,0.0,0.0,0.0,0.0
905,0.0,0.0,0.0,0.0,0.0,0.0,0.0,0.0,0.03333333333333333,0.0,0.0,0.0,0.03333333333333333,0.36666666666666664,0.0,0.0,0.0,0.03333333333333333,0.26666666666666666,0.0,0.0,0.03333333333333333,0.13333333333333333,0.0,0.0,0.03333333333333333,0.0,0.0,0.0,0.03333333333333333,0.0,0.0,0.0,0.03333333333333333,0.0,0.0,0.0,0.0,0.0
906,0.0,0.030303030303030304,0.0,0.0,0.6666666666666666,0.0,0.0,0.0,0.030303030303030304,0.0,0.0,0.0,0.0,0.0,0.09090909090909091,0.0,0.0,0.030303030303030304,0.0,0.0,0.0,0.030303030303030304,0.0,0.0,0.0,0.030303030303030304,0.0,0.0,0.030303030303030304,0.0,0.0,0.0,0.06060606060606061,0.0,0.0,0.0,0.0,0.0,0.0
907,0.0,0.0,0.0,0.024390243902439025,0.024390243902439025,0.12195121951219512,0.04878048780487805,0.0,0.0,0.0,0.024390243902439025,0.0,0.0,0.0,0.0,0.024390243902439025,0.0,0.0,0.024390243902439025,0.07317073170731707,0.04878048780487805,0.0,0.0,0.0,0.0,0.04878048780487805,0.0,0.0,0.0,0.0,0.024390243902439025,0.4634146341463415,0.04878048780487805,0.0,0.0,0.0,0.0,0.0,0.0
908,0.6,0.0,0.075,0.0,0.0,0.0,0.025,0.0,0.025,0.0,0.025,0.0,0.0,0.05,0.0,0.025,0.0,0.0,0.0,0.0,0.0,0.0,0.0,0.0,0.025,0.0,0.0,0.0,0.075,0.025,0.0,0.025,0.025,0.0,0.0,0.0,0.0,0.0,0.0
909,0.0,0.0,0.0,0.0,0.0,0.0,0.0,0.0,0.02857142857142857,0.0,0.0,0.0,0.0,0.0,0.0,0.02857142857142857,0.0,0.0,0.0,0.02857142857142857,0.0,0.0,0.02857142857142857,0.0,0.0,0.0,0.7428571428571429,0.0,0.05714285714285714,0.02857142857142857,0.0,0.0,0.02857142857142857,0.02857142857142857,0.0,0.0,0.0,0.0,0.0
910,0.0,0.015873015873015872,0.015873015873015872,0.047619047619047616,0.047619047619047616,0.047619047619047616,0.015873015873015872,0.0,0.1746031746031746,0.047619047619047616,0.015873015873015872,0.015873015873015872,0.031746031746031744,0.015873015873015872,0.031746031746031744,0.0,0.015873015873015872,0.015873015873015872,0.06349206349206349,0.0,0.047619047619047616,0.06349206349206349,0.015873015873015872,0.031746031746031744,0.0,0.015873015873015872,0.0,0.031746031746031744,0.015873015873015872,0.015873015873015872,0.0,0.031746031746031744,0.09523809523809523,0.015873015873015872,0.0,0.0,0.0,0.0,0.0
911,0.0,0.0,0.010638297872340425,0.11702127659574468,0.07446808510638298,0.19148936170212766,0.0,0.0,0.1595744680851064,0.0,0.010638297872340425,0.0,0.010638297872340425,0.0,0.010638297872340425,0.031914893617021274,0.02127659574468085,0.0,0.031914893617021274,0.010638297872340425,0.0,0.010638297872340425,0.0,0.1276595744680851,0.0,0.0,0.010638297872340425,0.0,0.1276595744680851,0.02127659574468085,0.010638297872340425,0.0,0.010638297872340425,0.0,0.0,0.0,0.0,0.0,0.0
912,0.0,0.05357142857142857,0.0,0.05357142857142857,0.0,0.0,0.03571428571428571,0.0,0.017857142857142856,0.03571428571428571,0.0,0.0,0.017857142857142856,0.05357142857142857,0.0,0.0,0.017857142857142856,0.017857142857142856,0.08928571428571429,0.0,0.0,0.03571428571428571,0.05357142857142857,0.0,0.017857142857142856,0.08928571428571429,0.0,0.0,0.017857142857142856,0.25,0.07142857142857142,0.0,0.0,0.03571428571428571,0.03571428571428571,0.0,0.0,0.0,0.0
913,0.0,0.017241379310344827,0.0,0.0,0.017241379310344827,0.46551724137931033,0.0,0.20689655172413793,0.0,0.0,0.0,0.0,0.0,0.0,0.06896551724137931,0.017241379310344827,0.034482758620689655,0.017241379310344827,0.017241379310344827,0.0,0.0,0.017241379310344827,0.017241379310344827,0.0,0.0,0.017241379310344827,0.017241379310344827,0.0,0.017241379310344827,0.0,0.017241379310344827,0.0,0.017241379310344827,0.017241379310344827,0.0,0.0,0.0,0.0,0.0
914,0.0,0.018867924528301886,0.0,0.0,0.018867924528301886,0.018867924528301886,0.07547169811320754,0.0,0.0,0.0,0.11320754716981132,0.0,0.0,0.0,0.03773584905660377,0.0,0.20754716981132076,0.03773584905660377,0.0,0.05660377358490566,0.03773584905660377,0.0,0.018867924528301886,0.0,0.0,0.0,0.018867924528301886,0.0,0.0,0.0,0.018867924528301886,0.32075471698113206,0.0,0.0,0.0,0.0,0.0,0.0,0.0
915,0.0,0.21621621621621623,0.1891891891891892,0.0,0.0,0.02702702702702703,0.0,0.0,0.08108108108108109,0.0,0.0,0.0,0.02702702702702703,0.0,0.0,0.0,0.13513513513513514,0.0,0.0,0.08108108108108109,0.0,0.02702702702702703,0.0,0.0,0.0,0.0,0.21621621621621623,0.0,0.0,0.0,0.0,0.0,0.0,0.0,0.0,0.0,0.0,0.0,0.0
916,0.0,0.0,0.0,0.5918367346938775,0.04081632653061224,0.0,0.16326530612244897,0.02040816326530612,0.0,0.0,0.0,0.0,0.0,0.0,0.0,0.0,0.12244897959183673,0.0,0.0,0.0,0.0,0.0,0.0,0.0,0.02040816326530612,0.0,0.0,0.0,0.0,0.02040816326530612,0.02040816326530612,0.0,0.0,0.0,0.0,0.0,0.0,0.0,0.0
917,0.0,0.0,0.0,0.027777777777777776,0.8333333333333334,0.0,0.0,0.027777777777777776,0.0,0.0,0.0,0.0,0.0,0.0,0.0,0.027777777777777776,0.027777777777777776,0.0,0.027777777777777776,0.0,0.0,0.0,0.0,0.0,0.0,0.0,0.0,0.0,0.027777777777777776,0.0,0.0,0.0,0.0,0.0,0.0,0.0,0.0,0.0,0.0
918,0.0,0.0,0.0,0.0,0.0,0.0,0.0,0.043478260869565216,0.5652173913043478,0.043478260869565216,0.0,0.0,0.0,0.0,0.0,0.17391304347826086,0.021739130434782608,0.06521739130434782,0.0,0.021739130434782608,0.0,0.021739130434782608,0.0,0.0,0.0,0.0,0.0,0.0,0.0,0.0,0.0,0.043478260869565216,0.0,0.0,0.0,0.0,0.0,0.0,0.0
919,0.0,0.0,0.9032258064516129,0.0,0.0,0.0,0.03225806451612903,0.0,0.0,0.0,0.0,0.0,0.0,0.0,0.0,0.0,0.0,0.03225806451612903,0.0,0.0,0.0,0.0,0.0,0.0,0.0,0.0,0.0,0.0,0.0,0.03225806451612903,0.0,0.0,0.0,0.0,0.0,0.0,0.0,0.0,0.0
920,0.0,0.0,0.0,0.027777777777777776,0.0,0.0,0.027777777777777776,0.027777777777777776,0.0,0.027777777777777776,0.0,0.027777777777777776,0.0,0.0,0.0,0.0,0.0,0.027777777777777776,0.0,0.027777777777777776,0.7222222222222222,0.027777777777777776,0.0,0.0,0.0,0.0,0.0,0.0,0.0,0.0,0.0,0.0,0.0,0.027777777777777776,0.027777777777777776,0.0,0.0,0.0,0.0
921,0.0,0.025,0.0,0.0,0.025,0.0,0.025,0.025,0.0,0.0,0.175,0.0,0.05,0.0,0.55,0.0,0.0,0.0,0.0,0.05,0.0,0.0,0.025,0.0,0.025,0.0,0.0,0.0,0.0,0.0,0.0,0.025,0.0,0.0,0.0,0.0,0.0,0.0,0.0
922,0.0,0.08108108108108109,0.0,0.0,0.0,0.0,0.0,0.0,0.0,0.02702702702702703,0.1891891891891892,0.0,0.0,0.1891891891891892,0.0,0.0,0.0,0.0,0.0,0.0,0.0,0.10810810810810811,0.0,0.02702702702702703,0.02702702702702703,0.02702702702702703,0.0,0.02702702702702703,0.0,0.0,0.0,0.10810810810810811,0.10810810810810811,0.02702702702702703,0.05405405405405406,0.0,0.0,0.0,0.0
923,0.0,0.030303030303030304,0.030303030303030304,0.030303030303030304,0.0,0.0,0.0,0.0,0.0,0.0,0.0,0.0,0.0,0.0,0.0,0.0,0.030303030303030304,0.030303030303030304,0.0,0.0,0.0,0.0,0.0,0.0,0.0,0.0,0.8181818181818182,0.0,0.030303030303030304,0.0,0.0,0.0,0.0,0.0,0.0,0.0,0.0,0.0,0.0
924,0.0,0.0,0.0,0.0,0.0,0.0,0.037037037037037035,0.0,0.0,0.0,0.0,0.0,0.0,0.0,0.9259259259259259,0.0,0.0,0.0,0.0,0.0,0.0,0.0,0.0,0.0,0.0,0.0,0.037037037037037035,0.0,0.0,0.0,0.0,0.0,0.0,0.0,0.0,0.0,0.0,0.0,0.0
925,0.0,0.0,0.0,0.0,0.0,0.0,0.0,0.0,0.0,0.0,0.0,0.0,0.0,0.0,0.0,0.0,0.0,0.0,0.13793103448275862,0.0,0.1724137931034483,0.20689655172413793,0.0,0.0,0.0,0.10344827586206896,0.0,0.0,0.0,0.0,0.0,0.3448275862068966,0.0,0.034482758620689655,0.0,0.0,0.0,0.0,0.0
926,0.022727272727272728,0.0,0.0,0.022727272727272728,0.022727272727272728,0.0,0.0,0.0,0.022727272727272728,0.0,0.0,0.0,0.0,0.0,0.0,0.45454545454545453,0.022727272727272728,0.022727272727272728,0.022727272727272728,0.0,0.045454545454545456,0.045454545454545456,0.0,0.045454545454545456,0.045454545454545456,0.045454545454545456,0.022727272727272728,0.0,0.0,0.0,0.09090909090909091,0.022727272727272728,0.022727272727272728,0.0,0.0,0.0,0.0,0.0,0.0
927,0.0,0.0,0.25,0.5625,0.0,0.03125,0.0,0.0,0.0,0.0,0.03125,0.0,0.0,0.03125,0.0,0.0,0.0,0.03125,0.0,0.0,0.0,0.03125,0.0,0.0,0.0,0.0,0.0,0.0,0.0,0.0,0.0,0.0,0.03125,0.0,0.0,0.0,0.0,0.0,0.0
928,0.0,0.0,0.0,0.0,0.0,0.0,0.0,0.0,0.0,0.0,0.0,0.0,0.0,0.0,0.0,0.0,0.0,0.0,0.0,0.0,0.0,0.0,0.0,0.0,0.8214285714285714,0.17857142857142858,0.0,0.0,0.0,0.0,0.0,0.0,0.0,0.0,0.0,0.0,0.0,0.0,0.0
929,0.0,0.0,0.0,0.0,0.0,0.0,0.0,0.0,0.034482758620689655,0.10344827586206896,0.0,0.0,0.034482758620689655,0.0,0.0,0.0,0.0,0.0,0.0,0.0,0.0,0.0,0.0,0.0,0.0,0.0,0.0,0.0,0.0,0.0,0.3793103448275862,0.0,0.034482758620689655,0.41379310344827586,0.0,0.0,0.0,0.0,0.0
930,0.0,0.0,0.0,0.0,0.044444444444444446,0.0,0.26666666666666666,0.0,0.0,0.044444444444444446,0.0,0.0,0.022222222222222223,0.15555555555555556,0.0,0.022222222222222223,0.0,0.0,0.0,0.0,0.0,0.022222222222222223,0.044444444444444446,0.0,0.0,0.022222222222222223,0.0,0.0,0.022222222222222223,0.0,0.3111111111111111,0.0,0.022222222222222223,0.0,0.0,0.0,0.0,0.0,0.0
931,0.0,0.02,0.02,0.06,0.0,0.02,0.04,0.02,0.0,0.12,0.0,0.0,0.0,0.06,0.02,0.0,0.0,0.0,0.0,0.0,0.0,0.02,0.0,0.0,0.0,0.08,0.04,0.02,0.06,0.04,0.24,0.02,0.0,0.06,0.04,0.0,0.0,0.0,0.0
932,0.0,0.02631578947368421,0.15789473684210525,0.0,0.0,0.18421052631578946,0.0,0.0,0.6052631578947368,0.0,0.0,0.0,0.0,0.0,0.0,0.0,0.0,0.0,0.0,0.0,0.0,0.0,0.0,0.0,0.0,0.0,0.0,0.0,0.0,0.0,0.0,0.0,0.0,0.02631578947368421,0.0,0.0,0.0,0.0,0.0
933,0.0,0.0,0.0,0.0,0.0,0.0,0.8918918918918919,0.0,0.0,0.02702702702702703,0.0,0.0,0.02702702702702703,0.02702702702702703,0.0,0.0,0.0,0.0,0.0,0.0,0.0,0.0,0.0,0.0,0.0,0.02702702702702703,0.0,0.0,0.0,0.0,0.0,0.0,0.0,0.0,0.0,0.0,0.0,0.0,0.0
934,0.027777777777777776,0.013888888888888888,0.0,0.027777777777777776,0.05555555555555555,0.013888888888888888,0.0,0.05555555555555555,0.0,0.027777777777777776,0.0,0.027777777777777776,0.027777777777777776,0.027777777777777776,0.013888888888888888,0.041666666666666664,0.05555555555555555,0.0,0.041666666666666664,0.013888888888888888,0.027777777777777776,0.041666666666666664,0.05555555555555555,0.027777777777777776,0.013888888888888888,0.08333333333333333,0.013888888888888888,0.0,0.027777777777777776,0.013888888888888888,0.1388888888888889,0.0,0.013888888888888888,0.027777777777777776,0.013888888888888888,0.0,0.0,0.027777777777777776,0.0
935,0.0,0.0,0.08,0.0,0.0,0.04,0.0,0.0,0.04,0.0,0.06,0.0,0.0,0.0,0.0,0.0,0.0,0.0,0.1,0.0,0.0,0.0,0.5,0.02,0.0,0.04,0.0,0.02,0.02,0.02,0.02,0.0,0.02,0.0,0.0,0.0,0.0,0.02,0.0
936,0.020833333333333332,0.0,0.0,0.041666666666666664,0.0,0.0,0.041666666666666664,0.020833333333333332,0.0,0.08333333333333333,0.0,0.0,0.0,0.0,0.020833333333333332,0.0,0.0,0.0625,0.0,0.0,0.020833333333333332,0.020833333333333332,0.0,0.0,0.0,0.0,0.0,0.020833333333333332,0.020833333333333332,0.041666666666666664,0.0,0.0,0.0,0.5625,0.020833333333333332,0.0,0.0,0.0,0.0
937,0.0,0.0,0.020833333333333332,0.0,0.0,0.0,0.0625,0.020833333333333332,0.041666666666666664,0.020833333333333332,0.020833333333333332,0.020833333333333332,0.0,0.0,0.020833333333333332,0.0,0.020833333333333332,0.020833333333333332,0.0,0.041666666666666664,0.020833333333333332,0.041666666666666664,0.0,0.0,0.0,0.020833333333333332,0.0,0.0,0.0,0.020833333333333332,0.020833333333333332,0.020833333333333332,0.5416666666666666,0.0,0.0,0.0,0.0,0.0,0.0
938,0.0,0.34375,0.0,0.09375,0.0625,0.0,0.0,0.0,0.03125,0.0,0.03125,0.0,0.03125,0.03125,0.09375,0.0,0.0,0.03125,0.09375,0.0,0.0,0.0,0.03125,0.0,0.0,0.0,0.0,0.0625,0.0625,0.0,0.0,0.0,0.0,0.0,0.0,0.0,0.0,0.0,0.0
939,0.0,0.0,0.0,0.0,0.02857142857142857,0.0,0.08571428571428572,0.0,0.3142857142857143,0.02857142857142857,0.0,0.0,0.0,0.0,0.02857142857142857,0.0,0.0,0.0,0.0,0.02857142857142857,0.0,0.0,0.0,0.0,0.0,0.05714285714285714,0.4,0.0,0.02857142857142857,0.0,0.0,0.0,0.0,0.0,0.0,0.0,0.0,0.0,0.0
940,0.0,0.5454545454545454,0.0,0.030303030303030304,0.06060606060606061,0.030303030303030304,0.0,0.0,0.0,0.06060606060606061,0.0,0.0,0.0,0.0,0.0,0.0,0.0,0.0,0.0,0.0,0.0,0.0,0.0,0.0,0.0,0.0,0.0,0.0,0.2727272727272727,0.0,0.0,0.0,0.0,0.0,0.0,0.0,0.0,0.0,0.0
941,0.0,0.0,0.025,0.0,0.0,0.025,0.0,0.0,0.0,0.05,0.025,0.0,0.025,0.0,0.025,0.0,0.0,0.025,0.0,0.0,0.0,0.025,0.0,0.0,0.0,0.675,0.0,0.05,0.0,0.0,0.025,0.0,0.025,0.0,0.0,0.0,0.0,0.0,0.0
942,0.029411764705882353,0.6176470588235294,0.0,0.0,0.0,0.0,0.0,0.11764705882352941,0.0,0.029411764705882353,0.0,0.0,0.0,0.029411764705882353,0.0,0.0,0.0,0.0,0.029411764705882353,0.029411764705882353,0.0,0.0,0.0,0.029411764705882353,0.0,0.0,0.0,0.0,0.0,0.029411764705882353,0.029411764705882353,0.0,0.0,0.029411764705882353,0.0,0.0,0.0,0.0,0.0
943,0.0,0.0,0.023809523809523808,0.0,0.0,0.023809523809523808,0.0,0.0,0.47619047619047616,0.07142857142857142,0.0,0.0,0.023809523809523808,0.0,0.0,0.0,0.0,0.047619047619047616,0.0,0.0,0.023809523809523808,0.0,0.023809523809523808,0.0,0.0,0.0,0.0,0.047619047619047616,0.0,0.023809523809523808,0.11904761904761904,0.047619047619047616,0.0,0.047619047619047616,0.0,0.0,0.0,0.0,0.0
944,0.0,0.0,0.0,0.0,0.0,0.0,0.0,0.0,0.84375,0.0,0.0,0.0,0.0,0.03125,0.0,0.0,0.0,0.0,0.0,0.03125,0.0,0.03125,0.0,0.0,0.0,0.0625,0.0,0.0,0.0,0.0,0.0,0.0,0.0,0.0,0.0,0.0,0.0,0.0,0.0
945,0.0,0.0,0.0,0.0,0.0,0.0,0.0,0.0,0.0,0.0,0.0,0.02631578947368421,0.02631578947368421,0.0,0.0,0.0,0.02631578947368421,0.0,0.0,0.02631578947368421,0.02631578947368421,0.0,0.0,0.0,0.0,0.0,0.0,0.0,0.0,0.0,0.0,0.7631578947368421,0.05263157894736842,0.02631578947368421,0.02631578947368421,0.0,0.0,0.0,0.0
946,0.0,0.0,0.0,0.0625,0.0,0.0,0.0,0.03125,0.03125,0.0,0.0,0.0,0.0,0.0,0.0,0.0,0.0,0.0,0.0,0.0,0.0,0.03125,0.0,0.0,0.0,0.0,0.0625,0.03125,0.46875,0.0,0.0,0.0,0.25,0.0,0.0,0.0,0.0,0.03125,0.0
947,0.0,0.0,0.0,0.0,0.0,0.0,0.0,0.0,0.0,0.0,0.0,0.0,0.03225806451612903,0.0,0.0,0.03225806451612903,0.0,0.0,0.0,0.7096774193548387,0.0,0.03225806451612903,0.06451612903225806,0.03225806451612903,0.0,0.0,0.06451612903225806,0.0,0.03225806451612903,0.0,0.0,0.0,0.0,0.0,0.0,0.0,0.0,0.0,0.0
948,0.41935483870967744,0.03225806451612903,0.03225806451612903,0.0,0.0,0.0,0.0,0.03225806451612903,0.0,0.0,0.0,0.0,0.0,0.0,0.0,0.0,0.0,0.0,0.25806451612903225,0.0967741935483871,0.0,0.0,0.0,0.0,0.03225806451612903,0.0,0.03225806451612903,0.0,0.03225806451612903,0.0,0.0,0.0,0.0,0.03225806451612903,0.0,0.0,0.0,0.0,0.0
949,0.0,0.0,0.02857142857142857,0.0,0.0,0.02857142857142857,0.0,0.0,0.14285714285714285,0.0,0.0,0.0,0.05714285714285714,0.0,0.0,0.0,0.0,0.0,0.0,0.02857142857142857,0.0,0.0,0.0,0.0,0.05714285714285714,0.0,0.6285714285714286,0.0,0.0,0.0,0.0,0.0,0.02857142857142857,0.0,0.0,0.0,0.0,0.0,0.0
950,0.0,0.0,0.0,0.03333333333333333,0.0,0.0,0.0,0.03333333333333333,0.0,0.0,0.0,0.0,0.0,0.0,0.0,0.0,0.06666666666666667,0.03333333333333333,0.0,0.0,0.0,0.0,0.16666666666666666,0.0,0.0,0.0,0.0,0.0,0.0,0.0,0.0,0.0,0.0,0.6666666666666666,0.0,0.0,0.0,0.0,0.0
951,0.0,0.0,0.0,0.0,0.0,0.0,0.0,0.0,0.0,0.0,0.027777777777777776,0.0,0.0,0.0,0.0,0.0,0.0,0.05555555555555555,0.027777777777777776,0.0,0.16666666666666666,0.0,0.0,0.0,0.0,0.0,0.0,0.027777777777777776,0.0,0.1111111111111111,0.08333333333333333,0.19444444444444445,0.2777777777777778,0.027777777777777776,0.0,0.0,0.0,0.0,0.0
952,0.0,0.0,0.0,0.25,0.0,0.0,0.0,0.0,0.0,0.0,0.0,0.0,0.0,0.0,0.03571428571428571,0.0,0.0,0.0,0.0,0.0,0.0,0.0,0.03571428571428571,0.0,0.0,0.0,0.0,0.0,0.0,0.5,0.14285714285714285,0.03571428571428571,0.0,0.0,0.0,0.0,0.0,0.0,0.0
953,0.0,0.4166666666666667,0.0,0.0,0.027777777777777776,0.0,0.0,0.05555555555555555,0.027777777777777776,0.0,0.0,0.1388888888888889,0.1111111111111111,0.027777777777777776,0.0,0.0,0.027777777777777776,0.0,0.0,0.05555555555555555,0.05555555555555555,0.0,0.0,0.0,0.0,0.0,0.027777777777777776,0.0,0.027777777777777776,0.0,0.0,0.0,0.0,0.0,0.0,0.0,0.0,0.0,0.0
954,0.0,0.0,0.0,0.0,0.0,0.0,0.0,0.0,0.03333333333333333,0.0,0.0,0.0,0.0,0.0,0.0,0.0,0.9,0.0,0.0,0.0,0.0,0.0,0.0,0.03333333333333333,0.0,0.0,0.0,0.0,0.0,0.0,0.03333333333333333,0.0,0.0,0.0,0.0,0.0,0.0,0.0,0.0
955,0.0,0.07894736842105263,0.02631578947368421,0.02631578947368421,0.0,0.0,0.02631578947368421,0.0,0.0,0.0,0.0,0.05263157894736842,0.4473684210526316,0.0,0.0,0.0,0.0,0.0,0.05263157894736842,0.0,0.0,0.18421052631578946,0.0,0.0,0.0,0.0,0.07894736842105263,0.0,0.0,0.0,0.0,0.0,0.0,0.02631578947368421,0.0,0.0,0.0,0.0,0.0
956,0.0,0.0,0.0,0.0,0.0,0.0,0.058823529411764705,0.14705882352941177,0.0,0.0,0.029411764705882353,0.0,0.0,0.0,0.0,0.0,0.0,0.058823529411764705,0.0,0.5588235294117647,0.0,0.0,0.0,0.0,0.0,0.0,0.0,0.0,0.0,0.0,0.0,0.0,0.11764705882352941,0.029411764705882353,0.0,0.0,0.0,0.0,0.0
957,0.02564102564102564,0.02564102564102564,0.0,0.0,0.0,0.02564102564102564,0.0,0.07692307692307693,0.0,0.0,0.0,0.0,0.0,0.0,0.0,0.0,0.0,0.05128205128205128,0.0,0.6923076923076923,0.0,0.0,0.0,0.02564102564102564,0.0,0.0,0.02564102564102564,0.0,0.0,0.0,0.0,0.0,0.02564102564102564,0.0,0.0,0.02564102564102564,0.0,0.0,0.0
958,0.0,0.0,0.0,0.0,0.0,0.0,0.0,0.0,0.03333333333333333,0.0,0.0,0.0,0.0,0.0,0.0,0.0,0.0,0.0,0.03333333333333333,0.03333333333333333,0.0,0.0,0.0,0.0,0.0,0.1,0.0,0.0,0.0,0.0,0.0,0.0,0.0,0.8,0.0,0.0,0.0,0.0,0.0
959,0.0,0.029411764705882353,0.029411764705882353,0.029411764705882353,0.0,0.029411764705882353,0.0,0.0,0.0,0.058823529411764705,0.0,0.0,0.0,0.0,0.0,0.0,0.0,0.0,0.029411764705882353,0.058823529411764705,0.0,0.0,0.0,0.0,0.0,0.6470588235294118,0.0,0.0,0.0,0.0,0.0,0.0,0.0,0.029411764705882353,0.058823529411764705,0.0,0.0,0.0,0.0
960,0.0,0.0,0.0,0.8285714285714286,0.0,0.0,0.02857142857142857,0.0,0.02857142857142857,0.0,0.0,0.0,0.0,0.0,0.0,0.02857142857142857,0.0,0.0,0.08571428571428572,0.0,0.0,0.0,0.0,0.0,0.0,0.0,0.0,0.0,0.0,0.0,0.0,0.0,0.0,0.0,0.0,0.0,0.0,0.0,0.0
961,0.0,0.0,0.0,0.75,0.0,0.0,0.0,0.03125,0.0,0.0,0.15625,0.0,0.0,0.0,0.0,0.0,0.0,0.0,0.0,0.03125,0.0,0.03125,0.0,0.0,0.0,0.0,0.0,0.0,0.0,0.0,0.0,0.0,0.0,0.0,0.0,0.0,0.0,0.0,0.0
962,0.0,0.0,0.0,0.0,0.027777777777777776,0.0,0.0,0.0,0.05555555555555555,0.0,0.0,0.0,0.6944444444444444,0.0,0.0,0.0,0.05555555555555555,0.027777777777777776,0.0,0.0,0.0,0.0,0.027777777777777776,0.0,0.0,0.0,0.0,0.0,0.027777777777777776,0.0,0.0,0.05555555555555555,0.0,0.027777777777777776,0.0,0.0,0.0,0.0,0.0
963,0.0,0.02857142857142857,0.02857142857142857,0.0,0.0,0.0,0.6285714285714286,0.02857142857142857,0.0,0.02857142857142857,0.0,0.0,0.0,0.0,0.02857142857142857,0.02857142857142857,0.05714285714285714,0.0,0.0,0.02857142857142857,0.0,0.0,0.0,0.0,0.02857142857142857,0.0,0.0,0.02857142857142857,0.0,0.0,0.02857142857142857,0.0,0.0,0.02857142857142857,0.0,0.0,0.0,0.0,0.0
964,0.0,0.0,0.0,0.0,0.0,0.05555555555555555,0.0,0.0,0.0,0.037037037037037035,0.018518518518518517,0.0,0.0,0.0,0.018518518518518517,0.0,0.0,0.5,0.0,0.018518518518518517,0.0,0.12962962962962962,0.05555555555555555,0.018518518518518517,0.0,0.0,0.0,0.0,0.09259259259259259,0.018518518518518517,0.018518518518518517,0.0,0.0,0.018518518518518517,0.0,0.0,0.0,0.0,0.0
965,0.025,0.0,0.05,0.05,0.0,0.0,0.0,0.0,0.0,0.0,0.0,0.0,0.0,0.0,0.025,0.0,0.0,0.0,0.0,0.0,0.0,0.05,0.0,0.0,0.025,0.0,0.0,0.7,0.0,0.05,0.025,0.0,0.0,0.0,0.0,0.0,0.0,0.0,0.0
966,0.0,0.0,0.0,0.0,0.05555555555555555,0.2777777777777778,0.027777777777777776,0.1111111111111111,0.0,0.027777777777777776,0.027777777777777776,0.0,0.0,0.027777777777777776,0.0,0.0,0.0,0.0,0.0,0.0,0.0,0.027777777777777776,0.0,0.0,0.0,0.0,0.3333333333333333,0.0,0.0,0.0,0.08333333333333333,0.0,0.0,0.0,0.0,0.0,0.0,0.0,0.0
967,0.0,0.0,0.02564102564102564,0.4358974358974359,0.02564102564102564,0.0,0.02564102564102564,0.0,0.0,0.0,0.0,0.0,0.0,0.0,0.02564102564102564,0.02564102564102564,0.0,0.0,0.10256410256410256,0.0,0.23076923076923078,0.0,0.0,0.0,0.0,0.0,0.07692307692307693,0.0,0.02564102564102564,0.0,0.0,0.0,0.0,0.0,0.0,0.0,0.0,0.0,0.0
968,0.0,0.0,0.0,0.0,0.018518518518518517,0.0,0.0,0.0,0.05555555555555555,0.0,0.018518518518518517,0.05555555555555555,0.018518518518518517,0.18518518518518517,0.0,0.14814814814814814,0.0,0.018518518518518517,0.0,0.05555555555555555,0.0,0.0,0.0,0.018518518518518517,0.018518518518518517,0.0,0.12962962962962962,0.09259259259259259,0.07407407407407407,0.037037037037037035,0.0,0.0,0.0,0.037037037037037035,0.018518518518518517,0.0,0.0,0.0,0.0
969,0.0,0.0,0.0,0.0,0.36363636363636365,0.022727272727272728,0.0,0.0,0.0,0.0,0.0,0.0,0.0,0.0,0.0,0.0,0.0,0.11363636363636363,0.045454545454545456,0.0,0.0,0.0,0.0,0.0,0.0,0.0,0.0,0.0,0.45454545454545453,0.0,0.0,0.0,0.0,0.0,0.0,0.0,0.0,0.0,0.0
970,0.05405405405405406,0.05405405405405406,0.08108108108108109,0.02702702702702703,0.5945945945945946,0.0,0.0,0.0,0.0,0.0,0.0,0.0,0.0,0.0,0.0,0.0,0.0,0.0,0.0,0.02702702702702703,0.0,0.13513513513513514,0.0,0.0,0.0,0.0,0.0,0.0,0.0,0.0,0.0,0.0,0.02702702702702703,0.0,0.0,0.0,0.0,0.0,0.0
971,0.0,0.0,0.0,0.0,0.0,0.3888888888888889,0.05555555555555555,0.0,0.0,0.0,0.16666666666666666,0.0,0.0,0.0,0.0,0.027777777777777776,0.027777777777777776,0.0,0.0,0.0,0.0,0.0,0.0,0.0,0.0,0.0,0.0,0.0,0.027777777777777776,0.0,0.08333333333333333,0.16666666666666666,0.0,0.0,0.05555555555555555,0.0,0.0,0.0,0.0
972,0.0,0.0,0.0,0.0,0.030303030303030304,0.0,0.0,0.0,0.030303030303030304,0.0,0.0,0.0,0.09090909090909091,0.0,0.0,0.0,0.0,0.0,0.0,0.0,0.0,0.0,0.0,0.0,0.0,0.0,0.0,0.0,0.7575757575757576,0.030303030303030304,0.0,0.030303030303030304,0.030303030303030304,0.0,0.0,0.0,0.0,0.0,0.0
973,0.0,0.0,0.0,0.023255813953488372,0.023255813953488372,0.023255813953488372,0.023255813953488372,0.046511627906976744,0.023255813953488372,0.0,0.0,0.0,0.023255813953488372,0.0,0.0,0.023255813953488372,0.5581395348837209,0.0,0.023255813953488372,0.046511627906976744,0.0,0.16279069767441862,0.0,0.0,0.0,0.0,0.0,0.0,0.0,0.0,0.0,0.0,0.0,0.0,0.0,0.0,0.0,0.0,0.0
974,0.0,0.0,0.0,0.0,0.023255813953488372,0.023255813953488372,0.023255813953488372,0.023255813953488372,0.023255813953488372,0.11627906976744186,0.0,0.0,0.0,0.0,0.0,0.046511627906976744,0.023255813953488372,0.0,0.0,0.0,0.0,0.09302325581395349,0.0,0.0,0.0,0.046511627906976744,0.023255813953488372,0.023255813953488372,0.0,0.046511627906976744,0.023255813953488372,0.4186046511627907,0.023255813953488372,0.0,0.0,0.0,0.0,0.0,0.0
975,0.0,0.034482758620689655,0.0,0.0,0.0,0.0,0.0,0.034482758620689655,0.6206896551724138,0.0,0.0,0.0,0.0,0.0,0.0,0.0,0.0,0.0,0.0,0.0,0.0,0.034482758620689655,0.27586206896551724,0.0,0.0,0.0,0.0,0.0,0.0,0.0,0.0,0.0,0.0,0.0,0.0,0.0,0.0,0.0,0.0
976,0.0,0.03571428571428571,0.0,0.0,0.0,0.0,0.0,0.0,0.0,0.0,0.03571428571428571,0.0,0.25,0.03571428571428571,0.0,0.0,0.0,0.0,0.0,0.17857142857142858,0.21428571428571427,0.07142857142857142,0.0,0.0,0.0,0.0,0.03571428571428571,0.0,0.0,0.0,0.0,0.0,0.0,0.14285714285714285,0.0,0.0,0.0,0.0,0.0
977,0.0,0.631578947368421,0.0,0.02631578947368421,0.0,0.05263157894736842,0.0,0.0,0.0,0.0,0.0,0.0,0.0,0.0,0.02631578947368421,0.02631578947368421,0.0,0.0,0.0,0.07894736842105263,0.0,0.02631578947368421,0.02631578947368421,0.0,0.0,0.0,0.02631578947368421,0.05263157894736842,0.0,0.0,0.0,0.02631578947368421,0.0,0.0,0.0,0.0,0.0,0.0,0.0
978,0.0,0.0,0.008849557522123894,0.0,0.0,0.0,0.0,0.0,0.0,0.0,0.0,0.0,0.008849557522123894,0.0,0.0,0.02654867256637168,0.11504424778761062,0.035398230088495575,0.0,0.008849557522123894,0.0,0.061946902654867256,0.20353982300884957,0.07079646017699115,0.2743362831858407,0.07964601769911504,0.035398230088495575,0.017699115044247787,0.017699115044247787,0.02654867256637168,0.008849557522123894,0.0,0.0,0.0,0.0,0.0,0.0,0.0,0.0
979,0.0,0.029411764705882353,0.0,0.0,0.0,0.029411764705882353,0.0,0.0,0.0,0.0,0.0,0.0,0.08823529411764706,0.029411764705882353,0.0,0.5294117647058824,0.058823529411764705,0.0,0.029411764705882353,0.058823529411764705,0.029411764705882353,0.0,0.0,0.0,0.0,0.0,0.029411764705882353,0.0,0.0,0.0,0.029411764705882353,0.0,0.029411764705882353,0.029411764705882353,0.0,0.0,0.0,0.0,0.0
980,0.27586206896551724,0.20689655172413793,0.0,0.0,0.0,0.0,0.0,0.0,0.0,0.0,0.034482758620689655,0.0,0.0,0.0,0.0,0.0,0.0,0.0,0.0,0.0,0.0,0.20689655172413793,0.0,0.0,0.0,0.20689655172413793,0.0,0.0,0.034482758620689655,0.0,0.034482758620689655,0.0,0.0,0.0,0.0,0.0,0.0,0.0,0.0
981,0.0,0.02564102564102564,0.0,0.0,0.0,0.07692307692307693,0.0,0.0,0.0,0.02564102564102564,0.0,0.02564102564102564,0.0,0.0,0.02564102564102564,0.0,0.0,0.0,0.0,0.0,0.02564102564102564,0.1282051282051282,0.02564102564102564,0.0,0.05128205128205128,0.02564102564102564,0.07692307692307693,0.02564102564102564,0.0,0.20512820512820512,0.15384615384615385,0.02564102564102564,0.02564102564102564,0.02564102564102564,0.02564102564102564,0.0,0.0,0.0,0.0
982,0.0,0.0,0.0,0.0,0.0,0.0,0.0,0.0,0.0,0.0,0.0,0.0,0.0,0.0,0.0,0.0,0.0,0.0,0.0,0.034482758620689655,0.0,0.0,0.3448275862068966,0.0,0.06896551724137931,0.0,0.0,0.034482758620689655,0.0,0.0,0.3793103448275862,0.0,0.0,0.0,0.13793103448275862,0.0,0.0,0.0,0.0
983,0.0,0.0,0.0,0.0,0.0,0.0,0.0,0.0,0.06896551724137931,0.0,0.0,0.0,0.0,0.06896551724137931,0.0,0.0,0.6551724137931034,0.13793103448275862,0.0,0.0,0.0,0.0,0.0,0.0,0.0,0.034482758620689655,0.0,0.0,0.0,0.0,0.034482758620689655,0.0,0.0,0.0,0.0,0.0,0.0,0.0,0.0
984,0.0,0.0,0.0,0.0,0.0,0.02857142857142857,0.0,0.14285714285714285,0.08571428571428572,0.0,0.0,0.0,0.0,0.0,0.6857142857142857,0.0,0.0,0.0,0.02857142857142857,0.0,0.02857142857142857,0.0,0.0,0.0,0.0,0.0,0.0,0.0,0.0,0.0,0.0,0.0,0.0,0.0,0.0,0.0,0.0,0.0,0.0
985,0.0,0.06060606060606061,0.12121212121212122,0.0,0.0,0.0,0.0,0.0,0.0,0.030303030303030304,0.0,0.0,0.0,0.21212121212121213,0.0,0.0,0.0,0.0,0.0,0.0,0.0,0.0,0.24242424242424243,0.0,0.0,0.0,0.030303030303030304,0.0,0.0,0.0,0.2727272727272727,0.0,0.0,0.0,0.030303030303030304,0.0,0.0,0.0,0.0
986,0.0,0.07692307692307693,0.0,0.038461538461538464,0.0,0.0,0.0,0.0,0.3076923076923077,0.0,0.0,0.0,0.0,0.0,0.38461538461538464,0.0,0.15384615384615385,0.0,0.0,0.0,0.0,0.038461538461538464,0.0,0.0,0.0,0.0,0.0,0.0,0.0,0.0,0.0,0.0,0.0,0.0,0.0,0.0,0.0,0.0,0.0
987,0.0,0.0,0.0,0.0,0.0,0.0,0.0,0.0,0.0,0.0,0.0,0.0,0.0,0.0,0.0,0.0,0.9285714285714286,0.0,0.0,0.0,0.0,0.0,0.0,0.0,0.0,0.0,0.0,0.0,0.0,0.03571428571428571,0.0,0.03571428571428571,0.0,0.0,0.0,0.0,0.0,0.0,0.0
988,0.023255813953488372,0.023255813953488372,0.0,0.023255813953488372,0.0,0.06976744186046512,0.0,0.023255813953488372,0.0,0.023255813953488372,0.023255813953488372,0.0,0.0,0.0,0.0,0.0,0.0,0.0,0.023255813953488372,0.023255813953488372,0.0,0.023255813953488372,0.37209302325581395,0.0,0.0,0.0,0.023255813953488372,0.06976744186046512,0.0,0.06976744186046512,0.06976744186046512,0.023255813953488372,0.023255813953488372,0.0,0.046511627906976744,0.0,0.023255813953488372,0.0,0.0
989,0.0,0.0,0.03333333333333333,0.0,0.03333333333333333,0.0,0.0,0.0,0.0,0.0,0.0,0.0,0.0,0.03333333333333333,0.0,0.0,0.0,0.0,0.0,0.0,0.0,0.0,0.0,0.0,0.0,0.0,0.7666666666666667,0.03333333333333333,0.0,0.1,0.0,0.0,0.0,0.0,0.0,0.0,0.0,0.0,0.0
990,0.0,0.0,0.034482758620689655,0.034482758620689655,0.0,0.6206896551724138,0.0,0.10344827586206896,0.0,0.0,0.0,0.0,0.0,0.0,0.0,0.0,0.0,0.0,0.0,0.0,0.0,0.06896551724137931,0.034482758620689655,0.0,0.0,0.0,0.06896551724137931,0.034482758620689655,0.0,0.0,0.0,0.0,0.0,0.0,0.0,0.0,0.0,0.0,0.0
991,0.0,0.0,0.4482758620689655,0.0,0.0,0.0,0.0,0.10344827586206896,0.0,0.034482758620689655,0.0,0.0,0.0,0.0,0.034482758620689655,0.0,0.0,0.0,0.0,0.0,0.0,0.0,0.1724137931034483,0.0,0.0,0.06896551724137931,0.0,0.034482758620689655,0.0,0.034482758620689655,0.034482758620689655,0.0,0.034482758620689655,0.0,0.0,0.0,0.0,0.0,0.0
992,0.0,0.0,0.0,0.22916666666666666,0.020833333333333332,0.0,0.0,0.0625,0.020833333333333332,0.020833333333333332,0.0,0.4375,0.0,0.020833333333333332,0.0,0.0,0.0,0.0,0.0,0.020833333333333332,0.0,0.0,0.0,0.0,0.0,0.125,0.0,0.0,0.0,0.0,0.020833333333333332,0.0,0.0,0.020833333333333332,0.0,0.0,0.0,0.0,0.0
993,0.0,0.0,0.0,0.0,0.02702702702702703,0.0,0.0,0.7567567567567568,0.0,0.02702702702702703,0.0,0.0,0.0,0.0,0.0,0.0,0.0,0.0,0.13513513513513514,0.0,0.0,0.0,0.0,0.0,0.0,0.0,0.0,0.0,0.0,0.02702702702702703,0.0,0.0,0.02702702702702703,0.0,0.0,0.0,0.0,0.0,0.0
994,0.0,0.0,0.0,0.0,0.03571428571428571,0.0,0.0,0.0,0.0,0.0,0.0,0.0,0.0,0.0,0.0,0.0,0.10714285714285714,0.0,0.4642857142857143,0.0,0.0,0.14285714285714285,0.03571428571428571,0.0,0.0,0.0,0.0,0.0,0.03571428571428571,0.03571428571428571,0.0,0.14285714285714285,0.0,0.0,0.0,0.0,0.0,0.0,0.0
995,0.02564102564102564,0.0,0.07692307692307693,0.46153846153846156,0.0,0.0,0.0,0.0,0.1794871794871795,0.0,0.02564102564102564,0.02564102564102564,0.0,0.0,0.0,0.0,0.02564102564102564,0.0,0.0,0.0,0.0,0.0,0.0,0.0,0.0,0.0,0.02564102564102564,0.1282051282051282,0.0,0.0,0.0,0.02564102564102564,0.0,0.0,0.0,0.0,0.0,0.0,0.0
996,0.0,0.0,0.0625,0.0,0.0,0.0,0.78125,0.03125,0.0,0.0,0.0,0.0,0.0625,0.0,0.0,0.0,0.0,0.0,0.0,0.0,0.03125,0.0,0.0,0.0,0.0,0.0,0.0,0.0,0.0,0.0,0.0,0.0,0.0,0.03125,0.0,0.0,0.0,0.0,0.0
997,0.0,0.029411764705882353,0.0,0.058823529411764705,0.0,0.0,0.0,0.0,0.0,0.029411764705882353,0.0,0.0,0.0,0.0,0.0,0.0,0.0,0.7941176470588235,0.0,0.0,0.0,0.029411764705882353,0.0,0.0,0.0,0.0,0.0,0.0,0.0,0.029411764705882353,0.0,0.0,0.0,0.0,0.029411764705882353,0.0,0.0,0.0,0.0
998,0.0,0.0,0.03225806451612903,0.03225806451612903,0.0,0.0,0.03225806451612903,0.0967741935483871,0.0967741935483871,0.0,0.03225806451612903,0.0,0.0,0.0,0.0,0.06451612903225806,0.03225806451612903,0.0,0.03225806451612903,0.0,0.0,0.06451612903225806,0.0,0.0,0.0,0.03225806451612903,0.0,0.0,0.0,0.0,0.0,0.45161290322580644,0.0,0.0,0.0,0.0,0.0,0.0,0.0
999,0.0,0.0,0.0,0.05128205128205128,0.02564102564102564,0.0,0.0,0.0,0.0,0.0,0.0,0.0,0.0,0.0,0.02564102564102564,0.0,0.0,0.0,0.0,0.0,0.0,0.0,0.0,0.0,0.02564102564102564,0.0,0.0,0.0,0.23076923076923078,0.28205128205128205,0.3076923076923077,0.02564102564102564,0.0,0.02564102564102564,0.0,0.0,0.0,0.0,0.0
1000,0.0,0.0,0.0,0.06666666666666667,0.0,0.0,0.0,0.0,0.0,0.0,0.06666666666666667,0.0,0.0,0.0,0.0,0.0,0.0,0.0,0.0,0.0,0.0,0.0,0.0,0.0,0.0,0.0,0.0,0.0,0.03333333333333333,0.8,0.0,0.03333333333333333,0.0,0.0,0.0,0.0,0.0,0.0,0.0
1001,0.0,0.08823529411764706,0.0,0.0,0.0,0.29411764705882354,0.0,0.029411764705882353,0.0,0.11764705882352941,0.11764705882352941,0.0,0.0,0.0,0.0,0.029411764705882353,0.029411764705882353,0.0,0.029411764705882353,0.0,0.08823529411764706,0.029411764705882353,0.0,0.0,0.0,0.029411764705882353,0.0,0.0,0.08823529411764706,0.0,0.0,0.0,0.0,0.0,0.029411764705882353,0.0,0.0,0.0,0.0
1002,0.0,0.0,0.0,0.0,0.0,0.0,0.0,0.0,0.0,0.0,0.0,0.0,0.0,0.8928571428571429,0.0,0.0,0.0,0.03571428571428571,0.0,0.0,0.0,0.0,0.0,0.03571428571428571,0.0,0.0,0.0,0.0,0.0,0.0,0.0,0.0,0.03571428571428571,0.0,0.0,0.0,0.0,0.0,0.0
1003,0.0,0.027777777777777776,0.027777777777777776,0.05555555555555555,0.0,0.0,0.0,0.0,0.0,0.0,0.027777777777777776,0.027777777777777776,0.0,0.027777777777777776,0.0,0.0,0.027777777777777776,0.05555555555555555,0.0,0.0,0.7222222222222222,0.0,0.0,0.0,0.0,0.0,0.0,0.0,0.0,0.0,0.0,0.0,0.0,0.0,0.0,0.0,0.0,0.0,0.0
1004,0.0,0.0,0.030303030303030304,0.06060606060606061,0.030303030303030304,0.0,0.0,0.0,0.0,0.0,0.0,0.0,0.06060606060606061,0.030303030303030304,0.7575757575757576,0.0,0.0,0.0,0.0,0.0,0.0,0.0,0.0,0.0,0.0,0.0,0.0,0.0,0.0,0.0,0.0,0.0,0.030303030303030304,0.0,0.0,0.0,0.0,0.0,0.0
1005,0.0,0.0,0.027777777777777776,0.027777777777777776,0.0,0.0,0.027777777777777776,0.0,0.0,0.027777777777777776,0.0,0.0,0.027777777777777776,0.0,0.027777777777777776,0.027777777777777776,0.0,0.0,0.0,0.0,0.0,0.027777777777777776,0.0,0.0,0.0,0.0,0.0,0.05555555555555555,0.6666666666666666,0.05555555555555555,0.0,0.0,0.0,0.0,0.0,0.0,0.0,0.0,0.0
1006,0.0,0.0,0.06666666666666667,0.0,0.0,0.0,0.0,0.06666666666666667,0.0,0.0,0.0,0.0,0.0,0.0,0.0,0.0,0.0,0.03333333333333333,0.0,0.0,0.0,0.03333333333333333,0.0,0.0,0.0,0.0,0.0,0.0,0.03333333333333333,0.0,0.0,0.06666666666666667,0.2,0.5,0.0,0.0,0.0,0.0,0.0
1007,0.0,0.07142857142857142,0.023809523809523808,0.023809523809523808,0.0,0.0,0.0,0.47619047619047616,0.047619047619047616,0.0,0.023809523809523808,0.0,0.0,0.0,0.09523809523809523,0.023809523809523808,0.0,0.0,0.023809523809523808,0.023809523809523808,0.0,0.0,0.0,0.0,0.0,0.0,0.0,0.0,0.047619047619047616,0.0,0.023809523809523808,0.047619047619047616,0.0,0.047619047619047616,0.0,0.0,0.0,0.0,0.0
1008,0.0,0.0,0.0,0.034482758620689655,0.0,0.0,0.0,0.0,0.034482758620689655,0.0,0.0,0.0,0.0,0.0,0.0,0.0,0.0,0.034482758620689655,0.0,0.0,0.8620689655172413,0.0,0.0,0.0,0.034482758620689655,0.0,0.0,0.0,0.0,0.0,0.0,0.0,0.0,0.0,0.0,0.0,0.0,0.0,0.0
1009,0.03225806451612903,0.06451612903225806,0.0,0.0,0.0,0.0,0.6451612903225806,0.06451612903225806,0.0,0.03225806451612903,0.03225806451612903,0.0,0.0,0.06451612903225806,0.0,0.0,0.0,0.0,0.0,0.0,0.0,0.0,0.0,0.0,0.0,0.0,0.0,0.0,0.0,0.06451612903225806,0.0,0.0,0.0,0.0,0.0,0.0,0.0,0.0,0.0
1010,0.0,0.0,0.02564102564102564,0.02564102564102564,0.0,0.10256410256410256,0.0,0.0,0.0,0.0,0.0,0.0,0.0,0.02564102564102564,0.02564102564102564,0.05128205128205128,0.0,0.02564102564102564,0.0,0.02564102564102564,0.0,0.0,0.02564102564102564,0.0,0.0,0.0,0.5641025641025641,0.0,0.0,0.07692307692307693,0.0,0.0,0.0,0.02564102564102564,0.0,0.0,0.0,0.0,0.0
1011,0.0,0.02702702702702703,0.0,0.0,0.0,0.0,0.05405405405405406,0.0,0.32432432432432434,0.05405405405405406,0.02702702702702703,0.0,0.0,0.0,0.0,0.16216216216216217,0.05405405405405406,0.0,0.02702702702702703,0.02702702702702703,0.13513513513513514,0.0,0.0,0.0,0.0,0.0,0.0,0.0,0.0,0.0,0.02702702702702703,0.02702702702702703,0.0,0.05405405405405406,0.0,0.0,0.0,0.0,0.0
1012,0.0,0.0,0.0,0.0,0.0,0.0,0.0,0.0,0.0,0.0,0.0,0.0,0.0,0.0,0.0,0.0,0.0,0.0,0.0,0.0,0.0,0.0,0.0,0.0,0.0,0.0,0.0,0.034482758620689655,0.0,0.0,0.034482758620689655,0.896551724137931,0.034482758620689655,0.0,0.0,0.0,0.0,0.0,0.0
1013,0.0,0.022727272727272728,0.0,0.06818181818181818,0.022727272727272728,0.0,0.022727272727272728,0.022727272727272728,0.09090909090909091,0.0,0.0,0.0,0.022727272727272728,0.0,0.0,0.0,0.022727272727272728,0.0,0.0,0.0,0.0,0.0,0.0,0.0,0.0,0.022727272727272728,0.11363636363636363,0.0,0.0,0.0,0.0,0.0,0.022727272727272728,0.5454545454545454,0.0,0.0,0.0,0.0,0.0
1014,0.0,0.16666666666666666,0.018518518518518517,0.018518518518518517,0.0,0.0,0.05555555555555555,0.018518518518518517,0.0,0.0,0.018518518518518517,0.0,0.07407407407407407,0.05555555555555555,0.0,0.0,0.0,0.018518518518518517,0.0,0.0,0.018518518518518517,0.05555555555555555,0.05555555555555555,0.0,0.0,0.2037037037037037,0.0,0.09259259259259259,0.0,0.0,0.1111111111111111,0.0,0.0,0.0,0.0,0.0,0.0,0.018518518518518517,0.0
1015,0.0,0.0,0.0,0.19444444444444445,0.0,0.0,0.0,0.027777777777777776,0.0,0.027777777777777776,0.0,0.0,0.0,0.05555555555555555,0.027777777777777776,0.027777777777777776,0.0,0.027777777777777776,0.0,0.027777777777777776,0.0,0.0,0.0,0.0,0.0,0.0,0.0,0.0,0.5,0.05555555555555555,0.0,0.0,0.0,0.027777777777777776,0.0,0.0,0.0,0.0,0.0
1016,0.0,0.08571428571428572,0.17142857142857143,0.05714285714285714,0.0,0.0,0.0,0.0,0.0,0.0,0.0,0.0,0.0,0.0,0.0,0.0,0.0,0.0,0.0,0.0,0.0,0.02857142857142857,0.0,0.0,0.0,0.0,0.05714285714285714,0.5142857142857142,0.0,0.0,0.02857142857142857,0.02857142857142857,0.0,0.0,0.02857142857142857,0.0,0.0,0.0,0.0
1017,0.0,0.0,0.0,0.0,0.0,0.03225806451612903,0.0,0.03225806451612903,0.03225806451612903,0.0,0.0,0.0,0.0,0.0,0.0,0.03225806451612903,0.0,0.0,0.7741935483870968,0.06451612903225806,0.0,0.0,0.0,0.0,0.0,0.0,0.03225806451612903,0.0,0.0,0.0,0.0,0.0,0.0,0.0,0.0,0.0,0.0,0.0,0.0
1018,0.0,0.0,0.0,0.02702702702702703,0.0,0.0,0.0,0.0,0.0,0.0,0.1891891891891892,0.0,0.0,0.0,0.0,0.02702702702702703,0.0,0.02702702702702703,0.0,0.0,0.0,0.0,0.0,0.02702702702702703,0.0,0.6756756756756757,0.02702702702702703,0.0,0.0,0.0,0.0,0.0,0.0,0.0,0.0,0.0,0.0,0.0,0.0
1019,0.0,0.0,0.0,0.0,0.0,0.0,0.0,0.0,0.0,0.0,0.0,0.0,0.0,0.0,0.0,0.0,0.0,0.0,0.0,0.038461538461538464,0.0,0.0,0.0,0.0,0.0,0.0,0.8846153846153846,0.07692307692307693,0.0,0.0,0.0,0.0,0.0,0.0,0.0,0.0,0.0,0.0,0.0
1020,0.0,0.0,0.0,0.0,0.0,0.0,0.034482758620689655,0.0,0.0,0.0,0.0,0.0,0.0,0.0,0.0,0.0,0.034482758620689655,0.0,0.0,0.0,0.034482758620689655,0.8275862068965517,0.0,0.0,0.034482758620689655,0.034482758620689655,0.0,0.0,0.0,0.0,0.0,0.0,0.0,0.0,0.0,0.0,0.0,0.0,0.0
1021,0.0,0.0,0.0,0.0,0.02857142857142857,0.0,0.0,0.02857142857142857,0.0,0.0,0.0,0.0,0.0,0.0,0.0,0.7142857142857143,0.0,0.0,0.02857142857142857,0.0,0.0,0.0,0.0,0.0,0.0,0.02857142857142857,0.05714285714285714,0.02857142857142857,0.0,0.0,0.0,0.0,0.0,0.08571428571428572,0.0,0.0,0.0,0.0,0.0
1022,0.0,0.04081632653061224,0.04081632653061224,0.02040816326530612,0.0,0.0,0.061224489795918366,0.02040816326530612,0.04081632653061224,0.02040816326530612,0.04081632653061224,0.04081632653061224,0.02040816326530612,0.0,0.04081632653061224,0.0,0.02040816326530612,0.02040816326530612,0.0,0.0,0.0,0.0,0.0,0.0,0.0,0.0,0.02040816326530612,0.061224489795918366,0.02040816326530612,0.0,0.02040816326530612,0.0,0.0,0.40816326530612246,0.04081632653061224,0.0,0.0,0.0,0.0
1023,0.0,0.034482758620689655,0.034482758620689655,0.0,0.0,0.0,0.0,0.0,0.0,0.0,0.0,0.0,0.0,0.0,0.0,0.0,0.034482758620689655,0.27586206896551724,0.034482758620689655,0.0,0.034482758620689655,0.0,0.0,0.4827586206896552,0.0,0.034482758620689655,0.0,0.0,0.0,0.0,0.034482758620689655,0.0,0.0,0.0,0.0,0.0,0.0,0.0,0.0
1024,0.029411764705882353,0.0,0.0,0.0,0.0,0.0,0.0,0.0,0.0,0.0,0.0,0.0,0.0,0.029411764705882353,0.0,0.14705882352941177,0.0,0.7058823529411765,0.0,0.0,0.0,0.0,0.0,0.0,0.0,0.058823529411764705,0.0,0.0,0.0,0.0,0.029411764705882353,0.0,0.0,0.0,0.0,0.0,0.0,0.0,0.0
1025,0.0,0.0,0.0,0.0,0.0,0.0,0.0,0.022727272727272728,0.0,0.022727272727272728,0.0,0.0,0.0,0.0,0.0,0.0,0.0,0.0,0.0,0.022727272727272728,0.0,0.0,0.4318181818181818,0.2727272727272727,0.09090909090909091,0.0,0.0,0.045454545454545456,0.045454545454545456,0.0,0.0,0.0,0.0,0.045454545454545456,0.0,0.0,0.0,0.0,0.0
1026,0.0,0.0,0.0,0.0,0.0,0.0,0.0,0.0,0.0,0.0,0.0,0.0,0.0,0.0,0.0,0.0,0.0,0.0,0.0,0.0,0.0,0.0,0.0,0.0,0.0,0.96,0.04,0.0,0.0,0.0,0.0,0.0,0.0,0.0,0.0,0.0,0.0,0.0,0.0
1027,0.0,0.05128205128205128,0.02564102564102564,0.02564102564102564,0.02564102564102564,0.02564102564102564,0.05128205128205128,0.0,0.0,0.02564102564102564,0.0,0.0,0.0,0.02564102564102564,0.02564102564102564,0.02564102564102564,0.0,0.0,0.0,0.02564102564102564,0.05128205128205128,0.07692307692307693,0.15384615384615385,0.02564102564102564,0.0,0.0,0.0,0.02564102564102564,0.02564102564102564,0.05128205128205128,0.07692307692307693,0.0,0.0,0.07692307692307693,0.07692307692307693,0.0,0.0,0.02564102564102564,0.0
1028,0.0,0.0,0.0,0.0,0.0,0.0,0.0,0.0,0.03571428571428571,0.0,0.0,0.0,0.0,0.0,0.03571428571428571,0.0,0.0,0.03571428571428571,0.0,0.0,0.0,0.0,0.0,0.0,0.6785714285714286,0.14285714285714285,0.0,0.07142857142857142,0.0,0.0,0.0,0.0,0.0,0.0,0.0,0.0,0.0,0.0,0.0
1029,0.0,0.625,0.0,0.03125,0.03125,0.0,0.0,0.0,0.03125,0.0,0.03125,0.0,0.0625,0.0,0.0,0.0,0.0,0.0,0.03125,0.0,0.0,0.0625,0.0,0.0,0.0,0.03125,0.0,0.0,0.0,0.03125,0.0,0.03125,0.0,0.0,0.0,0.0,0.0,0.0,0.0
1030,0.0,0.0,0.0,0.15151515151515152,0.0,0.0,0.0,0.3939393939393939,0.0,0.0,0.030303030303030304,0.0,0.0,0.030303030303030304,0.3333333333333333,0.030303030303030304,0.0,0.0,0.0,0.0,0.030303030303030304,0.0,0.0,0.0,0.0,0.0,0.0,0.0,0.0,0.0,0.0,0.0,0.0,0.0,0.0,0.0,0.0,0.0,0.0
1031,0.0,0.16666666666666666,0.43333333333333335,0.0,0.06666666666666667,0.0,0.0,0.0,0.0,0.0,0.03333333333333333,0.0,0.0,0.1,0.03333333333333333,0.03333333333333333,0.0,0.0,0.0,0.0,0.03333333333333333,0.03333333333333333,0.0,0.0,0.03333333333333333,0.0,0.0,0.0,0.0,0.0,0.0,0.0,0.03333333333333333,0.0,0.0,0.0,0.0,0.0,0.0
1032,0.0,0.0,0.0,0.034482758620689655,0.0,0.034482758620689655,0.06896551724137931,0.0,0.0,0.0,0.0,0.0,0.0,0.034482758620689655,0.3103448275862069,0.10344827586206896,0.0,0.0,0.06896551724137931,0.0,0.0,0.0,0.0,0.0,0.0,0.034482758620689655,0.034482758620689655,0.27586206896551724,0.0,0.0,0.0,0.0,0.0,0.0,0.0,0.0,0.0,0.0,0.0
1033,0.0,0.03125,0.03125,0.03125,0.0,0.0,0.0,0.0,0.0,0.0,0.0625,0.0,0.0,0.0,0.0,0.0,0.0,0.0,0.03125,0.0,0.1875,0.0,0.59375,0.0,0.0,0.0,0.0,0.0,0.0,0.0,0.0,0.0,0.03125,0.0,0.0,0.0,0.0,0.0,0.0
1034,0.0,0.0,0.0,0.0,0.0,0.0,0.0,0.0,0.36666666666666664,0.0,0.0,0.03333333333333333,0.0,0.0,0.03333333333333333,0.0,0.0,0.03333333333333333,0.13333333333333333,0.3333333333333333,0.0,0.0,0.0,0.03333333333333333,0.0,0.0,0.0,0.0,0.0,0.0,0.03333333333333333,0.0,0.0,0.0,0.0,0.0,0.0,0.0,0.0
1035,0.0,0.0,0.7777777777777778,0.037037037037037035,0.0,0.0,0.037037037037037035,0.0,0.0,0.0,0.0,0.037037037037037035,0.0,0.0,0.0,0.0,0.0,0.0,0.037037037037037035,0.0,0.0,0.0,0.0,0.0,0.037037037037037035,0.0,0.0,0.0,0.0,0.0,0.0,0.0,0.037037037037037035,0.0,0.0,0.0,0.0,0.0,0.0
1036,0.029411764705882353,0.11764705882352941,0.058823529411764705,0.47058823529411764,0.0,0.0,0.058823529411764705,0.0,0.0,0.029411764705882353,0.0,0.14705882352941177,0.0,0.0,0.029411764705882353,0.0,0.0,0.0,0.0,0.0,0.029411764705882353,0.0,0.0,0.0,0.029411764705882353,0.0,0.0,0.0,0.0,0.0,0.0,0.0,0.0,0.0,0.0,0.0,0.0,0.0,0.0
1037,0.08108108108108109,0.0,0.0,0.02702702702702703,0.02702702702702703,0.02702702702702703,0.08108108108108109,0.0,0.0,0.0,0.0,0.02702702702702703,0.0,0.02702702702702703,0.0,0.0,0.0,0.05405405405405406,0.02702702702702703,0.0,0.0,0.0,0.0,0.13513513513513514,0.0,0.0,0.0,0.0,0.0,0.02702702702702703,0.02702702702702703,0.0,0.02702702702702703,0.40540540540540543,0.0,0.0,0.0,0.0,0.0
1038,0.0,0.0,0.0,0.023255813953488372,0.0,0.06976744186046512,0.023255813953488372,0.023255813953488372,0.0,0.046511627906976744,0.0,0.0,0.0,0.20930232558139536,0.11627906976744186,0.0,0.023255813953488372,0.0,0.023255813953488372,0.2558139534883721,0.0,0.0,0.0,0.0,0.0,0.0,0.0,0.0,0.023255813953488372,0.0,0.023255813953488372,0.06976744186046512,0.0,0.06976744186046512,0.0,0.0,0.0,0.0,0.0
1039,0.0,0.0,0.0,0.0,0.0,0.0,0.0,0.0,0.0,0.0,0.0,0.0,0.0,0.0,0.0,0.0,0.0,0.0,0.037037037037037035,0.037037037037037035,0.5925925925925926,0.0,0.037037037037037035,0.0,0.0,0.0,0.0,0.037037037037037035,0.14814814814814814,0.07407407407407407,0.037037037037037035,0.0,0.0,0.0,0.0,0.0,0.0,0.0,0.0
1040,0.0,0.0,0.0,0.07142857142857142,0.0,0.0,0.07142857142857142,0.0,0.0,0.0,0.7142857142857143,0.03571428571428571,0.03571428571428571,0.0,0.0,0.0,0.0,0.0,0.0,0.0,0.0,0.0,0.0,0.0,0.0,0.0,0.03571428571428571,0.0,0.03571428571428571,0.0,0.0,0.0,0.0,0.0,0.0,0.0,0.0,0.0,0.0
1041,0.0,0.024390243902439025,0.5121951219512195,0.04878048780487805,0.0,0.0,0.024390243902439025,0.024390243902439025,0.0,0.0,0.024390243902439025,0.024390243902439025,0.0,0.0975609756097561,0.024390243902439025,0.0,0.0,0.0,0.0,0.024390243902439025,0.024390243902439025,0.0,0.0,0.024390243902439025,0.0,0.0,0.04878048780487805,0.0,0.0,0.024390243902439025,0.024390243902439025,0.0,0.0,0.0,0.024390243902439025,0.0,0.0,0.0,0.0
1042,0.0,0.03125,0.03125,0.0,0.03125,0.0,0.0625,0.0,0.21875,0.0,0.21875,0.0,0.0,0.0,0.0,0.125,0.0625,0.0625,0.03125,0.0,0.0,0.0,0.0,0.0,0.03125,0.0,0.0,0.03125,0.0,0.0625,0.0,0.0,0.0,0.0,0.0,0.0,0.0,0.0,0.0
1043,0.0,0.0,0.030303030303030304,0.0,0.0,0.030303030303030304,0.0,0.8484848484848485,0.0,0.0,0.0,0.0,0.0,0.0,0.030303030303030304,0.030303030303030304,0.0,0.0,0.0,0.0,0.0,0.0,0.0,0.0,0.0,0.0,0.0,0.0,0.0,0.0,0.0,0.0,0.0,0.030303030303030304,0.0,0.0,0.0,0.0,0.0
1044,0.0,0.0,0.0,0.0,0.8846153846153846,0.038461538461538464,0.0,0.0,0.0,0.0,0.0,0.0,0.0,0.038461538461538464,0.0,0.0,0.0,0.038461538461538464,0.0,0.0,0.0,0.0,0.0,0.0,0.0,0.0,0.0,0.0,0.0,0.0,0.0,0.0,0.0,0.0,0.0,0.0,0.0,0.0,0.0
1045,0.0,0.0,0.0,0.0,0.0,0.0,0.0,0.05,0.05,0.575,0.0,0.0,0.0,0.0,0.0,0.0,0.025,0.05,0.0,0.025,0.025,0.05,0.05,0.0,0.0,0.0,0.075,0.0,0.0,0.025,0.0,0.0,0.0,0.0,0.0,0.0,0.0,0.0,0.0
1046,0.0,0.02857142857142857,0.45714285714285713,0.0,0.0,0.02857142857142857,0.0,0.0,0.0,0.34285714285714286,0.0,0.0,0.0,0.0,0.05714285714285714,0.0,0.0,0.0,0.0,0.0,0.0,0.0,0.0,0.0,0.0,0.0,0.0,0.05714285714285714,0.02857142857142857,0.0,0.0,0.0,0.0,0.0,0.0,0.0,0.0,0.0,0.0
1047,0.0,0.0625,0.0,0.03125,0.0,0.0,0.0,0.03125,0.03125,0.125,0.0,0.0,0.0,0.25,0.0625,0.0,0.0,0.0,0.15625,0.0,0.0,0.0,0.0625,0.0,0.0,0.15625,0.0,0.0,0.03125,0.0,0.0,0.0,0.0,0.0,0.0,0.0,0.0,0.0,0.0
1048,0.0,0.0,0.0,0.19230769230769232,0.0,0.0,0.0,0.46153846153846156,0.0,0.0,0.19230769230769232,0.038461538461538464,0.0,0.038461538461538464,0.038461538461538464,0.0,0.0,0.0,0.0,0.0,0.0,0.0,0.0,0.0,0.0,0.0,0.0,0.0,0.0,0.038461538461538464,0.0,0.0,0.0,0.0,0.0,0.0,0.0,0.0,0.0
1049,0.0,0.0,0.18181818181818182,0.0,0.0,0.0,0.06060606060606061,0.0,0.0,0.0,0.0,0.0,0.0,0.0,0.0,0.0,0.6666666666666666,0.0,0.0,0.0,0.0,0.0,0.0,0.0,0.0,0.0,0.0,0.030303030303030304,0.030303030303030304,0.0,0.0,0.0,0.0,0.030303030303030304,0.0,0.0,0.0,0.0,0.0
1050,0.0,0.3125,0.03125,0.0,0.0,0.0,0.125,0.0,0.0,0.0,0.03125,0.0,0.0,0.0,0.0,0.03125,0.0,0.0625,0.0,0.03125,0.0,0.0,0.0,0.0,0.03125,0.125,0.0,0.0,0.03125,0.03125,0.0,0.0,0.0,0.0,0.0,0.125,0.0,0.03125,0.0
1051,0.0,0.0,0.0,0.0,0.0,0.034482758620689655,0.3793103448275862,0.034482758620689655,0.0,0.034482758620689655,0.0,0.0,0.0,0.0,0.0,0.3103448275862069,0.0,0.0,0.034482758620689655,0.0,0.0,0.0,0.0,0.0,0.0,0.06896551724137931,0.0,0.06896551724137931,0.034482758620689655,0.0,0.0,0.0,0.0,0.0,0.0,0.0,0.0,0.0,0.0
1052,0.0,0.05263157894736842,0.0,0.02631578947368421,0.02631578947368421,0.02631578947368421,0.0,0.0,0.0,0.02631578947368421,0.0,0.02631578947368421,0.0,0.02631578947368421,0.02631578947368421,0.02631578947368421,0.0,0.0,0.02631578947368421,0.0,0.02631578947368421,0.0,0.0,0.02631578947368421,0.0,0.07894736842105263,0.0,0.02631578947368421,0.02631578947368421,0.0,0.3157894736842105,0.13157894736842105,0.02631578947368421,0.0,0.05263157894736842,0.0,0.0,0.0,0.0
1053,0.0,0.0,0.0,0.0,0.0,0.0,0.0,0.0,0.0,0.0,0.0,0.0,0.0,0.0,0.0,0.3333333333333333,0.0,0.0,0.0,0.0,0.0,0.625,0.0,0.0,0.0,0.0,0.0,0.0,0.041666666666666664,0.0,0.0,0.0,0.0,0.0,0.0,0.0,0.0,0.0,0.0
1054,0.0,0.0,0.0,0.0,0.0,0.0,0.0,0.0,0.0,0.0,0.0,0.0,0.0,0.0,0.0,0.0,0.0,0.0,0.0,0.0,0.0,0.04,0.0,0.0,0.0,0.0,0.0,0.0,0.0,0.0,0.0,0.96,0.0,0.0,0.0,0.0,0.0,0.0,0.0
1055,0.0,0.14285714285714285,0.03571428571428571,0.0,0.0,0.0,0.0,0.0,0.0,0.0,0.0,0.0,0.0,0.0,0.32142857142857145,0.0,0.0,0.0,0.0,0.0,0.0,0.0,0.0,0.03571428571428571,0.03571428571428571,0.32142857142857145,0.03571428571428571,0.0,0.0,0.0,0.03571428571428571,0.03571428571428571,0.0,0.0,0.0,0.0,0.0,0.0,0.0
1056,0.0,0.04,0.0,0.44,0.0,0.0,0.0,0.48,0.0,0.0,0.0,0.04,0.0,0.0,0.0,0.0,0.0,0.0,0.0,0.0,0.0,0.0,0.0,0.0,0.0,0.0,0.0,0.0,0.0,0.0,0.0,0.0,0.0,0.0,0.0,0.0,0.0,0.0,0.0
1057,0.0,0.0,0.0,0.0,0.0,0.0,0.0,0.0,0.0,0.0,0.0,0.0,0.0,0.0,0.0,0.0,0.0,0.0,0.0,0.0,0.0,0.25,0.0,0.0,0.0,0.0,0.0,0.0,0.0,0.75,0.0,0.0,0.0,0.0,0.0,0.0,0.0,0.0,0.0
1058,0.0,0.01818181818181818,0.01818181818181818,0.03636363636363636,0.09090909090909091,0.0,0.03636363636363636,0.0,0.05454545454545454,0.01818181818181818,0.01818181818181818,0.0,0.0,0.07272727272727272,0.0,0.0,0.01818181818181818,0.01818181818181818,0.0,0.0,0.01818181818181818,0.0,0.0,0.0,0.01818181818181818,0.05454545454545454,0.03636363636363636,0.0,0.05454545454545454,0.01818181818181818,0.36363636363636365,0.0,0.0,0.03636363636363636,0.0,0.0,0.0,0.0,0.0
1059,0.0,0.0,0.0,0.03333333333333333,0.0,0.43333333333333335,0.0,0.0,0.2,0.0,0.0,0.0,0.0,0.1,0.03333333333333333,0.03333333333333333,0.0,0.0,0.03333333333333333,0.06666666666666667,0.0,0.03333333333333333,0.0,0.0,0.0,0.0,0.0,0.0,0.0,0.0,0.03333333333333333,0.0,0.0,0.0,0.0,0.0,0.0,0.0,0.0
1060,0.0,0.0,0.0,0.04,0.0,0.0,0.0,0.0,0.0,0.2,0.0,0.0,0.0,0.0,0.0,0.0,0.0,0.08,0.0,0.0,0.0,0.2,0.16,0.0,0.0,0.0,0.0,0.0,0.0,0.16,0.0,0.0,0.0,0.16,0.0,0.0,0.0,0.0,0.0
1061,0.0,0.9583333333333334,0.041666666666666664,0.0,0.0,0.0,0.0,0.0,0.0,0.0,0.0,0.0,0.0,0.0,0.0,0.0,0.0,0.0,0.0,0.0,0.0,0.0,0.0,0.0,0.0,0.0,0.0,0.0,0.0,0.0,0.0,0.0,0.0,0.0,0.0,0.0,0.0,0.0,0.0
1062,0.0,0.034482758620689655,0.0,0.0,0.0,0.06896551724137931,0.034482758620689655,0.0,0.0,0.0,0.0,0.0,0.0,0.0,0.0,0.0,0.034482758620689655,0.0,0.0,0.0,0.0,0.0,0.0,0.0,0.0,0.0,0.4827586206896552,0.3448275862068966,0.0,0.0,0.0,0.0,0.0,0.0,0.0,0.0,0.0,0.0,0.0
1063,0.0,0.0,0.0,0.0,0.0,0.0,0.0,0.0,0.96,0.0,0.0,0.0,0.0,0.0,0.0,0.0,0.0,0.0,0.0,0.0,0.0,0.0,0.0,0.0,0.0,0.04,0.0,0.0,0.0,0.0,0.0,0.0,0.0,0.0,0.0,0.0,0.0,0.0,0.0
1064,0.0,0.0,0.0,0.0,0.0,0.038461538461538464,0.0,0.9230769230769231,0.0,0.0,0.0,0.0,0.0,0.0,0.0,0.0,0.0,0.038461538461538464,0.0,0.0,0.0,0.0,0.0,0.0,0.0,0.0,0.0,0.0,0.0,0.0,0.0,0.0,0.0,0.0,0.0,0.0,0.0,0.0,0.0
1065,0.0,0.0,0.1935483870967742,0.0,0.03225806451612903,0.0,0.0,0.12903225806451613,0.0,0.0,0.0,0.0,0.03225806451612903,0.03225806451612903,0.0,0.0,0.0,0.0,0.25806451612903225,0.0,0.0,0.03225806451612903,0.0,0.0,0.0,0.0,0.22580645161290322,0.0,0.03225806451612903,0.0,0.0,0.0,0.0,0.03225806451612903,0.0,0.0,0.0,0.0,0.0
1066,0.0,0.0,0.0,0.019230769230769232,0.0,0.0,0.0,0.5,0.0,0.0,0.0,0.0,0.0,0.11538461538461539,0.0,0.0,0.0,0.057692307692307696,0.019230769230769232,0.019230769230769232,0.0,0.038461538461538464,0.0,0.038461538461538464,0.057692307692307696,0.0,0.0,0.0,0.019230769230769232,0.0,0.038461538461538464,0.0,0.019230769230769232,0.038461538461538464,0.0,0.019230769230769232,0.0,0.0,0.0
1067,0.0,0.3939393939393939,0.45454545454545453,0.0,0.0,0.0,0.0,0.030303030303030304,0.0,0.0,0.0,0.030303030303030304,0.0,0.0,0.0,0.0,0.0,0.030303030303030304,0.0,0.0,0.0,0.0,0.0,0.0,0.0,0.0,0.0,0.0,0.0,0.0,0.0,0.06060606060606061,0.0,0.0,0.0,0.0,0.0,0.0,0.0
1068,0.0,0.0,0.0,0.08,0.0,0.0,0.0,0.0,0.0,0.0,0.0,0.0,0.0,0.0,0.0,0.0,0.84,0.0,0.04,0.0,0.0,0.0,0.0,0.0,0.0,0.0,0.0,0.0,0.0,0.0,0.04,0.0,0.0,0.0,0.0,0.0,0.0,0.0,0.0
1069,0.0,0.0,0.0,0.029411764705882353,0.029411764705882353,0.0,0.029411764705882353,0.0,0.029411764705882353,0.0,0.7058823529411765,0.0,0.0,0.0,0.0,0.0,0.0,0.0,0.0,0.0,0.058823529411764705,0.0,0.0,0.0,0.0,0.029411764705882353,0.0,0.058823529411764705,0.029411764705882353,0.0,0.0,0.0,0.0,0.0,0.0,0.0,0.0,0.0,0.0
1070,0.7058823529411765,0.0,0.0,0.0,0.0,0.0,0.0,0.0,0.0,0.0,0.029411764705882353,0.058823529411764705,0.0,0.0,0.0,0.0,0.0,0.058823529411764705,0.0,0.0,0.0,0.0,0.0,0.0,0.0,0.0,0.0,0.0,0.058823529411764705,0.058823529411764705,0.0,0.0,0.029411764705882353,0.0,0.0,0.0,0.0,0.0,0.0
1071,0.0,0.02040816326530612,0.0,0.0,0.0,0.0,0.02040816326530612,0.0,0.0,0.0,0.0,0.0,0.16326530612244897,0.24489795918367346,0.0,0.0,0.0,0.04081632653061224,0.0,0.0,0.0,0.0,0.0,0.0,0.20408163265306123,0.02040816326530612,0.0,0.08163265306122448,0.0,0.02040816326530612,0.0,0.08163265306122448,0.04081632653061224,0.061224489795918366,0.0,0.0,0.0,0.0,0.0
1072,0.0,0.0,0.0,0.0,0.0,0.02857142857142857,0.02857142857142857,0.0,0.0,0.0,0.0,0.0,0.0,0.02857142857142857,0.0,0.0,0.0,0.0,0.02857142857142857,0.0,0.0,0.02857142857142857,0.0,0.0,0.0,0.0,0.02857142857142857,0.08571428571428572,0.05714285714285714,0.0,0.6285714285714286,0.02857142857142857,0.0,0.02857142857142857,0.0,0.0,0.0,0.0,0.0
1073,0.0,0.0,0.0,0.027777777777777776,0.027777777777777776,0.0,0.0,0.0,0.0,0.0,0.0,0.0,0.0,0.0,0.05555555555555555,0.1111111111111111,0.027777777777777776,0.1111111111111111,0.0,0.027777777777777776,0.0,0.0,0.0,0.0,0.0,0.027777777777777776,0.3055555555555556,0.027777777777777776,0.08333333333333333,0.027777777777777776,0.05555555555555555,0.08333333333333333,0.0,0.0,0.0,0.0,0.0,0.0,0.0
1074,0.0,0.0,0.0,0.0,0.038461538461538464,0.0,0.9230769230769231,0.0,0.0,0.0,0.0,0.0,0.0,0.0,0.0,0.0,0.0,0.0,0.0,0.0,0.0,0.0,0.0,0.0,0.0,0.0,0.0,0.0,0.0,0.038461538461538464,0.0,0.0,0.0,0.0,0.0,0.0,0.0,0.0,0.0
1075,0.0,0.07894736842105263,0.02631578947368421,0.05263157894736842,0.02631578947368421,0.02631578947368421,0.6842105263157895,0.0,0.0,0.05263157894736842,0.0,0.0,0.0,0.0,0.02631578947368421,0.0,0.0,0.0,0.0,0.0,0.0,0.0,0.0,0.0,0.0,0.0,0.0,0.0,0.0,0.0,0.0,0.0,0.02631578947368421,0.0,0.0,0.0,0.0,0.0,0.0
1076,0.0,0.0,0.0,0.030303030303030304,0.5454545454545454,0.0,0.0,0.0,0.0,0.030303030303030304,0.0,0.0,0.0,0.06060606060606061,0.030303030303030304,0.0,0.0,0.0,0.09090909090909091,0.0,0.0,0.030303030303030304,0.0,0.030303030303030304,0.0,0.0,0.0,0.0,0.0,0.0,0.0,0.0,0.06060606060606061,0.09090909090909091,0.0,0.0,0.0,0.0,0.0
1077,0.0,0.0,0.08,0.76,0.0,0.0,0.04,0.0,0.12,0.0,0.0,0.0,0.0,0.0,0.0,0.0,0.0,0.0,0.0,0.0,0.0,0.0,0.0,0.0,0.0,0.0,0.0,0.0,0.0,0.0,0.0,0.0,0.0,0.0,0.0,0.0,0.0,0.0,0.0
1078,0.0,0.030303030303030304,0.6666666666666666,0.18181818181818182,0.0,0.0,0.0,0.06060606060606061,0.0,0.0,0.0,0.0,0.0,0.0,0.0,0.0,0.0,0.0,0.0,0.0,0.030303030303030304,0.0,0.0,0.0,0.0,0.0,0.0,0.030303030303030304,0.0,0.0,0.0,0.0,0.0,0.0,0.0,0.0,0.0,0.0,0.0
1079,0.0,0.02564102564102564,0.02564102564102564,0.02564102564102564,0.05128205128205128,0.02564102564102564,0.0,0.0,0.0,0.0,0.0,0.0,0.0,0.0,0.20512820512820512,0.0,0.0,0.02564102564102564,0.02564102564102564,0.0,0.02564102564102564,0.0,0.02564102564102564,0.0,0.0,0.02564102564102564,0.1282051282051282,0.02564102564102564,0.02564102564102564,0.0,0.3333333333333333,0.0,0.0,0.0,0.0,0.0,0.0,0.0,0.0
1080,0.0,0.0,0.0,0.0,0.0,0.0,0.0,0.0,0.0,0.7666666666666667,0.0,0.0,0.0,0.0,0.0,0.03333333333333333,0.0,0.0,0.0,0.0,0.16666666666666666,0.0,0.0,0.0,0.0,0.0,0.0,0.0,0.0,0.0,0.0,0.03333333333333333,0.0,0.0,0.0,0.0,0.0,0.0,0.0
1081,0.0,0.0,0.0,0.0,0.0,0.0,0.0,0.0,0.0,0.0,0.0,0.0,0.0,0.0,0.038461538461538464,0.0,0.0,0.0,0.0,0.0,0.0,0.0,0.0,0.0,0.0,0.0,0.0,0.07692307692307693,0.0,0.8846153846153846,0.0,0.0,0.0,0.0,0.0,0.0,0.0,0.0,0.0
1082,0.0,0.0,0.0,0.023809523809523808,0.07142857142857142,0.0,0.0,0.0,0.0,0.16666666666666666,0.047619047619047616,0.0,0.0,0.023809523809523808,0.0,0.023809523809523808,0.0,0.0,0.023809523809523808,0.0,0.0,0.0,0.023809523809523808,0.0,0.0,0.0,0.023809523809523808,0.0,0.0,0.023809523809523808,0.5238095238095238,0.0,0.023809523809523808,0.0,0.0,0.0,0.0,0.0,0.0
1083,0.0,0.0,0.0,0.044444444444444446,0.4888888888888889,0.022222222222222223,0.0,0.0,0.044444444444444446,0.044444444444444446,0.0,0.022222222222222223,0.0,0.022222222222222223,0.0,0.0,0.0,0.022222222222222223,0.022222222222222223,0.08888888888888889,0.022222222222222223,0.0,0.044444444444444446,0.0,0.022222222222222223,0.022222222222222223,0.0,0.022222222222222223,0.044444444444444446,0.0,0.0,0.0,0.0,0.0,0.0,0.0,0.0,0.0,0.0
1084,0.0,0.02631578947368421,0.02631578947368421,0.0,0.0,0.0,0.02631578947368421,0.6052631578947368,0.0,0.0,0.0,0.0,0.0,0.02631578947368421,0.0,0.0,0.0,0.0,0.0,0.0,0.0,0.02631578947368421,0.0,0.0,0.02631578947368421,0.0,0.0,0.0,0.0,0.15789473684210525,0.02631578947368421,0.02631578947368421,0.0,0.02631578947368421,0.0,0.0,0.0,0.0,0.0
1085,0.0,0.0,0.03571428571428571,0.0,0.0,0.0,0.03571428571428571,0.0,0.0,0.0,0.0,0.0,0.0,0.0,0.0,0.8214285714285714,0.0,0.0,0.0,0.07142857142857142,0.0,0.0,0.0,0.0,0.0,0.0,0.0,0.0,0.0,0.0,0.03571428571428571,0.0,0.0,0.0,0.0,0.0,0.0,0.0,0.0
1086,0.0,0.0,0.0,0.0,0.0,0.0,0.0,0.027777777777777776,0.05555555555555555,0.08333333333333333,0.05555555555555555,0.0,0.0,0.0,0.0,0.0,0.027777777777777776,0.027777777777777776,0.027777777777777776,0.0,0.0,0.0,0.6388888888888888,0.0,0.0,0.027777777777777776,0.0,0.0,0.0,0.0,0.0,0.027777777777777776,0.0,0.0,0.0,0.0,0.0,0.0,0.0
1087,0.0,0.0,0.03125,0.0,0.03125,0.0,0.0,0.0,0.0,0.0,0.71875,0.0625,0.0,0.0,0.0,0.0,0.0,0.0,0.0,0.0,0.0,0.0,0.0,0.0,0.0,0.0,0.0,0.0,0.0,0.0,0.0,0.09375,0.0,0.0625,0.0,0.0,0.0,0.0,0.0
1088,0.0,0.05405405405405406,0.02702702702702703,0.0,0.0,0.02702702702702703,0.02702702702702703,0.0,0.0,0.02702702702702703,0.02702702702702703,0.0,0.0,0.0,0.0,0.02702702702702703,0.0,0.0,0.0,0.0,0.6486486486486487,0.05405405405405406,0.02702702702702703,0.0,0.0,0.0,0.0,0.0,0.0,0.0,0.02702702702702703,0.02702702702702703,0.0,0.0,0.0,0.0,0.0,0.0,0.0
1089,0.0,0.0,0.0,0.0,0.0,0.038461538461538464,0.0,0.8461538461538461,0.0,0.0,0.0,0.0,0.0,0.0,0.0,0.0,0.0,0.0,0.0,0.0,0.038461538461538464,0.0,0.0,0.0,0.0,0.0,0.0,0.0,0.0,0.0,0.038461538461538464,0.0,0.038461538461538464,0.0,0.0,0.0,0.0,0.0,0.0
1090,0.0,0.014925373134328358,0.05970149253731343,0.014925373134328358,0.029850746268656716,0.0,0.0,0.0,0.0,0.0,0.0,0.0,0.0,0.0,0.0,0.0,0.014925373134328358,0.0,0.0,0.0,0.0,0.0,0.0,0.0,0.0,0.7164179104477612,0.08955223880597014,0.05970149253731343,0.0,0.0,0.0,0.0,0.0,0.0,0.0,0.0,0.0,0.0,0.0
1091,0.0,0.0,0.025,0.0,0.0,0.025,0.0,0.0,0.0,0.0,0.0,0.0,0.0,0.0,0.0,0.025,0.025,0.025,0.0,0.0,0.0,0.0,0.0,0.0,0.0,0.0,0.0,0.025,0.075,0.025,0.0,0.0,0.0,0.75,0.0,0.0,0.0,0.0,0.0
1092,0.0,0.0,0.0,0.0,0.0,0.0,0.0,0.7307692307692307,0.0,0.038461538461538464,0.0,0.0,0.0,0.15384615384615385,0.0,0.038461538461538464,0.0,0.0,0.0,0.0,0.0,0.0,0.0,0.038461538461538464,0.0,0.0,0.0,0.0,0.0,0.0,0.0,0.0,0.0,0.0,0.0,0.0,0.0,0.0,0.0
1093,0.0,0.0,0.0,0.03571428571428571,0.0,0.0,0.0,0.0,0.0,0.0,0.0,0.0,0.0,0.0,0.0,0.0,0.7142857142857143,0.0,0.10714285714285714,0.03571428571428571,0.0,0.0,0.0,0.0,0.0,0.03571428571428571,0.0,0.03571428571428571,0.03571428571428571,0.0,0.0,0.0,0.0,0.0,0.0,0.0,0.0,0.0,0.0
1094,0.0,0.06896551724137931,0.5172413793103449,0.20689655172413793,0.06896551724137931,0.0,0.0,0.0,0.034482758620689655,0.034482758620689655,0.0,0.0,0.0,0.0,0.0,0.0,0.0,0.0,0.0,0.0,0.0,0.0,0.0,0.0,0.034482758620689655,0.0,0.0,0.034482758620689655,0.0,0.0,0.0,0.0,0.0,0.0,0.0,0.0,0.0,0.0,0.0
1095,0.0,0.0,0.5652173913043478,0.21739130434782608,0.0,0.0,0.0,0.0,0.043478260869565216,0.0,0.0,0.0,0.0,0.0,0.0,0.0,0.0,0.0,0.0,0.0,0.0,0.043478260869565216,0.08695652173913043,0.0,0.0,0.0,0.0,0.0,0.043478260869565216,0.0,0.0,0.0,0.0,0.0,0.0,0.0,0.0,0.0,0.0
1096,0.0,0.0,0.0,0.0,0.0,0.0,0.0,0.0,0.0,0.0,0.0,0.0,0.0,0.0,0.0,0.0,0.0,0.0,0.0,0.0,0.0,0.0,0.0,0.0,0.0,0.0,0.0,0.0,0.0,0.0,0.0,0.0,0.0,1.0,0.0,0.0,0.0,0.0,0.0
1097,0.03225806451612903,0.6774193548387096,0.0,0.0,0.0,0.0,0.03225806451612903,0.0,0.0,0.0,0.0,0.0,0.03225806451612903,0.0967741935483871,0.0,0.0,0.0,0.03225806451612903,0.0,0.0,0.0,0.0,0.0,0.0,0.0,0.0,0.0,0.0,0.0,0.0,0.0,0.0,0.0967741935483871,0.0,0.0,0.0,0.0,0.0,0.0
1098,0.0,0.0,0.0,0.023809523809523808,0.0,0.0,0.0,0.0,0.0,0.023809523809523808,0.0,0.0,0.0,0.0,0.0,0.0,0.0,0.0,0.0,0.0,0.047619047619047616,0.047619047619047616,0.0,0.0,0.0,0.0,0.0,0.0,0.0,0.0,0.2857142857142857,0.023809523809523808,0.5238095238095238,0.023809523809523808,0.0,0.0,0.0,0.0,0.0
1099,0.0,0.0,0.0,0.0,0.04,0.0,0.0,0.0,0.04,0.0,0.0,0.0,0.0,0.0,0.0,0.0,0.0,0.0,0.0,0.0,0.0,0.0,0.0,0.0,0.84,0.0,0.04,0.04,0.0,0.0,0.0,0.0,0.0,0.0,0.0,0.0,0.0,0.0,0.0
1100,0.0,0.0,0.09375,0.0,0.21875,0.0,0.0,0.375,0.0,0.0,0.0,0.0,0.0,0.0,0.1875,0.0,0.0,0.0,0.03125,0.0,0.0,0.0625,0.0,0.0,0.0,0.03125,0.0,0.0,0.0,0.0,0.0,0.0,0.0,0.0,0.0,0.0,0.0,0.0,0.0
1101,0.0,0.0,0.0,0.0,0.02702702702702703,0.02702702702702703,0.0,0.05405405405405406,0.0,0.0,0.0,0.02702702702702703,0.0,0.0,0.5675675675675675,0.0,0.0,0.02702702702702703,0.10810810810810811,0.0,0.0,0.0,0.0,0.02702702702702703,0.0,0.05405405405405406,0.0,0.0,0.05405405405405406,0.02702702702702703,0.0,0.0,0.0,0.0,0.0,0.0,0.0,0.0,0.0
1102,0.0,0.0,0.0,0.0,0.0,0.0,0.0,0.0,0.0,0.0,0.037037037037037035,0.0,0.0,0.037037037037037035,0.0,0.0,0.037037037037037035,0.0,0.0,0.0,0.0,0.037037037037037035,0.037037037037037035,0.037037037037037035,0.0,0.7407407407407407,0.0,0.037037037037037035,0.0,0.0,0.0,0.0,0.0,0.0,0.0,0.0,0.0,0.0,0.0
1103,0.0,0.0,0.92,0.0,0.0,0.0,0.04,0.0,0.0,0.0,0.0,0.0,0.0,0.0,0.0,0.0,0.0,0.0,0.0,0.0,0.0,0.0,0.0,0.0,0.0,0.0,0.0,0.0,0.0,0.04,0.0,0.0,0.0,0.0,0.0,0.0,0.0,0.0,0.0
1104,0.0,0.0,0.0625,0.0,0.0,0.0,0.0,0.0,0.0,0.03125,0.0,0.0,0.0,0.0,0.0,0.0,0.0,0.0625,0.03125,0.71875,0.0,0.0,0.0,0.0,0.0,0.0,0.03125,0.0,0.0625,0.0,0.0,0.0,0.0,0.0,0.0,0.0,0.0,0.0,0.0
1105,0.037037037037037035,0.0,0.0,0.07407407407407407,0.0,0.0,0.0,0.037037037037037035,0.07407407407407407,0.07407407407407407,0.0,0.0,0.0,0.0,0.0,0.0,0.0,0.037037037037037035,0.07407407407407407,0.0,0.3333333333333333,0.037037037037037035,0.0,0.0,0.0,0.037037037037037035,0.1111111111111111,0.0,0.0,0.0,0.037037037037037035,0.0,0.037037037037037035,0.0,0.0,0.0,0.0,0.0,0.0
1106,0.0,0.13157894736842105,0.05263157894736842,0.18421052631578946,0.21052631578947367,0.02631578947368421,0.0,0.21052631578947367,0.02631578947368421,0.02631578947368421,0.02631578947368421,0.02631578947368421,0.0,0.0,0.0,0.0,0.0,0.0,0.0,0.05263157894736842,0.0,0.0,0.0,0.0,0.0,0.0,0.02631578947368421,0.0,0.0,0.0,0.0,0.0,0.0,0.0,0.0,0.0,0.0,0.0,0.0
1107,0.0,0.10714285714285714,0.0,0.03571428571428571,0.03571428571428571,0.0,0.0,0.0,0.0,0.0,0.0,0.0,0.2857142857142857,0.0,0.0,0.0,0.0,0.25,0.0,0.0,0.0,0.0,0.21428571428571427,0.0,0.03571428571428571,0.0,0.0,0.0,0.0,0.0,0.0,0.0,0.0,0.03571428571428571,0.0,0.0,0.0,0.0,0.0
1108,0.0,0.04081632653061224,0.32653061224489793,0.0,0.0,0.02040816326530612,0.0,0.02040816326530612,0.02040816326530612,0.02040816326530612,0.0,0.0,0.0,0.0,0.02040816326530612,0.02040816326530612,0.0,0.10204081632653061,0.0,0.0,0.0,0.02040816326530612,0.0,0.0,0.0,0.0,0.02040816326530612,0.24489795918367346,0.02040816326530612,0.061224489795918366,0.0,0.04081632653061224,0.0,0.0,0.0,0.0,0.0,0.0,0.0
1109,0.0,0.0,0.02631578947368421,0.18421052631578946,0.0,0.07894736842105263,0.0,0.0,0.0,0.0,0.0,0.0,0.0,0.02631578947368421,0.0,0.0,0.02631578947368421,0.0,0.02631578947368421,0.0,0.0,0.0,0.0,0.0,0.0,0.02631578947368421,0.02631578947368421,0.5263157894736842,0.0,0.0,0.0,0.02631578947368421,0.0,0.02631578947368421,0.0,0.0,0.0,0.0,0.0
1110,0.0,0.020833333333333332,0.020833333333333332,0.020833333333333332,0.0,0.020833333333333332,0.020833333333333332,0.0,0.0,0.020833333333333332,0.0,0.020833333333333332,0.041666666666666664,0.0,0.0,0.0,0.0,0.4791666666666667,0.020833333333333332,0.0,0.041666666666666664,0.020833333333333332,0.0,0.0,0.041666666666666664,0.0,0.041666666666666664,0.0,0.0,0.0,0.10416666666666667,0.020833333333333332,0.020833333333333332,0.020833333333333332,0.0,0.0,0.0,0.0,0.0
1111,0.0,0.11538461538461539,0.07692307692307693,0.0,0.0,0.0,0.5384615384615384,0.0,0.0,0.0,0.0,0.0,0.038461538461538464,0.0,0.0,0.0,0.0,0.0,0.0,0.0,0.0,0.0,0.0,0.0,0.0,0.15384615384615385,0.07692307692307693,0.0,0.0,0.0,0.0,0.0,0.0,0.0,0.0,0.0,0.0,0.0,0.0
1112,0.0,0.3333333333333333,0.0,0.041666666666666664,0.4583333333333333,0.0,0.0,0.0,0.0,0.0,0.0,0.0,0.0,0.0,0.0,0.0,0.0,0.0,0.0,0.041666666666666664,0.0,0.0,0.0,0.0,0.0,0.0,0.041666666666666664,0.0,0.041666666666666664,0.0,0.0,0.0,0.041666666666666664,0.0,0.0,0.0,0.0,0.0,0.0
1113,0.27586206896551724,0.06896551724137931,0.0,0.034482758620689655,0.0,0.0,0.0,0.0,0.0,0.0,0.0,0.034482758620689655,0.0,0.0,0.0,0.0,0.0,0.0,0.0,0.0,0.0,0.0,0.0,0.0,0.0,0.0,0.0,0.0,0.06896551724137931,0.0,0.034482758620689655,0.10344827586206896,0.3793103448275862,0.0,0.0,0.0,0.0,0.0,0.0
1114,0.0,0.0,0.9310344827586207,0.0,0.0,0.0,0.0,0.0,0.0,0.0,0.0,0.0,0.0,0.0,0.0,0.034482758620689655,0.0,0.0,0.0,0.0,0.0,0.0,0.0,0.0,0.0,0.0,0.0,0.0,0.0,0.0,0.0,0.0,0.0,0.034482758620689655,0.0,0.0,0.0,0.0,0.0
1115,0.0,0.0,0.0,0.0,0.0,0.6875,0.0,0.03125,0.0,0.0,0.0,0.0,0.03125,0.0,0.0,0.0625,0.0,0.0,0.0,0.0,0.0,0.03125,0.03125,0.03125,0.0,0.0,0.03125,0.0,0.0,0.0,0.0,0.0,0.0,0.03125,0.03125,0.0,0.0,0.0,0.0
1116,0.0,0.0,0.0,0.0,0.029411764705882353,0.0,0.029411764705882353,0.0,0.058823529411764705,0.5588235294117647,0.0,0.0,0.0,0.0,0.0,0.0,0.0,0.0,0.029411764705882353,0.0,0.0,0.0,0.0,0.0,0.0,0.0,0.0,0.029411764705882353,0.0,0.23529411764705882,0.0,0.0,0.0,0.0,0.029411764705882353,0.0,0.0,0.0,0.0
1117,0.0,0.0,0.0,0.0,0.0,0.08333333333333333,0.0,0.0,0.0,0.0,0.5,0.0,0.0,0.0,0.0,0.0,0.0,0.3333333333333333,0.0,0.0,0.0,0.0,0.0,0.0,0.0,0.0,0.0,0.0,0.0,0.0,0.041666666666666664,0.0,0.0,0.0,0.041666666666666664,0.0,0.0,0.0,0.0
1118,0.0,0.0,0.034482758620689655,0.7241379310344828,0.13793103448275862,0.0,0.034482758620689655,0.0,0.0,0.0,0.0,0.0,0.034482758620689655,0.0,0.0,0.0,0.0,0.034482758620689655,0.0,0.0,0.0,0.0,0.0,0.0,0.0,0.0,0.0,0.0,0.0,0.0,0.0,0.0,0.0,0.0,0.0,0.0,0.0,0.0,0.0
1119,0.0,0.0,0.0,0.0,0.0,0.0,0.0,0.0,0.0,0.0,0.0,0.0,0.0,0.0,0.0,0.0,1.0,0.0,0.0,0.0,0.0,0.0,0.0,0.0,0.0,0.0,0.0,0.0,0.0,0.0,0.0,0.0,0.0,0.0,0.0,0.0,0.0,0.0,0.0
1120,0.0,0.0,0.0,0.0,0.0,0.0,0.037037037037037035,0.0,0.0,0.037037037037037035,0.0,0.0,0.0,0.0,0.0,0.0,0.0,0.0,0.0,0.6666666666666666,0.0,0.0,0.037037037037037035,0.07407407407407407,0.0,0.0,0.0,0.0,0.037037037037037035,0.0,0.037037037037037035,0.0,0.0,0.0,0.07407407407407407,0.0,0.0,0.0,0.0
1121,0.0,0.08163265306122448,0.0,0.04081632653061224,0.0,0.02040816326530612,0.0,0.0,0.02040816326530612,0.0,0.02040816326530612,0.0,0.0,0.0,0.0,0.42857142857142855,0.0,0.0,0.02040816326530612,0.20408163265306123,0.02040816326530612,0.02040816326530612,0.02040816326530612,0.0,0.0,0.02040816326530612,0.02040816326530612,0.02040816326530612,0.0,0.0,0.0,0.02040816326530612,0.02040816326530612,0.0,0.0,0.0,0.0,0.0,0.0
1122,0.0,0.045454545454545456,0.045454545454545456,0.0,0.022727272727272728,0.0,0.13636363636363635,0.0,0.045454545454545456,0.5681818181818182,0.0,0.022727272727272728,0.022727272727272728,0.0,0.0,0.0,0.0,0.0,0.022727272727272728,0.0,0.0,0.0,0.022727272727272728,0.0,0.0,0.0,0.0,0.022727272727272728,0.0,0.0,0.022727272727272728,0.0,0.0,0.0,0.0,0.0,0.0,0.0,0.0
1123,0.03571428571428571,0.6428571428571429,0.03571428571428571,0.0,0.0,0.0,0.0,0.03571428571428571,0.0,0.0,0.0,0.0,0.0,0.03571428571428571,0.0,0.03571428571428571,0.0,0.0,0.0,0.0,0.03571428571428571,0.0,0.03571428571428571,0.07142857142857142,0.0,0.0,0.0,0.0,0.0,0.0,0.0,0.0,0.0,0.0,0.03571428571428571,0.0,0.0,0.0,0.0
1124,0.0,0.03125,0.0,0.0,0.03125,0.0,0.0,0.0,0.0,0.03125,0.03125,0.0625,0.0,0.0,0.0,0.0,0.0,0.5625,0.0,0.03125,0.0,0.0625,0.0,0.03125,0.0,0.0,0.0,0.03125,0.0,0.0,0.0,0.0,0.0,0.03125,0.0625,0.0,0.0,0.0,0.0
1125,0.0,0.375,0.4166666666666667,0.0,0.0,0.0,0.0,0.0,0.0,0.0,0.0,0.0,0.0,0.0,0.0,0.0,0.0,0.0,0.041666666666666664,0.041666666666666664,0.0,0.125,0.0,0.0,0.0,0.0,0.0,0.0,0.0,0.0,0.0,0.0,0.0,0.0,0.0,0.0,0.0,0.0,0.0
1126,0.0,0.0,0.0,0.7586206896551724,0.10344827586206896,0.034482758620689655,0.034482758620689655,0.0,0.0,0.034482758620689655,0.0,0.0,0.0,0.0,0.0,0.0,0.0,0.0,0.0,0.0,0.0,0.034482758620689655,0.0,0.0,0.0,0.0,0.0,0.0,0.0,0.0,0.0,0.0,0.0,0.0,0.0,0.0,0.0,0.0,0.0
1127,0.0,0.0,0.0,0.0,0.0,0.0,0.0,0.07142857142857142,0.0,0.0,0.0,0.0,0.0,0.0,0.0,0.0,0.0,0.03571428571428571,0.0,0.03571428571428571,0.0,0.0,0.0,0.0,0.0,0.03571428571428571,0.0,0.0,0.0,0.0,0.0,0.0,0.8214285714285714,0.0,0.0,0.0,0.0,0.0,0.0
1128,0.0,0.02,0.0,0.0,0.0,0.0,0.0,0.0,0.08,0.0,0.02,0.0,0.0,0.0,0.02,0.0,0.0,0.02,0.02,0.0,0.0,0.0,0.18,0.0,0.0,0.02,0.0,0.02,0.0,0.0,0.02,0.0,0.02,0.56,0.0,0.0,0.0,0.0,0.0
1129,0.0,0.0,0.0,0.0,0.0,0.0,0.0,0.0,0.0,0.0,0.038461538461538464,0.0,0.0,0.0,0.0,0.0,0.0,0.038461538461538464,0.0,0.0,0.0,0.7307692307692307,0.0,0.07692307692307693,0.038461538461538464,0.0,0.038461538461538464,0.0,0.0,0.0,0.0,0.0,0.0,0.038461538461538464,0.0,0.0,0.0,0.0,0.0
1130,0.0,0.0,0.5,0.0,0.0,0.0,0.0,0.2692307692307692,0.07692307692307693,0.0,0.038461538461538464,0.0,0.0,0.0,0.0,0.0,0.0,0.0,0.0,0.038461538461538464,0.0,0.0,0.0,0.0,0.0,0.0,0.038461538461538464,0.0,0.0,0.038461538461538464,0.0,0.0,0.0,0.0,0.0,0.0,0.0,0.0,0.0
1131,0.0,0.06451612903225806,0.2903225806451613,0.06451612903225806,0.12903225806451613,0.0967741935483871,0.0,0.0,0.0,0.0,0.0,0.03225806451612903,0.0,0.0,0.0,0.06451612903225806,0.0,0.03225806451612903,0.0,0.03225806451612903,0.0,0.0,0.0,0.0,0.0,0.0,0.0,0.0,0.0,0.0,0.0,0.0,0.0,0.0,0.1935483870967742,0.0,0.0,0.0,0.0
1132,0.0,0.05263157894736842,0.0,0.0,0.0,0.0,0.6842105263157895,0.0,0.02631578947368421,0.0,0.0,0.0,0.0,0.0,0.02631578947368421,0.02631578947368421,0.0,0.0,0.0,0.0,0.0,0.0,0.0,0.02631578947368421,0.02631578947368421,0.05263157894736842,0.02631578947368421,0.0,0.0,0.02631578947368421,0.02631578947368421,0.0,0.0,0.0,0.0,0.0,0.0,0.0,0.0
1133,0.0,0.0,0.0,0.058823529411764705,0.0,0.0,0.029411764705882353,0.0,0.0,0.0,0.0,0.0,0.0,0.029411764705882353,0.0,0.0,0.0,0.0,0.0,0.0,0.0,0.029411764705882353,0.029411764705882353,0.0,0.0,0.0,0.0,0.0,0.029411764705882353,0.0,0.0,0.0,0.7352941176470589,0.029411764705882353,0.029411764705882353,0.0,0.0,0.0,0.0
1134,0.0,0.04,0.0,0.0,0.0,0.0,0.0,0.08,0.0,0.0,0.0,0.0,0.0,0.0,0.0,0.04,0.0,0.0,0.0,0.0,0.0,0.0,0.72,0.0,0.0,0.0,0.04,0.0,0.04,0.0,0.0,0.04,0.0,0.0,0.0,0.0,0.0,0.0,0.0
1135,0.0,0.0,0.0,0.0,0.0,0.0,0.04,0.0,0.0,0.0,0.0,0.0,0.0,0.56,0.0,0.0,0.2,0.04,0.08,0.0,0.0,0.04,0.04,0.0,0.0,0.0,0.0,0.0,0.0,0.0,0.0,0.0,0.0,0.0,0.0,0.0,0.0,0.0,0.0
1136,0.0,0.0,0.037037037037037035,0.0,0.8148148148148148,0.0,0.0,0.0,0.0,0.0,0.0,0.0,0.0,0.037037037037037035,0.0,0.0,0.037037037037037035,0.0,0.0,0.0,0.0,0.0,0.0,0.0,0.037037037037037035,0.0,0.0,0.0,0.0,0.037037037037037035,0.0,0.0,0.0,0.0,0.0,0.0,0.0,0.0,0.0
1137,0.0,0.02631578947368421,0.15789473684210525,0.15789473684210525,0.5263157894736842,0.0,0.02631578947368421,0.0,0.0,0.0,0.0,0.0,0.0,0.02631578947368421,0.02631578947368421,0.0,0.05263157894736842,0.0,0.0,0.0,0.0,0.0,0.0,0.0,0.0,0.0,0.0,0.0,0.0,0.0,0.0,0.0,0.0,0.0,0.0,0.0,0.0,0.0,0.0
1138,0.0,0.15151515151515152,0.0,0.0,0.12121212121212122,0.0,0.0,0.0,0.0,0.030303030303030304,0.0,0.0,0.0,0.0,0.030303030303030304,0.0,0.0,0.030303030303030304,0.0,0.0,0.0,0.06060606060606061,0.45454545454545453,0.0,0.030303030303030304,0.09090909090909091,0.0,0.0,0.0,0.0,0.0,0.0,0.0,0.0,0.0,0.0,0.0,0.0,0.0
1139,0.0,0.0,0.0,0.0,0.0,0.0,0.0,0.0,0.0,0.0,0.0,0.0,0.0,0.0,0.0,0.0,0.0,0.04,0.0,0.0,0.0,0.04,0.0,0.8,0.08,0.0,0.0,0.0,0.0,0.0,0.04,0.0,0.0,0.0,0.0,0.0,0.0,0.0,0.0
1140,0.0,0.0,0.03125,0.0,0.0,0.0625,0.0,0.0,0.0,0.0,0.03125,0.0,0.59375,0.0,0.0,0.0,0.0,0.0,0.0,0.0,0.0,0.0,0.0,0.03125,0.0625,0.0,0.0,0.0,0.0,0.0,0.0625,0.0625,0.0,0.0625,0.0,0.0,0.0,0.0,0.0
1141,0.0,0.0,0.0,0.0,0.0,0.0,0.0,0.041666666666666664,0.0,0.041666666666666664,0.5833333333333334,0.0,0.0,0.0,0.041666666666666664,0.0,0.0,0.041666666666666664,0.041666666666666664,0.0,0.0,0.0,0.0,0.0,0.0,0.0,0.041666666666666664,0.0,0.0,0.0,0.041666666666666664,0.0,0.041666666666666664,0.0,0.08333333333333333,0.0,0.0,0.0,0.0
1142,0.0,0.0,0.046511627906976744,0.0,0.0,0.0,0.0,0.023255813953488372,0.0,0.0,0.0,0.0,0.0,0.0,0.0,0.023255813953488372,0.0,0.023255813953488372,0.0,0.0,0.0,0.023255813953488372,0.023255813953488372,0.0,0.0,0.0,0.0,0.023255813953488372,0.0,0.0,0.046511627906976744,0.06976744186046512,0.6976744186046512,0.0,0.0,0.0,0.0,0.0,0.0
1143,0.0,0.0,0.0,0.0,0.0,0.0,0.034482758620689655,0.0,0.034482758620689655,0.034482758620689655,0.0,0.0,0.0,0.0,0.0,0.0,0.0,0.10344827586206896,0.0,0.0,0.0,0.034482758620689655,0.034482758620689655,0.0,0.0,0.6551724137931034,0.034482758620689655,0.0,0.0,0.0,0.0,0.0,0.034482758620689655,0.0,0.0,0.0,0.0,0.0,0.0
1144,0.0,0.0,0.0,0.03333333333333333,0.0,0.0,0.03333333333333333,0.0,0.0,0.13333333333333333,0.0,0.0,0.0,0.0,0.7,0.0,0.0,0.0,0.0,0.0,0.0,0.03333333333333333,0.0,0.0,0.0,0.03333333333333333,0.0,0.0,0.0,0.0,0.0,0.03333333333333333,0.0,0.0,0.0,0.0,0.0,0.0,0.0
1145,0.0,0.0,0.037037037037037035,0.0,0.07407407407407407,0.0,0.037037037037037035,0.07407407407407407,0.0,0.25925925925925924,0.0,0.0,0.4444444444444444,0.0,0.0,0.037037037037037035,0.0,0.037037037037037035,0.0,0.0,0.0,0.0,0.0,0.0,0.0,0.0,0.0,0.0,0.0,0.0,0.0,0.0,0.0,0.0,0.0,0.0,0.0,0.0,0.0
1146,0.020833333333333332,0.020833333333333332,0.020833333333333332,0.0,0.0,0.0,0.0,0.0,0.020833333333333332,0.020833333333333332,0.4166666666666667,0.0,0.125,0.0,0.0,0.0625,0.020833333333333332,0.0,0.0,0.0,0.041666666666666664,0.020833333333333332,0.0,0.020833333333333332,0.0,0.0,0.0,0.041666666666666664,0.020833333333333332,0.0,0.020833333333333332,0.020833333333333332,0.0,0.08333333333333333,0.0,0.0,0.0,0.0,0.0
1147,0.0,0.11627906976744186,0.023255813953488372,0.023255813953488372,0.023255813953488372,0.0,0.0,0.0,0.023255813953488372,0.0,0.0,0.023255813953488372,0.0,0.0,0.0,0.0,0.023255813953488372,0.0,0.0,0.0,0.023255813953488372,0.06976744186046512,0.0,0.0,0.0,0.023255813953488372,0.046511627906976744,0.046511627906976744,0.5116279069767442,0.0,0.0,0.0,0.0,0.0,0.023255813953488372,0.0,0.0,0.0,0.0
1148,0.0,0.0,0.0,0.0,0.0,0.0,0.0,0.0,0.0,0.0,0.0,0.0,0.0,0.0,0.0,0.0,0.0,0.0,0.0,0.0,0.041666666666666664,0.0,0.0,0.0,0.0,0.9166666666666666,0.0,0.0,0.0,0.0,0.0,0.0,0.041666666666666664,0.0,0.0,0.0,0.0,0.0,0.0
1149,0.01818181818181818,0.01818181818181818,0.03636363636363636,0.03636363636363636,0.01818181818181818,0.03636363636363636,0.01818181818181818,0.0,0.0,0.0,0.01818181818181818,0.0,0.0,0.01818181818181818,0.0,0.0,0.05454545454545454,0.0,0.09090909090909091,0.01818181818181818,0.01818181818181818,0.01818181818181818,0.0,0.0,0.01818181818181818,0.0,0.41818181818181815,0.03636363636363636,0.0,0.0,0.01818181818181818,0.03636363636363636,0.01818181818181818,0.03636363636363636,0.0,0.0,0.0,0.0,0.0
1150,0.06451612903225806,0.0,0.0,0.12903225806451613,0.03225806451612903,0.0,0.03225806451612903,0.0,0.0,0.0,0.0,0.0,0.0,0.0,0.0,0.03225806451612903,0.03225806451612903,0.03225806451612903,0.0,0.0,0.0,0.0,0.0,0.0,0.0,0.0,0.6451612903225806,0.0,0.0,0.0,0.0,0.0,0.0,0.0,0.0,0.0,0.0,0.0,0.0
1151,0.0,0.0,0.0,0.0,0.0,0.0,0.07142857142857142,0.03571428571428571,0.0,0.0,0.0,0.0,0.0,0.10714285714285714,0.0,0.03571428571428571,0.0,0.75,0.0,0.0,0.0,0.0,0.0,0.0,0.0,0.0,0.0,0.0,0.0,0.0,0.0,0.0,0.0,0.0,0.0,0.0,0.0,0.0,0.0
1152,0.0,0.7083333333333334,0.0,0.0,0.0,0.0,0.0,0.0,0.041666666666666664,0.0,0.0,0.0,0.0,0.0,0.0,0.0,0.0,0.0,0.0,0.0,0.20833333333333334,0.0,0.0,0.0,0.0,0.0,0.0,0.0,0.041666666666666664,0.0,0.0,0.0,0.0,0.0,0.0,0.0,0.0,0.0,0.0
1153,0.0,0.0,0.0,0.0,0.0,0.0,0.038461538461538464,0.0,0.038461538461538464,0.0,0.038461538461538464,0.0,0.0,0.038461538461538464,0.0,0.0,0.0,0.0,0.0,0.038461538461538464,0.0,0.07692307692307693,0.038461538461538464,0.0,0.0,0.0,0.0,0.6153846153846154,0.0,0.0,0.0,0.0,0.07692307692307693,0.0,0.0,0.0,0.0,0.0,0.0
1154,0.0,0.0,0.0,0.0,0.0,0.0,0.034482758620689655,0.0,0.0,0.06896551724137931,0.0,0.0,0.0,0.0,0.034482758620689655,0.6206896551724138,0.0,0.20689655172413793,0.0,0.0,0.0,0.0,0.0,0.0,0.0,0.0,0.0,0.0,0.0,0.0,0.034482758620689655,0.0,0.0,0.0,0.0,0.0,0.0,0.0,0.0
1155,0.0,0.014705882352941176,0.0,0.0,0.014705882352941176,0.014705882352941176,0.0,0.014705882352941176,0.04411764705882353,0.04411764705882353,0.014705882352941176,0.0,0.0,0.0,0.029411764705882353,0.014705882352941176,0.0,0.08823529411764706,0.014705882352941176,0.0,0.0,0.4264705882352941,0.029411764705882353,0.0,0.0,0.10294117647058823,0.0,0.04411764705882353,0.029411764705882353,0.0,0.0,0.014705882352941176,0.0,0.029411764705882353,0.0,0.0,0.0,0.014705882352941176,0.0
1156,0.0,0.0,0.8135593220338984,0.0,0.01694915254237288,0.0,0.0,0.01694915254237288,0.0,0.0,0.0,0.01694915254237288,0.0,0.01694915254237288,0.0,0.0,0.0,0.03389830508474576,0.0,0.0,0.0,0.05084745762711865,0.0,0.0,0.0,0.0,0.01694915254237288,0.01694915254237288,0.0,0.0,0.0,0.0,0.0,0.0,0.0,0.0,0.0,0.0,0.0
1157,0.0,0.0,0.0,0.047619047619047616,0.6904761904761905,0.023809523809523808,0.0,0.0,0.023809523809523808,0.023809523809523808,0.0,0.0,0.0,0.0,0.0,0.0,0.023809523809523808,0.0,0.023809523809523808,0.0,0.0,0.0,0.0,0.0,0.0,0.0,0.023809523809523808,0.023809523809523808,0.047619047619047616,0.0,0.023809523809523808,0.023809523809523808,0.0,0.0,0.0,0.0,0.0,0.0,0.0
1158,0.0,0.125,0.0,0.025,0.025,0.05,0.0,0.025,0.0,0.15,0.025,0.0,0.0,0.425,0.025,0.0,0.0,0.0,0.0,0.0,0.025,0.0,0.0,0.0,0.0,0.025,0.025,0.0,0.0,0.0,0.0,0.0,0.025,0.025,0.0,0.0,0.0,0.0,0.0
1159,0.0,0.037037037037037035,0.0,0.0,0.0,0.0,0.0,0.0,0.0,0.0,0.0,0.0,0.0,0.0,0.0,0.0,0.0,0.0,0.8148148148148148,0.0,0.0,0.0,0.0,0.0,0.0,0.0,0.037037037037037035,0.0,0.037037037037037035,0.037037037037037035,0.037037037037037035,0.0,0.0,0.0,0.0,0.0,0.0,0.0,0.0
1160,0.0,0.0,0.08108108108108109,0.02702702702702703,0.13513513513513514,0.0,0.35135135135135137,0.0,0.0,0.0,0.0,0.0,0.0,0.0,0.08108108108108109,0.0,0.0,0.0,0.0,0.1891891891891892,0.0,0.0,0.0,0.0,0.0,0.02702702702702703,0.05405405405405406,0.02702702702702703,0.0,0.0,0.0,0.02702702702702703,0.0,0.0,0.0,0.0,0.0,0.0,0.0
1161,0.0,0.0,0.0,0.0,0.0,0.0,0.0,0.0,0.48148148148148145,0.14814814814814814,0.0,0.0,0.0,0.0,0.07407407407407407,0.037037037037037035,0.0,0.0,0.1111111111111111,0.0,0.0,0.0,0.0,0.0,0.0,0.037037037037037035,0.0,0.037037037037037035,0.0,0.0,0.0,0.037037037037037035,0.0,0.0,0.037037037037037035,0.0,0.0,0.0,0.0
1162,0.0,0.0,0.07407407407407407,0.0,0.0,0.0,0.0,0.0,0.0,0.0,0.0,0.0,0.0,0.0,0.0,0.0,0.0,0.0,0.0,0.0,0.0,0.0,0.0,0.0,0.0,0.0,0.8888888888888888,0.0,0.037037037037037035,0.0,0.0,0.0,0.0,0.0,0.0,0.0,0.0,0.0,0.0
1163,0.0,0.0,0.0,0.0,0.04,0.0,0.04,0.0,0.0,0.0,0.0,0.0,0.0,0.44,0.0,0.0,0.0,0.0,0.0,0.0,0.0,0.0,0.0,0.0,0.0,0.16,0.32,0.0,0.0,0.0,0.0,0.0,0.0,0.0,0.0,0.0,0.0,0.0,0.0
1164,0.0,0.02564102564102564,0.07692307692307693,0.02564102564102564,0.0,0.05128205128205128,0.1794871794871795,0.0,0.0,0.0,0.0,0.0,0.02564102564102564,0.0,0.0,0.0,0.07692307692307693,0.0,0.0,0.38461538461538464,0.0,0.0,0.0,0.0,0.02564102564102564,0.0,0.0,0.0,0.02564102564102564,0.02564102564102564,0.02564102564102564,0.02564102564102564,0.0,0.02564102564102564,0.0,0.0,0.0,0.0,0.0
1165,0.0,0.0,0.020833333333333332,0.0,0.0,0.0,0.0,0.0,0.0,0.0,0.0,0.0,0.0,0.0,0.0,0.0,0.5416666666666666,0.020833333333333332,0.0,0.0,0.0,0.0,0.0,0.0,0.020833333333333332,0.08333333333333333,0.0,0.0,0.3125,0.0,0.0,0.0,0.0,0.0,0.0,0.0,0.0,0.0,0.0
1166,0.0,0.024390243902439025,0.0,0.5609756097560976,0.04878048780487805,0.024390243902439025,0.0,0.0,0.0,0.024390243902439025,0.0,0.0,0.0,0.0,0.04878048780487805,0.0,0.024390243902439025,0.0,0.0,0.0,0.04878048780487805,0.0,0.0,0.04878048780487805,0.0,0.0,0.0,0.0,0.024390243902439025,0.0,0.0,0.024390243902439025,0.04878048780487805,0.04878048780487805,0.0,0.0,0.0,0.0,0.0
1167,0.0,0.0,0.0,0.03125,0.0,0.0,0.0,0.0,0.0,0.0,0.0,0.0,0.0,0.0,0.0,0.0,0.0,0.1875,0.03125,0.0,0.0,0.0,0.0,0.0,0.0,0.6875,0.0,0.0625,0.0,0.0,0.0,0.0,0.0,0.0,0.0,0.0,0.0,0.0,0.0
1168,0.0,0.029411764705882353,0.0,0.029411764705882353,0.0,0.029411764705882353,0.0,0.0,0.0,0.029411764705882353,0.029411764705882353,0.0,0.0,0.0,0.029411764705882353,0.0,0.0,0.058823529411764705,0.029411764705882353,0.0,0.0,0.11764705882352941,0.0,0.0,0.0,0.0,0.0,0.029411764705882353,0.0,0.0,0.0,0.0,0.0,0.5588235294117647,0.029411764705882353,0.0,0.0,0.0,0.0
1169,0.0,0.015873015873015872,0.0,0.031746031746031744,0.0,0.14285714285714285,0.015873015873015872,0.031746031746031744,0.015873015873015872,0.031746031746031744,0.015873015873015872,0.0,0.0,0.015873015873015872,0.047619047619047616,0.015873015873015872,0.031746031746031744,0.031746031746031744,0.015873015873015872,0.015873015873015872,0.0,0.0,0.0,0.015873015873015872,0.015873015873015872,0.015873015873015872,0.031746031746031744,0.015873015873015872,0.0,0.0,0.3968253968253968,0.015873015873015872,0.0,0.015873015873015872,0.0,0.0,0.0,0.0,0.0
1170,0.0,0.0,0.0,0.0,0.0,0.0,0.03571428571428571,0.0,0.0,0.7857142857142857,0.0,0.0,0.0,0.0,0.0,0.0,0.07142857142857142,0.0,0.0,0.0,0.0,0.0,0.0,0.0,0.03571428571428571,0.0,0.0,0.03571428571428571,0.0,0.0,0.0,0.0,0.0,0.0,0.03571428571428571,0.0,0.0,0.0,0.0
1171,0.0,0.0,0.0,0.0,0.0,0.038461538461538464,0.0,0.0,0.0,0.8461538461538461,0.0,0.0,0.0,0.0,0.038461538461538464,0.0,0.0,0.0,0.038461538461538464,0.0,0.0,0.0,0.0,0.0,0.0,0.0,0.038461538461538464,0.0,0.0,0.0,0.0,0.0,0.0,0.0,0.0,0.0,0.0,0.0,0.0
1172,0.0,0.03571428571428571,0.0,0.03571428571428571,0.0,0.0,0.03571428571428571,0.07142857142857142,0.0,0.0,0.0,0.0,0.0,0.0,0.03571428571428571,0.0,0.03571428571428571,0.2857142857142857,0.32142857142857145,0.0,0.0,0.0,0.0,0.03571428571428571,0.0,0.0,0.0,0.03571428571428571,0.0,0.0,0.03571428571428571,0.0,0.0,0.03571428571428571,0.0,0.0,0.0,0.0,0.0
1173,0.0,0.11538461538461539,0.07692307692307693,0.0,0.0,0.0,0.4230769230769231,0.0,0.038461538461538464,0.11538461538461539,0.0,0.0,0.0,0.0,0.0,0.0,0.038461538461538464,0.0,0.038461538461538464,0.0,0.0,0.0,0.07692307692307693,0.0,0.038461538461538464,0.038461538461538464,0.0,0.0,0.0,0.0,0.0,0.0,0.0,0.0,0.0,0.0,0.0,0.0,0.0
1174,0.0,0.0,0.0,0.0,0.0,0.0,0.0,0.0,0.0,0.0,0.0,0.0,0.0,0.0,0.7586206896551724,0.0,0.0,0.2413793103448276,0.0,0.0,0.0,0.0,0.0,0.0,0.0,0.0,0.0,0.0,0.0,0.0,0.0,0.0,0.0,0.0,0.0,0.0,0.0,0.0,0.0
1175,0.0,0.0,0.08163265306122448,0.0,0.02040816326530612,0.0,0.12244897959183673,0.0,0.0,0.0,0.0,0.0,0.0,0.0,0.5510204081632653,0.0,0.0,0.02040816326530612,0.04081632653061224,0.0,0.061224489795918366,0.0,0.0,0.0,0.0,0.0,0.061224489795918366,0.0,0.02040816326530612,0.02040816326530612,0.0,0.0,0.0,0.0,0.0,0.0,0.0,0.0,0.0
1176,0.0,0.0,0.0,0.0,0.0,0.04,0.0,0.24,0.0,0.2,0.36,0.0,0.0,0.0,0.0,0.04,0.0,0.0,0.0,0.0,0.0,0.04,0.0,0.04,0.0,0.0,0.0,0.0,0.0,0.0,0.04,0.0,0.0,0.0,0.0,0.0,0.0,0.0,0.0
1177,0.0,0.0,0.0,0.04,0.0,0.0,0.0,0.04,0.0,0.36,0.0,0.0,0.0,0.36,0.0,0.08,0.0,0.04,0.0,0.0,0.0,0.0,0.0,0.0,0.0,0.0,0.0,0.08,0.0,0.0,0.0,0.0,0.0,0.0,0.0,0.0,0.0,0.0,0.0
1178,0.0,0.03571428571428571,0.0,0.0,0.03571428571428571,0.07142857142857142,0.0,0.0,0.0,0.0,0.0,0.0,0.0,0.0,0.0,0.0,0.0,0.07142857142857142,0.0,0.03571428571428571,0.0,0.0,0.0,0.0,0.0,0.0,0.0,0.03571428571428571,0.0,0.7142857142857143,0.0,0.0,0.0,0.0,0.0,0.0,0.0,0.0,0.0
1179,0.0,0.0,0.0,0.0,0.0,0.0,0.0,0.03225806451612903,0.0,0.3870967741935484,0.03225806451612903,0.0,0.0,0.0,0.0,0.0,0.03225806451612903,0.03225806451612903,0.03225806451612903,0.03225806451612903,0.03225806451612903,0.0,0.0,0.03225806451612903,0.0,0.0,0.0,0.0,0.03225806451612903,0.3225806451612903,0.0,0.0,0.0,0.0,0.0,0.0,0.0,0.0,0.0
1180,0.0,0.0,0.03333333333333333,0.03333333333333333,0.0,0.0,0.0,0.0,0.0,0.0,0.0,0.0,0.0,0.0,0.0,0.7333333333333333,0.0,0.06666666666666667,0.0,0.03333333333333333,0.03333333333333333,0.0,0.0,0.0,0.0,0.0,0.03333333333333333,0.0,0.0,0.0,0.0,0.0,0.0,0.03333333333333333,0.0,0.0,0.0,0.0,0.0
1181,0.0,0.0,0.0,0.0,0.0,0.0,0.0,0.0,0.07142857142857142,0.0,0.0,0.0,0.0,0.0,0.03571428571428571,0.0,0.0,0.0,0.03571428571428571,0.0,0.0,0.03571428571428571,0.0,0.0,0.0,0.0,0.0,0.0,0.0,0.0,0.0,0.0,0.0,0.7857142857142857,0.03571428571428571,0.0,0.0,0.0,0.0
1182,0.0,0.5526315789473685,0.02631578947368421,0.02631578947368421,0.0,0.0,0.0,0.10526315789473684,0.0,0.0,0.0,0.0,0.0,0.05263157894736842,0.0,0.0,0.0,0.0,0.0,0.0,0.0,0.0,0.0,0.0,0.0,0.07894736842105263,0.05263157894736842,0.0,0.0,0.05263157894736842,0.0,0.05263157894736842,0.0,0.0,0.0,0.0,0.0,0.0,0.0
1183,0.0,0.0,0.0,0.037037037037037035,0.7037037037037037,0.0,0.18518518518518517,0.0,0.0,0.0,0.0,0.0,0.0,0.0,0.0,0.0,0.0,0.0,0.0,0.0,0.0,0.0,0.0,0.0,0.0,0.0,0.0,0.0,0.0,0.0,0.0,0.07407407407407407,0.0,0.0,0.0,0.0,0.0,0.0,0.0
1184,0.0,0.0,0.0,0.0,0.0,0.0,0.6,0.0,0.0,0.0,0.0,0.0,0.04,0.0,0.08,0.0,0.0,0.0,0.12,0.0,0.0,0.0,0.0,0.0,0.0,0.0,0.0,0.16,0.0,0.0,0.0,0.0,0.0,0.0,0.0,0.0,0.0,0.0,0.0
1185,0.0,0.0,0.030303030303030304,0.030303030303030304,0.15151515151515152,0.030303030303030304,0.0,0.030303030303030304,0.030303030303030304,0.5757575757575758,0.030303030303030304,0.0,0.0,0.030303030303030304,0.0,0.0,0.0,0.0,0.030303030303030304,0.0,0.0,0.0,0.0,0.0,0.0,0.0,0.0,0.030303030303030304,0.0,0.0,0.0,0.0,0.0,0.0,0.0,0.0,0.0,0.0,0.0
1186,0.0,0.0,0.0,0.0,0.023809523809523808,0.0,0.0,0.09523809523809523,0.11904761904761904,0.0,0.0,0.0,0.023809523809523808,0.0,0.0,0.40476190476190477,0.0,0.0,0.23809523809523808,0.0,0.047619047619047616,0.0,0.0,0.0,0.023809523809523808,0.0,0.0,0.0,0.0,0.0,0.0,0.023809523809523808,0.0,0.0,0.0,0.0,0.0,0.0,0.0
1187,0.0,0.0,0.0,0.2222222222222222,0.6111111111111112,0.0,0.1111111111111111,0.027777777777777776,0.0,0.0,0.0,0.0,0.0,0.0,0.0,0.0,0.0,0.0,0.0,0.0,0.0,0.0,0.0,0.0,0.0,0.027777777777777776,0.0,0.0,0.0,0.0,0.0,0.0,0.0,0.0,0.0,0.0,0.0,0.0,0.0
1188,0.0,0.0,0.0,0.0,0.0,0.5151515151515151,0.030303030303030304,0.030303030303030304,0.06060606060606061,0.030303030303030304,0.0,0.0,0.0,0.0,0.21212121212121213,0.0,0.0,0.0,0.030303030303030304,0.030303030303030304,0.0,0.0,0.0,0.0,0.030303030303030304,0.0,0.0,0.0,0.0,0.0,0.030303030303030304,0.0,0.0,0.0,0.0,0.0,0.0,0.0,0.0
1189,0.0,0.0,0.03125,0.0,0.0,0.0,0.0,0.0,0.03125,0.0,0.6875,0.0,0.03125,0.0,0.0,0.0,0.0,0.0,0.0,0.0,0.0,0.0,0.125,0.0,0.0,0.0,0.0,0.03125,0.03125,0.0,0.0,0.0,0.0,0.03125,0.0,0.0,0.0,0.0,0.0
1190,0.0,0.0,0.0,0.0,0.0,0.0,0.0,0.0,0.0,0.0,0.64,0.0,0.0,0.28,0.0,0.0,0.0,0.0,0.0,0.04,0.0,0.0,0.0,0.0,0.0,0.0,0.0,0.0,0.04,0.0,0.0,0.0,0.0,0.0,0.0,0.0,0.0,0.0,0.0
1191,0.0,0.0,0.0,0.0,0.0,0.0,0.0,0.0,0.0,0.72,0.16,0.0,0.0,0.0,0.0,0.0,0.0,0.0,0.0,0.04,0.0,0.0,0.0,0.0,0.0,0.0,0.0,0.0,0.0,0.0,0.0,0.0,0.0,0.08,0.0,0.0,0.0,0.0,0.0
1192,0.0,0.022222222222222223,0.022222222222222223,0.044444444444444446,0.0,0.06666666666666667,0.0,0.0,0.0,0.044444444444444446,0.022222222222222223,0.0,0.4444444444444444,0.022222222222222223,0.0,0.044444444444444446,0.0,0.0,0.0,0.022222222222222223,0.044444444444444446,0.0,0.0,0.022222222222222223,0.044444444444444446,0.022222222222222223,0.0,0.044444444444444446,0.0,0.0,0.0,0.022222222222222223,0.044444444444444446,0.0,0.0,0.0,0.0,0.0,0.0
1193,0.038461538461538464,0.0,0.0,0.8461538461538461,0.0,0.038461538461538464,0.0,0.0,0.0,0.0,0.0,0.0,0.038461538461538464,0.0,0.0,0.0,0.0,0.0,0.038461538461538464,0.0,0.0,0.0,0.0,0.0,0.0,0.0,0.0,0.0,0.0,0.0,0.0,0.0,0.0,0.0,0.0,0.0,0.0,0.0,0.0
1194,0.0,0.0,0.6774193548387096,0.03225806451612903,0.0,0.0,0.0,0.0,0.03225806451612903,0.0,0.03225806451612903,0.0,0.0,0.03225806451612903,0.0,0.0,0.03225806451612903,0.0967741935483871,0.0,0.0,0.0,0.0,0.03225806451612903,0.0,0.0,0.0,0.0,0.0,0.0,0.03225806451612903,0.0,0.0,0.0,0.0,0.0,0.0,0.0,0.0,0.0
1195,0.9545454545454546,0.0,0.045454545454545456,0.0,0.0,0.0,0.0,0.0,0.0,0.0,0.0,0.0,0.0,0.0,0.0,0.0,0.0,0.0,0.0,0.0,0.0,0.0,0.0,0.0,0.0,0.0,0.0,0.0,0.0,0.0,0.0,0.0,0.0,0.0,0.0,0.0,0.0,0.0,0.0
1196,0.0,0.0,0.0,0.02,0.02,0.0,0.0,0.02,0.0,0.0,0.0,0.0,0.0,0.0,0.0,0.02,0.5,0.06,0.0,0.0,0.0,0.0,0.0,0.0,0.0,0.0,0.0,0.0,0.04,0.32,0.0,0.0,0.0,0.0,0.0,0.0,0.0,0.0,0.0
1197,0.0,0.0,0.0,0.0,0.0,0.034482758620689655,0.0,0.0,0.034482758620689655,0.034482758620689655,0.0,0.0,0.0,0.0,0.0,0.0,0.0,0.0,0.0,0.0,0.06896551724137931,0.0,0.034482758620689655,0.0,0.0,0.06896551724137931,0.0,0.6551724137931034,0.034482758620689655,0.034482758620689655,0.0,0.0,0.0,0.0,0.0,0.0,0.0,0.0,0.0
1198,0.0,0.125,0.0,0.0625,0.0,0.020833333333333332,0.08333333333333333,0.0625,0.0,0.0,0.0,0.0,0.020833333333333332,0.0,0.125,0.041666666666666664,0.0,0.041666666666666664,0.0,0.0,0.0,0.0625,0.020833333333333332,0.0,0.0,0.020833333333333332,0.041666666666666664,0.14583333333333334,0.020833333333333332,0.0,0.041666666666666664,0.0,0.020833333333333332,0.020833333333333332,0.020833333333333332,0.0,0.0,0.0,0.0
1199,0.0,0.045454545454545456,0.0,0.0,0.2727272727272727,0.045454545454545456,0.045454545454545456,0.0,0.0,0.0,0.0,0.0,0.0,0.0,0.0,0.0,0.0,0.36363636363636365,0.09090909090909091,0.0,0.0,0.0,0.0,0.045454545454545456,0.0,0.0,0.0,0.045454545454545456,0.0,0.0,0.045454545454545456,0.0,0.0,0.0,0.0,0.0,0.0,0.0,0.0
1200,0.0,0.03225806451612903,0.0,0.0,0.03225806451612903,0.0967741935483871,0.0,0.0,0.0,0.0,0.4838709677419355,0.0,0.03225806451612903,0.0,0.0,0.0,0.0,0.0,0.0967741935483871,0.0,0.0,0.0,0.0,0.0,0.0,0.03225806451612903,0.0967741935483871,0.0,0.0,0.06451612903225806,0.03225806451612903,0.0,0.0,0.0,0.0,0.0,0.0,0.0,0.0
1201,0.0,0.0,0.6666666666666666,0.041666666666666664,0.0,0.0,0.0,0.0,0.0,0.0,0.0,0.0,0.0,0.0,0.0,0.08333333333333333,0.0,0.0,0.0,0.0,0.0,0.0,0.0,0.0,0.0,0.0,0.041666666666666664,0.08333333333333333,0.08333333333333333,0.0,0.0,0.0,0.0,0.0,0.0,0.0,0.0,0.0,0.0
1202,0.0,0.05405405405405406,0.0,0.0,0.0,0.0,0.02702702702702703,0.0,0.0,0.02702702702702703,0.0,0.0,0.02702702702702703,0.0,0.0,0.0,0.0,0.0,0.05405405405405406,0.0,0.02702702702702703,0.4594594594594595,0.02702702702702703,0.0,0.08108108108108109,0.02702702702702703,0.0,0.0,0.02702702702702703,0.05405405405405406,0.02702702702702703,0.02702702702702703,0.05405405405405406,0.0,0.0,0.0,0.0,0.0,0.0
1203,0.0,0.0,0.0,0.0,0.0,0.0,0.0,0.0,0.0,0.0,0.0,0.0,0.0,0.0,0.0,0.0,0.0,0.0,0.0,0.0,0.0,0.0,0.0,0.0,0.0,0.0,0.0,0.0,0.0,0.0,0.0,0.0,0.0,1.0,0.0,0.0,0.0,0.0,0.0
1204,0.0,0.0,0.0,0.0,0.0,0.04,0.0,0.4,0.36,0.04,0.0,0.0,0.0,0.04,0.0,0.0,0.04,0.0,0.0,0.0,0.0,0.04,0.0,0.0,0.0,0.0,0.04,0.0,0.0,0.0,0.0,0.0,0.0,0.0,0.0,0.0,0.0,0.0,0.0
1205,0.0,0.0,0.17073170731707318,0.0,0.0,0.0,0.0,0.024390243902439025,0.0,0.0,0.0,0.0,0.0,0.12195121951219512,0.0,0.024390243902439025,0.0,0.0,0.0,0.0,0.04878048780487805,0.0,0.0,0.0,0.024390243902439025,0.024390243902439025,0.024390243902439025,0.43902439024390244,0.07317073170731707,0.024390243902439025,0.0,0.0,0.0,0.0,0.0,0.0,0.0,0.0,0.0
1206,0.03571428571428571,0.0,0.0,0.07142857142857142,0.0,0.0,0.0,0.03571428571428571,0.0,0.03571428571428571,0.0,0.0,0.0,0.0,0.0,0.03571428571428571,0.0,0.0,0.0,0.03571428571428571,0.0,0.03571428571428571,0.0,0.0,0.0,0.0,0.6428571428571429,0.0,0.03571428571428571,0.0,0.0,0.03571428571428571,0.0,0.0,0.0,0.0,0.0,0.0,0.0
1207,0.0,0.0,0.225,0.075,0.075,0.025,0.0,0.025,0.0,0.05,0.0,0.0,0.0,0.0,0.025,0.0,0.025,0.025,0.0,0.0,0.0,0.025,0.025,0.2,0.0,0.05,0.0,0.0,0.025,0.025,0.05,0.0,0.0,0.025,0.0,0.0,0.0,0.025,0.0
1208,0.0,0.0,0.0,0.041666666666666664,0.041666666666666664,0.0,0.020833333333333332,0.0,0.0,0.0,0.020833333333333332,0.0,0.0,0.0,0.020833333333333332,0.0,0.020833333333333332,0.0,0.020833333333333332,0.020833333333333332,0.0625,0.020833333333333332,0.375,0.0,0.0,0.020833333333333332,0.0,0.25,0.020833333333333332,0.0,0.0,0.0,0.020833333333333332,0.020833333333333332,0.0,0.0,0.0,0.0,0.0
1209,0.0,0.0,0.13793103448275862,0.0,0.0,0.0,0.0,0.0,0.0,0.0,0.0,0.0,0.034482758620689655,0.0,0.0,0.034482758620689655,0.034482758620689655,0.034482758620689655,0.0,0.0,0.3793103448275862,0.0,0.034482758620689655,0.0,0.0,0.0,0.3103448275862069,0.0,0.0,0.0,0.0,0.0,0.0,0.0,0.0,0.0,0.0,0.0,0.0
1210,0.0,0.06818181818181818,0.045454545454545456,0.0,0.0,0.022727272727272728,0.0,0.0,0.0,0.06818181818181818,0.022727272727272728,0.0,0.0,0.022727272727272728,0.022727272727272728,0.06818181818181818,0.0,0.045454545454545456,0.022727272727272728,0.0,0.0,0.0,0.0,0.0,0.0,0.022727272727272728,0.0,0.022727272727272728,0.0,0.045454545454545456,0.4772727272727273,0.0,0.0,0.022727272727272728,0.0,0.0,0.0,0.0,0.0
1211,0.0,0.0,0.0,0.0,0.0,0.0,0.04,0.0,0.0,0.0,0.0,0.0,0.0,0.0,0.0,0.0,0.0,0.0,0.0,0.0,0.0,0.0,0.0,0.0,0.0,0.92,0.0,0.04,0.0,0.0,0.0,0.0,0.0,0.0,0.0,0.0,0.0,0.0,0.0
1212,0.0,0.19047619047619047,0.23809523809523808,0.0,0.0,0.0,0.0,0.0,0.0,0.0,0.0,0.0,0.0,0.0,0.0,0.0,0.0,0.0,0.0,0.0,0.0,0.0,0.0,0.0,0.0,0.0,0.0,0.0,0.0,0.5714285714285714,0.0,0.0,0.0,0.0,0.0,0.0,0.0,0.0,0.0
1213,0.0,0.0,0.0,0.047619047619047616,0.023809523809523808,0.023809523809523808,0.14285714285714285,0.0,0.0,0.0,0.0,0.0,0.0,0.047619047619047616,0.23809523809523808,0.023809523809523808,0.023809523809523808,0.0,0.047619047619047616,0.0,0.14285714285714285,0.047619047619047616,0.0,0.0,0.023809523809523808,0.023809523809523808,0.0,0.023809523809523808,0.07142857142857142,0.0,0.023809523809523808,0.023809523809523808,0.0,0.0,0.0,0.0,0.0,0.0,0.0
1214,0.0,0.32142857142857145,0.0,0.0,0.0,0.0,0.0,0.0,0.0,0.32142857142857145,0.0,0.0,0.0,0.07142857142857142,0.03571428571428571,0.0,0.0,0.0,0.0,0.0,0.0,0.0,0.0,0.0,0.0,0.03571428571428571,0.0,0.0,0.03571428571428571,0.0,0.0,0.0,0.0,0.14285714285714285,0.03571428571428571,0.0,0.0,0.0,0.0
1215,0.0,0.0,0.0,0.0,0.0,0.0,0.0,0.0,0.0,0.0,0.0,0.0,0.0,0.0,0.0,0.0,0.0,0.0,0.0,0.0,0.0,0.08,0.04,0.0,0.2,0.08,0.16,0.0,0.16,0.04,0.12,0.0,0.04,0.08,0.0,0.0,0.0,0.0,0.0
1216,0.0,0.03333333333333333,0.06666666666666667,0.0,0.03333333333333333,0.0,0.0,0.03333333333333333,0.0,0.0,0.0,0.0,0.03333333333333333,0.0,0.03333333333333333,0.03333333333333333,0.0,0.0,0.0,0.03333333333333333,0.3,0.0,0.0,0.0,0.0,0.36666666666666664,0.03333333333333333,0.0,0.0,0.0,0.0,0.0,0.0,0.0,0.0,0.0,0.0,0.0,0.0
1217,0.0,0.0,0.0,0.10526315789473684,0.0,0.0,0.0,0.05263157894736842,0.0,0.0,0.02631578947368421,0.02631578947368421,0.05263157894736842,0.0,0.0,0.02631578947368421,0.0,0.0,0.0,0.05263157894736842,0.02631578947368421,0.0,0.0,0.0,0.02631578947368421,0.02631578947368421,0.0,0.5,0.0,0.0,0.0,0.02631578947368421,0.02631578947368421,0.02631578947368421,0.0,0.0,0.0,0.0,0.0
1218,0.03333333333333333,0.0,0.03333333333333333,0.0,0.03333333333333333,0.0,0.0,0.0,0.0,0.0,0.0,0.0,0.0,0.0,0.03333333333333333,0.0,0.0,0.0,0.03333333333333333,0.0,0.0,0.0,0.0,0.03333333333333333,0.0,0.0,0.0,0.03333333333333333,0.0,0.0,0.6333333333333333,0.1,0.03333333333333333,0.0,0.0,0.0,0.0,0.0,0.0
1219,0.0,0.0,0.0,0.0,0.0,0.0,0.045454545454545456,0.0,0.0,0.0,0.0,0.0,0.0,0.0,0.0,0.0,0.0,0.0,0.0,0.0,0.0,0.0,0.0,0.0,0.0,0.045454545454545456,0.0,0.0,0.0,0.0,0.0,0.9090909090909091,0.0,0.0,0.0,0.0,0.0,0.0,0.0
1220,0.0,0.0,0.0,0.08333333333333333,0.125,0.0,0.0,0.041666666666666664,0.0,0.0,0.041666666666666664,0.16666666666666666,0.0,0.0,0.0,0.0,0.0,0.0,0.0,0.0,0.375,0.0,0.0,0.0,0.0,0.0,0.0,0.16666666666666666,0.0,0.0,0.0,0.0,0.0,0.0,0.0,0.0,0.0,0.0,0.0
1221,0.0,0.02702702702702703,0.16216216216216217,0.02702702702702703,0.13513513513513514,0.0,0.0,0.1891891891891892,0.08108108108108109,0.0,0.0,0.0,0.0,0.02702702702702703,0.0,0.0,0.0,0.0,0.13513513513513514,0.0,0.0,0.0,0.0,0.0,0.0,0.0,0.0,0.0,0.0,0.0,0.05405405405405406,0.02702702702702703,0.13513513513513514,0.0,0.0,0.0,0.0,0.0,0.0
1222,0.0,0.03225806451612903,0.03225806451612903,0.0,0.03225806451612903,0.0,0.0,0.0,0.03225806451612903,0.0,0.0,0.0,0.03225806451612903,0.0,0.0,0.0,0.6451612903225806,0.0,0.0,0.0,0.0,0.0,0.0,0.0,0.0,0.0,0.0,0.03225806451612903,0.0,0.0,0.0,0.0,0.0,0.0,0.0967741935483871,0.0,0.0,0.06451612903225806,0.0
1223,0.0,0.0,0.04,0.12,0.08,0.0,0.0,0.0,0.0,0.0,0.0,0.0,0.0,0.0,0.0,0.0,0.0,0.0,0.04,0.0,0.0,0.0,0.0,0.0,0.0,0.0,0.04,0.08,0.0,0.0,0.0,0.0,0.0,0.56,0.04,0.0,0.0,0.0,0.0
1224,0.0,0.0,0.0,0.0,0.0,0.0,0.0,0.0,0.0,0.0,0.0,0.0,0.0,0.043478260869565216,0.043478260869565216,0.0,0.0,0.0,0.0,0.0,0.0,0.0,0.0,0.0,0.0,0.0,0.782608695652174,0.13043478260869565,0.0,0.0,0.0,0.0,0.0,0.0,0.0,0.0,0.0,0.0,0.0
1225,0.08333333333333333,0.0,0.0,0.0,0.0,0.0,0.041666666666666664,0.0,0.0,0.08333333333333333,0.08333333333333333,0.0,0.0,0.0,0.0,0.0,0.0,0.0,0.0,0.0,0.0,0.0,0.0,0.0,0.0,0.0,0.0,0.0,0.0,0.0,0.0,0.0,0.6666666666666666,0.041666666666666664,0.0,0.0,0.0,0.0,0.0
1226,0.0,0.0,0.0,0.044444444444444446,0.06666666666666667,0.022222222222222223,0.0,0.0,0.2,0.0,0.0,0.0,0.0,0.0,0.022222222222222223,0.022222222222222223,0.044444444444444446,0.0,0.022222222222222223,0.022222222222222223,0.1111111111111111,0.022222222222222223,0.0,0.022222222222222223,0.022222222222222223,0.022222222222222223,0.0,0.044444444444444446,0.1111111111111111,0.0,0.0,0.17777777777777778,0.0,0.0,0.0,0.0,0.0,0.0,0.0
1227,0.0,0.0,0.0,0.0,0.0,0.0,0.0,0.0,0.0,0.0,0.0,0.0,0.0,0.0,0.0,0.125,0.0,0.0,0.0,0.0,0.0,0.0,0.0,0.8333333333333334,0.0,0.0,0.0,0.0,0.0,0.0,0.0,0.041666666666666664,0.0,0.0,0.0,0.0,0.0,0.0,0.0
1228,0.0,0.0,0.0,0.0,0.0,0.0,0.7916666666666666,0.041666666666666664,0.0,0.0,0.0,0.0,0.0,0.0,0.0,0.0,0.0,0.0,0.0,0.0,0.0,0.041666666666666664,0.0,0.0,0.0,0.0,0.041666666666666664,0.0,0.0,0.0,0.0,0.041666666666666664,0.041666666666666664,0.0,0.0,0.0,0.0,0.0,0.0
1229,0.0,0.029411764705882353,0.0,0.029411764705882353,0.058823529411764705,0.0,0.0,0.0,0.029411764705882353,0.029411764705882353,0.35294117647058826,0.0,0.0,0.0,0.0,0.0,0.0,0.029411764705882353,0.0,0.029411764705882353,0.0,0.0,0.20588235294117646,0.0,0.029411764705882353,0.058823529411764705,0.0,0.058823529411764705,0.0,0.029411764705882353,0.0,0.0,0.0,0.029411764705882353,0.0,0.0,0.0,0.0,0.0
1230,0.0196078431372549,0.0392156862745098,0.0,0.0392156862745098,0.0,0.0,0.0,0.0,0.0392156862745098,0.058823529411764705,0.0,0.0,0.0196078431372549,0.0,0.0,0.058823529411764705,0.0,0.0196078431372549,0.0,0.0196078431372549,0.058823529411764705,0.0,0.0196078431372549,0.0196078431372549,0.0,0.0392156862745098,0.0196078431372549,0.0196078431372549,0.0,0.21568627450980393,0.0196078431372549,0.0196078431372549,0.09803921568627451,0.11764705882352941,0.0392156862745098,0.0,0.0,0.0,0.0
1231,0.0,0.0,0.0,0.0,0.0,0.0,0.0,0.0,0.47619047619047616,0.2857142857142857,0.0,0.0,0.0,0.0,0.0,0.0,0.0,0.0,0.047619047619047616,0.0,0.0,0.047619047619047616,0.0,0.0,0.0,0.0,0.09523809523809523,0.0,0.0,0.0,0.0,0.047619047619047616,0.0,0.0,0.0,0.0,0.0,0.0,0.0
1232,0.0,0.0,0.0,0.0,0.0,0.0,0.043478260869565216,0.0,0.0,0.043478260869565216,0.0,0.0,0.0,0.391304347826087,0.0,0.0,0.0,0.0,0.0,0.0,0.0,0.043478260869565216,0.43478260869565216,0.0,0.0,0.0,0.0,0.0,0.0,0.0,0.0,0.043478260869565216,0.0,0.0,0.0,0.0,0.0,0.0,0.0
1233,0.0,0.0,0.08,0.0,0.0,0.0,0.16,0.0,0.0,0.0,0.0,0.0,0.0,0.0,0.0,0.0,0.0,0.04,0.0,0.0,0.0,0.04,0.0,0.0,0.0,0.04,0.0,0.0,0.0,0.64,0.0,0.0,0.0,0.0,0.0,0.0,0.0,0.0,0.0
1234,0.0,0.0,0.32558139534883723,0.06976744186046512,0.0,0.0,0.046511627906976744,0.0,0.0,0.0,0.0,0.0,0.023255813953488372,0.0,0.0,0.32558139534883723,0.0,0.0,0.0,0.0,0.0,0.023255813953488372,0.0,0.0,0.0,0.046511627906976744,0.0,0.046511627906976744,0.09302325581395349,0.0,0.0,0.0,0.0,0.0,0.0,0.0,0.0,0.0,0.0
1235,0.0,0.0,0.0,0.0,0.0,0.1111111111111111,0.0,0.0,0.037037037037037035,0.0,0.3333333333333333,0.14814814814814814,0.0,0.0,0.0,0.0,0.037037037037037035,0.07407407407407407,0.0,0.0,0.0,0.18518518518518517,0.0,0.0,0.0,0.0,0.0,0.037037037037037035,0.0,0.0,0.0,0.0,0.0,0.037037037037037035,0.0,0.0,0.0,0.0,0.0
1236,0.0,0.0,0.0,0.0,0.0,0.0,0.25,0.15,0.0,0.25,0.0,0.0,0.0,0.15,0.0,0.0,0.0,0.0,0.05,0.0,0.0,0.05,0.05,0.0,0.0,0.0,0.0,0.0,0.05,0.0,0.0,0.0,0.0,0.0,0.0,0.0,0.0,0.0,0.0
1237,0.0,0.03333333333333333,0.16666666666666666,0.3333333333333333,0.1,0.0,0.016666666666666666,0.016666666666666666,0.016666666666666666,0.0,0.03333333333333333,0.0,0.0,0.016666666666666666,0.0,0.016666666666666666,0.0,0.016666666666666666,0.016666666666666666,0.016666666666666666,0.0,0.0,0.03333333333333333,0.016666666666666666,0.016666666666666666,0.0,0.03333333333333333,0.03333333333333333,0.0,0.016666666666666666,0.0,0.0,0.016666666666666666,0.03333333333333333,0.0,0.0,0.0,0.0,0.0
1238,0.0,0.0,0.0,0.0,0.0,0.0,0.08,0.0,0.0,0.0,0.0,0.0,0.0,0.0,0.0,0.0,0.68,0.0,0.0,0.0,0.0,0.0,0.0,0.0,0.0,0.04,0.0,0.2,0.0,0.0,0.0,0.0,0.0,0.0,0.0,0.0,0.0,0.0,0.0
1239,0.0,0.0,0.0,0.0,0.0,0.0,0.2,0.0,0.36,0.28,0.0,0.0,0.0,0.0,0.0,0.0,0.0,0.0,0.0,0.04,0.0,0.0,0.0,0.0,0.0,0.0,0.04,0.04,0.0,0.0,0.0,0.04,0.0,0.0,0.0,0.0,0.0,0.0,0.0
1240,0.0,0.0,0.0,0.0,0.0,0.0,0.0,0.0,0.0,0.0,0.0,0.0,0.0,0.0,0.0,0.0,0.0,0.0,0.0,0.0,0.15384615384615385,0.0,0.0,0.0,0.0,0.0,0.7692307692307693,0.038461538461538464,0.038461538461538464,0.0,0.0,0.0,0.0,0.0,0.0,0.0,0.0,0.0,0.0
1241,0.0,0.2,0.0,0.0,0.0,0.0,0.0,0.0,0.03333333333333333,0.0,0.0,0.0,0.0,0.0,0.0,0.0,0.03333333333333333,0.0,0.0,0.0,0.03333333333333333,0.0,0.0,0.0,0.0,0.0,0.0,0.0,0.7,0.0,0.0,0.0,0.0,0.0,0.0,0.0,0.0,0.0,0.0
1242,0.0,0.0,0.0,0.038461538461538464,0.0,0.0,0.0,0.0,0.0,0.0,0.0,0.0,0.0,0.0,0.0,0.0,0.0,0.0,0.038461538461538464,0.038461538461538464,0.0,0.0,0.0,0.0,0.0,0.07692307692307693,0.8076923076923077,0.0,0.0,0.0,0.0,0.0,0.0,0.0,0.0,0.0,0.0,0.0,0.0
1243,0.0,0.0,0.0,0.0,0.0,0.0,0.04,0.0,0.0,0.0,0.0,0.0,0.0,0.04,0.0,0.0,0.0,0.0,0.0,0.0,0.04,0.0,0.56,0.0,0.0,0.0,0.16,0.0,0.0,0.04,0.0,0.0,0.0,0.04,0.08,0.0,0.0,0.0,0.0
1244,0.0,0.037037037037037035,0.0,0.0,0.0,0.0,0.037037037037037035,0.0,0.037037037037037035,0.037037037037037035,0.0,0.0,0.0,0.0,0.0,0.0,0.0,0.0,0.37037037037037035,0.3333333333333333,0.0,0.0,0.037037037037037035,0.0,0.0,0.0,0.0,0.0,0.037037037037037035,0.0,0.037037037037037035,0.037037037037037035,0.0,0.0,0.0,0.0,0.0,0.0,0.0
1245,0.0,0.0,0.0,0.0,0.0,0.0,0.0,0.043478260869565216,0.8260869565217391,0.0,0.0,0.0,0.0,0.0,0.0,0.0,0.0,0.0,0.0,0.0,0.0,0.0,0.0,0.0,0.0,0.043478260869565216,0.0,0.0,0.043478260869565216,0.0,0.0,0.0,0.0,0.043478260869565216,0.0,0.0,0.0,0.0,0.0
1246,0.0,0.0,0.0,0.0,0.0,0.0,0.07142857142857142,0.03571428571428571,0.0,0.0,0.0,0.0,0.0,0.0,0.0,0.0,0.0,0.03571428571428571,0.03571428571428571,0.0,0.0,0.0,0.0,0.0,0.0,0.0,0.0,0.7857142857142857,0.0,0.0,0.0,0.0,0.03571428571428571,0.0,0.0,0.0,0.0,0.0,0.0
1247,0.0,0.0,0.0,0.03571428571428571,0.0,0.0,0.0,0.0,0.0,0.0,0.10714285714285714,0.0,0.0,0.0,0.0,0.0,0.03571428571428571,0.0,0.0,0.0,0.0,0.0,0.0,0.0,0.0,0.0,0.0,0.0,0.07142857142857142,0.0,0.0,0.0,0.0,0.7142857142857143,0.03571428571428571,0.0,0.0,0.0,0.0
1248,0.0,0.7727272727272727,0.0,0.0,0.045454545454545456,0.0,0.0,0.0,0.0,0.0,0.0,0.0,0.0,0.0,0.0,0.0,0.0,0.0,0.0,0.0,0.0,0.045454545454545456,0.0,0.0,0.0,0.045454545454545456,0.0,0.0,0.0,0.0,0.09090909090909091,0.0,0.0,0.0,0.0,0.0,0.0,0.0,0.0
1249,0.0,0.0,0.0,0.0,0.0,0.0,0.0,0.0,0.045454545454545456,0.0,0.0,0.0,0.0,0.0,0.0,0.9090909090909091,0.045454545454545456,0.0,0.0,0.0,0.0,0.0,0.0,0.0,0.0,0.0,0.0,0.0,0.0,0.0,0.0,0.0,0.0,0.0,0.0,0.0,0.0,0.0,0.0
1250,0.0,0.0,0.0,0.0,0.0,0.0,0.0,0.0,0.0,0.0,0.0,0.0,0.0,0.0,0.0,0.0,0.0,0.0,0.0,0.0,0.0,0.0,0.0,0.0,0.047619047619047616,0.0,0.0,0.0,0.0,0.9047619047619048,0.0,0.047619047619047616,0.0,0.0,0.0,0.0,0.0,0.0,0.0
1251,0.0,0.5862068965517241,0.0,0.0,0.034482758620689655,0.0,0.034482758620689655,0.0,0.0,0.0,0.0,0.0,0.0,0.034482758620689655,0.0,0.0,0.0,0.0,0.0,0.0,0.034482758620689655,0.06896551724137931,0.0,0.0,0.034482758620689655,0.0,0.0,0.0,0.034482758620689655,0.06896551724137931,0.034482758620689655,0.0,0.034482758620689655,0.0,0.0,0.0,0.0,0.0,0.0
1252,0.0,0.0,0.0,0.9047619047619048,0.0,0.0,0.0,0.0,0.0,0.047619047619047616,0.0,0.0,0.0,0.0,0.0,0.0,0.0,0.0,0.0,0.0,0.0,0.047619047619047616,0.0,0.0,0.0,0.0,0.0,0.0,0.0,0.0,0.0,0.0,0.0,0.0,0.0,0.0,0.0,0.0,0.0
1253,0.0,0.0,0.0,0.0,0.0,0.0,0.0,0.16666666666666666,0.0,0.0,0.0,0.0,0.0,0.0,0.0,0.0,0.0,0.0,0.0,0.0,0.0,0.041666666666666664,0.0,0.0,0.0,0.0,0.0,0.0,0.0,0.0,0.16666666666666666,0.0,0.0,0.625,0.0,0.0,0.0,0.0,0.0
1254,0.0,0.015625,0.015625,0.015625,0.015625,0.015625,0.09375,0.03125,0.171875,0.046875,0.0625,0.015625,0.0,0.0,0.0,0.0,0.0,0.015625,0.09375,0.03125,0.015625,0.0,0.0625,0.0,0.046875,0.0,0.015625,0.0,0.015625,0.0,0.03125,0.0,0.15625,0.015625,0.0,0.0,0.0,0.0,0.0
1255,0.0,0.0,0.0,0.037037037037037035,0.0,0.037037037037037035,0.037037037037037035,0.0,0.0,0.0,0.0,0.0,0.0,0.037037037037037035,0.0,0.037037037037037035,0.0,0.0,0.0,0.2962962962962963,0.0,0.0,0.037037037037037035,0.037037037037037035,0.0,0.0,0.0,0.037037037037037035,0.0,0.0,0.18518518518518517,0.0,0.2222222222222222,0.0,0.0,0.0,0.0,0.0,0.0
1256,0.0,0.0,0.0,0.0,0.0,0.0,0.0,0.0,0.0,0.0,0.0,0.0,0.0,0.0,0.0,0.0,0.0,0.0,0.0,0.0,0.0,0.0,0.0,0.0,0.0,0.0,0.0,0.0,0.0,0.0,0.0,0.0,0.9615384615384616,0.038461538461538464,0.0,0.0,0.0,0.0,0.0
1257,0.0,0.0,0.0,0.0,0.0,0.12903225806451613,0.06451612903225806,0.0,0.0,0.06451612903225806,0.0,0.0,0.0,0.0,0.0,0.06451612903225806,0.0,0.0,0.03225806451612903,0.0,0.0,0.0,0.0,0.03225806451612903,0.0,0.03225806451612903,0.0,0.0,0.0,0.3225806451612903,0.03225806451612903,0.0,0.16129032258064516,0.03225806451612903,0.0,0.0,0.0,0.03225806451612903,0.0
1258,0.0,0.07692307692307693,0.0,0.0,0.7692307692307693,0.0,0.0,0.0,0.038461538461538464,0.0,0.0,0.0,0.038461538461538464,0.0,0.0,0.0,0.0,0.0,0.0,0.0,0.0,0.0,0.0,0.0,0.0,0.0,0.0,0.0,0.0,0.0,0.0,0.0,0.0,0.07692307692307693,0.0,0.0,0.0,0.0,0.0
1259,0.0,0.0,0.0,0.045454545454545456,0.0,0.0,0.0,0.0,0.0,0.0,0.0,0.0,0.0,0.0,0.0,0.0,0.0,0.045454545454545456,0.0,0.0,0.0,0.0,0.0,0.0,0.0,0.0,0.0,0.0,0.045454545454545456,0.0,0.0,0.6818181818181818,0.18181818181818182,0.0,0.0,0.0,0.0,0.0,0.0
1260,0.02857142857142857,0.17142857142857143,0.0,0.0,0.02857142857142857,0.37142857142857144,0.08571428571428572,0.02857142857142857,0.0,0.0,0.02857142857142857,0.02857142857142857,0.0,0.0,0.0,0.0,0.02857142857142857,0.05714285714285714,0.0,0.0,0.0,0.0,0.0,0.0,0.0,0.02857142857142857,0.05714285714285714,0.02857142857142857,0.0,0.0,0.0,0.0,0.02857142857142857,0.0,0.0,0.0,0.0,0.0,0.0
1261,0.0,0.6785714285714286,0.07142857142857142,0.0,0.03571428571428571,0.0,0.03571428571428571,0.0,0.07142857142857142,0.0,0.0,0.0,0.03571428571428571,0.0,0.03571428571428571,0.0,0.03571428571428571,0.0,0.0,0.0,0.0,0.0,0.0,0.0,0.0,0.0,0.0,0.0,0.0,0.0,0.0,0.0,0.0,0.0,0.0,0.0,0.0,0.0,0.0
1262,0.0,0.0,0.1,0.03333333333333333,0.03333333333333333,0.0,0.0,0.0,0.0,0.0,0.0,0.0,0.0,0.0,0.0,0.0,0.0,0.03333333333333333,0.03333333333333333,0.0,0.0,0.03333333333333333,0.0,0.0,0.0,0.0,0.0,0.1,0.0,0.0,0.0,0.6333333333333333,0.0,0.0,0.0,0.0,0.0,0.0,0.0
1263,0.0,0.0,0.0,0.0,0.0,0.045454545454545456,0.0,0.0,0.9090909090909091,0.0,0.0,0.0,0.0,0.0,0.0,0.045454545454545456,0.0,0.0,0.0,0.0,0.0,0.0,0.0,0.0,0.0,0.0,0.0,0.0,0.0,0.0,0.0,0.0,0.0,0.0,0.0,0.0,0.0,0.0,0.0
1264,0.0,0.038461538461538464,0.0,0.0,0.038461538461538464,0.0,0.0,0.0,0.5384615384615384,0.34615384615384615,0.0,0.0,0.0,0.0,0.0,0.0,0.0,0.0,0.0,0.0,0.0,0.0,0.0,0.0,0.0,0.0,0.0,0.0,0.038461538461538464,0.0,0.0,0.0,0.0,0.0,0.0,0.0,0.0,0.0,0.0
1265,0.0,0.020833333333333332,0.041666666666666664,0.08333333333333333,0.14583333333333334,0.0,0.020833333333333332,0.0,0.0625,0.020833333333333332,0.0,0.0,0.0,0.0,0.020833333333333332,0.0,0.0,0.0,0.020833333333333332,0.0625,0.10416666666666667,0.041666666666666664,0.020833333333333332,0.0,0.0625,0.041666666666666664,0.0,0.020833333333333332,0.041666666666666664,0.020833333333333332,0.020833333333333332,0.0625,0.041666666666666664,0.020833333333333332,0.0,0.0,0.0,0.0,0.0
1266,0.0,0.0,0.041666666666666664,0.0,0.0,0.0,0.0,0.0,0.041666666666666664,0.0,0.0,0.0,0.0,0.0,0.0,0.0,0.0,0.0,0.0,0.0,0.0,0.0,0.0,0.0,0.0,0.0,0.0,0.0,0.0,0.0,0.875,0.041666666666666664,0.0,0.0,0.0,0.0,0.0,0.0,0.0
1267,0.0,0.0,0.0,0.0,0.0,0.03225806451612903,0.06451612903225806,0.0,0.03225806451612903,0.0,0.0,0.03225806451612903,0.0,0.0,0.0,0.0,0.0,0.0,0.0,0.0967741935483871,0.0,0.0,0.0,0.0,0.0,0.0,0.0,0.03225806451612903,0.06451612903225806,0.0,0.6129032258064516,0.0,0.0,0.03225806451612903,0.0,0.0,0.0,0.0,0.0
1268,0.0,0.0,0.06451612903225806,0.0,0.3225806451612903,0.0,0.0,0.0,0.0,0.22580645161290322,0.03225806451612903,0.0,0.0,0.0,0.0,0.0,0.0,0.0,0.06451612903225806,0.0,0.0,0.03225806451612903,0.06451612903225806,0.0,0.0,0.06451612903225806,0.0,0.0,0.03225806451612903,0.03225806451612903,0.03225806451612903,0.03225806451612903,0.0,0.0,0.0,0.0,0.0,0.0,0.0
1269,0.0,0.0,0.0,0.03571428571428571,0.03571428571428571,0.0,0.03571428571428571,0.0,0.0,0.0,0.75,0.0,0.0,0.0,0.0,0.0,0.0,0.0,0.0,0.0,0.0,0.0,0.0,0.0,0.03571428571428571,0.0,0.03571428571428571,0.0,0.0,0.0,0.03571428571428571,0.03571428571428571,0.0,0.0,0.0,0.0,0.0,0.0,0.0
1270,0.0,0.0,0.03125,0.0625,0.03125,0.0,0.0625,0.0,0.0,0.0,0.0,0.34375,0.03125,0.0,0.03125,0.03125,0.03125,0.0,0.0,0.0625,0.0,0.0625,0.0,0.0,0.0,0.0,0.0,0.0,0.03125,0.0,0.0,0.0,0.0,0.1875,0.0,0.0,0.0,0.0,0.0
1271,0.0,0.0,0.0,0.0,0.0,0.0,0.0,0.0,0.0,0.0,0.0,0.7727272727272727,0.045454545454545456,0.0,0.0,0.0,0.0,0.0,0.0,0.0,0.0,0.0,0.0,0.0,0.0,0.0,0.0,0.13636363636363635,0.0,0.0,0.045454545454545456,0.0,0.0,0.0,0.0,0.0,0.0,0.0,0.0
1272,0.0,0.5238095238095238,0.0,0.0,0.047619047619047616,0.0,0.0,0.047619047619047616,0.0,0.0,0.0,0.0,0.0,0.047619047619047616,0.0,0.0,0.0,0.0,0.0,0.0,0.0,0.047619047619047616,0.0,0.0,0.0,0.0,0.0,0.0,0.0,0.047619047619047616,0.23809523809523808,0.0,0.0,0.0,0.0,0.0,0.0,0.0,0.0
1273,0.0,0.05714285714285714,0.0,0.0,0.02857142857142857,0.08571428571428572,0.37142857142857144,0.0,0.37142857142857144,0.0,0.0,0.0,0.0,0.0,0.0,0.0,0.02857142857142857,0.0,0.0,0.0,0.02857142857142857,0.0,0.0,0.0,0.0,0.0,0.0,0.0,0.0,0.0,0.02857142857142857,0.0,0.0,0.0,0.0,0.0,0.0,0.0,0.0
1274,0.0,0.0,0.0,0.025,0.325,0.0,0.025,0.025,0.0,0.0,0.0,0.0,0.0,0.025,0.025,0.0,0.0,0.025,0.15,0.0,0.0,0.05,0.0,0.0,0.1,0.025,0.0,0.025,0.1,0.025,0.025,0.0,0.0,0.0,0.025,0.0,0.0,0.0,0.0
1275,0.0,0.0,0.038461538461538464,0.038461538461538464,0.0,0.6923076923076923,0.0,0.038461538461538464,0.0,0.0,0.0,0.038461538461538464,0.0,0.0,0.038461538461538464,0.038461538461538464,0.0,0.0,0.0,0.0,0.0,0.0,0.0,0.0,0.0,0.0,0.0,0.0,0.0,0.038461538461538464,0.0,0.038461538461538464,0.0,0.0,0.0,0.0,0.0,0.0,0.0
1276,0.0,0.5588235294117647,0.0,0.029411764705882353,0.029411764705882353,0.0,0.029411764705882353,0.029411764705882353,0.0,0.029411764705882353,0.0,0.0,0.029411764705882353,0.029411764705882353,0.0,0.0,0.0,0.029411764705882353,0.0,0.0,0.0,0.029411764705882353,0.058823529411764705,0.0,0.0,0.058823529411764705,0.0,0.0,0.0,0.058823529411764705,0.0,0.0,0.0,0.0,0.0,0.0,0.0,0.0,0.0
1277,0.0,0.0,0.0,0.0,0.0,0.0,0.0,0.0,0.0,0.0,0.0,0.0,0.0,0.0,0.0,0.0,0.0,0.0,0.0,0.0,0.0,0.0,0.0,0.0,0.0,0.0,0.0,0.0,0.1111111111111111,0.8888888888888888,0.0,0.0,0.0,0.0,0.0,0.0,0.0,0.0,0.0
1278,0.0,0.045454545454545456,0.13636363636363635,0.0,0.0,0.0,0.0,0.0,0.0,0.0,0.0,0.0,0.0,0.045454545454545456,0.0,0.0,0.0,0.09090909090909091,0.0,0.0,0.0,0.0,0.22727272727272727,0.0,0.045454545454545456,0.0,0.4090909090909091,0.0,0.0,0.0,0.0,0.0,0.0,0.0,0.0,0.0,0.0,0.0,0.0
1279,0.0,0.125,0.0,0.041666666666666664,0.0,0.0,0.0,0.041666666666666664,0.0,0.0,0.0,0.0,0.0,0.0,0.0,0.0,0.0,0.16666666666666666,0.041666666666666664,0.0,0.0,0.0,0.5833333333333334,0.0,0.0,0.0,0.0,0.0,0.0,0.0,0.0,0.0,0.0,0.0,0.0,0.0,0.0,0.0,0.0
1280,0.0,0.02702702702702703,0.0,0.0,0.0,0.0,0.08108108108108109,0.0,0.0,0.0,0.0,0.0,0.02702702702702703,0.02702702702702703,0.02702702702702703,0.02702702702702703,0.02702702702702703,0.0,0.0,0.0,0.0,0.02702702702702703,0.0,0.0,0.4864864864864865,0.0,0.0,0.0,0.0,0.0,0.1891891891891892,0.05405405405405406,0.0,0.0,0.0,0.0,0.0,0.0,0.0
1281,0.07407407407407407,0.0,0.0,0.0,0.0,0.0,0.0,0.0,0.18518518518518517,0.037037037037037035,0.037037037037037035,0.0,0.0,0.07407407407407407,0.0,0.0,0.037037037037037035,0.0,0.0,0.0,0.0,0.0,0.0,0.037037037037037035,0.0,0.0,0.0,0.0,0.0,0.037037037037037035,0.0,0.0,0.0,0.48148148148148145,0.0,0.0,0.0,0.0,0.0
1282,0.0,0.11363636363636363,0.045454545454545456,0.11363636363636363,0.0,0.0,0.045454545454545456,0.045454545454545456,0.0,0.0,0.11363636363636363,0.045454545454545456,0.0,0.022727272727272728,0.022727272727272728,0.0,0.0,0.0,0.20454545454545456,0.0,0.0,0.022727272727272728,0.022727272727272728,0.022727272727272728,0.0,0.09090909090909091,0.0,0.0,0.0,0.0,0.022727272727272728,0.022727272727272728,0.022727272727272728,0.0,0.0,0.0,0.0,0.0,0.0
1283,0.0,0.043478260869565216,0.0,0.0,0.0,0.0,0.043478260869565216,0.0,0.0,0.0,0.043478260869565216,0.0,0.043478260869565216,0.0,0.0,0.0,0.0,0.13043478260869565,0.0,0.13043478260869565,0.5217391304347826,0.0,0.0,0.0,0.0,0.0,0.0,0.0,0.0,0.0,0.0,0.043478260869565216,0.0,0.0,0.0,0.0,0.0,0.0,0.0
1284,0.0,0.0,0.0,0.0,0.0,0.0,0.0,0.0,0.0,0.0,0.043478260869565216,0.0,0.0,0.0,0.0,0.0,0.0,0.0,0.0,0.0,0.0,0.0,0.9565217391304348,0.0,0.0,0.0,0.0,0.0,0.0,0.0,0.0,0.0,0.0,0.0,0.0,0.0,0.0,0.0,0.0
1285,0.0,0.0,0.0,0.0,0.0,0.0,0.0,0.0,0.0,0.047619047619047616,0.0,0.0,0.0,0.0,0.0,0.0,0.0,0.0,0.0,0.0,0.0,0.9523809523809523,0.0,0.0,0.0,0.0,0.0,0.0,0.0,0.0,0.0,0.0,0.0,0.0,0.0,0.0,0.0,0.0,0.0
1286,0.0,0.25,0.0,0.0,0.0,0.0,0.0,0.0,0.0,0.0,0.0,0.0,0.0,0.0,0.0,0.0,0.0,0.0,0.0,0.0,0.0,0.625,0.041666666666666664,0.0,0.0,0.0,0.0,0.041666666666666664,0.0,0.041666666666666664,0.0,0.0,0.0,0.0,0.0,0.0,0.0,0.0,0.0
1287,0.0,0.0,0.0,0.0,0.0,0.0,0.030303030303030304,0.030303030303030304,0.0,0.0,0.06060606060606061,0.0,0.0,0.0,0.0,0.0,0.0,0.0,0.0,0.0,0.030303030303030304,0.09090909090909091,0.09090909090909091,0.5757575757575758,0.0,0.030303030303030304,0.030303030303030304,0.0,0.0,0.0,0.0,0.0,0.0,0.030303030303030304,0.0,0.0,0.0,0.0,0.0
1288,0.0,0.0,0.0,0.05263157894736842,0.0,0.0,0.0,0.0,0.0,0.0,0.0,0.0,0.0,0.0,0.0,0.0,0.0,0.21052631578947367,0.0,0.0,0.0,0.0,0.0,0.0,0.0,0.0,0.0,0.0,0.0,0.0,0.0,0.0,0.0,0.5789473684210527,0.15789473684210525,0.0,0.0,0.0,0.0
1289,0.0,0.0,0.0,0.0,0.48148148148148145,0.037037037037037035,0.037037037037037035,0.07407407407407407,0.0,0.0,0.0,0.0,0.0,0.0,0.0,0.0,0.0,0.0,0.0,0.0,0.0,0.0,0.0,0.37037037037037035,0.0,0.0,0.0,0.0,0.0,0.0,0.0,0.0,0.0,0.0,0.0,0.0,0.0,0.0,0.0
1290,0.0,0.0,0.0,0.08163265306122448,0.04081632653061224,0.08163265306122448,0.0,0.0,0.04081632653061224,0.02040816326530612,0.02040816326530612,0.0,0.02040816326530612,0.0,0.0,0.10204081632653061,0.3469387755102041,0.02040816326530612,0.0,0.08163265306122448,0.0,0.0,0.02040816326530612,0.0,0.02040816326530612,0.0,0.02040816326530612,0.0,0.0,0.0,0.0,0.0,0.061224489795918366,0.02040816326530612,0.0,0.0,0.0,0.0,0.0
1291,0.0,0.0392156862745098,0.0392156862745098,0.058823529411764705,0.058823529411764705,0.0392156862745098,0.0196078431372549,0.0196078431372549,0.0196078431372549,0.0392156862745098,0.0,0.0,0.0196078431372549,0.058823529411764705,0.0,0.0196078431372549,0.0392156862745098,0.0196078431372549,0.0,0.0392156862745098,0.0,0.0392156862745098,0.09803921568627451,0.0,0.0,0.0,0.3137254901960784,0.0,0.0,0.0,0.0,0.0,0.0,0.0196078431372549,0.0,0.0,0.0,0.0,0.0
1292,0.0,0.02127659574468085,0.0,0.02127659574468085,0.0,0.0,0.0,0.0,0.1702127659574468,0.02127659574468085,0.02127659574468085,0.0,0.0,0.0,0.0,0.0,0.0,0.0425531914893617,0.0,0.0425531914893617,0.3829787234042553,0.0,0.0,0.0,0.02127659574468085,0.0,0.02127659574468085,0.0,0.14893617021276595,0.02127659574468085,0.0,0.02127659574468085,0.0,0.02127659574468085,0.02127659574468085,0.0,0.0,0.0,0.0
1293,0.0,0.0,0.0,0.0,0.0,0.0,0.0,0.0,0.0,0.038461538461538464,0.0,0.0,0.0,0.0,0.0,0.038461538461538464,0.07692307692307693,0.0,0.0,0.0,0.5769230769230769,0.23076923076923078,0.0,0.0,0.0,0.0,0.0,0.0,0.0,0.0,0.038461538461538464,0.0,0.0,0.0,0.0,0.0,0.0,0.0,0.0
1294,0.0,0.03225806451612903,0.1935483870967742,0.0,0.0,0.0,0.03225806451612903,0.0,0.0,0.0,0.0,0.0,0.0,0.0,0.0,0.0,0.0,0.03225806451612903,0.0,0.0,0.0,0.0,0.0,0.0,0.0,0.6129032258064516,0.03225806451612903,0.06451612903225806,0.0,0.0,0.0,0.0,0.0,0.0,0.0,0.0,0.0,0.0,0.0
1295,0.0,0.0,0.0,0.0,0.0,0.0,0.0,0.0,0.0,0.0,0.0,0.0,0.0,0.0,0.0,0.0,0.0,0.22727272727272727,0.6363636363636364,0.045454545454545456,0.0,0.0,0.0,0.0,0.0,0.0,0.0,0.0,0.0,0.0,0.045454545454545456,0.045454545454545456,0.0,0.0,0.0,0.0,0.0,0.0,0.0
1296,0.0,0.02857142857142857,0.0,0.2857142857142857,0.0,0.0,0.0,0.0,0.02857142857142857,0.0,0.02857142857142857,0.0,0.0,0.0,0.02857142857142857,0.0,0.0,0.0,0.0,0.0,0.0,0.02857142857142857,0.0,0.0,0.4857142857142857,0.0,0.0,0.0,0.05714285714285714,0.0,0.02857142857142857,0.0,0.0,0.0,0.0,0.0,0.0,0.0,0.0
1297,0.0,0.0,0.0,0.0,0.0,0.0,0.0,0.0,0.0,0.0,0.0,0.0,0.0,0.0,0.0,0.0,0.0,0.0,0.0,0.0,0.0,0.0,0.0,0.0,1.0,0.0,0.0,0.0,0.0,0.0,0.0,0.0,0.0,0.0,0.0,0.0,0.0,0.0,0.0
1298,0.0,0.0,0.0,0.041666666666666664,0.0,0.0,0.0,0.0,0.625,0.0,0.08333333333333333,0.0,0.0,0.0,0.041666666666666664,0.0,0.0,0.0,0.0,0.0,0.0,0.0,0.0,0.0,0.0,0.0,0.0,0.0,0.125,0.0,0.041666666666666664,0.0,0.041666666666666664,0.0,0.0,0.0,0.0,0.0,0.0
1299,0.0,0.0,0.0,0.045454545454545456,0.0,0.0,0.045454545454545456,0.0,0.0,0.0,0.0,0.0,0.0,0.0,0.7272727272727273,0.13636363636363635,0.0,0.0,0.0,0.0,0.0,0.0,0.0,0.0,0.0,0.0,0.045454545454545456,0.0,0.0,0.0,0.0,0.0,0.0,0.0,0.0,0.0,0.0,0.0,0.0
1300,0.0,0.09375,0.125,0.0,0.0,0.03125,0.0,0.03125,0.0,0.03125,0.03125,0.03125,0.46875,0.0,0.0,0.0,0.03125,0.0,0.03125,0.0,0.0,0.0,0.0,0.0,0.0,0.03125,0.0,0.0,0.0625,0.0,0.0,0.0,0.0,0.0,0.0,0.0,0.0,0.0,0.0
1301,0.0,0.0,0.0,0.0,0.0,0.0,0.0,0.0,0.0,0.08,0.0,0.0,0.0,0.0,0.0,0.0,0.0,0.0,0.0,0.0,0.0,0.0,0.0,0.0,0.0,0.0,0.08,0.0,0.0,0.04,0.8,0.0,0.0,0.0,0.0,0.0,0.0,0.0,0.0
1302,0.0,0.0,0.0,0.0,0.0,0.95,0.0,0.0,0.0,0.0,0.0,0.0,0.0,0.0,0.0,0.0,0.0,0.0,0.0,0.0,0.0,0.0,0.0,0.0,0.0,0.0,0.05,0.0,0.0,0.0,0.0,0.0,0.0,0.0,0.0,0.0,0.0,0.0,0.0
1303,0.0,0.0,0.0,0.0,0.0,0.0,0.0,0.6206896551724138,0.034482758620689655,0.034482758620689655,0.0,0.0,0.0,0.0,0.0,0.0,0.034482758620689655,0.034482758620689655,0.034482758620689655,0.0,0.0,0.0,0.0,0.034482758620689655,0.0,0.0,0.0,0.0,0.034482758620689655,0.0,0.0,0.0,0.0,0.10344827586206896,0.034482758620689655,0.0,0.0,0.0,0.0
1304,0.0,0.0,0.0,0.0,0.0,0.047619047619047616,0.0,0.0,0.047619047619047616,0.0,0.0,0.0,0.0,0.0,0.0,0.0,0.6666666666666666,0.0,0.0,0.0,0.0,0.23809523809523808,0.0,0.0,0.0,0.0,0.0,0.0,0.0,0.0,0.0,0.0,0.0,0.0,0.0,0.0,0.0,0.0,0.0
1305,0.0,0.0,0.0,0.0,0.0,0.045454545454545456,0.0,0.0,0.0,0.0,0.6363636363636364,0.045454545454545456,0.045454545454545456,0.0,0.0,0.0,0.045454545454545456,0.045454545454545456,0.0,0.0,0.0,0.0,0.0,0.0,0.0,0.0,0.09090909090909091,0.0,0.0,0.045454545454545456,0.0,0.0,0.0,0.0,0.0,0.0,0.0,0.0,0.0
1306,0.0,0.0,0.0,0.0,0.6206896551724138,0.0,0.0,0.0,0.0,0.10344827586206896,0.0,0.0,0.0,0.06896551724137931,0.0,0.034482758620689655,0.0,0.034482758620689655,0.0,0.0,0.0,0.06896551724137931,0.0,0.0,0.0,0.0,0.0,0.0,0.0,0.0,0.0,0.034482758620689655,0.0,0.034482758620689655,0.0,0.0,0.0,0.0,0.0
1307,0.0,0.07692307692307693,0.0,0.038461538461538464,0.0,0.0,0.0,0.0,0.0,0.0,0.0,0.0,0.0,0.0,0.0,0.0,0.0,0.0,0.07692307692307693,0.0,0.0,0.0,0.0,0.0,0.23076923076923078,0.0,0.0,0.038461538461538464,0.0,0.0,0.5,0.038461538461538464,0.0,0.0,0.0,0.0,0.0,0.0,0.0
1308,0.0,0.03571428571428571,0.0,0.03571428571428571,0.0,0.7142857142857143,0.03571428571428571,0.0,0.0,0.0,0.0,0.0,0.0,0.03571428571428571,0.0,0.0,0.0,0.03571428571428571,0.0,0.0,0.0,0.0,0.0,0.0,0.03571428571428571,0.03571428571428571,0.0,0.0,0.0,0.0,0.0,0.0,0.03571428571428571,0.0,0.0,0.0,0.0,0.0,0.0
1309,0.0,0.0,0.06896551724137931,0.0,0.0,0.0,0.034482758620689655,0.034482758620689655,0.0,0.0,0.034482758620689655,0.0,0.034482758620689655,0.0,0.0,0.034482758620689655,0.0,0.0,0.0,0.06896551724137931,0.0,0.5517241379310345,0.0,0.0,0.034482758620689655,0.034482758620689655,0.0,0.0,0.0,0.0,0.0,0.0,0.034482758620689655,0.034482758620689655,0.0,0.0,0.0,0.0,0.0
1310,0.0,0.03333333333333333,0.0,0.0,0.0,0.0,0.06666666666666667,0.06666666666666667,0.0,0.03333333333333333,0.06666666666666667,0.0,0.0,0.1,0.03333333333333333,0.03333333333333333,0.1,0.2,0.0,0.0,0.06666666666666667,0.06666666666666667,0.0,0.0,0.0,0.0,0.0,0.0,0.03333333333333333,0.06666666666666667,0.0,0.0,0.0,0.03333333333333333,0.0,0.0,0.0,0.0,0.0
1311,0.0,0.09523809523809523,0.011904761904761904,0.03571428571428571,0.0,0.0,0.20238095238095238,0.023809523809523808,0.011904761904761904,0.011904761904761904,0.023809523809523808,0.0,0.03571428571428571,0.09523809523809523,0.0,0.023809523809523808,0.0,0.011904761904761904,0.011904761904761904,0.023809523809523808,0.023809523809523808,0.05952380952380952,0.05952380952380952,0.0,0.03571428571428571,0.047619047619047616,0.0,0.011904761904761904,0.047619047619047616,0.0,0.011904761904761904,0.011904761904761904,0.011904761904761904,0.0,0.03571428571428571,0.0,0.011904761904761904,0.011904761904761904,0.0
1312,0.0,0.0,0.0,0.047619047619047616,0.0,0.0,0.0,0.8095238095238095,0.0,0.0,0.0,0.0,0.0,0.0,0.0,0.0,0.0,0.0,0.0,0.0,0.14285714285714285,0.0,0.0,0.0,0.0,0.0,0.0,0.0,0.0,0.0,0.0,0.0,0.0,0.0,0.0,0.0,0.0,0.0,0.0
1313,0.0,0.047619047619047616,0.0,0.0,0.0,0.0,0.0,0.0,0.0,0.0,0.0,0.0,0.0,0.0,0.0,0.0,0.047619047619047616,0.0,0.0,0.0,0.0,0.047619047619047616,0.0,0.0,0.0,0.0,0.0,0.0,0.8095238095238095,0.047619047619047616,0.0,0.0,0.0,0.0,0.0,0.0,0.0,0.0,0.0
1314,0.0,0.0,0.0,0.0,0.0,0.0,0.0,0.0,0.0,0.0,0.0,0.0,0.0,0.0,0.0,0.0,0.0,0.0,0.05,0.0,0.0,0.0,0.0,0.9,0.05,0.0,0.0,0.0,0.0,0.0,0.0,0.0,0.0,0.0,0.0,0.0,0.0,0.0,0.0
1315,0.0,0.0,0.08695652173913043,0.0,0.0,0.0,0.0,0.0,0.0,0.0,0.043478260869565216,0.0,0.0,0.0,0.0,0.0,0.782608695652174,0.0,0.043478260869565216,0.0,0.0,0.0,0.0,0.0,0.0,0.0,0.0,0.0,0.0,0.043478260869565216,0.0,0.0,0.0,0.0,0.0,0.0,0.0,0.0,0.0
1316,0.0,0.0,0.0,0.047619047619047616,0.14285714285714285,0.0,0.0,0.0,0.0,0.7142857142857143,0.0,0.0,0.0,0.0,0.0,0.0,0.0,0.0,0.0,0.0,0.0,0.0,0.0,0.0,0.0,0.047619047619047616,0.047619047619047616,0.0,0.0,0.0,0.0,0.0,0.0,0.0,0.0,0.0,0.0,0.0,0.0
1317,0.0,0.0,0.0,0.0,0.0,0.047619047619047616,0.0,0.0,0.0,0.0,0.0,0.0,0.0,0.0,0.0,0.0,0.0,0.0,0.0,0.0,0.0,0.047619047619047616,0.0,0.0,0.0,0.9047619047619048,0.0,0.0,0.0,0.0,0.0,0.0,0.0,0.0,0.0,0.0,0.0,0.0,0.0
1318,0.0,0.19047619047619047,0.0,0.0,0.0,0.047619047619047616,0.047619047619047616,0.0,0.0,0.0,0.0,0.0,0.0,0.0,0.0,0.0,0.0,0.0,0.047619047619047616,0.0,0.0,0.0,0.23809523809523808,0.0,0.0,0.42857142857142855,0.0,0.0,0.0,0.0,0.0,0.0,0.0,0.0,0.0,0.0,0.0,0.0,0.0
1319,0.0,0.0,0.04,0.0,0.0,0.0,0.0,0.0,0.0,0.0,0.0,0.04,0.0,0.0,0.0,0.0,0.0,0.0,0.0,0.0,0.0,0.0,0.0,0.0,0.0,0.0,0.0,0.0,0.0,0.0,0.04,0.0,0.0,0.0,0.84,0.04,0.0,0.0,0.0
1320,0.020833333333333332,0.125,0.10416666666666667,0.0,0.020833333333333332,0.0,0.041666666666666664,0.0,0.020833333333333332,0.020833333333333332,0.0,0.0,0.020833333333333332,0.0,0.0,0.0,0.020833333333333332,0.0,0.0,0.0,0.020833333333333332,0.0,0.0,0.041666666666666664,0.0,0.3541666666666667,0.0,0.020833333333333332,0.020833333333333332,0.041666666666666664,0.020833333333333332,0.020833333333333332,0.0625,0.0,0.0,0.0,0.0,0.0,0.0
1321,0.0,0.0,0.0,0.0,0.0,0.0,0.0,0.0,0.0,0.0,0.0,0.0,0.0,0.0,0.0,0.0,0.05263157894736842,0.0,0.0,0.05263157894736842,0.0,0.8421052631578947,0.0,0.0,0.0,0.0,0.0,0.0,0.0,0.0,0.05263157894736842,0.0,0.0,0.0,0.0,0.0,0.0,0.0,0.0
1322,0.0,0.0,0.0,0.038461538461538464,0.0,0.0,0.0,0.0,0.0,0.038461538461538464,0.0,0.0,0.3076923076923077,0.038461538461538464,0.0,0.0,0.0,0.038461538461538464,0.0,0.0,0.0,0.0,0.0,0.0,0.038461538461538464,0.0,0.0,0.0,0.0,0.038461538461538464,0.3076923076923077,0.11538461538461539,0.038461538461538464,0.0,0.0,0.0,0.0,0.0,0.0
1323,0.037037037037037035,0.0,0.0,0.0,0.0,0.0,0.0,0.0,0.0,0.037037037037037035,0.0,0.0,0.0,0.037037037037037035,0.0,0.037037037037037035,0.037037037037037035,0.037037037037037035,0.0,0.0,0.037037037037037035,0.0,0.0,0.0,0.0,0.0,0.0,0.0,0.0,0.0,0.7407407407407407,0.0,0.0,0.0,0.0,0.0,0.0,0.0,0.0
1324,0.029411764705882353,0.0,0.029411764705882353,0.058823529411764705,0.0,0.0,0.14705882352941177,0.0,0.0,0.0,0.0,0.4411764705882353,0.058823529411764705,0.0,0.0,0.0,0.0,0.029411764705882353,0.029411764705882353,0.0,0.0,0.0,0.0,0.0,0.0,0.0,0.0,0.11764705882352941,0.029411764705882353,0.0,0.0,0.0,0.029411764705882353,0.0,0.0,0.0,0.0,0.0,0.0
1325,0.0,0.0,0.0,0.0,0.0,0.0,0.0,0.0,0.0,0.0,0.0,0.0,0.0,0.0,0.12,0.0,0.0,0.0,0.04,0.0,0.04,0.0,0.0,0.0,0.4,0.28,0.0,0.0,0.0,0.08,0.0,0.0,0.0,0.04,0.0,0.0,0.0,0.0,0.0
1326,0.0,0.04,0.0,0.0,0.0,0.04,0.0,0.04,0.0,0.0,0.04,0.0,0.0,0.0,0.0,0.0,0.0,0.0,0.04,0.0,0.0,0.0,0.68,0.04,0.04,0.0,0.0,0.0,0.0,0.0,0.0,0.0,0.0,0.0,0.04,0.0,0.0,0.0,0.0
1327,0.0,0.0,0.030303030303030304,0.030303030303030304,0.0,0.0,0.030303030303030304,0.09090909090909091,0.0,0.06060606060606061,0.0,0.0,0.0,0.06060606060606061,0.030303030303030304,0.18181818181818182,0.21212121212121213,0.0,0.0,0.0,0.0,0.030303030303030304,0.0,0.0,0.0,0.030303030303030304,0.030303030303030304,0.0,0.030303030303030304,0.030303030303030304,0.0,0.06060606060606061,0.030303030303030304,0.030303030303030304,0.0,0.0,0.0,0.0,0.0
1328,0.0,0.0,0.045454545454545456,0.0,0.0,0.0,0.045454545454545456,0.0,0.0,0.0,0.0,0.0,0.0,0.0,0.0,0.0,0.045454545454545456,0.0,0.0,0.0,0.0,0.0,0.0,0.0,0.0,0.0,0.045454545454545456,0.0,0.0,0.0,0.8181818181818182,0.0,0.0,0.0,0.0,0.0,0.0,0.0,0.0
1329,0.0,0.0,0.043478260869565216,0.0,0.0,0.0,0.0,0.043478260869565216,0.0,0.0,0.0,0.0,0.0,0.0,0.0,0.0,0.0,0.0,0.043478260869565216,0.043478260869565216,0.0,0.0,0.043478260869565216,0.0,0.0,0.043478260869565216,0.0,0.0,0.0,0.0,0.7391304347826086,0.0,0.0,0.0,0.0,0.0,0.0,0.0,0.0
1330,0.0,0.0,0.0,0.03125,0.0,0.0,0.03125,0.59375,0.0,0.03125,0.03125,0.0,0.0,0.03125,0.0,0.0,0.0,0.0,0.03125,0.0,0.03125,0.0,0.0,0.0,0.03125,0.0,0.03125,0.0,0.03125,0.03125,0.0,0.0,0.0625,0.0,0.0,0.0,0.0,0.0,0.0
1331,0.0,0.0,0.0,0.045454545454545456,0.0,0.0,0.0,0.0,0.13636363636363635,0.09090909090909091,0.0,0.0,0.0,0.045454545454545456,0.0,0.0,0.22727272727272727,0.0,0.0,0.0,0.0,0.045454545454545456,0.0,0.0,0.3181818181818182,0.0,0.0,0.0,0.0,0.0,0.0,0.0,0.0,0.0,0.09090909090909091,0.0,0.0,0.0,0.0
1332,0.0,0.0,0.05,0.0,0.0,0.0,0.0,0.0,0.0,0.0,0.05,0.0,0.0,0.0,0.0,0.0,0.0,0.0,0.0,0.0,0.0,0.0,0.0,0.85,0.0,0.05,0.0,0.0,0.0,0.0,0.0,0.0,0.0,0.0,0.0,0.0,0.0,0.0,0.0
1333,0.0,0.029411764705882353,0.029411764705882353,0.0,0.029411764705882353,0.0,0.029411764705882353,0.0,0.029411764705882353,0.0,0.0,0.0,0.0,0.5294117647058824,0.029411764705882353,0.0,0.029411764705882353,0.029411764705882353,0.0,0.029411764705882353,0.058823529411764705,0.029411764705882353,0.029411764705882353,0.0,0.0,0.0,0.0,0.0,0.029411764705882353,0.0,0.0,0.029411764705882353,0.029411764705882353,0.0,0.0,0.0,0.0,0.0,0.0
1334,0.0,0.0,0.041666666666666664,0.0,0.0,0.0,0.0,0.0,0.0,0.08333333333333333,0.0,0.0,0.0,0.0,0.0,0.0,0.0,0.08333333333333333,0.0,0.0,0.0,0.0,0.0,0.0,0.0,0.0,0.625,0.0,0.0,0.041666666666666664,0.0,0.0,0.0,0.125,0.0,0.0,0.0,0.0,0.0
1335,0.0,0.0,0.02702702702702703,0.0,0.0,0.02702702702702703,0.0,0.0,0.0,0.0,0.0,0.0,0.0,0.0,0.0,0.0,0.02702702702702703,0.08108108108108109,0.0,0.05405405405405406,0.0,0.05405405405405406,0.5675675675675675,0.0,0.02702702702702703,0.0,0.0,0.0,0.02702702702702703,0.0,0.02702702702702703,0.0,0.0,0.02702702702702703,0.02702702702702703,0.02702702702702703,0.0,0.0,0.0
1336,0.0,0.0,0.0,0.0,0.0,0.0,0.0,0.0,0.0,0.0,0.0,0.0,0.0,0.0,0.0,0.03125,0.0,0.03125,0.0,0.0,0.03125,0.0,0.0,0.0,0.0,0.0,0.03125,0.0,0.0,0.0,0.0,0.84375,0.03125,0.0,0.0,0.0,0.0,0.0,0.0
1337,0.0,0.047619047619047616,0.047619047619047616,0.0,0.0,0.14285714285714285,0.0,0.09523809523809523,0.0,0.047619047619047616,0.0,0.0,0.0,0.19047619047619047,0.0,0.3333333333333333,0.0,0.0,0.0,0.0,0.0,0.047619047619047616,0.0,0.0,0.0,0.0,0.047619047619047616,0.0,0.0,0.0,0.0,0.0,0.0,0.0,0.0,0.0,0.0,0.0,0.0
1338,0.0,0.0,0.0,0.02857142857142857,0.02857142857142857,0.0,0.0,0.0,0.05714285714285714,0.4,0.0,0.0,0.02857142857142857,0.02857142857142857,0.08571428571428572,0.05714285714285714,0.0,0.0,0.0,0.0,0.0,0.02857142857142857,0.0,0.0,0.0,0.0,0.05714285714285714,0.14285714285714285,0.0,0.02857142857142857,0.0,0.0,0.0,0.02857142857142857,0.0,0.0,0.0,0.0,0.0
1339,0.0,0.02702702702702703,0.0,0.0,0.0,0.0,0.0,0.0,0.02702702702702703,0.02702702702702703,0.02702702702702703,0.05405405405405406,0.0,0.0,0.0,0.02702702702702703,0.0,0.0,0.0,0.0,0.0,0.1891891891891892,0.02702702702702703,0.0,0.0,0.0,0.05405405405405406,0.08108108108108109,0.3783783783783784,0.02702702702702703,0.02702702702702703,0.0,0.0,0.02702702702702703,0.0,0.0,0.0,0.0,0.0
1340,0.0,0.0,0.0,0.0,0.0,0.0,0.0,0.10526315789473684,0.10526315789473684,0.05263157894736842,0.0,0.0,0.02631578947368421,0.0,0.0,0.0,0.0,0.0,0.0,0.0,0.0,0.0,0.0,0.0,0.0,0.0,0.6842105263157895,0.0,0.0,0.0,0.0,0.0,0.0,0.02631578947368421,0.0,0.0,0.0,0.0,0.0
1341,0.047619047619047616,0.6428571428571429,0.0,0.023809523809523808,0.0,0.023809523809523808,0.0,0.0,0.0,0.0,0.0,0.0,0.0,0.09523809523809523,0.0,0.0,0.0,0.0,0.07142857142857142,0.0,0.0,0.023809523809523808,0.047619047619047616,0.0,0.0,0.023809523809523808,0.0,0.0,0.0,0.0,0.0,0.0,0.0,0.0,0.0,0.0,0.0,0.0,0.0
1342,0.0,0.0,0.06451612903225806,0.03225806451612903,0.03225806451612903,0.0,0.03225806451612903,0.0,0.0,0.0,0.0,0.0,0.03225806451612903,0.0,0.03225806451612903,0.03225806451612903,0.0,0.03225806451612903,0.0,0.0,0.0,0.0,0.0,0.0,0.0,0.5483870967741935,0.06451612903225806,0.06451612903225806,0.03225806451612903,0.0,0.0,0.0,0.0,0.0,0.0,0.0,0.0,0.0,0.0
1343,0.0,0.03225806451612903,0.0,0.03225806451612903,0.0,0.03225806451612903,0.0,0.0,0.0,0.0,0.5483870967741935,0.0,0.0,0.0,0.0,0.03225806451612903,0.0,0.12903225806451613,0.0,0.03225806451612903,0.0,0.0,0.03225806451612903,0.0,0.0,0.0,0.0,0.0,0.03225806451612903,0.0,0.0,0.03225806451612903,0.0,0.06451612903225806,0.0,0.0,0.0,0.0,0.0
1344,0.027777777777777776,0.0,0.0,0.0,0.0,0.0,0.027777777777777776,0.0,0.0,0.0,0.0,0.0,0.0,0.0,0.027777777777777776,0.027777777777777776,0.0,0.0,0.0,0.027777777777777776,0.0,0.0,0.0,0.0,0.0,0.0,0.8055555555555556,0.0,0.027777777777777776,0.027777777777777776,0.0,0.0,0.0,0.0,0.0,0.0,0.0,0.0,0.0
1345,0.0,0.14814814814814814,0.0,0.037037037037037035,0.037037037037037035,0.0,0.037037037037037035,0.0,0.037037037037037035,0.0,0.0,0.0,0.0,0.0,0.0,0.0,0.5555555555555556,0.0,0.037037037037037035,0.0,0.0,0.0,0.0,0.0,0.0,0.07407407407407407,0.0,0.0,0.0,0.0,0.0,0.0,0.0,0.037037037037037035,0.0,0.0,0.0,0.0,0.0
1346,0.0,0.038461538461538464,0.0,0.0,0.0,0.0,0.0,0.0,0.0,0.0,0.0,0.0,0.038461538461538464,0.0,0.038461538461538464,0.0,0.0,0.0,0.0,0.0,0.0,0.0,0.038461538461538464,0.0,0.038461538461538464,0.038461538461538464,0.038461538461538464,0.0,0.0,0.0,0.0,0.0,0.0,0.6538461538461539,0.038461538461538464,0.038461538461538464,0.0,0.0,0.0
1347,0.0,0.02631578947368421,0.02631578947368421,0.05263157894736842,0.0,0.02631578947368421,0.0,0.0,0.02631578947368421,0.0,0.0,0.0,0.0,0.02631578947368421,0.02631578947368421,0.02631578947368421,0.05263157894736842,0.0,0.47368421052631576,0.02631578947368421,0.0,0.0,0.02631578947368421,0.02631578947368421,0.0,0.02631578947368421,0.02631578947368421,0.05263157894736842,0.0,0.0,0.02631578947368421,0.0,0.0,0.0,0.02631578947368421,0.0,0.0,0.0,0.0
1348,0.0,0.0,0.48484848484848486,0.09090909090909091,0.0,0.0,0.06060606060606061,0.0,0.0,0.06060606060606061,0.0,0.0,0.030303030303030304,0.0,0.0,0.0,0.0,0.030303030303030304,0.0,0.0,0.0,0.0,0.030303030303030304,0.0,0.0,0.030303030303030304,0.06060606060606061,0.06060606060606061,0.0,0.0,0.030303030303030304,0.0,0.0,0.030303030303030304,0.0,0.0,0.0,0.0,0.0
1349,0.0,0.018518518518518517,0.05555555555555555,0.037037037037037035,0.037037037037037035,0.16666666666666666,0.07407407407407407,0.0,0.037037037037037035,0.018518518518518517,0.018518518518518517,0.018518518518518517,0.018518518518518517,0.018518518518518517,0.037037037037037035,0.037037037037037035,0.018518518518518517,0.09259259259259259,0.0,0.0,0.037037037037037035,0.018518518518518517,0.05555555555555555,0.0,0.018518518518518517,0.018518518518518517,0.0,0.018518518518518517,0.018518518518518517,0.0,0.037037037037037035,0.0,0.018518518518518517,0.037037037037037035,0.0,0.0,0.0,0.018518518518518517,0.0
1350,0.0,0.0,0.0,0.0,0.8571428571428571,0.0,0.0,0.0,0.0,0.0,0.0,0.0,0.0,0.0,0.0,0.047619047619047616,0.0,0.0,0.0,0.0,0.0,0.0,0.047619047619047616,0.0,0.0,0.0,0.047619047619047616,0.0,0.0,0.0,0.0,0.0,0.0,0.0,0.0,0.0,0.0,0.0,0.0
1351,0.0,0.04878048780487805,0.0,0.0,0.0,0.0,0.0,0.0,0.0,0.07317073170731707,0.0,0.0975609756097561,0.024390243902439025,0.04878048780487805,0.024390243902439025,0.04878048780487805,0.024390243902439025,0.0,0.024390243902439025,0.07317073170731707,0.0,0.17073170731707318,0.024390243902439025,0.0,0.024390243902439025,0.0,0.0,0.0,0.0,0.0,0.04878048780487805,0.0,0.07317073170731707,0.17073170731707318,0.0,0.0,0.0,0.0,0.0
1352,0.0,0.0,0.0,0.0,0.05,0.0,0.075,0.475,0.0,0.0,0.0,0.0,0.0,0.0,0.0,0.0,0.025,0.05,0.0,0.0,0.0,0.1,0.025,0.0,0.0,0.0,0.025,0.025,0.1,0.025,0.0,0.0,0.025,0.0,0.0,0.0,0.0,0.0,0.0
1353,0.0,0.0,0.038461538461538464,0.0,0.0,0.23076923076923078,0.0,0.0,0.0,0.0,0.0,0.0,0.0,0.0,0.0,0.0,0.0,0.0,0.0,0.0,0.0,0.0,0.07692307692307693,0.0,0.0,0.0,0.0,0.038461538461538464,0.07692307692307693,0.038461538461538464,0.0,0.0,0.0,0.5,0.0,0.0,0.0,0.0,0.0
1354,0.0,0.0,0.0,0.0,0.0,0.0,0.0,0.0,0.0,0.0,0.0,0.0,0.0,0.0,0.0,0.0,0.0,0.0,0.0,0.0,0.0,0.0,0.0,0.0,0.0,0.0,0.0,0.0,0.0,0.0,0.0,0.0,0.0,0.95,0.05,0.0,0.0,0.0,0.0
1355,0.0,0.0,0.0,0.0,0.0,0.5,0.0,0.0,0.0,0.0,0.0,0.038461538461538464,0.0,0.0,0.0,0.0,0.038461538461538464,0.0,0.07692307692307693,0.07692307692307693,0.0,0.0,0.0,0.0,0.0,0.0,0.23076923076923078,0.038461538461538464,0.0,0.0,0.0,0.0,0.0,0.0,0.0,0.0,0.0,0.0,0.0
1356,0.0,0.3076923076923077,0.0,0.0,0.0,0.0,0.0,0.0,0.0,0.0,0.0,0.038461538461538464,0.038461538461538464,0.2692307692307692,0.038461538461538464,0.0,0.0,0.0,0.038461538461538464,0.0,0.038461538461538464,0.0,0.0,0.0,0.0,0.0,0.0,0.038461538461538464,0.0,0.038461538461538464,0.0,0.0,0.07692307692307693,0.07692307692307693,0.0,0.0,0.0,0.0,0.0
1357,0.0,0.0,0.0,0.0,0.0,0.0,0.0,0.0,0.0,0.0,0.047619047619047616,0.0,0.0,0.0,0.0,0.0,0.0,0.9047619047619048,0.0,0.0,0.0,0.0,0.0,0.0,0.0,0.0,0.0,0.0,0.0,0.0,0.0,0.0,0.047619047619047616,0.0,0.0,0.0,0.0,0.0,0.0
1358,0.0,0.6206896551724138,0.06896551724137931,0.0,0.0,0.0,0.0,0.0,0.0,0.034482758620689655,0.0,0.0,0.034482758620689655,0.034482758620689655,0.0,0.034482758620689655,0.034482758620689655,0.0,0.0,0.0,0.034482758620689655,0.034482758620689655,0.034482758620689655,0.0,0.0,0.0,0.034482758620689655,0.0,0.0,0.0,0.0,0.0,0.0,0.0,0.0,0.0,0.0,0.0,0.0
1359,0.0,0.034482758620689655,0.0,0.0,0.06896551724137931,0.0,0.034482758620689655,0.0,0.3448275862068966,0.0,0.034482758620689655,0.0,0.0,0.0,0.0,0.034482758620689655,0.034482758620689655,0.0,0.27586206896551724,0.0,0.06896551724137931,0.0,0.034482758620689655,0.0,0.0,0.0,0.034482758620689655,0.0,0.0,0.0,0.0,0.0,0.0,0.0,0.0,0.0,0.0,0.0,0.0
1360,0.0,0.0,0.8,0.0,0.05,0.0,0.0,0.0,0.0,0.0,0.0,0.0,0.0,0.0,0.0,0.0,0.0,0.0,0.0,0.0,0.0,0.0,0.0,0.0,0.0,0.0,0.0,0.15,0.0,0.0,0.0,0.0,0.0,0.0,0.0,0.0,0.0,0.0,0.0
1361,0.0,0.32608695652173914,0.021739130434782608,0.043478260869565216,0.0,0.021739130434782608,0.021739130434782608,0.021739130434782608,0.0,0.0,0.021739130434782608,0.0,0.0,0.021739130434782608,0.021739130434782608,0.021739130434782608,0.15217391304347827,0.043478260869565216,0.021739130434782608,0.0,0.0,0.0,0.0,0.0,0.0,0.0,0.021739130434782608,0.021739130434782608,0.043478260869565216,0.0,0.021739130434782608,0.043478260869565216,0.06521739130434782,0.021739130434782608,0.0,0.0,0.0,0.0,0.0
1362,0.0,0.0,0.0,0.045454545454545456,0.0,0.0,0.0,0.0,0.0,0.0,0.0,0.0,0.0,0.0,0.0,0.0,0.09090909090909091,0.0,0.6818181818181818,0.0,0.0,0.0,0.0,0.0,0.0,0.0,0.18181818181818182,0.0,0.0,0.0,0.0,0.0,0.0,0.0,0.0,0.0,0.0,0.0,0.0
1363,0.0,0.0,0.0,0.0,0.0,0.0,0.038461538461538464,0.038461538461538464,0.0,0.0,0.0,0.0,0.038461538461538464,0.0,0.0,0.0,0.0,0.0,0.6153846153846154,0.038461538461538464,0.0,0.0,0.0,0.0,0.0,0.038461538461538464,0.038461538461538464,0.038461538461538464,0.038461538461538464,0.0,0.0,0.038461538461538464,0.038461538461538464,0.0,0.0,0.0,0.0,0.0,0.0
1364,0.0,0.0,0.04,0.04,0.0,0.0,0.0,0.0,0.0,0.0,0.0,0.0,0.0,0.0,0.0,0.0,0.0,0.0,0.0,0.0,0.0,0.0,0.0,0.0,0.0,0.04,0.0,0.88,0.0,0.0,0.0,0.0,0.0,0.0,0.0,0.0,0.0,0.0,0.0
1365,0.0,0.0,0.0,0.0,0.0,0.0,0.0,0.0,0.0,0.0,0.21428571428571427,0.0,0.03571428571428571,0.0,0.0,0.0,0.0,0.0,0.0,0.03571428571428571,0.0,0.0,0.0,0.03571428571428571,0.0,0.0,0.0,0.6428571428571429,0.0,0.0,0.0,0.0,0.03571428571428571,0.0,0.0,0.0,0.0,0.0,0.0
1366,0.0,0.07142857142857142,0.6785714285714286,0.0,0.03571428571428571,0.0,0.0,0.0,0.0,0.0,0.03571428571428571,0.0,0.0,0.0,0.0,0.0,0.0,0.0,0.0,0.0,0.03571428571428571,0.0,0.0,0.0,0.0,0.03571428571428571,0.03571428571428571,0.0,0.0,0.0,0.0,0.0,0.03571428571428571,0.0,0.03571428571428571,0.0,0.0,0.0,0.0
1367,0.0,0.6923076923076923,0.038461538461538464,0.0,0.0,0.0,0.0,0.0,0.038461538461538464,0.0,0.0,0.0,0.0,0.0,0.038461538461538464,0.0,0.0,0.0,0.0,0.0,0.0,0.0,0.038461538461538464,0.0,0.0,0.0,0.038461538461538464,0.0,0.0,0.07692307692307693,0.0,0.0,0.0,0.038461538461538464,0.0,0.0,0.0,0.0,0.0
1368,0.0,0.05,0.025,0.0,0.0,0.025,0.025,0.125,0.05,0.05,0.0,0.0,0.0,0.15,0.0,0.0,0.0,0.0,0.05,0.025,0.025,0.125,0.0,0.0,0.025,0.075,0.025,0.0,0.15,0.0,0.0,0.0,0.0,0.0,0.0,0.0,0.0,0.0,0.0
1369,0.0,0.0,0.04,0.0,0.32,0.0,0.08,0.0,0.0,0.0,0.0,0.0,0.0,0.0,0.0,0.0,0.0,0.04,0.36,0.0,0.0,0.04,0.08,0.0,0.0,0.0,0.0,0.0,0.04,0.0,0.0,0.0,0.0,0.0,0.0,0.0,0.0,0.0,0.0
1370,0.0,0.024390243902439025,0.04878048780487805,0.0,0.0,0.07317073170731707,0.04878048780487805,0.0,0.024390243902439025,0.0,0.0,0.024390243902439025,0.024390243902439025,0.04878048780487805,0.0,0.024390243902439025,0.024390243902439025,0.0,0.024390243902439025,0.04878048780487805,0.0,0.024390243902439025,0.3170731707317073,0.0,0.0,0.0,0.0,0.0,0.024390243902439025,0.04878048780487805,0.024390243902439025,0.0,0.0,0.12195121951219512,0.0,0.0,0.0,0.0,0.0
1371,0.0,0.03125,0.0,0.0,0.0,0.0,0.0,0.0,0.03125,0.0,0.0625,0.03125,0.03125,0.0,0.03125,0.0,0.03125,0.0,0.0625,0.0,0.0,0.0,0.0,0.0,0.0,0.03125,0.03125,0.0,0.0,0.0,0.03125,0.59375,0.0,0.0,0.0,0.0,0.0,0.0,0.0
1372,0.0,0.043478260869565216,0.7391304347826086,0.0,0.0,0.0,0.0,0.043478260869565216,0.0,0.0,0.0,0.0,0.0,0.0,0.0,0.0,0.0,0.0,0.0,0.0,0.0,0.0,0.043478260869565216,0.0,0.0,0.0,0.0,0.0,0.043478260869565216,0.0,0.0,0.0,0.08695652173913043,0.0,0.0,0.0,0.0,0.0,0.0
1373,0.0,0.0,0.9444444444444444,0.0,0.0,0.0,0.0,0.0,0.0,0.0,0.0,0.0,0.0,0.0,0.0,0.0,0.0,0.0,0.0,0.0,0.0,0.05555555555555555,0.0,0.0,0.0,0.0,0.0,0.0,0.0,0.0,0.0,0.0,0.0,0.0,0.0,0.0,0.0,0.0,0.0
1374,0.0,0.0,0.029411764705882353,0.0,0.0,0.058823529411764705,0.0,0.0,0.029411764705882353,0.0,0.0,0.0,0.0,0.0,0.0,0.0,0.029411764705882353,0.0,0.0,0.0,0.0,0.0,0.0,0.0,0.029411764705882353,0.0,0.7647058823529411,0.029411764705882353,0.029411764705882353,0.0,0.0,0.0,0.0,0.0,0.0,0.0,0.0,0.0,0.0
1375,0.0,0.0,0.0,0.0,0.05263157894736842,0.0,0.0,0.0,0.0,0.0,0.0,0.9473684210526315,0.0,0.0,0.0,0.0,0.0,0.0,0.0,0.0,0.0,0.0,0.0,0.0,0.0,0.0,0.0,0.0,0.0,0.0,0.0,0.0,0.0,0.0,0.0,0.0,0.0,0.0,0.0
1376,0.0,0.42857142857142855,0.05714285714285714,0.0,0.0,0.0,0.0,0.02857142857142857,0.0,0.0,0.0,0.02857142857142857,0.0,0.05714285714285714,0.0,0.02857142857142857,0.02857142857142857,0.0,0.05714285714285714,0.0,0.0,0.0,0.02857142857142857,0.0,0.08571428571428572,0.02857142857142857,0.0,0.02857142857142857,0.02857142857142857,0.05714285714285714,0.0,0.02857142857142857,0.0,0.0,0.0,0.0,0.0,0.0,0.0
1377,0.03571428571428571,0.07142857142857142,0.0,0.03571428571428571,0.0,0.0,0.10714285714285714,0.0,0.0,0.07142857142857142,0.0,0.0,0.0,0.10714285714285714,0.0,0.0,0.0,0.0,0.2857142857142857,0.0,0.0,0.0,0.0,0.0,0.03571428571428571,0.17857142857142858,0.0,0.0,0.03571428571428571,0.0,0.03571428571428571,0.0,0.0,0.0,0.0,0.0,0.0,0.0,0.0
1378,0.0,0.047619047619047616,0.0,0.047619047619047616,0.0,0.0,0.047619047619047616,0.0,0.0,0.09523809523809523,0.0,0.0,0.0,0.047619047619047616,0.0,0.0,0.0,0.0,0.0,0.0,0.38095238095238093,0.09523809523809523,0.09523809523809523,0.0,0.047619047619047616,0.0,0.047619047619047616,0.0,0.0,0.0,0.0,0.047619047619047616,0.0,0.0,0.0,0.0,0.0,0.0,0.0
1379,0.0,0.0,0.14285714285714285,0.21428571428571427,0.0,0.21428571428571427,0.0,0.023809523809523808,0.0,0.023809523809523808,0.023809523809523808,0.0,0.0,0.047619047619047616,0.0,0.0,0.0,0.0,0.047619047619047616,0.023809523809523808,0.023809523809523808,0.023809523809523808,0.0,0.0,0.0,0.047619047619047616,0.0,0.023809523809523808,0.0,0.023809523809523808,0.0,0.023809523809523808,0.047619047619047616,0.023809523809523808,0.0,0.0,0.0,0.0,0.0
1380,0.0,0.0,0.0,0.0,0.0,0.0,0.05,0.0,0.0,0.0,0.0,0.0,0.0,0.0,0.0,0.0,0.0,0.0,0.0,0.0,0.0,0.8,0.1,0.0,0.0,0.0,0.0,0.05,0.0,0.0,0.0,0.0,0.0,0.0,0.0,0.0,0.0,0.0,0.0
1381,0.0,0.0,0.5862068965517241,0.034482758620689655,0.034482758620689655,0.0,0.06896551724137931,0.0,0.0,0.034482758620689655,0.0,0.0,0.0,0.034482758620689655,0.0,0.0,0.0,0.034482758620689655,0.0,0.0,0.0,0.0,0.034482758620689655,0.0,0.034482758620689655,0.034482758620689655,0.034482758620689655,0.0,0.0,0.0,0.034482758620689655,0.0,0.0,0.0,0.0,0.0,0.0,0.0,0.0
1382,0.0,0.021739130434782608,0.0,0.021739130434782608,0.043478260869565216,0.0,0.06521739130434782,0.0,0.021739130434782608,0.0,0.0,0.0,0.0,0.0,0.021739130434782608,0.043478260869565216,0.0,0.0,0.021739130434782608,0.021739130434782608,0.0,0.13043478260869565,0.06521739130434782,0.0,0.043478260869565216,0.021739130434782608,0.021739130434782608,0.0,0.021739130434782608,0.0,0.0,0.021739130434782608,0.15217391304347827,0.2391304347826087,0.0,0.0,0.0,0.0,0.0
1383,0.0,0.0,0.0,0.043478260869565216,0.0,0.0,0.0,0.6956521739130435,0.0,0.17391304347826086,0.0,0.0,0.0,0.0,0.0,0.0,0.0,0.0,0.0,0.0,0.0,0.0,0.0,0.0,0.0,0.0,0.0,0.0,0.0,0.0,0.0,0.043478260869565216,0.043478260869565216,0.0,0.0,0.0,0.0,0.0,0.0
1384,0.0,0.0,0.0,0.0,0.0,0.0,0.0,0.0,0.0,0.0,0.0,0.0,0.0,0.0,0.0,0.0,0.0,0.0,0.0,0.0,0.0,0.0,0.15384615384615385,0.0,0.0,0.0,0.0,0.038461538461538464,0.0,0.0,0.0,0.038461538461538464,0.6923076923076923,0.0,0.0,0.0,0.0,0.0,0.07692307692307693
1385,0.0,0.0,0.0,0.0,0.0,0.02857142857142857,0.05714285714285714,0.02857142857142857,0.02857142857142857,0.5714285714285714,0.0,0.0,0.0,0.0,0.0,0.0,0.0,0.02857142857142857,0.0,0.0,0.0,0.02857142857142857,0.0,0.0,0.0,0.02857142857142857,0.02857142857142857,0.05714285714285714,0.02857142857142857,0.02857142857142857,0.02857142857142857,0.0,0.0,0.0,0.02857142857142857,0.0,0.0,0.0,0.0
1386,0.0,0.0,0.05,0.0,0.0,0.0,0.0,0.0,0.0,0.0,0.0,0.0,0.0,0.0,0.0,0.0,0.0,0.0,0.0,0.0,0.0,0.0,0.0,0.0,0.0,0.0,0.85,0.0,0.0,0.0,0.0,0.05,0.0,0.05,0.0,0.0,0.0,0.0,0.0
1387,0.0,0.0,0.0,0.0,0.03333333333333333,0.03333333333333333,0.0,0.0,0.0,0.0,0.0,0.0,0.03333333333333333,0.0,0.0,0.0,0.03333333333333333,0.0,0.03333333333333333,0.0,0.03333333333333333,0.0,0.6,0.06666666666666667,0.03333333333333333,0.0,0.03333333333333333,0.03333333333333333,0.0,0.0,0.03333333333333333,0.0,0.0,0.0,0.0,0.0,0.0,0.0,0.0
1388,0.037037037037037035,0.0,0.0,0.0,0.0,0.0,0.0,0.0,0.0,0.0,0.0,0.0,0.0,0.037037037037037035,0.0,0.0,0.0,0.0,0.0,0.0,0.037037037037037035,0.037037037037037035,0.0,0.0,0.0,0.0,0.6296296296296297,0.07407407407407407,0.037037037037037035,0.0,0.037037037037037035,0.0,0.0,0.0,0.07407407407407407,0.0,0.0,0.0,0.0
1389,0.0,0.0,0.046511627906976744,0.32558139534883723,0.0,0.0,0.0,0.0,0.046511627906976744,0.0,0.0,0.0,0.023255813953488372,0.0,0.0,0.0,0.0,0.0,0.023255813953488372,0.023255813953488372,0.0,0.023255813953488372,0.0,0.0,0.0,0.023255813953488372,0.3953488372093023,0.0,0.0,0.023255813953488372,0.0,0.0,0.0,0.046511627906976744,0.0,0.0,0.0,0.0,0.0
1390,0.0,0.0,0.0,0.0,0.0,0.03571428571428571,0.0,0.0,0.0,0.03571428571428571,0.03571428571428571,0.0,0.07142857142857142,0.0,0.6428571428571429,0.03571428571428571,0.0,0.03571428571428571,0.0,0.0,0.0,0.07142857142857142,0.0,0.0,0.0,0.03571428571428571,0.0,0.0,0.0,0.0,0.0,0.0,0.0,0.0,0.0,0.0,0.0,0.0,0.0
1391,0.0,0.0,0.0,0.0,0.0,0.04,0.0,0.04,0.0,0.04,0.68,0.0,0.08,0.0,0.0,0.0,0.0,0.0,0.08,0.0,0.0,0.0,0.0,0.0,0.0,0.0,0.0,0.0,0.0,0.0,0.0,0.0,0.04,0.0,0.0,0.0,0.0,0.0,0.0
1392,0.0,0.0,0.0,0.0,0.0,0.0,0.030303030303030304,0.0,0.0,0.030303030303030304,0.030303030303030304,0.0,0.24242424242424243,0.06060606060606061,0.0,0.0,0.030303030303030304,0.0,0.0,0.0,0.0,0.0,0.0,0.0,0.0,0.09090909090909091,0.030303030303030304,0.030303030303030304,0.030303030303030304,0.0,0.030303030303030304,0.0,0.18181818181818182,0.12121212121212122,0.06060606060606061,0.0,0.0,0.0,0.0
1393,0.0,0.0,0.0,0.05263157894736842,0.0,0.0,0.0,0.0,0.0,0.0,0.0,0.0,0.0,0.0,0.0,0.0,0.0,0.0,0.0,0.0,0.0,0.0,0.0,0.0,0.0,0.0,0.0,0.0,0.0,0.0,0.0,0.0,0.0,0.9473684210526315,0.0,0.0,0.0,0.0,0.0
1394,0.0,0.13513513513513514,0.0,0.13513513513513514,0.02702702702702703,0.05405405405405406,0.0,0.0,0.0,0.0,0.0,0.0,0.0,0.02702702702702703,0.02702702702702703,0.02702702702702703,0.0,0.4594594594594595,0.02702702702702703,0.0,0.0,0.02702702702702703,0.0,0.0,0.02702702702702703,0.0,0.0,0.0,0.0,0.02702702702702703,0.0,0.0,0.0,0.0,0.0,0.0,0.0,0.0,0.0
1395,0.0,0.0,0.0,0.0,0.4782608695652174,0.0,0.0,0.0,0.043478260869565216,0.0,0.0,0.0,0.043478260869565216,0.043478260869565216,0.0,0.2608695652173913,0.0,0.0,0.0,0.043478260869565216,0.0,0.0,0.043478260869565216,0.0,0.0,0.0,0.0,0.0,0.0,0.0,0.0,0.0,0.0,0.043478260869565216,0.0,0.0,0.0,0.0,0.0
1396,0.0,0.0,0.0,0.0,0.782608695652174,0.0,0.0,0.0,0.0,0.0,0.0,0.0,0.0,0.0,0.0,0.043478260869565216,0.043478260869565216,0.0,0.0,0.0,0.0,0.043478260869565216,0.0,0.0,0.0,0.043478260869565216,0.0,0.0,0.0,0.0,0.043478260869565216,0.0,0.0,0.0,0.0,0.0,0.0,0.0,0.0
1397,0.0,0.0,0.0,0.0,0.04,0.0,0.0,0.0,0.0,0.64,0.0,0.0,0.0,0.0,0.0,0.16,0.04,0.0,0.0,0.0,0.0,0.0,0.0,0.0,0.0,0.04,0.0,0.0,0.04,0.0,0.0,0.0,0.04,0.0,0.0,0.0,0.0,0.0,0.0
1398,0.0,0.0,0.0,0.04878048780487805,0.024390243902439025,0.24390243902439024,0.0,0.0,0.0,0.024390243902439025,0.0,0.0,0.0,0.0,0.0,0.0,0.0,0.0,0.0,0.0,0.0,0.0,0.07317073170731707,0.04878048780487805,0.024390243902439025,0.024390243902439025,0.0,0.0,0.0,0.04878048780487805,0.0,0.34146341463414637,0.024390243902439025,0.024390243902439025,0.04878048780487805,0.0,0.0,0.0,0.0
1399,0.0,0.0,0.0,0.0,0.0,0.0,0.0,0.07692307692307693,0.0,0.0,0.038461538461538464,0.0,0.0,0.0,0.0,0.38461538461538464,0.3076923076923077,0.0,0.0,0.15384615384615385,0.0,0.0,0.0,0.0,0.0,0.0,0.038461538461538464,0.0,0.0,0.0,0.0,0.0,0.0,0.0,0.0,0.0,0.0,0.0,0.0
1400,0.0,0.038461538461538464,0.7307692307692307,0.07692307692307693,0.0,0.0,0.0,0.07692307692307693,0.0,0.0,0.0,0.0,0.0,0.0,0.0,0.0,0.038461538461538464,0.0,0.0,0.0,0.0,0.0,0.0,0.0,0.0,0.0,0.0,0.0,0.0,0.0,0.0,0.0,0.0,0.038461538461538464,0.0,0.0,0.0,0.0,0.0
1401,0.0,0.034482758620689655,0.0,0.06896551724137931,0.034482758620689655,0.0,0.0,0.3448275862068966,0.10344827586206896,0.0,0.0,0.0,0.0,0.0,0.06896551724137931,0.0,0.06896551724137931,0.034482758620689655,0.0,0.034482758620689655,0.0,0.0,0.0,0.0,0.1724137931034483,0.034482758620689655,0.0,0.0,0.0,0.0,0.0,0.0,0.0,0.0,0.0,0.0,0.0,0.0,0.0
1402,0.0,0.041666666666666664,0.041666666666666664,0.0,0.4166666666666667,0.041666666666666664,0.0,0.0,0.0,0.0,0.0,0.0,0.0,0.0,0.041666666666666664,0.2916666666666667,0.0,0.0,0.0,0.0,0.0,0.0,0.041666666666666664,0.0,0.0,0.0,0.0,0.0,0.0,0.0,0.0,0.041666666666666664,0.0,0.041666666666666664,0.0,0.0,0.0,0.0,0.0
1403,0.0,0.0,0.0,0.0,0.03333333333333333,0.0,0.03333333333333333,0.0,0.0,0.0,0.0,0.0,0.0,0.0,0.03333333333333333,0.03333333333333333,0.0,0.0,0.0,0.0,0.0,0.0,0.0,0.0,0.0,0.43333333333333335,0.23333333333333334,0.0,0.03333333333333333,0.0,0.16666666666666666,0.0,0.0,0.0,0.0,0.0,0.0,0.0,0.0
1404,0.03225806451612903,0.0,0.0,0.0,0.06451612903225806,0.0,0.0,0.0,0.0,0.0,0.03225806451612903,0.0,0.03225806451612903,0.0,0.03225806451612903,0.0,0.0,0.0,0.0,0.0,0.0,0.06451612903225806,0.0,0.0,0.0,0.0,0.0,0.0,0.5806451612903226,0.03225806451612903,0.03225806451612903,0.03225806451612903,0.0,0.06451612903225806,0.0,0.0,0.0,0.0,0.0
1405,0.0,0.02702702702702703,0.02702702702702703,0.0,0.0,0.02702702702702703,0.0,0.0,0.0,0.0,0.0,0.0,0.0,0.0,0.10810810810810811,0.0,0.0,0.02702702702702703,0.0,0.02702702702702703,0.0,0.0,0.0,0.0,0.02702702702702703,0.0,0.0,0.0,0.0,0.02702702702702703,0.0,0.0,0.2702702702702703,0.2972972972972973,0.13513513513513514,0.0,0.0,0.0,0.0
1406,0.0,0.0,0.0,0.0,0.07692307692307693,0.5769230769230769,0.0,0.0,0.0,0.038461538461538464,0.0,0.15384615384615385,0.0,0.0,0.0,0.0,0.07692307692307693,0.0,0.038461538461538464,0.0,0.0,0.0,0.0,0.0,0.0,0.0,0.0,0.0,0.0,0.0,0.0,0.0,0.0,0.038461538461538464,0.0,0.0,0.0,0.0,0.0
1407,0.0,0.0,0.03225806451612903,0.0,0.0,0.0,0.0,0.03225806451612903,0.06451612903225806,0.16129032258064516,0.03225806451612903,0.0,0.03225806451612903,0.0,0.0,0.0,0.0,0.06451612903225806,0.0,0.0,0.0,0.0,0.0,0.0,0.0,0.0,0.0,0.0,0.5161290322580645,0.03225806451612903,0.03225806451612903,0.0,0.0,0.0,0.0,0.0,0.0,0.0,0.0
1408,0.0,0.07142857142857142,0.0,0.03571428571428571,0.07142857142857142,0.0,0.0,0.0,0.03571428571428571,0.5357142857142857,0.0,0.0,0.03571428571428571,0.10714285714285714,0.0,0.0,0.03571428571428571,0.0,0.0,0.0,0.0,0.0,0.0,0.03571428571428571,0.0,0.0,0.0,0.0,0.0,0.0,0.0,0.0,0.0,0.03571428571428571,0.0,0.0,0.0,0.0,0.0
1409,0.0,0.15625,0.0,0.0,0.0625,0.0,0.0,0.03125,0.0,0.1875,0.3125,0.0,0.0,0.0,0.0,0.0,0.0,0.03125,0.0625,0.0,0.0,0.03125,0.0,0.0,0.0,0.0625,0.0,0.0,0.0,0.0,0.0625,0.0,0.0,0.0,0.0,0.0,0.0,0.0,0.0
1410,0.0,0.0,0.0625,0.0,0.125,0.03125,0.0,0.03125,0.0,0.0,0.0,0.0,0.0,0.03125,0.0,0.53125,0.0,0.0,0.0,0.0,0.0,0.0625,0.03125,0.03125,0.0,0.0,0.0,0.0,0.0,0.03125,0.0,0.0,0.03125,0.0,0.0,0.0,0.0,0.0,0.0
1411,0.0,0.0,0.0,0.0,0.030303030303030304,0.030303030303030304,0.030303030303030304,0.0,0.0,0.0,0.0,0.0,0.0,0.0,0.030303030303030304,0.030303030303030304,0.030303030303030304,0.030303030303030304,0.0,0.09090909090909091,0.42424242424242425,0.030303030303030304,0.0,0.0,0.0,0.0,0.0,0.030303030303030304,0.09090909090909091,0.0,0.0,0.0,0.12121212121212122,0.0,0.0,0.0,0.0,0.0,0.0
1412,0.0,0.0,0.02564102564102564,0.0,0.0,0.1282051282051282,0.0,0.0,0.0,0.2564102564102564,0.02564102564102564,0.0,0.0,0.41025641025641024,0.02564102564102564,0.0,0.0,0.0,0.02564102564102564,0.0,0.0,0.0,0.0,0.02564102564102564,0.0,0.0,0.0,0.0,0.0,0.02564102564102564,0.0,0.0,0.05128205128205128,0.0,0.0,0.0,0.0,0.0,0.0
1413,0.0,0.2647058823529412,0.0,0.0,0.0,0.029411764705882353,0.0,0.0,0.0,0.0,0.0,0.0,0.0,0.35294117647058826,0.029411764705882353,0.0,0.029411764705882353,0.0,0.029411764705882353,0.0,0.0,0.0,0.0,0.0,0.0,0.0,0.17647058823529413,0.0,0.0,0.0,0.0,0.0,0.0,0.029411764705882353,0.058823529411764705,0.0,0.0,0.0,0.0
1414,0.0,0.0,0.041666666666666664,0.5833333333333334,0.0,0.041666666666666664,0.0,0.041666666666666664,0.0,0.0,0.041666666666666664,0.0,0.0,0.0,0.041666666666666664,0.0,0.0,0.0,0.0,0.0,0.0,0.0,0.08333333333333333,0.0,0.0,0.08333333333333333,0.0,0.0,0.0,0.0,0.0,0.041666666666666664,0.0,0.0,0.0,0.0,0.0,0.0,0.0
1415,0.0,0.0,0.0,0.0,0.0,0.0,0.0,0.0,0.0,0.0,0.0,0.0,0.06666666666666667,0.0,0.0,0.0,0.0,0.7,0.06666666666666667,0.0,0.0,0.0,0.13333333333333333,0.0,0.0,0.0,0.0,0.0,0.0,0.0,0.0,0.0,0.0,0.03333333333333333,0.0,0.0,0.0,0.0,0.0
1416,0.0,0.0,0.0,0.0,0.0,0.0,0.0,0.0,0.0,0.0,0.0,0.0,0.0,0.0,0.043478260869565216,0.0,0.0,0.021739130434782608,0.2391304347826087,0.0,0.0,0.0,0.0,0.2391304347826087,0.0,0.13043478260869565,0.043478260869565216,0.0,0.021739130434782608,0.021739130434782608,0.21739130434782608,0.0,0.0,0.021739130434782608,0.0,0.0,0.0,0.0,0.0
1417,0.0,0.0,0.0,0.0,0.0,0.0,0.045454545454545456,0.0,0.0,0.0,0.0,0.0,0.0,0.0,0.0,0.0,0.0,0.045454545454545456,0.0,0.0,0.0,0.045454545454545456,0.0,0.0,0.0,0.0,0.0,0.0,0.09090909090909091,0.7272727272727273,0.045454545454545456,0.0,0.0,0.0,0.0,0.0,0.0,0.0,0.0
1418,0.0,0.0,0.0,0.043478260869565216,0.0,0.0,0.0,0.0,0.0,0.043478260869565216,0.0,0.0,0.043478260869565216,0.0,0.0,0.0,0.0,0.0,0.0,0.0,0.0,0.0,0.0,0.0,0.0,0.0,0.0,0.0,0.043478260869565216,0.782608695652174,0.0,0.0,0.043478260869565216,0.0,0.0,0.0,0.0,0.0,0.0
1419,0.043478260869565216,0.0,0.043478260869565216,0.0,0.0,0.0,0.0,0.0,0.0,0.0,0.0,0.0,0.0,0.0,0.0,0.0,0.0,0.0,0.0,0.0,0.043478260869565216,0.0,0.08695652173913043,0.0,0.0,0.043478260869565216,0.0,0.0,0.043478260869565216,0.0,0.0,0.0,0.0,0.6956521739130435,0.0,0.0,0.0,0.0,0.0
1420,0.0,0.0,0.0,0.0,0.03225806451612903,0.0,0.03225806451612903,0.0,0.0,0.0,0.0,0.0,0.0,0.0,0.0,0.12903225806451613,0.03225806451612903,0.0,0.0,0.0967741935483871,0.3870967741935484,0.0,0.03225806451612903,0.0,0.03225806451612903,0.03225806451612903,0.0,0.03225806451612903,0.06451612903225806,0.0,0.0,0.0,0.0967741935483871,0.0,0.0,0.0,0.0,0.0,0.0
1421,0.0,0.03571428571428571,0.14285714285714285,0.0,0.03571428571428571,0.017857142857142856,0.017857142857142856,0.017857142857142856,0.0,0.017857142857142856,0.017857142857142856,0.05357142857142857,0.0,0.0,0.03571428571428571,0.08928571428571429,0.017857142857142856,0.0,0.03571428571428571,0.05357142857142857,0.03571428571428571,0.26785714285714285,0.017857142857142856,0.0,0.0,0.0,0.03571428571428571,0.0,0.0,0.0,0.03571428571428571,0.017857142857142856,0.0,0.0,0.0,0.0,0.0,0.0,0.0
1422,0.0,0.0,0.0,0.0,0.0,0.0,0.0,0.0,0.0,0.0,0.0,0.0,0.0,0.0,0.0,0.0,0.0,0.0,0.0,0.0,0.05263157894736842,0.0,0.0,0.0,0.0,0.0,0.0,0.0,0.0,0.0,0.0,0.0,0.05263157894736842,0.8947368421052632,0.0,0.0,0.0,0.0,0.0
1423,0.0,0.02702702702702703,0.0,0.0,0.0,0.0,0.43243243243243246,0.05405405405405406,0.0,0.0,0.0,0.0,0.02702702702702703,0.0,0.0,0.0,0.0,0.0,0.05405405405405406,0.0,0.02702702702702703,0.02702702702702703,0.0,0.0,0.0,0.0,0.08108108108108109,0.05405405405405406,0.0,0.0,0.0,0.16216216216216217,0.02702702702702703,0.02702702702702703,0.0,0.0,0.0,0.0,0.0
1424,0.0,0.0,0.0,0.0,0.0,0.9411764705882353,0.0,0.0,0.0,0.0,0.0,0.0,0.0,0.0,0.0,0.0,0.0,0.0,0.0,0.0,0.0,0.0,0.0,0.058823529411764705,0.0,0.0,0.0,0.0,0.0,0.0,0.0,0.0,0.0,0.0,0.0,0.0,0.0,0.0,0.0
1425,0.0,0.05263157894736842,0.017543859649122806,0.07017543859649122,0.03508771929824561,0.0,0.21052631578947367,0.0,0.017543859649122806,0.017543859649122806,0.05263157894736842,0.017543859649122806,0.05263157894736842,0.0,0.0,0.017543859649122806,0.017543859649122806,0.03508771929824561,0.0,0.03508771929824561,0.017543859649122806,0.03508771929824561,0.0,0.0,0.0,0.0,0.03508771929824561,0.03508771929824561,0.08771929824561403,0.017543859649122806,0.03508771929824561,0.0,0.0,0.03508771929824561,0.017543859649122806,0.0,0.017543859649122806,0.017543859649122806,0.0
1426,0.0,0.15384615384615385,0.02564102564102564,0.02564102564102564,0.0,0.0,0.0,0.0,0.0,0.0,0.0,0.0,0.0,0.0,0.0,0.02564102564102564,0.1282051282051282,0.0,0.05128205128205128,0.0,0.0,0.10256410256410256,0.0,0.0,0.0,0.0,0.0,0.0,0.0,0.3333333333333333,0.10256410256410256,0.05128205128205128,0.0,0.0,0.0,0.0,0.0,0.0,0.0
1427,0.0,0.0,0.029411764705882353,0.0,0.029411764705882353,0.0,0.0,0.0,0.029411764705882353,0.0,0.0,0.0,0.0,0.0,0.0,0.0,0.0,0.0,0.0,0.7647058823529411,0.029411764705882353,0.029411764705882353,0.0,0.0,0.0,0.029411764705882353,0.0,0.0,0.0,0.0,0.029411764705882353,0.029411764705882353,0.0,0.0,0.0,0.0,0.0,0.0,0.0
1428,0.3684210526315789,0.631578947368421,0.0,0.0,0.0,0.0,0.0,0.0,0.0,0.0,0.0,0.0,0.0,0.0,0.0,0.0,0.0,0.0,0.0,0.0,0.0,0.0,0.0,0.0,0.0,0.0,0.0,0.0,0.0,0.0,0.0,0.0,0.0,0.0,0.0,0.0,0.0,0.0,0.0
1429,0.0,0.0,0.0,0.1111111111111111,0.0,0.0,0.0,0.4444444444444444,0.0,0.2222222222222222,0.0,0.0,0.1111111111111111,0.0,0.0,0.05555555555555555,0.0,0.0,0.0,0.0,0.0,0.0,0.0,0.0,0.0,0.0,0.0,0.0,0.0,0.0,0.05555555555555555,0.0,0.0,0.0,0.0,0.0,0.0,0.0,0.0
1430,0.0,0.045454545454545456,0.7727272727272727,0.0,0.045454545454545456,0.0,0.0,0.0,0.0,0.0,0.0,0.0,0.0,0.0,0.0,0.0,0.0,0.0,0.0,0.0,0.0,0.0,0.0,0.0,0.0,0.0,0.0,0.0,0.0,0.0,0.0,0.0,0.045454545454545456,0.09090909090909091,0.0,0.0,0.0,0.0,0.0
1431,0.0,0.0,0.0,0.0,0.0,0.047619047619047616,0.0,0.0,0.8571428571428571,0.0,0.0,0.0,0.0,0.0,0.0,0.0,0.0,0.0,0.0,0.0,0.0,0.0,0.0,0.0,0.0,0.0,0.047619047619047616,0.0,0.047619047619047616,0.0,0.0,0.0,0.0,0.0,0.0,0.0,0.0,0.0,0.0
1432,0.0,0.0,0.0,0.0,0.0,0.0,0.0,0.05555555555555555,0.0,0.0,0.0,0.0,0.0,0.0,0.0,0.0,0.0,0.0,0.0,0.0,0.0,0.0,0.0,0.6666666666666666,0.05555555555555555,0.0,0.0,0.0,0.0,0.0,0.1111111111111111,0.0,0.0,0.1111111111111111,0.0,0.0,0.0,0.0,0.0
1433,0.0,0.0,0.0,0.0,0.0,0.0,0.0,0.05263157894736842,0.0,0.0,0.0,0.0,0.0,0.0,0.0,0.05263157894736842,0.0,0.0,0.0,0.05263157894736842,0.0,0.6842105263157895,0.10526315789473684,0.0,0.0,0.0,0.0,0.0,0.0,0.0,0.0,0.0,0.05263157894736842,0.0,0.0,0.0,0.0,0.0,0.0
1434,0.0,0.0,0.6470588235294118,0.0,0.0,0.0,0.0,0.0,0.0,0.0,0.0,0.35294117647058826,0.0,0.0,0.0,0.0,0.0,0.0,0.0,0.0,0.0,0.0,0.0,0.0,0.0,0.0,0.0,0.0,0.0,0.0,0.0,0.0,0.0,0.0,0.0,0.0,0.0,0.0,0.0
1435,0.0,0.0,0.09090909090909091,0.030303030303030304,0.030303030303030304,0.030303030303030304,0.0,0.0,0.0,0.0,0.0,0.0,0.0,0.030303030303030304,0.0,0.0,0.0,0.42424242424242425,0.030303030303030304,0.09090909090909091,0.0,0.06060606060606061,0.0,0.030303030303030304,0.0,0.030303030303030304,0.0,0.0,0.0,0.06060606060606061,0.0,0.0,0.030303030303030304,0.0,0.030303030303030304,0.0,0.0,0.0,0.0
1436,0.0,0.08,0.0,0.04,0.0,0.0,0.04,0.0,0.04,0.04,0.0,0.0,0.0,0.0,0.0,0.0,0.0,0.04,0.0,0.04,0.0,0.04,0.0,0.0,0.0,0.0,0.0,0.0,0.04,0.0,0.08,0.0,0.48,0.04,0.0,0.0,0.0,0.0,0.0
1437,0.0,0.0,0.0,0.2727272727272727,0.0,0.0,0.0,0.045454545454545456,0.0,0.045454545454545456,0.0,0.0,0.0,0.0,0.09090909090909091,0.0,0.0,0.0,0.0,0.0,0.0,0.0,0.0,0.0,0.0,0.0,0.45454545454545453,0.0,0.0,0.0,0.0,0.09090909090909091,0.0,0.0,0.0,0.0,0.0,0.0,0.0
1438,0.0,0.0,0.0,1.0,0.0,0.0,0.0,0.0,0.0,0.0,0.0,0.0,0.0,0.0,0.0,0.0,0.0,0.0,0.0,0.0,0.0,0.0,0.0,0.0,0.0,0.0,0.0,0.0,0.0,0.0,0.0,0.0,0.0,0.0,0.0,0.0,0.0,0.0,0.0
1439,0.0,0.0,0.7727272727272727,0.045454545454545456,0.0,0.0,0.045454545454545456,0.045454545454545456,0.0,0.045454545454545456,0.0,0.0,0.0,0.0,0.0,0.0,0.0,0.0,0.0,0.045454545454545456,0.0,0.0,0.0,0.0,0.0,0.0,0.0,0.0,0.0,0.0,0.0,0.0,0.0,0.0,0.0,0.0,0.0,0.0,0.0
1440,0.0,0.0,0.05263157894736842,0.8947368421052632,0.05263157894736842,0.0,0.0,0.0,0.0,0.0,0.0,0.0,0.0,0.0,0.0,0.0,0.0,0.0,0.0,0.0,0.0,0.0,0.0,0.0,0.0,0.0,0.0,0.0,0.0,0.0,0.0,0.0,0.0,0.0,0.0,0.0,0.0,0.0,0.0
1441,0.0,0.22580645161290322,0.0967741935483871,0.0,0.45161290322580644,0.0,0.03225806451612903,0.0,0.0,0.0,0.0,0.0,0.0,0.0,0.03225806451612903,0.0,0.0,0.0,0.0,0.03225806451612903,0.0,0.0,0.0,0.0,0.0,0.0,0.0,0.06451612903225806,0.0,0.0,0.06451612903225806,0.0,0.0,0.0,0.0,0.0,0.0,0.0,0.0
1442,0.0,0.0,0.0,0.0,0.0,0.0,0.0,0.0,0.0,0.0,0.0,0.0,0.0,0.0,0.0,0.0,0.0,0.0,0.0,0.0,0.0,0.0,0.0,0.0,0.0,0.0,0.0,0.0,0.0,0.05555555555555555,0.0,0.0,0.0,0.8888888888888888,0.0,0.0,0.05555555555555555,0.0,0.0
1443,0.0,0.14285714285714285,0.0,0.11428571428571428,0.0,0.02857142857142857,0.02857142857142857,0.0,0.4857142857142857,0.0,0.0,0.0,0.0,0.0,0.0,0.0,0.0,0.0,0.08571428571428572,0.0,0.0,0.0,0.02857142857142857,0.0,0.0,0.0,0.0,0.0,0.0,0.0,0.0,0.05714285714285714,0.0,0.02857142857142857,0.0,0.0,0.0,0.0,0.0
1444,0.0,0.0,0.030303030303030304,0.030303030303030304,0.3333333333333333,0.0,0.030303030303030304,0.030303030303030304,0.030303030303030304,0.030303030303030304,0.09090909090909091,0.0,0.0,0.030303030303030304,0.0,0.06060606060606061,0.0,0.06060606060606061,0.0,0.0,0.0,0.0,0.06060606060606061,0.09090909090909091,0.0,0.030303030303030304,0.0,0.0,0.0,0.0,0.0,0.0,0.0,0.06060606060606061,0.0,0.0,0.0,0.0,0.0
1445,0.0,0.030303030303030304,0.030303030303030304,0.030303030303030304,0.030303030303030304,0.0,0.0,0.12121212121212122,0.030303030303030304,0.0,0.0,0.0,0.0,0.0,0.0,0.06060606060606061,0.0,0.0,0.0,0.0,0.0,0.06060606060606061,0.030303030303030304,0.0,0.15151515151515152,0.0,0.030303030303030304,0.030303030303030304,0.24242424242424243,0.0,0.09090909090909091,0.0,0.0,0.030303030303030304,0.0,0.0,0.0,0.0,0.0
1446,0.0,0.08108108108108109,0.0,0.3783783783783784,0.0,0.05405405405405406,0.05405405405405406,0.05405405405405406,0.2702702702702703,0.02702702702702703,0.02702702702702703,0.0,0.0,0.0,0.0,0.0,0.0,0.0,0.0,0.0,0.0,0.0,0.0,0.0,0.0,0.0,0.0,0.0,0.0,0.0,0.02702702702702703,0.0,0.0,0.02702702702702703,0.0,0.0,0.0,0.0,0.0
1447,0.0,0.043478260869565216,0.0,0.0,0.0,0.0,0.8260869565217391,0.0,0.0,0.0,0.0,0.0,0.0,0.0,0.0,0.0,0.0,0.0,0.0,0.0,0.0,0.0,0.0,0.043478260869565216,0.0,0.0,0.0,0.043478260869565216,0.0,0.043478260869565216,0.0,0.0,0.0,0.0,0.0,0.0,0.0,0.0,0.0
1448,0.03571428571428571,0.0,0.0,0.03571428571428571,0.0,0.03571428571428571,0.03571428571428571,0.0,0.03571428571428571,0.0,0.4642857142857143,0.0,0.0,0.03571428571428571,0.03571428571428571,0.0,0.0,0.0,0.0,0.0,0.07142857142857142,0.0,0.0,0.03571428571428571,0.07142857142857142,0.03571428571428571,0.0,0.03571428571428571,0.03571428571428571,0.0,0.0,0.0,0.0,0.0,0.0,0.0,0.0,0.0,0.0
1449,0.0,0.037037037037037035,0.0,0.0,0.0,0.0,0.037037037037037035,0.0,0.0,0.0,0.0,0.0,0.0,0.037037037037037035,0.0,0.0,0.0,0.037037037037037035,0.1111111111111111,0.037037037037037035,0.5555555555555556,0.0,0.0,0.0,0.0,0.0,0.037037037037037035,0.07407407407407407,0.0,0.0,0.0,0.0,0.0,0.0,0.037037037037037035,0.0,0.0,0.0,0.0
1450,0.0,0.0,0.0,0.0,0.0,0.0,0.0,0.0,0.0,0.0,0.8076923076923077,0.0,0.0,0.0,0.0,0.0,0.0,0.038461538461538464,0.0,0.0,0.0,0.0,0.0,0.0,0.0,0.0,0.0,0.0,0.0,0.15384615384615385,0.0,0.0,0.0,0.0,0.0,0.0,0.0,0.0,0.0
1451,0.0,0.0,0.0,0.0,0.16666666666666666,0.0,0.0,0.0,0.0,0.0,0.0,0.0,0.0,0.0,0.0,0.0,0.0,0.0,0.08333333333333333,0.0,0.0,0.0,0.0,0.0,0.0,0.041666666666666664,0.7083333333333334,0.0,0.0,0.0,0.0,0.0,0.0,0.0,0.0,0.0,0.0,0.0,0.0
1452,0.0,0.0,0.02857142857142857,0.11428571428571428,0.0,0.02857142857142857,0.05714285714285714,0.0,0.0,0.0,0.02857142857142857,0.0,0.0,0.45714285714285713,0.0,0.11428571428571428,0.08571428571428572,0.0,0.02857142857142857,0.0,0.0,0.0,0.0,0.0,0.0,0.0,0.02857142857142857,0.02857142857142857,0.0,0.0,0.0,0.0,0.0,0.0,0.0,0.0,0.0,0.0,0.0
1453,0.0,0.043478260869565216,0.043478260869565216,0.0,0.0,0.043478260869565216,0.0,0.0,0.0,0.6521739130434783,0.043478260869565216,0.0,0.0,0.0,0.0,0.0,0.0,0.0,0.0,0.0,0.0,0.0,0.0,0.0,0.0,0.0,0.08695652173913043,0.043478260869565216,0.043478260869565216,0.0,0.0,0.0,0.0,0.0,0.0,0.0,0.0,0.0,0.0
1454,0.0,0.0,0.0,0.0,0.0,0.0,0.0,0.0,0.0,0.0,0.0,0.0,0.0,0.9444444444444444,0.0,0.0,0.0,0.0,0.0,0.0,0.0,0.0,0.0,0.0,0.0,0.0,0.0,0.0,0.0,0.05555555555555555,0.0,0.0,0.0,0.0,0.0,0.0,0.0,0.0,0.0
1455,0.0,0.0,0.0,0.043478260869565216,0.0,0.0,0.043478260869565216,0.0,0.0,0.08695652173913043,0.0,0.0,0.0,0.0,0.0,0.0,0.0,0.6956521739130435,0.043478260869565216,0.0,0.0,0.0,0.0,0.043478260869565216,0.0,0.0,0.0,0.0,0.0,0.0,0.0,0.0,0.0,0.0,0.043478260869565216,0.0,0.0,0.0,0.0
1456,0.0,0.0,0.0,0.0,0.0,0.0,0.038461538461538464,0.0,0.0,0.0,0.038461538461538464,0.038461538461538464,0.038461538461538464,0.038461538461538464,0.0,0.0,0.0,0.0,0.0,0.0,0.0,0.0,0.11538461538461539,0.07692307692307693,0.0,0.038461538461538464,0.0,0.0,0.46153846153846156,0.07692307692307693,0.0,0.0,0.0,0.038461538461538464,0.0,0.0,0.0,0.0,0.0
1457,0.0,0.06666666666666667,0.0,0.0,0.0,0.0,0.06666666666666667,0.03333333333333333,0.0,0.0,0.0,0.3,0.0,0.0,0.0,0.0,0.0,0.0,0.0,0.0,0.03333333333333333,0.03333333333333333,0.0,0.06666666666666667,0.16666666666666666,0.03333333333333333,0.0,0.03333333333333333,0.03333333333333333,0.13333333333333333,0.0,0.0,0.0,0.0,0.0,0.0,0.0,0.0,0.0
1458,0.0,0.0,0.0,0.0,0.0,0.0,0.0,0.0,0.0,0.0,0.0,0.0,0.0,0.0,0.05555555555555555,0.0,0.0,0.0,0.0,0.0,0.0,0.0,0.0,0.0,0.0,0.16666666666666666,0.0,0.1111111111111111,0.0,0.6666666666666666,0.0,0.0,0.0,0.0,0.0,0.0,0.0,0.0,0.0
1459,0.0,0.0,0.4827586206896552,0.034482758620689655,0.06896551724137931,0.06896551724137931,0.0,0.0,0.0,0.0,0.0,0.0,0.0,0.0,0.0,0.0,0.034482758620689655,0.0,0.0,0.0,0.13793103448275862,0.034482758620689655,0.0,0.0,0.0,0.0,0.034482758620689655,0.0,0.0,0.0,0.06896551724137931,0.0,0.0,0.034482758620689655,0.0,0.0,0.0,0.0,0.0
1460,0.0,0.0,0.045454545454545456,0.045454545454545456,0.0,0.0,0.0,0.0,0.0,0.0,0.0,0.0,0.0,0.0,0.8636363636363636,0.045454545454545456,0.0,0.0,0.0,0.0,0.0,0.0,0.0,0.0,0.0,0.0,0.0,0.0,0.0,0.0,0.0,0.0,0.0,0.0,0.0,0.0,0.0,0.0,0.0
1461,0.0,0.0,0.0,0.35,0.0,0.1,0.0,0.05,0.0,0.0,0.0,0.0,0.5,0.0,0.0,0.0,0.0,0.0,0.0,0.0,0.0,0.0,0.0,0.0,0.0,0.0,0.0,0.0,0.0,0.0,0.0,0.0,0.0,0.0,0.0,0.0,0.0,0.0,0.0
1462,0.0,0.0,0.024390243902439025,0.0,0.0,0.0,0.0,0.0,0.0,0.0,0.04878048780487805,0.0,0.0,0.0,0.0,0.0,0.04878048780487805,0.6585365853658537,0.024390243902439025,0.0,0.024390243902439025,0.04878048780487805,0.0,0.024390243902439025,0.0,0.0,0.024390243902439025,0.024390243902439025,0.024390243902439025,0.024390243902439025,0.0,0.0,0.0,0.0,0.0,0.0,0.0,0.0,0.0
1463,0.1346153846153846,0.019230769230769232,0.057692307692307696,0.0,0.0,0.0,0.19230769230769232,0.09615384615384616,0.15384615384615385,0.0,0.038461538461538464,0.0,0.019230769230769232,0.0,0.0,0.0,0.0,0.0,0.057692307692307696,0.1346153846153846,0.019230769230769232,0.0,0.0,0.0,0.0,0.0,0.0,0.0,0.0,0.019230769230769232,0.0,0.0,0.0,0.038461538461538464,0.019230769230769232,0.0,0.0,0.0,0.0
1464,0.020833333333333332,0.5208333333333334,0.020833333333333332,0.020833333333333332,0.020833333333333332,0.0,0.041666666666666664,0.0,0.0,0.041666666666666664,0.0,0.0,0.0,0.0,0.020833333333333332,0.0,0.0,0.0,0.041666666666666664,0.0625,0.041666666666666664,0.041666666666666664,0.0,0.0,0.0,0.041666666666666664,0.0,0.041666666666666664,0.020833333333333332,0.0,0.0,0.0,0.0,0.0,0.0,0.0,0.0,0.0,0.0
1465,0.0,0.09090909090909091,0.0,0.0,0.09090909090909091,0.0,0.0,0.0,0.0,0.0,0.0,0.0,0.0,0.0,0.0,0.045454545454545456,0.0,0.0,0.0,0.0,0.0,0.0,0.0,0.0,0.0,0.0,0.0,0.045454545454545456,0.09090909090909091,0.0,0.0,0.0,0.0,0.5,0.13636363636363635,0.0,0.0,0.0,0.0
1466,0.0,0.0,0.0,0.0,0.6521739130434783,0.0,0.08695652173913043,0.0,0.0,0.0,0.0,0.0,0.0,0.043478260869565216,0.0,0.0,0.043478260869565216,0.0,0.0,0.0,0.08695652173913043,0.08695652173913043,0.0,0.0,0.0,0.0,0.0,0.0,0.0,0.0,0.0,0.0,0.0,0.0,0.0,0.0,0.0,0.0,0.0
1467,0.0,0.0,0.0,0.0,0.0,0.0,0.045454545454545456,0.045454545454545456,0.0,0.0,0.0,0.0,0.045454545454545456,0.0,0.0,0.0,0.0,0.0,0.0,0.0,0.045454545454545456,0.0,0.0,0.045454545454545456,0.0,0.6363636363636364,0.0,0.045454545454545456,0.045454545454545456,0.0,0.045454545454545456,0.0,0.0,0.0,0.0,0.0,0.0,0.0,0.0
1468,0.0,0.0,0.0,0.0,0.0,0.0,0.047619047619047616,0.0,0.0,0.0,0.0,0.0,0.0,0.0,0.047619047619047616,0.0,0.0,0.047619047619047616,0.0,0.0,0.0,0.0,0.0,0.23809523809523808,0.0,0.0,0.0,0.0,0.5238095238095238,0.0,0.0,0.047619047619047616,0.0,0.047619047619047616,0.0,0.0,0.0,0.0,0.0
1469,0.0,0.0,0.7692307692307693,0.0,0.0,0.038461538461538464,0.0,0.0,0.0,0.0,0.0,0.0,0.0,0.038461538461538464,0.0,0.0,0.0,0.0,0.0,0.0,0.0,0.038461538461538464,0.0,0.0,0.038461538461538464,0.0,0.0,0.0,0.0,0.038461538461538464,0.0,0.038461538461538464,0.0,0.0,0.0,0.0,0.0,0.0,0.0
1470,0.0,0.0,0.0,0.0,0.05,0.0,0.5,0.1,0.0,0.05,0.0,0.0,0.0,0.0,0.0,0.0,0.0,0.1,0.0,0.05,0.0,0.05,0.0,0.0,0.0,0.0,0.0,0.0,0.0,0.0,0.0,0.0,0.0,0.1,0.0,0.0,0.0,0.0,0.0
1471,0.0,0.0,0.027777777777777776,0.4444444444444444,0.0,0.0,0.0,0.08333333333333333,0.0,0.027777777777777776,0.027777777777777776,0.0,0.0,0.0,0.25,0.027777777777777776,0.0,0.0,0.0,0.05555555555555555,0.027777777777777776,0.0,0.0,0.0,0.0,0.0,0.0,0.027777777777777776,0.0,0.0,0.0,0.0,0.0,0.0,0.0,0.0,0.0,0.0,0.0
1472,0.0,0.0,0.0,0.5263157894736842,0.0,0.0,0.0,0.0,0.0,0.0,0.0,0.0,0.0,0.0,0.0,0.47368421052631576,0.0,0.0,0.0,0.0,0.0,0.0,0.0,0.0,0.0,0.0,0.0,0.0,0.0,0.0,0.0,0.0,0.0,0.0,0.0,0.0,0.0,0.0,0.0
1473,0.0,0.0,0.4,0.0,0.0,0.0,0.0,0.02857142857142857,0.0,0.0,0.0,0.0,0.02857142857142857,0.0,0.0,0.0,0.0,0.02857142857142857,0.11428571428571428,0.0,0.05714285714285714,0.0,0.0,0.0,0.05714285714285714,0.0,0.0,0.11428571428571428,0.0,0.08571428571428572,0.02857142857142857,0.0,0.0,0.05714285714285714,0.0,0.0,0.0,0.0,0.0
1474,0.0,0.05263157894736842,0.0,0.0,0.0,0.05263157894736842,0.0,0.0,0.0,0.0,0.0,0.0,0.0,0.0,0.0,0.0,0.0,0.0,0.0,0.8947368421052632,0.0,0.0,0.0,0.0,0.0,0.0,0.0,0.0,0.0,0.0,0.0,0.0,0.0,0.0,0.0,0.0,0.0,0.0,0.0
1475,0.0,0.047619047619047616,0.0,0.0,0.0,0.0,0.0,0.0,0.0,0.0,0.0,0.0,0.0,0.0,0.0,0.0,0.0,0.0,0.0,0.0,0.0,0.0,0.0,0.0,0.0,0.0,0.9523809523809523,0.0,0.0,0.0,0.0,0.0,0.0,0.0,0.0,0.0,0.0,0.0,0.0
1476,0.058823529411764705,0.029411764705882353,0.0,0.029411764705882353,0.029411764705882353,0.0,0.0,0.0,0.0,0.47058823529411764,0.029411764705882353,0.0,0.0,0.0,0.0,0.0,0.029411764705882353,0.0,0.0,0.0,0.029411764705882353,0.029411764705882353,0.058823529411764705,0.0,0.0,0.0,0.0,0.0,0.058823529411764705,0.029411764705882353,0.0,0.0,0.0,0.11764705882352941,0.0,0.0,0.0,0.0,0.0
1477,0.0,0.18518518518518517,0.037037037037037035,0.0,0.0,0.037037037037037035,0.0,0.0,0.0,0.037037037037037035,0.037037037037037035,0.0,0.0,0.0,0.0,0.0,0.0,0.0,0.0,0.0,0.0,0.5925925925925926,0.0,0.037037037037037035,0.0,0.0,0.0,0.0,0.037037037037037035,0.0,0.0,0.0,0.0,0.0,0.0,0.0,0.0,0.0,0.0
1478,0.0,0.0,0.0,0.0,0.0,0.0,0.0,0.0,0.0,0.0,0.0,0.0,0.0,0.058823529411764705,0.0,0.0,0.0,0.0,0.0,0.0,0.0,0.0,0.0,0.0,0.0,0.0,0.0,0.0,0.0,0.0,0.0,0.0,0.0,0.8823529411764706,0.0,0.0,0.0,0.058823529411764705,0.0
1479,0.0,0.05,0.0,0.0,0.75,0.0,0.0,0.0,0.0,0.05,0.0,0.0,0.0,0.0,0.0,0.0,0.0,0.0,0.0,0.0,0.0,0.0,0.05,0.0,0.0,0.0,0.0,0.0,0.0,0.05,0.0,0.05,0.0,0.0,0.0,0.0,0.0,0.0,0.0
1480,0.0,0.05263157894736842,0.0,0.0,0.0,0.0,0.0,0.0,0.0,0.05263157894736842,0.0,0.0,0.0,0.05263157894736842,0.0,0.0,0.0,0.0,0.0,0.0,0.0,0.0,0.0,0.0,0.0,0.05263157894736842,0.0,0.0,0.0,0.0,0.7368421052631579,0.0,0.05263157894736842,0.0,0.0,0.0,0.0,0.0,0.0
1481,0.0,0.75,0.0,0.0,0.0,0.0,0.0,0.0,0.05,0.0,0.0,0.0,0.0,0.0,0.0,0.0,0.0,0.0,0.0,0.0,0.0,0.0,0.0,0.0,0.05,0.0,0.05,0.0,0.0,0.0,0.05,0.0,0.0,0.05,0.0,0.0,0.0,0.0,0.0
1482,0.0,0.0,0.0,0.0,0.7,0.0,0.0,0.1,0.0,0.0,0.0,0.0,0.0,0.0,0.0,0.0,0.0,0.0,0.05,0.0,0.0,0.0,0.0,0.0,0.0,0.1,0.05,0.0,0.0,0.0,0.0,0.0,0.0,0.0,0.0,0.0,0.0,0.0,0.0
1483,0.0,0.37037037037037035,0.037037037037037035,0.07407407407407407,0.14814814814814814,0.0,0.0,0.0,0.0,0.0,0.0,0.0,0.037037037037037035,0.037037037037037035,0.0,0.0,0.037037037037037035,0.0,0.0,0.0,0.0,0.0,0.0,0.0,0.037037037037037035,0.037037037037037035,0.037037037037037035,0.0,0.0,0.0,0.0,0.0,0.07407407407407407,0.037037037037037035,0.037037037037037035,0.0,0.0,0.0,0.0
1484,0.0,0.045454545454545456,0.0,0.0,0.0,0.0,0.0,0.0,0.0,0.0,0.0,0.0,0.0,0.0,0.0,0.0,0.0,0.0,0.0,0.0,0.0,0.09090909090909091,0.0,0.0,0.0,0.0,0.7727272727272727,0.0,0.0,0.0,0.0,0.0,0.0,0.09090909090909091,0.0,0.0,0.0,0.0,0.0
1485,0.0,0.0,0.48,0.0,0.0,0.0,0.0,0.0,0.0,0.0,0.0,0.0,0.0,0.0,0.28,0.0,0.0,0.0,0.0,0.0,0.0,0.04,0.0,0.0,0.0,0.0,0.2,0.0,0.0,0.0,0.0,0.0,0.0,0.0,0.0,0.0,0.0,0.0,0.0
1486,0.0,0.0,0.0,0.0,0.0,0.0,0.0,0.0,0.0,0.0,0.038461538461538464,0.0,0.0,0.0,0.038461538461538464,0.0,0.0,0.6153846153846154,0.0,0.0,0.0,0.0,0.038461538461538464,0.0,0.038461538461538464,0.038461538461538464,0.07692307692307693,0.0,0.0,0.0,0.0,0.11538461538461539,0.0,0.0,0.0,0.0,0.0,0.0,0.0
1487,0.0,0.06896551724137931,0.0,0.3103448275862069,0.0,0.0,0.0,0.06896551724137931,0.0,0.0,0.0,0.0,0.0,0.0,0.034482758620689655,0.034482758620689655,0.0,0.034482758620689655,0.0,0.3103448275862069,0.0,0.0,0.034482758620689655,0.0,0.0,0.0,0.0,0.034482758620689655,0.034482758620689655,0.0,0.034482758620689655,0.0,0.0,0.0,0.0,0.0,0.0,0.0,0.0
1488,0.0,0.0,0.0,0.07142857142857142,0.03571428571428571,0.0,0.0,0.03571428571428571,0.03571428571428571,0.0,0.0,0.0,0.0,0.03571428571428571,0.0,0.03571428571428571,0.5714285714285714,0.0,0.0,0.0,0.0,0.0,0.0,0.0,0.0,0.10714285714285714,0.0,0.0,0.0,0.0,0.0,0.03571428571428571,0.0,0.0,0.03571428571428571,0.0,0.0,0.0,0.0
1489,0.0,0.0,0.0,0.0,0.0,0.0,0.0,0.0,0.0,0.0,0.0,0.0,0.05555555555555555,0.0,0.0,0.0,0.0,0.8333333333333334,0.0,0.0,0.0,0.0,0.0,0.0,0.0,0.0,0.0,0.0,0.1111111111111111,0.0,0.0,0.0,0.0,0.0,0.0,0.0,0.0,0.0,0.0
1490,0.0,0.8333333333333334,0.0,0.0,0.1111111111111111,0.05555555555555555,0.0,0.0,0.0,0.0,0.0,0.0,0.0,0.0,0.0,0.0,0.0,0.0,0.0,0.0,0.0,0.0,0.0,0.0,0.0,0.0,0.0,0.0,0.0,0.0,0.0,0.0,0.0,0.0,0.0,0.0,0.0,0.0,0.0
1491,0.0,0.0,0.0,0.0,0.0,0.0,0.03125,0.0,0.0,0.0,0.0,0.0,0.0,0.28125,0.53125,0.0,0.0,0.0,0.0,0.0,0.0,0.0625,0.0,0.03125,0.0,0.0,0.0625,0.0,0.0,0.0,0.0,0.0,0.0,0.0,0.0,0.0,0.0,0.0,0.0
1492,0.0,0.0,0.9411764705882353,0.0,0.058823529411764705,0.0,0.0,0.0,0.0,0.0,0.0,0.0,0.0,0.0,0.0,0.0,0.0,0.0,0.0,0.0,0.0,0.0,0.0,0.0,0.0,0.0,0.0,0.0,0.0,0.0,0.0,0.0,0.0,0.0,0.0,0.0,0.0,0.0,0.0
1493,0.0,0.0,1.0,0.0,0.0,0.0,0.0,0.0,0.0,0.0,0.0,0.0,0.0,0.0,0.0,0.0,0.0,0.0,0.0,0.0,0.0,0.0,0.0,0.0,0.0,0.0,0.0,0.0,0.0,0.0,0.0,0.0,0.0,0.0,0.0,0.0,0.0,0.0,0.0
1494,0.0,0.0,0.0,0.0,0.0,0.0,0.0,0.0,0.038461538461538464,0.0,0.0,0.0,0.0,0.0,0.07692307692307693,0.0,0.0,0.038461538461538464,0.0,0.0,0.0,0.0,0.0,0.11538461538461539,0.07692307692307693,0.0,0.0,0.6538461538461539,0.0,0.0,0.0,0.0,0.0,0.0,0.0,0.0,0.0,0.0,0.0
1495,0.0,0.0,0.03571428571428571,0.0,0.0,0.0,0.35714285714285715,0.0,0.0,0.0,0.0,0.0,0.0,0.0,0.03571428571428571,0.0,0.0,0.0,0.5714285714285714,0.0,0.0,0.0,0.0,0.0,0.0,0.0,0.0,0.0,0.0,0.0,0.0,0.0,0.0,0.0,0.0,0.0,0.0,0.0,0.0
1496,0.0,0.09090909090909091,0.0,0.045454545454545456,0.0,0.0,0.36363636363636365,0.0,0.045454545454545456,0.0,0.0,0.0,0.0,0.0,0.0,0.0,0.0,0.0,0.0,0.0,0.0,0.0,0.0,0.0,0.0,0.045454545454545456,0.0,0.0,0.0,0.2727272727272727,0.09090909090909091,0.0,0.0,0.045454545454545456,0.0,0.0,0.0,0.0,0.0
1497,0.0,0.0,0.0,0.0,0.0,0.0,0.0,0.0,0.47368421052631576,0.0,0.05263157894736842,0.0,0.05263157894736842,0.0,0.0,0.0,0.0,0.0,0.0,0.0,0.0,0.0,0.0,0.0,0.05263157894736842,0.0,0.21052631578947367,0.0,0.0,0.05263157894736842,0.0,0.05263157894736842,0.05263157894736842,0.0,0.0,0.0,0.0,0.0,0.0
1498,0.0,0.0,0.0,0.0,0.038461538461538464,0.0,0.0,0.0,0.15384615384615385,0.0,0.0,0.0,0.0,0.0,0.07692307692307693,0.0,0.5,0.0,0.0,0.0,0.0,0.0,0.0,0.0,0.0,0.0,0.0,0.0,0.19230769230769232,0.0,0.0,0.0,0.038461538461538464,0.0,0.0,0.0,0.0,0.0,0.0
1499,0.0,0.0,0.0,0.0,0.05,0.0,0.05,0.0,0.0,0.0,0.0,0.0,0.0,0.0,0.0,0.0,0.0,0.0,0.0,0.75,0.05,0.05,0.0,0.05,0.0,0.0,0.0,0.0,0.0,0.0,0.0,0.0,0.0,0.0,0.0,0.0,0.0,0.0,0.0
1500,0.0,0.0,0.16666666666666666,0.6666666666666666,0.0,0.0,0.0,0.0,0.0,0.041666666666666664,0.0,0.0,0.0,0.0,0.0,0.0,0.0,0.0,0.0,0.0,0.0,0.0,0.0,0.0,0.0,0.041666666666666664,0.041666666666666664,0.0,0.0,0.0,0.041666666666666664,0.0,0.0,0.0,0.0,0.0,0.0,0.0,0.0
1501,0.0,0.0,0.0,0.0,0.0,0.0,0.0,0.0,0.0,0.0,0.0,0.0,0.0,0.0,0.0,0.0,0.0,0.0,0.0,0.0,0.0,0.0,0.9411764705882353,0.0,0.0,0.0,0.0,0.058823529411764705,0.0,0.0,0.0,0.0,0.0,0.0,0.0,0.0,0.0,0.0,0.0
1502,0.0,0.0,0.10344827586206896,0.0,0.0,0.0,0.0,0.0,0.0,0.0,0.0,0.0,0.0,0.0,0.0,0.0,0.0,0.0,0.0,0.0,0.034482758620689655,0.3103448275862069,0.0,0.034482758620689655,0.0,0.0,0.0,0.0,0.0,0.0,0.034482758620689655,0.0,0.034482758620689655,0.20689655172413793,0.2413793103448276,0.0,0.0,0.0,0.0
1503,0.0,0.0,0.0,0.043478260869565216,0.0,0.043478260869565216,0.0,0.0,0.0,0.0,0.0,0.0,0.0,0.0,0.0,0.0,0.0,0.0,0.043478260869565216,0.08695652173913043,0.0,0.0,0.0,0.0,0.0,0.7391304347826086,0.0,0.0,0.043478260869565216,0.0,0.0,0.0,0.0,0.0,0.0,0.0,0.0,0.0,0.0
1504,0.0,0.0,0.0,0.0,0.0,0.0,0.0,0.0,0.0,0.23529411764705882,0.0,0.0,0.0,0.0,0.058823529411764705,0.0,0.0,0.0,0.058823529411764705,0.23529411764705882,0.058823529411764705,0.0,0.0,0.0,0.0,0.0,0.0,0.0,0.0,0.0,0.0,0.058823529411764705,0.17647058823529413,0.11764705882352941,0.0,0.0,0.0,0.0,0.0
1505,0.0,0.0,0.0,0.13636363636363635,0.0,0.7727272727272727,0.0,0.045454545454545456,0.0,0.0,0.0,0.0,0.0,0.0,0.0,0.0,0.0,0.0,0.0,0.0,0.0,0.0,0.045454545454545456,0.0,0.0,0.0,0.0,0.0,0.0,0.0,0.0,0.0,0.0,0.0,0.0,0.0,0.0,0.0,0.0
1506,0.0,0.0,0.0,0.0,0.0,0.0,0.0,0.0,0.0,0.0,0.0,0.0,0.0,0.8888888888888888,0.0,0.0,0.0,0.0,0.0,0.0,0.05555555555555555,0.0,0.0,0.0,0.0,0.0,0.0,0.0,0.0,0.05555555555555555,0.0,0.0,0.0,0.0,0.0,0.0,0.0,0.0,0.0
1507,0.0,0.0,0.0,0.0,0.037037037037037035,0.0,0.0,0.0,0.0,0.0,0.0,0.0,0.0,0.5925925925925926,0.18518518518518517,0.0,0.037037037037037035,0.0,0.037037037037037035,0.0,0.0,0.0,0.0,0.037037037037037035,0.0,0.0,0.0,0.0,0.0,0.0,0.0,0.037037037037037035,0.0,0.037037037037037035,0.0,0.0,0.0,0.0,0.0
1508,0.0,0.0,0.0,0.0,0.0,0.0,0.05,0.0,0.05,0.75,0.0,0.0,0.0,0.0,0.0,0.0,0.0,0.0,0.0,0.0,0.0,0.0,0.0,0.1,0.0,0.0,0.05,0.0,0.0,0.0,0.0,0.0,0.0,0.0,0.0,0.0,0.0,0.0,0.0
1509,0.0,0.0625,0.0,0.0,0.0,0.0,0.0,0.0,0.6875,0.25,0.0,0.0,0.0,0.0,0.0,0.0,0.0,0.0,0.0,0.0,0.0,0.0,0.0,0.0,0.0,0.0,0.0,0.0,0.0,0.0,0.0,0.0,0.0,0.0,0.0,0.0,0.0,0.0,0.0
1510,0.0,0.0,0.0,0.0,0.0,0.0,0.0,0.0,0.0,0.0,0.0,0.0,0.0,0.0,0.0,0.0,0.0,0.13043478260869565,0.0,0.0,0.0,0.043478260869565216,0.0,0.0,0.0,0.0,0.0,0.0,0.043478260869565216,0.0,0.6956521739130435,0.0,0.0,0.08695652173913043,0.0,0.0,0.0,0.0,0.0
1511,0.0,0.3793103448275862,0.0,0.034482758620689655,0.0,0.0,0.4827586206896552,0.034482758620689655,0.0,0.0,0.0,0.0,0.0,0.0,0.0,0.0,0.0,0.0,0.0,0.0,0.0,0.0,0.0,0.0,0.034482758620689655,0.0,0.0,0.0,0.0,0.0,0.034482758620689655,0.0,0.0,0.0,0.0,0.0,0.0,0.0,0.0
1512,0.0,0.0,0.0,0.0,0.7142857142857143,0.0,0.0,0.047619047619047616,0.0,0.0,0.047619047619047616,0.0,0.0,0.0,0.047619047619047616,0.047619047619047616,0.0,0.0,0.0,0.0,0.0,0.0,0.0,0.0,0.0,0.0,0.047619047619047616,0.0,0.0,0.0,0.0,0.047619047619047616,0.0,0.0,0.0,0.0,0.0,0.0,0.0
1513,0.0,0.0,0.0,0.0,0.0,0.72,0.0,0.04,0.04,0.0,0.0,0.0,0.0,0.0,0.0,0.0,0.0,0.0,0.0,0.0,0.0,0.0,0.0,0.0,0.0,0.0,0.0,0.08,0.0,0.0,0.12,0.0,0.0,0.0,0.0,0.0,0.0,0.0,0.0
1514,0.0,0.0,0.0,0.0,0.0,0.0,0.0,0.7727272727272727,0.045454545454545456,0.0,0.0,0.0,0.0,0.0,0.0,0.045454545454545456,0.0,0.0,0.0,0.09090909090909091,0.0,0.0,0.0,0.0,0.0,0.0,0.0,0.045454545454545456,0.0,0.0,0.0,0.0,0.0,0.0,0.0,0.0,0.0,0.0,0.0
1515,0.0,0.0,0.0,0.0,0.0,0.42857142857142855,0.0,0.0,0.0,0.03571428571428571,0.0,0.0,0.0,0.03571428571428571,0.0,0.0,0.03571428571428571,0.0,0.03571428571428571,0.03571428571428571,0.03571428571428571,0.03571428571428571,0.0,0.0,0.0,0.03571428571428571,0.0,0.0,0.0,0.10714285714285714,0.0,0.14285714285714285,0.0,0.0,0.03571428571428571,0.0,0.0,0.0,0.0
1516,0.0,0.02564102564102564,0.0,0.02564102564102564,0.0,0.0,0.0,0.41025641025641024,0.05128205128205128,0.02564102564102564,0.0,0.0,0.0,0.05128205128205128,0.0,0.05128205128205128,0.0,0.10256410256410256,0.0,0.02564102564102564,0.02564102564102564,0.07692307692307693,0.05128205128205128,0.0,0.02564102564102564,0.0,0.0,0.02564102564102564,0.0,0.0,0.02564102564102564,0.0,0.0,0.0,0.0,0.0,0.0,0.0,0.0
1517,0.6842105263157895,0.0,0.0,0.10526315789473684,0.0,0.0,0.0,0.0,0.0,0.0,0.0,0.0,0.0,0.0,0.0,0.0,0.0,0.0,0.0,0.0,0.0,0.05263157894736842,0.15789473684210525,0.0,0.0,0.0,0.0,0.0,0.0,0.0,0.0,0.0,0.0,0.0,0.0,0.0,0.0,0.0,0.0
1518,0.0,0.0,0.55,0.0,0.0,0.0,0.0,0.0,0.05,0.0,0.0,0.0,0.0,0.1,0.05,0.0,0.0,0.0,0.0,0.1,0.0,0.0,0.0,0.0,0.0,0.05,0.0,0.0,0.05,0.0,0.0,0.05,0.0,0.0,0.0,0.0,0.0,0.0,0.0
1519,0.0,0.0,0.0,0.0,0.0,0.0,0.0,0.0,0.0,0.0,0.0,0.0,0.0,0.0,0.0,0.68,0.32,0.0,0.0,0.0,0.0,0.0,0.0,0.0,0.0,0.0,0.0,0.0,0.0,0.0,0.0,0.0,0.0,0.0,0.0,0.0,0.0,0.0,0.0
1520,0.0,0.0,0.0,0.05,0.0,0.0,0.0,0.0,0.0,0.0,0.0,0.0,0.0,0.0,0.05,0.0,0.0,0.0,0.0,0.0,0.0,0.0,0.05,0.0,0.0,0.0,0.0,0.0,0.0,0.0,0.0,0.85,0.0,0.0,0.0,0.0,0.0,0.0,0.0
1521,0.0,0.0,0.0,0.038461538461538464,0.0,0.038461538461538464,0.3076923076923077,0.0,0.0,0.07692307692307693,0.0,0.0,0.038461538461538464,0.0,0.0,0.0,0.0,0.0,0.0,0.0,0.0,0.0,0.0,0.0,0.0,0.0,0.46153846153846156,0.038461538461538464,0.0,0.0,0.0,0.0,0.0,0.0,0.0,0.0,0.0,0.0,0.0
1522,0.0,0.0,0.0,0.043478260869565216,0.0,0.0,0.0,0.0,0.0,0.043478260869565216,0.043478260869565216,0.0,0.0,0.0,0.0,0.0,0.0,0.0,0.043478260869565216,0.0,0.0,0.043478260869565216,0.0,0.043478260869565216,0.0,0.0,0.0,0.0,0.043478260869565216,0.0,0.0,0.0,0.0,0.6521739130434783,0.0,0.0,0.0,0.043478260869565216,0.0
1523,0.0,0.043478260869565216,0.0,0.6956521739130435,0.0,0.0,0.043478260869565216,0.0,0.0,0.0,0.0,0.0,0.0,0.0,0.0,0.0,0.0,0.0,0.043478260869565216,0.0,0.0,0.0,0.043478260869565216,0.0,0.0,0.0,0.08695652173913043,0.0,0.043478260869565216,0.0,0.0,0.0,0.0,0.0,0.0,0.0,0.0,0.0,0.0
1524,0.0,0.0,0.0,0.0,0.0,0.0,0.0,0.0,0.0,0.0,0.0,0.0,0.0,0.0,0.0,1.0,0.0,0.0,0.0,0.0,0.0,0.0,0.0,0.0,0.0,0.0,0.0,0.0,0.0,0.0,0.0,0.0,0.0,0.0,0.0,0.0,0.0,0.0,0.0
1525,0.0,0.05555555555555555,0.0,0.0,0.7222222222222222,0.0,0.0,0.0,0.0,0.0,0.0,0.0,0.0,0.0,0.0,0.0,0.0,0.0,0.0,0.0,0.05555555555555555,0.0,0.0,0.0,0.0,0.1111111111111111,0.0,0.0,0.0,0.05555555555555555,0.0,0.0,0.0,0.0,0.0,0.0,0.0,0.0,0.0
1526,0.0,0.019230769230769232,0.0,0.34615384615384615,0.0,0.0,0.019230769230769232,0.019230769230769232,0.0,0.0,0.0,0.0,0.0,0.0,0.019230769230769232,0.0,0.0,0.019230769230769232,0.0,0.0,0.0,0.019230769230769232,0.0,0.0,0.0,0.11538461538461539,0.019230769230769232,0.17307692307692307,0.0,0.19230769230769232,0.0,0.0,0.038461538461538464,0.0,0.0,0.0,0.0,0.0,0.0
1527,0.0,0.0,0.0,0.0,0.0,0.0,0.0,0.0,0.0,0.0,0.0,0.0,0.0,0.0,0.0,0.0,0.0,0.0,0.0,0.0,0.0,0.0,0.0,0.0,0.0,0.9411764705882353,0.058823529411764705,0.0,0.0,0.0,0.0,0.0,0.0,0.0,0.0,0.0,0.0,0.0,0.0
1528,0.0,0.0,0.05263157894736842,0.0,0.05263157894736842,0.0,0.0,0.0,0.0,0.0,0.0,0.0,0.0,0.0,0.0,0.05263157894736842,0.05263157894736842,0.05263157894736842,0.0,0.0,0.0,0.7368421052631579,0.0,0.0,0.0,0.0,0.0,0.0,0.0,0.0,0.0,0.0,0.0,0.0,0.0,0.0,0.0,0.0,0.0
1529,0.0,0.0,0.041666666666666664,0.0,0.0,0.0,0.0,0.0,0.0,0.0,0.0,0.0,0.0,0.0,0.0,0.0,0.041666666666666664,0.0,0.041666666666666664,0.0,0.041666666666666664,0.041666666666666664,0.041666666666666664,0.041666666666666664,0.0,0.0,0.041666666666666664,0.0,0.0,0.0,0.0,0.6666666666666666,0.0,0.0,0.0,0.0,0.0,0.0,0.0
1530,0.0,0.0,0.02857142857142857,0.02857142857142857,0.0,0.02857142857142857,0.0,0.0,0.05714285714285714,0.0,0.0,0.0,0.02857142857142857,0.0,0.08571428571428572,0.05714285714285714,0.0,0.0,0.0,0.0,0.02857142857142857,0.0,0.02857142857142857,0.02857142857142857,0.4857142857142857,0.0,0.02857142857142857,0.02857142857142857,0.02857142857142857,0.0,0.0,0.02857142857142857,0.0,0.0,0.0,0.0,0.0,0.0,0.0
1531,0.0,0.0,0.021739130434782608,0.021739130434782608,0.06521739130434782,0.08695652173913043,0.0,0.0,0.0,0.021739130434782608,0.1956521739130435,0.0,0.021739130434782608,0.0,0.021739130434782608,0.0,0.0,0.0,0.043478260869565216,0.0,0.021739130434782608,0.021739130434782608,0.0,0.0,0.0,0.08695652173913043,0.021739130434782608,0.2608695652173913,0.06521739130434782,0.0,0.021739130434782608,0.0,0.0,0.0,0.0,0.0,0.0,0.0,0.0
1532,0.02127659574468085,0.06382978723404255,0.02127659574468085,0.02127659574468085,0.0851063829787234,0.1702127659574468,0.0425531914893617,0.0,0.0,0.02127659574468085,0.0,0.0,0.0,0.0,0.0,0.02127659574468085,0.0,0.0,0.0425531914893617,0.0,0.0,0.10638297872340426,0.0,0.0,0.0425531914893617,0.0851063829787234,0.0,0.0,0.0425531914893617,0.0425531914893617,0.02127659574468085,0.0,0.06382978723404255,0.0425531914893617,0.0,0.0425531914893617,0.0,0.0,0.0
1533,0.0,0.015625,0.0,0.015625,0.046875,0.0625,0.0,0.0,0.109375,0.015625,0.0,0.03125,0.015625,0.0,0.015625,0.03125,0.015625,0.015625,0.0,0.03125,0.40625,0.03125,0.0,0.03125,0.0,0.0,0.015625,0.03125,0.015625,0.0,0.015625,0.015625,0.0,0.0,0.015625,0.0,0.0,0.0,0.0
1534,0.0,0.0,0.0,0.02702702702702703,0.05405405405405406,0.08108108108108109,0.02702702702702703,0.0,0.0,0.0,0.0,0.0,0.0,0.0,0.0,0.0,0.0,0.13513513513513514,0.10810810810810811,0.02702702702702703,0.0,0.0,0.0,0.0,0.02702702702702703,0.08108108108108109,0.05405405405405406,0.10810810810810811,0.02702702702702703,0.08108108108108109,0.05405405405405406,0.02702702702702703,0.08108108108108109,0.0,0.0,0.0,0.0,0.0,0.0
1535,0.0,0.02857142857142857,0.14285714285714285,0.05714285714285714,0.05714285714285714,0.05714285714285714,0.0,0.02857142857142857,0.0,0.0,0.05714285714285714,0.0,0.0,0.02857142857142857,0.11428571428571428,0.0,0.08571428571428572,0.02857142857142857,0.05714285714285714,0.05714285714285714,0.02857142857142857,0.0,0.02857142857142857,0.0,0.0,0.0,0.0,0.0,0.0,0.02857142857142857,0.05714285714285714,0.0,0.0,0.02857142857142857,0.0,0.02857142857142857,0.0,0.0,0.0
1536,0.0,0.0,0.5666666666666667,0.0,0.0,0.06666666666666667,0.0,0.03333333333333333,0.03333333333333333,0.03333333333333333,0.0,0.0,0.0,0.0,0.0,0.03333333333333333,0.0,0.0,0.06666666666666667,0.0,0.0,0.03333333333333333,0.0,0.0,0.0,0.0,0.03333333333333333,0.0,0.03333333333333333,0.0,0.0,0.03333333333333333,0.03333333333333333,0.0,0.0,0.0,0.0,0.0,0.0
1537,0.0,0.02564102564102564,0.0,0.8205128205128205,0.07692307692307693,0.0,0.0,0.0,0.0,0.0,0.0,0.0,0.0,0.0,0.0,0.0,0.0,0.0,0.0,0.02564102564102564,0.0,0.02564102564102564,0.02564102564102564,0.0,0.0,0.0,0.0,0.0,0.0,0.0,0.0,0.0,0.0,0.0,0.0,0.0,0.0,0.0,0.0
1538,0.0,0.03571428571428571,0.0,0.21428571428571427,0.0,0.0,0.0,0.10714285714285714,0.0,0.03571428571428571,0.0,0.0,0.0,0.35714285714285715,0.0,0.0,0.0,0.0,0.0,0.0,0.0,0.0,0.0,0.0,0.0,0.0,0.0,0.0,0.14285714285714285,0.03571428571428571,0.0,0.0,0.0,0.07142857142857142,0.0,0.0,0.0,0.0,0.0
1539,0.02631578947368421,0.0,0.05263157894736842,0.0,0.0,0.02631578947368421,0.0,0.0,0.0,0.02631578947368421,0.02631578947368421,0.0,0.02631578947368421,0.0,0.0,0.0,0.02631578947368421,0.02631578947368421,0.0,0.02631578947368421,0.10526315789473684,0.0,0.0,0.0,0.0,0.42105263157894735,0.0,0.05263157894736842,0.0,0.0,0.05263157894736842,0.05263157894736842,0.02631578947368421,0.02631578947368421,0.0,0.0,0.0,0.0,0.0
1540,0.0,0.05263157894736842,0.0,0.0,0.05263157894736842,0.0,0.0,0.0,0.0,0.0,0.0,0.0,0.0,0.0,0.0,0.0,0.631578947368421,0.0,0.0,0.0,0.0,0.0,0.0,0.0,0.0,0.0,0.0,0.0,0.05263157894736842,0.05263157894736842,0.05263157894736842,0.0,0.0,0.10526315789473684,0.0,0.0,0.0,0.0,0.0
